draw_id;draw_number;draw_sequence;date;day;rule_set;n1;n2;n3;n4;n5;n6;complementary;chance;second_n1;second_n2;second_n3;second_n4;second_n5;source_archive;source_entry
1976001-1;1976001;1;1976-05-19;ME;historic-6-plus-complementary;31;15;33;27;36;48;34;;;;;;;1976-05-to-2008-10;loto.csv
1976002-1;1976002;1;1976-06-03;JE;historic-6-plus-complementary;10;26;42;1;4;14;31;;;;;;;1976-05-to-2008-10;loto.csv
1976003-1;1976003;1;1976-06-10;JE;historic-6-plus-complementary;44;16;47;10;15;1;27;;;;;;;1976-05-to-2008-10;loto.csv
1976004-1;1976004;1;1976-06-16;ME;historic-6-plus-complementary;2;3;35;13;1;28;49;;;;;;;1976-05-to-2008-10;loto.csv
1976005-1;1976005;1;1976-06-23;ME;historic-6-plus-complementary;30;22;11;9;23;47;49;;;;;;;1976-05-to-2008-10;loto.csv
1976006-1;1976006;1;1976-06-30;ME;historic-6-plus-complementary;10;17;25;35;5;46;1;;;;;;;1976-05-to-2008-10;loto.csv
1976007-1;1976007;1;1976-07-07;ME;historic-6-plus-complementary;27;32;34;19;45;5;15;;;;;;;1976-05-to-2008-10;loto.csv
1976008-1;1976008;1;1976-07-15;JE;historic-6-plus-complementary;42;5;29;28;27;41;8;;;;;;;1976-05-to-2008-10;loto.csv
1976009-1;1976009;1;1976-07-21;ME;historic-6-plus-complementary;15;2;31;19;27;43;5;;;;;;;1976-05-to-2008-10;loto.csv
1976010-1;1976010;1;1976-07-28;ME;historic-6-plus-complementary;40;49;16;37;35;10;7;;;;;;;1976-05-to-2008-10;loto.csv
1976011-1;1976011;1;1976-08-05;JE;historic-6-plus-complementary;47;37;25;6;4;45;42;;;;;;;1976-05-to-2008-10;loto.csv
1976012-1;1976012;1;1976-08-11;ME;historic-6-plus-complementary;8;42;33;31;17;9;26;;;;;;;1976-05-to-2008-10;loto.csv
1976013-1;1976013;1;1976-08-18;ME;historic-6-plus-complementary;21;9;3;24;34;1;48;;;;;;;1976-05-to-2008-10;loto.csv
1976014-1;1976014;1;1976-08-25;ME;historic-6-plus-complementary;32;11;7;8;38;34;48;;;;;;;1976-05-to-2008-10;loto.csv
1976015-1;1976015;1;1976-09-01;ME;historic-6-plus-complementary;27;33;42;8;26;16;25;;;;;;;1976-05-to-2008-10;loto.csv
1976016-1;1976016;1;1976-09-08;ME;historic-6-plus-complementary;25;30;22;3;38;17;13;;;;;;;1976-05-to-2008-10;loto.csv
1976017-1;1976017;1;1976-09-15;ME;historic-6-plus-complementary;27;7;39;3;8;33;28;;;;;;;1976-05-to-2008-10;loto.csv
1976018-1;1976018;1;1976-09-22;ME;historic-6-plus-complementary;35;24;10;36;9;32;11;;;;;;;1976-05-to-2008-10;loto.csv
1976019-1;1976019;1;1976-09-29;ME;historic-6-plus-complementary;7;15;11;8;35;14;24;;;;;;;1976-05-to-2008-10;loto.csv
1976020-1;1976020;1;1976-10-06;ME;historic-6-plus-complementary;47;30;38;6;26;5;8;;;;;;;1976-05-to-2008-10;loto.csv
1976021-1;1976021;1;1976-10-13;ME;historic-6-plus-complementary;36;19;46;2;20;26;35;;;;;;;1976-05-to-2008-10;loto.csv
1976022-1;1976022;1;1976-10-20;ME;historic-6-plus-complementary;20;26;14;48;33;13;18;;;;;;;1976-05-to-2008-10;loto.csv
1976023-1;1976023;1;1976-10-27;ME;historic-6-plus-complementary;43;5;40;13;17;25;10;;;;;;;1976-05-to-2008-10;loto.csv
1976024-1;1976024;1;1976-11-04;JE;historic-6-plus-complementary;46;40;30;9;33;8;3;;;;;;;1976-05-to-2008-10;loto.csv
1976025-1;1976025;1;1976-11-10;ME;historic-6-plus-complementary;17;3;41;38;30;26;32;;;;;;;1976-05-to-2008-10;loto.csv
1976026-1;1976026;1;1976-11-17;ME;historic-6-plus-complementary;2;32;44;45;20;8;38;;;;;;;1976-05-to-2008-10;loto.csv
1976027-1;1976027;1;1976-11-24;ME;historic-6-plus-complementary;20;19;25;5;12;23;10;;;;;;;1976-05-to-2008-10;loto.csv
1976028-1;1976028;1;1976-12-01;ME;historic-6-plus-complementary;18;26;16;22;28;37;7;;;;;;;1976-05-to-2008-10;loto.csv
1976029-1;1976029;1;1976-12-08;ME;historic-6-plus-complementary;38;31;12;49;7;26;42;;;;;;;1976-05-to-2008-10;loto.csv
1976030-1;1976030;1;1976-12-15;ME;historic-6-plus-complementary;26;45;19;9;39;32;43;;;;;;;1976-05-to-2008-10;loto.csv
1976031-1;1976031;1;1976-12-22;ME;historic-6-plus-complementary;20;36;3;7;1;25;28;;;;;;;1976-05-to-2008-10;loto.csv
1976032-1;1976032;1;1976-12-29;ME;historic-6-plus-complementary;9;12;32;24;47;18;41;;;;;;;1976-05-to-2008-10;loto.csv
1977001-1;1977001;1;1977-01-05;ME;historic-6-plus-complementary;36;26;1;34;32;20;42;;;;;;;1976-05-to-2008-10;loto.csv
1977002-1;1977002;1;1977-01-12;ME;historic-6-plus-complementary;16;15;17;31;8;43;24;;;;;;;1976-05-to-2008-10;loto.csv
1977003-1;1977003;1;1977-01-19;ME;historic-6-plus-complementary;41;33;2;14;45;39;44;;;;;;;1976-05-to-2008-10;loto.csv
1977004-1;1977004;1;1977-01-26;ME;historic-6-plus-complementary;21;7;45;12;9;42;23;;;;;;;1976-05-to-2008-10;loto.csv
1977005-1;1977005;1;1977-02-02;ME;historic-6-plus-complementary;25;23;5;1;41;42;43;;;;;;;1976-05-to-2008-10;loto.csv
1977006-1;1977006;1;1977-02-09;ME;historic-6-plus-complementary;11;40;28;22;1;25;46;;;;;;;1976-05-to-2008-10;loto.csv
1977007-1;1977007;1;1977-02-16;ME;historic-6-plus-complementary;11;44;13;37;31;28;24;;;;;;;1976-05-to-2008-10;loto.csv
1977008-1;1977008;1;1977-02-23;ME;historic-6-plus-complementary;42;43;25;22;34;44;32;;;;;;;1976-05-to-2008-10;loto.csv
1977009-1;1977009;1;1977-03-02;ME;historic-6-plus-complementary;26;27;6;22;33;10;46;;;;;;;1976-05-to-2008-10;loto.csv
1977010-1;1977010;1;1977-03-09;ME;historic-6-plus-complementary;3;28;4;9;46;34;17;;;;;;;1976-05-to-2008-10;loto.csv
1977011-1;1977011;1;1977-03-16;ME;historic-6-plus-complementary;40;21;20;45;44;22;32;;;;;;;1976-05-to-2008-10;loto.csv
1977012-1;1977012;1;1977-03-23;ME;historic-6-plus-complementary;14;20;22;40;17;18;4;;;;;;;1976-05-to-2008-10;loto.csv
1977013-1;1977013;1;1977-03-30;ME;historic-6-plus-complementary;19;10;40;41;43;35;33;;;;;;;1976-05-to-2008-10;loto.csv
1977014-1;1977014;1;1977-04-06;ME;historic-6-plus-complementary;33;18;7;8;25;48;42;;;;;;;1976-05-to-2008-10;loto.csv
1977015-1;1977015;1;1977-04-14;JE;historic-6-plus-complementary;41;28;26;3;16;37;38;;;;;;;1976-05-to-2008-10;loto.csv
1977016-1;1977016;1;1977-04-20;ME;historic-6-plus-complementary;30;17;35;7;9;29;41;;;;;;;1976-05-to-2008-10;loto.csv
1977017-1;1977017;1;1977-04-27;ME;historic-6-plus-complementary;6;30;29;28;44;46;11;;;;;;;1976-05-to-2008-10;loto.csv
1977018-1;1977018;1;1977-05-04;ME;historic-6-plus-complementary;29;36;49;38;34;11;26;;;;;;;1976-05-to-2008-10;loto.csv
1977019-1;1977019;1;1977-05-11;ME;historic-6-plus-complementary;28;10;1;23;9;48;41;;;;;;;1976-05-to-2008-10;loto.csv
1977020-1;1977020;1;1977-05-18;ME;historic-6-plus-complementary;7;20;4;19;44;2;39;;;;;;;1976-05-to-2008-10;loto.csv
1977021-1;1977021;1;1977-05-25;ME;historic-6-plus-complementary;44;38;20;31;22;2;25;;;;;;;1976-05-to-2008-10;loto.csv
1977022-1;1977022;1;1977-06-01;ME;historic-6-plus-complementary;32;38;15;2;18;21;7;;;;;;;1976-05-to-2008-10;loto.csv
1977023-1;1977023;1;1977-06-08;ME;historic-6-plus-complementary;24;43;31;21;37;13;11;;;;;;;1976-05-to-2008-10;loto.csv
1977024-1;1977024;1;1977-06-15;ME;historic-6-plus-complementary;29;39;8;27;28;21;9;;;;;;;1976-05-to-2008-10;loto.csv
1977025-1;1977025;1;1977-06-22;ME;historic-6-plus-complementary;42;15;7;19;12;23;26;;;;;;;1976-05-to-2008-10;loto.csv
1977026-1;1977026;1;1977-06-29;ME;historic-6-plus-complementary;47;38;48;37;1;8;35;;;;;;;1976-05-to-2008-10;loto.csv
1977027-1;1977027;1;1977-07-06;ME;historic-6-plus-complementary;28;2;37;16;20;1;34;;;;;;;1976-05-to-2008-10;loto.csv
1977028-1;1977028;1;1977-07-13;ME;historic-6-plus-complementary;44;21;48;36;3;2;42;;;;;;;1976-05-to-2008-10;loto.csv
1977029-1;1977029;1;1977-07-20;ME;historic-6-plus-complementary;11;7;32;12;30;1;17;;;;;;;1976-05-to-2008-10;loto.csv
1977030-1;1977030;1;1977-07-27;ME;historic-6-plus-complementary;6;28;48;44;14;4;17;;;;;;;1976-05-to-2008-10;loto.csv
1977031-1;1977031;1;1977-08-03;ME;historic-6-plus-complementary;23;26;24;18;15;37;32;;;;;;;1976-05-to-2008-10;loto.csv
1977032-1;1977032;1;1977-08-10;ME;historic-6-plus-complementary;31;30;47;15;45;48;23;;;;;;;1976-05-to-2008-10;loto.csv
1977033-1;1977033;1;1977-08-18;JE;historic-6-plus-complementary;4;10;29;5;32;15;25;;;;;;;1976-05-to-2008-10;loto.csv
1977034-1;1977034;1;1977-08-24;ME;historic-6-plus-complementary;5;26;9;49;19;39;11;;;;;;;1976-05-to-2008-10;loto.csv
1977035-1;1977035;1;1977-08-31;ME;historic-6-plus-complementary;43;34;8;49;32;7;41;;;;;;;1976-05-to-2008-10;loto.csv
1977036-1;1977036;1;1977-09-07;ME;historic-6-plus-complementary;37;7;32;34;27;30;44;;;;;;;1976-05-to-2008-10;loto.csv
1977037-1;1977037;1;1977-09-14;ME;historic-6-plus-complementary;9;18;17;3;44;15;16;;;;;;;1976-05-to-2008-10;loto.csv
1977038-1;1977038;1;1977-09-21;ME;historic-6-plus-complementary;15;27;5;3;19;9;31;;;;;;;1976-05-to-2008-10;loto.csv
1977039-1;1977039;1;1977-09-28;ME;historic-6-plus-complementary;2;4;33;7;38;16;30;;;;;;;1976-05-to-2008-10;loto.csv
1977040-1;1977040;1;1977-10-05;ME;historic-6-plus-complementary;4;36;49;7;28;12;37;;;;;;;1976-05-to-2008-10;loto.csv
1977041-1;1977041;1;1977-10-12;ME;historic-6-plus-complementary;47;27;6;5;42;25;31;;;;;;;1976-05-to-2008-10;loto.csv
1977042-1;1977042;1;1977-10-19;ME;historic-6-plus-complementary;45;6;11;24;12;18;31;;;;;;;1976-05-to-2008-10;loto.csv
1977043-1;1977043;1;1977-10-26;ME;historic-6-plus-complementary;38;6;25;34;3;24;9;;;;;;;1976-05-to-2008-10;loto.csv
1977044-1;1977044;1;1977-11-03;JE;historic-6-plus-complementary;31;47;32;4;38;6;46;;;;;;;1976-05-to-2008-10;loto.csv
1977045-1;1977045;1;1977-11-09;ME;historic-6-plus-complementary;20;42;35;14;19;30;4;;;;;;;1976-05-to-2008-10;loto.csv
1977046-1;1977046;1;1977-11-16;ME;historic-6-plus-complementary;1;33;20;28;9;48;26;;;;;;;1976-05-to-2008-10;loto.csv
1977047-1;1977047;1;1977-11-23;ME;historic-6-plus-complementary;3;15;16;2;37;42;10;;;;;;;1976-05-to-2008-10;loto.csv
1977048-1;1977048;1;1977-11-30;ME;historic-6-plus-complementary;23;21;38;45;48;17;26;;;;;;;1976-05-to-2008-10;loto.csv
1977049-1;1977049;1;1977-12-07;ME;historic-6-plus-complementary;37;44;20;42;6;27;23;;;;;;;1976-05-to-2008-10;loto.csv
1977050-1;1977050;1;1977-12-14;ME;historic-6-plus-complementary;30;12;27;38;41;22;9;;;;;;;1976-05-to-2008-10;loto.csv
1977051-1;1977051;1;1977-12-21;ME;historic-6-plus-complementary;38;9;28;12;19;42;16;;;;;;;1976-05-to-2008-10;loto.csv
1977052-1;1977052;1;1977-12-28;ME;historic-6-plus-complementary;11;6;35;23;39;36;25;;;;;;;1976-05-to-2008-10;loto.csv
1978001-1;1978001;1;1978-01-04;ME;historic-6-plus-complementary;7;36;5;12;37;43;19;;;;;;;1976-05-to-2008-10;loto.csv
1978002-1;1978002;1;1978-01-11;ME;historic-6-plus-complementary;38;45;4;43;17;24;25;;;;;;;1976-05-to-2008-10;loto.csv
1978003-1;1978003;1;1978-01-18;ME;historic-6-plus-complementary;23;22;33;27;26;15;2;;;;;;;1976-05-to-2008-10;loto.csv
1978004-1;1978004;1;1978-01-25;ME;historic-6-plus-complementary;36;1;12;34;37;6;47;;;;;;;1976-05-to-2008-10;loto.csv
1978005-1;1978005;1;1978-02-01;ME;historic-6-plus-complementary;16;2;37;48;7;44;42;;;;;;;1976-05-to-2008-10;loto.csv
1978006-1;1978006;1;1978-02-08;ME;historic-6-plus-complementary;10;33;27;5;8;11;47;;;;;;;1976-05-to-2008-10;loto.csv
1978007-1;1978007;1;1978-02-15;ME;historic-6-plus-complementary;40;4;38;39;24;21;36;;;;;;;1976-05-to-2008-10;loto.csv
1978008-1;1978008;1;1978-02-22;ME;historic-6-plus-complementary;42;5;37;14;31;13;19;;;;;;;1976-05-to-2008-10;loto.csv
1978009-1;1978009;1;1978-03-01;ME;historic-6-plus-complementary;45;17;18;46;38;21;34;;;;;;;1976-05-to-2008-10;loto.csv
1978010-1;1978010;1;1978-03-08;ME;historic-6-plus-complementary;41;7;34;16;40;25;14;;;;;;;1976-05-to-2008-10;loto.csv
1978011-1;1978011;1;1978-03-15;ME;historic-6-plus-complementary;27;14;13;20;12;26;3;;;;;;;1976-05-to-2008-10;loto.csv
1978012-1;1978012;1;1978-03-22;ME;historic-6-plus-complementary;43;36;31;29;45;42;49;;;;;;;1976-05-to-2008-10;loto.csv
1978013-1;1978013;1;1978-03-30;JE;historic-6-plus-complementary;28;15;7;4;24;21;39;;;;;;;1976-05-to-2008-10;loto.csv
1978014-1;1978014;1;1978-04-05;ME;historic-6-plus-complementary;33;27;7;12;35;1;36;;;;;;;1976-05-to-2008-10;loto.csv
1978015-1;1978015;1;1978-04-12;ME;historic-6-plus-complementary;36;7;31;46;26;48;18;;;;;;;1976-05-to-2008-10;loto.csv
1978016-1;1978016;1;1978-04-19;ME;historic-6-plus-complementary;49;17;27;42;40;29;12;;;;;;;1976-05-to-2008-10;loto.csv
1978017-1;1978017;1;1978-04-26;ME;historic-6-plus-complementary;37;45;29;28;24;5;40;;;;;;;1976-05-to-2008-10;loto.csv
1978018-1;1978018;1;1978-05-03;ME;historic-6-plus-complementary;17;27;19;40;28;30;48;;;;;;;1976-05-to-2008-10;loto.csv
1978019-1;1978019;1;1978-05-10;ME;historic-6-plus-complementary;5;4;2;29;8;9;14;;;;;;;1976-05-to-2008-10;loto.csv
1978020-1;1978020;1;1978-05-18;JE;historic-6-plus-complementary;23;45;49;11;20;15;44;;;;;;;1976-05-to-2008-10;loto.csv
1978021-1;1978021;1;1978-05-24;ME;historic-6-plus-complementary;7;18;46;47;3;16;33;;;;;;;1976-05-to-2008-10;loto.csv
1978022-1;1978022;1;1978-05-31;ME;historic-6-plus-complementary;49;14;48;10;29;31;44;;;;;;;1976-05-to-2008-10;loto.csv
1978023-1;1978023;1;1978-06-07;ME;historic-6-plus-complementary;21;1;43;35;13;8;24;;;;;;;1976-05-to-2008-10;loto.csv
1978024-1;1978024;1;1978-06-14;ME;historic-6-plus-complementary;12;49;40;10;1;6;35;;;;;;;1976-05-to-2008-10;loto.csv
1978025-1;1978025;1;1978-06-21;ME;historic-6-plus-complementary;49;11;32;44;20;9;19;;;;;;;1976-05-to-2008-10;loto.csv
1978026-1;1978026;1;1978-06-28;ME;historic-6-plus-complementary;3;46;41;45;16;4;1;;;;;;;1976-05-to-2008-10;loto.csv
1978027-1;1978027;1;1978-07-05;ME;historic-6-plus-complementary;46;47;39;29;17;28;25;;;;;;;1976-05-to-2008-10;loto.csv
1978028-1;1978028;1;1978-07-12;ME;historic-6-plus-complementary;9;15;2;40;25;38;41;;;;;;;1976-05-to-2008-10;loto.csv
1978029-1;1978029;1;1978-07-19;ME;historic-6-plus-complementary;28;11;16;8;24;21;46;;;;;;;1976-05-to-2008-10;loto.csv
1978030-1;1978030;1;1978-07-26;ME;historic-6-plus-complementary;17;19;11;34;7;30;31;;;;;;;1976-05-to-2008-10;loto.csv
1978031-1;1978031;1;1978-08-02;ME;historic-6-plus-complementary;5;3;1;27;17;42;23;;;;;;;1976-05-to-2008-10;loto.csv
1978032-1;1978032;1;1978-08-09;ME;historic-6-plus-complementary;40;3;18;16;21;46;8;;;;;;;1976-05-to-2008-10;loto.csv
1978033-1;1978033;1;1978-08-17;JE;historic-6-plus-complementary;45;31;18;27;30;21;28;;;;;;;1976-05-to-2008-10;loto.csv
1978034-1;1978034;1;1978-08-23;ME;historic-6-plus-complementary;41;21;20;42;46;24;16;;;;;;;1976-05-to-2008-10;loto.csv
1978035-1;1978035;1;1978-08-30;ME;historic-6-plus-complementary;28;38;21;12;48;26;32;;;;;;;1976-05-to-2008-10;loto.csv
1978036-1;1978036;1;1978-09-06;ME;historic-6-plus-complementary;2;6;40;48;37;13;30;;;;;;;1976-05-to-2008-10;loto.csv
1978037-1;1978037;1;1978-09-13;ME;historic-6-plus-complementary;20;48;35;34;8;39;9;;;;;;;1976-05-to-2008-10;loto.csv
1978038-1;1978038;1;1978-09-20;ME;historic-6-plus-complementary;34;25;4;5;41;12;36;;;;;;;1976-05-to-2008-10;loto.csv
1978039-1;1978039;1;1978-09-27;ME;historic-6-plus-complementary;48;45;27;47;23;34;17;;;;;;;1976-05-to-2008-10;loto.csv
1978040-1;1978040;1;1978-10-04;ME;historic-6-plus-complementary;12;21;9;20;8;26;27;;;;;;;1976-05-to-2008-10;loto.csv
1978041-1;1978041;1;1978-10-11;ME;historic-6-plus-complementary;4;48;14;33;29;49;3;;;;;;;1976-05-to-2008-10;loto.csv
1978042-1;1978042;1;1978-10-18;ME;historic-6-plus-complementary;41;35;27;16;24;10;5;;;;;;;1976-05-to-2008-10;loto.csv
1978043-1;1978043;1;1978-10-25;ME;historic-6-plus-complementary;28;34;8;42;20;48;43;;;;;;;1976-05-to-2008-10;loto.csv
1978044-1;1978044;1;1978-11-02;JE;historic-6-plus-complementary;31;46;39;36;26;35;13;;;;;;;1976-05-to-2008-10;loto.csv
1978045-1;1978045;1;1978-11-08;ME;historic-6-plus-complementary;6;16;21;3;49;36;29;;;;;;;1976-05-to-2008-10;loto.csv
1978046-1;1978046;1;1978-11-15;ME;historic-6-plus-complementary;48;38;17;42;8;1;31;;;;;;;1976-05-to-2008-10;loto.csv
1978047-1;1978047;1;1978-11-22;ME;historic-6-plus-complementary;32;20;47;14;19;11;13;;;;;;;1976-05-to-2008-10;loto.csv
1978048-1;1978048;1;1978-11-29;ME;historic-6-plus-complementary;32;10;11;49;25;1;20;;;;;;;1976-05-to-2008-10;loto.csv
1978049-1;1978049;1;1978-12-06;ME;historic-6-plus-complementary;42;30;35;31;44;9;41;;;;;;;1976-05-to-2008-10;loto.csv
1978050-1;1978050;1;1978-12-13;ME;historic-6-plus-complementary;25;15;7;31;42;48;12;;;;;;;1976-05-to-2008-10;loto.csv
1978051-1;1978051;1;1978-12-20;ME;historic-6-plus-complementary;48;31;41;49;35;8;27;;;;;;;1976-05-to-2008-10;loto.csv
1978052-1;1978052;1;1978-12-28;JE;historic-6-plus-complementary;42;2;31;36;1;47;24;;;;;;;1976-05-to-2008-10;loto.csv
1979001-1;1979001;1;1979-01-04;JE;historic-6-plus-complementary;20;21;47;13;49;37;30;;;;;;;1976-05-to-2008-10;loto.csv
1979002-1;1979002;1;1979-01-10;ME;historic-6-plus-complementary;40;41;14;18;20;34;24;;;;;;;1976-05-to-2008-10;loto.csv
1979003-1;1979003;1;1979-01-17;ME;historic-6-plus-complementary;12;37;30;16;19;18;10;;;;;;;1976-05-to-2008-10;loto.csv
1979004-1;1979004;1;1979-01-24;ME;historic-6-plus-complementary;6;37;36;40;26;19;7;;;;;;;1976-05-to-2008-10;loto.csv
1979005-1;1979005;1;1979-01-31;ME;historic-6-plus-complementary;4;22;30;26;49;43;3;;;;;;;1976-05-to-2008-10;loto.csv
1979006-1;1979006;1;1979-02-07;ME;historic-6-plus-complementary;26;24;14;22;23;40;35;;;;;;;1976-05-to-2008-10;loto.csv
1979007-1;1979007;1;1979-02-14;ME;historic-6-plus-complementary;27;30;18;49;47;1;10;;;;;;;1976-05-to-2008-10;loto.csv
1979008-1;1979008;1;1979-02-21;ME;historic-6-plus-complementary;41;10;49;43;18;6;45;;;;;;;1976-05-to-2008-10;loto.csv
1979009-1;1979009;1;1979-02-28;ME;historic-6-plus-complementary;2;20;5;31;11;40;10;;;;;;;1976-05-to-2008-10;loto.csv
1979010-1;1979010;1;1979-03-07;ME;historic-6-plus-complementary;18;13;43;2;42;36;17;;;;;;;1976-05-to-2008-10;loto.csv
1979011-1;1979011;1;1979-03-14;ME;historic-6-plus-complementary;25;36;32;20;45;19;13;;;;;;;1976-05-to-2008-10;loto.csv
1979012-1;1979012;1;1979-03-21;ME;historic-6-plus-complementary;6;42;38;45;46;35;5;;;;;;;1976-05-to-2008-10;loto.csv
1979013-1;1979013;1;1979-03-28;ME;historic-6-plus-complementary;23;42;14;27;3;36;26;;;;;;;1976-05-to-2008-10;loto.csv
1979014-1;1979014;1;1979-04-04;ME;historic-6-plus-complementary;12;45;9;1;3;33;35;;;;;;;1976-05-to-2008-10;loto.csv
1979015-1;1979015;1;1979-04-11;ME;historic-6-plus-complementary;34;2;28;12;7;48;35;;;;;;;1976-05-to-2008-10;loto.csv
1979016-1;1979016;1;1979-04-19;JE;historic-6-plus-complementary;12;39;35;19;20;45;27;;;;;;;1976-05-to-2008-10;loto.csv
1979017-1;1979017;1;1979-04-25;ME;historic-6-plus-complementary;13;21;39;37;41;33;20;;;;;;;1976-05-to-2008-10;loto.csv
1979018-1;1979018;1;1979-05-03;JE;historic-6-plus-complementary;21;36;8;33;17;32;23;;;;;;;1976-05-to-2008-10;loto.csv
1979019-1;1979019;1;1979-05-09;ME;historic-6-plus-complementary;40;41;49;24;9;17;6;;;;;;;1976-05-to-2008-10;loto.csv
1979020-1;1979020;1;1979-05-16;ME;historic-6-plus-complementary;27;41;1;23;3;37;33;;;;;;;1976-05-to-2008-10;loto.csv
1979021-1;1979021;1;1979-05-23;ME;historic-6-plus-complementary;36;42;48;11;5;34;10;;;;;;;1976-05-to-2008-10;loto.csv
1979022-1;1979022;1;1979-05-30;ME;historic-6-plus-complementary;8;15;48;44;19;43;42;;;;;;;1976-05-to-2008-10;loto.csv
1979023-1;1979023;1;1979-06-07;JE;historic-6-plus-complementary;3;49;9;48;10;37;18;;;;;;;1976-05-to-2008-10;loto.csv
1979024-1;1979024;1;1979-06-13;ME;historic-6-plus-complementary;8;21;9;35;4;48;38;;;;;;;1976-05-to-2008-10;loto.csv
1979025-1;1979025;1;1979-06-20;ME;historic-6-plus-complementary;10;12;3;25;8;34;48;;;;;;;1976-05-to-2008-10;loto.csv
1979026-1;1979026;1;1979-06-27;ME;historic-6-plus-complementary;7;26;32;19;44;47;41;;;;;;;1976-05-to-2008-10;loto.csv
1979027-1;1979027;1;1979-07-04;ME;historic-6-plus-complementary;25;1;15;39;4;23;14;;;;;;;1976-05-to-2008-10;loto.csv
1979028-1;1979028;1;1979-07-11;ME;historic-6-plus-complementary;44;15;41;45;33;28;34;;;;;;;1976-05-to-2008-10;loto.csv
1979029-1;1979029;1;1979-07-18;ME;historic-6-plus-complementary;13;8;49;36;19;39;18;;;;;;;1976-05-to-2008-10;loto.csv
1979030-1;1979030;1;1979-07-25;ME;historic-6-plus-complementary;19;23;8;31;47;2;17;;;;;;;1976-05-to-2008-10;loto.csv
1979031-1;1979031;1;1979-08-01;ME;historic-6-plus-complementary;17;2;29;23;14;33;34;;;;;;;1976-05-to-2008-10;loto.csv
1979032-1;1979032;1;1979-08-08;ME;historic-6-plus-complementary;47;40;22;21;45;14;36;;;;;;;1976-05-to-2008-10;loto.csv
1979033-1;1979033;1;1979-08-16;JE;historic-6-plus-complementary;36;42;20;15;47;35;11;;;;;;;1976-05-to-2008-10;loto.csv
1979034-1;1979034;1;1979-08-22;ME;historic-6-plus-complementary;48;22;31;44;14;42;46;;;;;;;1976-05-to-2008-10;loto.csv
1979035-1;1979035;1;1979-08-29;ME;historic-6-plus-complementary;8;25;15;16;4;20;33;;;;;;;1976-05-to-2008-10;loto.csv
1979036-1;1979036;1;1979-09-05;ME;historic-6-plus-complementary;43;13;26;17;30;49;4;;;;;;;1976-05-to-2008-10;loto.csv
1979037-1;1979037;1;1979-09-12;ME;historic-6-plus-complementary;31;45;17;13;5;28;14;;;;;;;1976-05-to-2008-10;loto.csv
1979038-1;1979038;1;1979-09-19;ME;historic-6-plus-complementary;8;10;16;12;2;14;18;;;;;;;1976-05-to-2008-10;loto.csv
1979039-1;1979039;1;1979-09-26;ME;historic-6-plus-complementary;44;6;37;12;3;32;9;;;;;;;1976-05-to-2008-10;loto.csv
1979040-1;1979040;1;1979-10-03;ME;historic-6-plus-complementary;7;24;28;13;38;46;21;;;;;;;1976-05-to-2008-10;loto.csv
1979041-1;1979041;1;1979-10-10;ME;historic-6-plus-complementary;4;36;29;28;42;14;13;;;;;;;1976-05-to-2008-10;loto.csv
1979042-1;1979042;1;1979-10-17;ME;historic-6-plus-complementary;27;39;25;22;41;7;5;;;;;;;1976-05-to-2008-10;loto.csv
1979043-1;1979043;1;1979-10-24;ME;historic-6-plus-complementary;7;46;33;45;34;40;20;;;;;;;1976-05-to-2008-10;loto.csv
1979044-1;1979044;1;1979-10-31;ME;historic-6-plus-complementary;3;7;19;28;27;44;16;;;;;;;1976-05-to-2008-10;loto.csv
1979045-1;1979045;1;1979-11-07;ME;historic-6-plus-complementary;28;45;46;12;40;4;13;;;;;;;1976-05-to-2008-10;loto.csv
1979046-1;1979046;1;1979-11-14;ME;historic-6-plus-complementary;48;25;24;44;38;5;35;;;;;;;1976-05-to-2008-10;loto.csv
1979047-1;1979047;1;1979-11-21;ME;historic-6-plus-complementary;28;12;24;4;30;17;32;;;;;;;1976-05-to-2008-10;loto.csv
1979048-1;1979048;1;1979-11-28;ME;historic-6-plus-complementary;22;40;2;4;43;28;33;;;;;;;1976-05-to-2008-10;loto.csv
1979049-1;1979049;1;1979-12-05;ME;historic-6-plus-complementary;12;7;27;35;15;40;48;;;;;;;1976-05-to-2008-10;loto.csv
1979050-1;1979050;1;1979-12-12;ME;historic-6-plus-complementary;8;32;36;37;22;17;13;;;;;;;1976-05-to-2008-10;loto.csv
1979051-1;1979051;1;1979-12-19;ME;historic-6-plus-complementary;10;26;12;22;4;18;16;;;;;;;1976-05-to-2008-10;loto.csv
1979052-1;1979052;1;1979-12-28;VE;historic-6-plus-complementary;41;19;24;47;39;36;6;;;;;;;1976-05-to-2008-10;loto.csv
1980001-1;1980001;1;1980-01-03;JE;historic-6-plus-complementary;26;32;48;39;9;20;6;;;;;;;1976-05-to-2008-10;loto.csv
1980002-1;1980002;1;1980-01-09;ME;historic-6-plus-complementary;39;46;47;21;9;7;30;;;;;;;1976-05-to-2008-10;loto.csv
1980003-1;1980003;1;1980-01-16;ME;historic-6-plus-complementary;42;26;43;9;32;23;38;;;;;;;1976-05-to-2008-10;loto.csv
1980004-1;1980004;1;1980-01-23;ME;historic-6-plus-complementary;31;9;7;39;33;21;14;;;;;;;1976-05-to-2008-10;loto.csv
1980005-1;1980005;1;1980-01-30;ME;historic-6-plus-complementary;29;28;42;46;19;38;25;;;;;;;1976-05-to-2008-10;loto.csv
1980006-1;1980006;1;1980-02-06;ME;historic-6-plus-complementary;38;48;19;25;2;9;28;;;;;;;1976-05-to-2008-10;loto.csv
1980007-1;1980007;1;1980-02-13;ME;historic-6-plus-complementary;43;20;25;39;26;14;46;;;;;;;1976-05-to-2008-10;loto.csv
1980008-1;1980008;1;1980-02-20;ME;historic-6-plus-complementary;5;1;45;37;49;12;31;;;;;;;1976-05-to-2008-10;loto.csv
1980009-1;1980009;1;1980-02-27;ME;historic-6-plus-complementary;3;30;19;18;13;16;12;;;;;;;1976-05-to-2008-10;loto.csv
1980010-1;1980010;1;1980-03-05;ME;historic-6-plus-complementary;48;47;38;25;18;31;14;;;;;;;1976-05-to-2008-10;loto.csv
1980011-1;1980011;1;1980-03-12;ME;historic-6-plus-complementary;48;38;17;46;9;3;47;;;;;;;1976-05-to-2008-10;loto.csv
1980012-1;1980012;1;1980-03-19;ME;historic-6-plus-complementary;36;35;32;23;1;49;33;;;;;;;1976-05-to-2008-10;loto.csv
1980013-1;1980013;1;1980-03-26;ME;historic-6-plus-complementary;18;10;46;35;4;41;27;;;;;;;1976-05-to-2008-10;loto.csv
1980014-1;1980014;1;1980-04-02;ME;historic-6-plus-complementary;29;41;6;19;26;30;7;;;;;;;1976-05-to-2008-10;loto.csv
1980015-1;1980015;1;1980-04-09;ME;historic-6-plus-complementary;47;41;12;31;5;45;10;;;;;;;1976-05-to-2008-10;loto.csv
1980016-1;1980016;1;1980-04-16;ME;historic-6-plus-complementary;6;22;45;21;2;30;4;;;;;;;1976-05-to-2008-10;loto.csv
1980017-1;1980017;1;1980-04-23;ME;historic-6-plus-complementary;10;14;12;3;42;31;43;;;;;;;1976-05-to-2008-10;loto.csv
1980018-1;1980018;1;1980-04-30;ME;historic-6-plus-complementary;6;7;9;17;45;25;26;;;;;;;1976-05-to-2008-10;loto.csv
1980019-1;1980019;1;1980-05-07;ME;historic-6-plus-complementary;22;1;25;14;10;48;8;;;;;;;1976-05-to-2008-10;loto.csv
1980020-1;1980020;1;1980-05-14;ME;historic-6-plus-complementary;6;46;14;17;37;34;44;;;;;;;1976-05-to-2008-10;loto.csv
1980021-1;1980021;1;1980-05-21;ME;historic-6-plus-complementary;45;5;44;15;48;49;8;;;;;;;1976-05-to-2008-10;loto.csv
1980022-1;1980022;1;1980-05-29;JE;historic-6-plus-complementary;7;8;2;25;15;24;26;;;;;;;1976-05-to-2008-10;loto.csv
1980023-1;1980023;1;1980-06-04;ME;historic-6-plus-complementary;14;18;6;48;27;45;39;;;;;;;1976-05-to-2008-10;loto.csv
1980024-1;1980024;1;1980-06-11;ME;historic-6-plus-complementary;25;34;9;42;31;40;24;;;;;;;1976-05-to-2008-10;loto.csv
1980025-1;1980025;1;1980-06-18;ME;historic-6-plus-complementary;7;40;36;11;22;45;1;;;;;;;1976-05-to-2008-10;loto.csv
1980026-1;1980026;1;1980-06-25;ME;historic-6-plus-complementary;5;25;38;3;31;28;26;;;;;;;1976-05-to-2008-10;loto.csv
1980027-1;1980027;1;1980-07-02;ME;historic-6-plus-complementary;34;47;36;5;40;32;30;;;;;;;1976-05-to-2008-10;loto.csv
1980028-1;1980028;1;1980-07-09;ME;historic-6-plus-complementary;14;11;45;29;41;38;18;;;;;;;1976-05-to-2008-10;loto.csv
1980029-1;1980029;1;1980-07-17;JE;historic-6-plus-complementary;42;17;2;28;4;7;1;;;;;;;1976-05-to-2008-10;loto.csv
1980030-1;1980030;1;1980-07-23;ME;historic-6-plus-complementary;4;21;11;22;38;19;49;;;;;;;1976-05-to-2008-10;loto.csv
1980031-1;1980031;1;1980-07-30;ME;historic-6-plus-complementary;3;13;5;11;19;41;12;;;;;;;1976-05-to-2008-10;loto.csv
1980032-1;1980032;1;1980-08-06;ME;historic-6-plus-complementary;7;40;48;10;6;35;32;;;;;;;1976-05-to-2008-10;loto.csv
1980033-1;1980033;1;1980-08-13;ME;historic-6-plus-complementary;28;5;32;12;15;25;20;;;;;;;1976-05-to-2008-10;loto.csv
1980034-1;1980034;1;1980-08-20;ME;historic-6-plus-complementary;20;16;48;39;1;12;31;;;;;;;1976-05-to-2008-10;loto.csv
1980035-1;1980035;1;1980-08-27;ME;historic-6-plus-complementary;48;24;18;45;36;31;28;;;;;;;1976-05-to-2008-10;loto.csv
1980036-1;1980036;1;1980-09-03;ME;historic-6-plus-complementary;16;43;28;20;7;34;35;;;;;;;1976-05-to-2008-10;loto.csv
1980037-1;1980037;1;1980-09-10;ME;historic-6-plus-complementary;31;19;3;20;39;16;1;;;;;;;1976-05-to-2008-10;loto.csv
1980038-1;1980038;1;1980-09-17;ME;historic-6-plus-complementary;49;4;9;43;12;40;42;;;;;;;1976-05-to-2008-10;loto.csv
1980039-1;1980039;1;1980-09-24;ME;historic-6-plus-complementary;12;28;31;4;45;32;2;;;;;;;1976-05-to-2008-10;loto.csv
1980040-1;1980040;1;1980-10-01;ME;historic-6-plus-complementary;44;1;31;32;23;35;48;;;;;;;1976-05-to-2008-10;loto.csv
1980041-1;1980041;1;1980-10-08;ME;historic-6-plus-complementary;47;3;22;13;5;35;4;;;;;;;1976-05-to-2008-10;loto.csv
1980042-1;1980042;1;1980-10-15;ME;historic-6-plus-complementary;14;33;29;21;18;31;6;;;;;;;1976-05-to-2008-10;loto.csv
1980043-1;1980043;1;1980-10-22;ME;historic-6-plus-complementary;46;6;48;36;41;39;23;;;;;;;1976-05-to-2008-10;loto.csv
1980044-1;1980044;1;1980-10-29;ME;historic-6-plus-complementary;15;3;41;45;37;12;31;;;;;;;1976-05-to-2008-10;loto.csv
1980045-1;1980045;1;1980-11-05;ME;historic-6-plus-complementary;42;49;21;10;39;23;13;;;;;;;1976-05-to-2008-10;loto.csv
1980046-1;1980046;1;1980-11-13;JE;historic-6-plus-complementary;40;1;13;7;31;15;4;;;;;;;1976-05-to-2008-10;loto.csv
1980047-1;1980047;1;1980-11-19;ME;historic-6-plus-complementary;6;13;21;39;37;27;25;;;;;;;1976-05-to-2008-10;loto.csv
1980048-1;1980048;1;1980-11-26;ME;historic-6-plus-complementary;39;21;40;42;44;17;1;;;;;;;1976-05-to-2008-10;loto.csv
1980049-1;1980049;1;1980-12-03;ME;historic-6-plus-complementary;22;35;47;40;24;46;38;;;;;;;1976-05-to-2008-10;loto.csv
1980050-1;1980050;1;1980-12-10;ME;historic-6-plus-complementary;16;40;27;18;11;49;39;;;;;;;1976-05-to-2008-10;loto.csv
1980051-1;1980051;1;1980-12-17;ME;historic-6-plus-complementary;5;12;44;24;11;30;42;;;;;;;1976-05-to-2008-10;loto.csv
1980052-1;1980052;1;1980-12-24;ME;historic-6-plus-complementary;15;47;7;10;31;34;35;;;;;;;1976-05-to-2008-10;loto.csv
1980053-1;1980053;1;1980-12-31;ME;historic-6-plus-complementary;7;16;34;8;39;37;41;;;;;;;1976-05-to-2008-10;loto.csv
1981001-1;1981001;1;1981-01-07;ME;historic-6-plus-complementary;20;44;41;31;18;38;21;;;;;;;1976-05-to-2008-10;loto.csv
1981002-1;1981002;1;1981-01-14;ME;historic-6-plus-complementary;34;31;26;38;48;49;47;;;;;;;1976-05-to-2008-10;loto.csv
1981003-1;1981003;1;1981-01-21;ME;historic-6-plus-complementary;19;28;49;26;47;18;35;;;;;;;1976-05-to-2008-10;loto.csv
1981004-1;1981004;1;1981-01-28;ME;historic-6-plus-complementary;4;28;29;19;18;38;16;;;;;;;1976-05-to-2008-10;loto.csv
1981005-1;1981005;1;1981-02-04;ME;historic-6-plus-complementary;43;3;7;13;20;47;40;;;;;;;1976-05-to-2008-10;loto.csv
1981006-1;1981006;1;1981-02-11;ME;historic-6-plus-complementary;46;24;11;14;28;31;26;;;;;;;1976-05-to-2008-10;loto.csv
1981007-1;1981007;1;1981-02-18;ME;historic-6-plus-complementary;34;25;5;28;19;17;29;;;;;;;1976-05-to-2008-10;loto.csv
1981008-1;1981008;1;1981-02-25;ME;historic-6-plus-complementary;29;12;48;13;15;44;9;;;;;;;1976-05-to-2008-10;loto.csv
1981009-1;1981009;1;1981-03-04;ME;historic-6-plus-complementary;26;19;6;48;34;10;3;;;;;;;1976-05-to-2008-10;loto.csv
1981010-1;1981010;1;1981-03-11;ME;historic-6-plus-complementary;28;40;3;36;41;49;30;;;;;;;1976-05-to-2008-10;loto.csv
1981011-1;1981011;1;1981-03-18;ME;historic-6-plus-complementary;44;14;22;39;45;43;42;;;;;;;1976-05-to-2008-10;loto.csv
1981012-1;1981012;1;1981-03-25;ME;historic-6-plus-complementary;2;18;49;28;47;23;31;;;;;;;1976-05-to-2008-10;loto.csv
1981013-1;1981013;1;1981-04-01;ME;historic-6-plus-complementary;5;33;24;34;21;23;13;;;;;;;1976-05-to-2008-10;loto.csv
1981014-1;1981014;1;1981-04-08;ME;historic-6-plus-complementary;45;18;43;24;13;35;38;;;;;;;1976-05-to-2008-10;loto.csv
1981015-1;1981015;1;1981-04-15;ME;historic-6-plus-complementary;2;33;48;38;7;1;4;;;;;;;1976-05-to-2008-10;loto.csv
1981016-1;1981016;1;1981-04-23;JE;historic-6-plus-complementary;9;34;17;1;24;45;5;;;;;;;1976-05-to-2008-10;loto.csv
1981017-1;1981017;1;1981-04-29;ME;historic-6-plus-complementary;40;13;29;41;42;1;49;;;;;;;1976-05-to-2008-10;loto.csv
1981018-1;1981018;1;1981-05-06;ME;historic-6-plus-complementary;41;17;38;43;47;9;19;;;;;;;1976-05-to-2008-10;loto.csv
1981019-1;1981019;1;1981-05-13;ME;historic-6-plus-complementary;3;19;2;37;48;16;6;;;;;;;1976-05-to-2008-10;loto.csv
1981020-1;1981020;1;1981-05-20;ME;historic-6-plus-complementary;6;29;18;4;47;39;43;;;;;;;1976-05-to-2008-10;loto.csv
1981021-1;1981021;1;1981-05-27;ME;historic-6-plus-complementary;39;28;8;2;16;31;49;;;;;;;1976-05-to-2008-10;loto.csv
1981022-1;1981022;1;1981-06-03;ME;historic-6-plus-complementary;26;25;5;40;12;37;46;;;;;;;1976-05-to-2008-10;loto.csv
1981023-1;1981023;1;1981-06-11;JE;historic-6-plus-complementary;4;40;5;44;35;43;9;;;;;;;1976-05-to-2008-10;loto.csv
1981024-1;1981024;1;1981-06-17;ME;historic-6-plus-complementary;42;13;38;18;1;16;48;;;;;;;1976-05-to-2008-10;loto.csv
1981025-1;1981025;1;1981-06-24;ME;historic-6-plus-complementary;49;35;2;3;38;22;44;;;;;;;1976-05-to-2008-10;loto.csv
1981026-1;1981026;1;1981-07-01;ME;historic-6-plus-complementary;12;4;34;27;25;5;38;;;;;;;1976-05-to-2008-10;loto.csv
1981027-1;1981027;1;1981-07-08;ME;historic-6-plus-complementary;12;31;18;7;11;38;30;;;;;;;1976-05-to-2008-10;loto.csv
1981028-1;1981028;1;1981-07-16;JE;historic-6-plus-complementary;40;2;49;20;15;46;28;;;;;;;1976-05-to-2008-10;loto.csv
1981029-1;1981029;1;1981-07-22;ME;historic-6-plus-complementary;34;22;11;26;25;15;27;;;;;;;1976-05-to-2008-10;loto.csv
1981030-1;1981030;1;1981-07-29;ME;historic-6-plus-complementary;13;19;9;27;49;42;6;;;;;;;1976-05-to-2008-10;loto.csv
1981031-1;1981031;1;1981-08-05;ME;historic-6-plus-complementary;24;15;49;36;30;44;13;;;;;;;1976-05-to-2008-10;loto.csv
1981032-1;1981032;1;1981-08-12;ME;historic-6-plus-complementary;2;49;6;37;13;41;23;;;;;;;1976-05-to-2008-10;loto.csv
1981033-1;1981033;1;1981-08-19;ME;historic-6-plus-complementary;4;13;9;35;37;24;10;;;;;;;1976-05-to-2008-10;loto.csv
1981034-1;1981034;1;1981-08-26;ME;historic-6-plus-complementary;12;9;36;45;48;41;27;;;;;;;1976-05-to-2008-10;loto.csv
1981035-1;1981035;1;1981-09-02;ME;historic-6-plus-complementary;20;13;31;43;37;11;26;;;;;;;1976-05-to-2008-10;loto.csv
1981036-1;1981036;1;1981-09-09;ME;historic-6-plus-complementary;29;33;25;32;5;2;7;;;;;;;1976-05-to-2008-10;loto.csv
1981037-1;1981037;1;1981-09-16;ME;historic-6-plus-complementary;11;9;2;20;36;30;27;;;;;;;1976-05-to-2008-10;loto.csv
1981038-1;1981038;1;1981-09-23;ME;historic-6-plus-complementary;34;9;14;24;19;26;40;;;;;;;1976-05-to-2008-10;loto.csv
1981039-1;1981039;1;1981-09-30;ME;historic-6-plus-complementary;14;34;15;13;39;23;18;;;;;;;1976-05-to-2008-10;loto.csv
1981040-1;1981040;1;1981-10-07;ME;historic-6-plus-complementary;4;12;47;11;28;40;17;;;;;;;1976-05-to-2008-10;loto.csv
1981041-1;1981041;1;1981-10-14;ME;historic-6-plus-complementary;19;12;36;47;25;6;15;;;;;;;1976-05-to-2008-10;loto.csv
1981042-1;1981042;1;1981-10-21;ME;historic-6-plus-complementary;2;26;24;1;43;34;32;;;;;;;1976-05-to-2008-10;loto.csv
1981043-1;1981043;1;1981-10-28;ME;historic-6-plus-complementary;48;8;15;25;40;9;18;;;;;;;1976-05-to-2008-10;loto.csv
1981044-1;1981044;1;1981-11-04;ME;historic-6-plus-complementary;24;46;7;23;2;20;40;;;;;;;1976-05-to-2008-10;loto.csv
1981045-1;1981045;1;1981-11-12;JE;historic-6-plus-complementary;27;4;43;10;24;20;32;;;;;;;1976-05-to-2008-10;loto.csv
1981046-1;1981046;1;1981-11-18;ME;historic-6-plus-complementary;43;2;27;46;40;21;42;;;;;;;1976-05-to-2008-10;loto.csv
1981047-1;1981047;1;1981-11-25;ME;historic-6-plus-complementary;44;12;27;48;16;38;2;;;;;;;1976-05-to-2008-10;loto.csv
1981048-1;1981048;1;1981-12-02;ME;historic-6-plus-complementary;22;39;36;32;5;25;44;;;;;;;1976-05-to-2008-10;loto.csv
1981049-1;1981049;1;1981-12-09;ME;historic-6-plus-complementary;12;34;29;1;36;32;33;;;;;;;1976-05-to-2008-10;loto.csv
1981050-1;1981050;1;1981-12-16;ME;historic-6-plus-complementary;18;38;13;22;34;23;5;;;;;;;1976-05-to-2008-10;loto.csv
1981051-1;1981051;1;1981-12-23;ME;historic-6-plus-complementary;48;14;26;13;45;5;27;;;;;;;1976-05-to-2008-10;loto.csv
1981052-1;1981052;1;1981-12-30;ME;historic-6-plus-complementary;28;45;34;48;37;26;31;;;;;;;1976-05-to-2008-10;loto.csv
1982001-1;1982001;1;1982-01-06;ME;historic-6-plus-complementary;49;23;42;40;38;48;29;;;;;;;1976-05-to-2008-10;loto.csv
1982002-1;1982002;1;1982-01-13;ME;historic-6-plus-complementary;9;29;25;8;14;24;27;;;;;;;1976-05-to-2008-10;loto.csv
1982003-1;1982003;1;1982-01-20;ME;historic-6-plus-complementary;24;46;27;11;23;47;49;;;;;;;1976-05-to-2008-10;loto.csv
1982004-1;1982004;1;1982-01-27;ME;historic-6-plus-complementary;26;34;23;24;47;18;17;;;;;;;1976-05-to-2008-10;loto.csv
1982005-1;1982005;1;1982-02-03;ME;historic-6-plus-complementary;26;24;40;10;23;4;41;;;;;;;1976-05-to-2008-10;loto.csv
1982006-1;1982006;1;1982-02-10;ME;historic-6-plus-complementary;17;38;23;6;27;1;18;;;;;;;1976-05-to-2008-10;loto.csv
1982007-1;1982007;1;1982-02-17;ME;historic-6-plus-complementary;39;29;23;18;17;15;35;;;;;;;1976-05-to-2008-10;loto.csv
1982008-1;1982008;1;1982-02-24;ME;historic-6-plus-complementary;34;30;10;18;4;36;45;;;;;;;1976-05-to-2008-10;loto.csv
1982009-1;1982009;1;1982-03-03;ME;historic-6-plus-complementary;28;48;13;23;16;42;5;;;;;;;1976-05-to-2008-10;loto.csv
1982010-1;1982010;1;1982-03-10;ME;historic-6-plus-complementary;3;13;24;19;36;16;39;;;;;;;1976-05-to-2008-10;loto.csv
1982011-1;1982011;1;1982-03-17;ME;historic-6-plus-complementary;42;35;29;12;16;36;38;;;;;;;1976-05-to-2008-10;loto.csv
1982012-1;1982012;1;1982-03-24;ME;historic-6-plus-complementary;9;35;48;11;49;32;24;;;;;;;1976-05-to-2008-10;loto.csv
1982013-1;1982013;1;1982-03-31;ME;historic-6-plus-complementary;39;32;27;23;28;40;12;;;;;;;1976-05-to-2008-10;loto.csv
1982014-1;1982014;1;1982-04-07;ME;historic-6-plus-complementary;40;36;29;19;31;28;5;;;;;;;1976-05-to-2008-10;loto.csv
1982015-1;1982015;1;1982-04-15;JE;historic-6-plus-complementary;35;22;23;24;17;46;5;;;;;;;1976-05-to-2008-10;loto.csv
1982016-1;1982016;1;1982-04-21;ME;historic-6-plus-complementary;10;17;24;11;2;33;31;;;;;;;1976-05-to-2008-10;loto.csv
1982017-1;1982017;1;1982-04-28;ME;historic-6-plus-complementary;20;8;3;4;16;48;41;;;;;;;1976-05-to-2008-10;loto.csv
1982018-1;1982018;1;1982-05-05;ME;historic-6-plus-complementary;24;22;20;3;28;10;33;;;;;;;1976-05-to-2008-10;loto.csv
1982019-1;1982019;1;1982-05-12;ME;historic-6-plus-complementary;22;12;5;9;47;8;35;;;;;;;1976-05-to-2008-10;loto.csv
1982020-1;1982020;1;1982-05-19;ME;historic-6-plus-complementary;24;14;2;9;12;19;1;;;;;;;1976-05-to-2008-10;loto.csv
1982021-1;1982021;1;1982-05-26;ME;historic-6-plus-complementary;35;40;24;38;4;41;43;;;;;;;1976-05-to-2008-10;loto.csv
1982022-1;1982022;1;1982-06-03;JE;historic-6-plus-complementary;45;32;44;35;24;20;43;;;;;;;1976-05-to-2008-10;loto.csv
1982023-1;1982023;1;1982-06-09;ME;historic-6-plus-complementary;15;39;28;6;11;35;24;;;;;;;1976-05-to-2008-10;loto.csv
1982024-1;1982024;1;1982-06-16;ME;historic-6-plus-complementary;35;48;46;20;17;47;29;;;;;;;1976-05-to-2008-10;loto.csv
1982025-1;1982025;1;1982-06-23;ME;historic-6-plus-complementary;10;15;37;25;49;40;36;;;;;;;1976-05-to-2008-10;loto.csv
1982026-1;1982026;1;1982-06-30;ME;historic-6-plus-complementary;35;14;34;31;39;48;6;;;;;;;1976-05-to-2008-10;loto.csv
1982027-1;1982027;1;1982-07-07;ME;historic-6-plus-complementary;12;41;29;17;39;31;10;;;;;;;1976-05-to-2008-10;loto.csv
1982028-1;1982028;1;1982-07-15;JE;historic-6-plus-complementary;19;6;24;45;23;47;41;;;;;;;1976-05-to-2008-10;loto.csv
1982029-1;1982029;1;1982-07-21;ME;historic-6-plus-complementary;4;24;40;49;11;26;15;;;;;;;1976-05-to-2008-10;loto.csv
1982030-1;1982030;1;1982-07-28;ME;historic-6-plus-complementary;28;1;32;7;24;47;36;;;;;;;1976-05-to-2008-10;loto.csv
1982031-1;1982031;1;1982-08-04;ME;historic-6-plus-complementary;20;5;28;40;25;36;33;;;;;;;1976-05-to-2008-10;loto.csv
1982032-1;1982032;1;1982-08-11;ME;historic-6-plus-complementary;32;44;35;47;16;31;19;;;;;;;1976-05-to-2008-10;loto.csv
1982033-1;1982033;1;1982-08-18;ME;historic-6-plus-complementary;15;49;30;35;31;14;9;;;;;;;1976-05-to-2008-10;loto.csv
1982034-1;1982034;1;1982-08-25;ME;historic-6-plus-complementary;18;40;29;44;15;37;28;;;;;;;1976-05-to-2008-10;loto.csv
1982035-1;1982035;1;1982-09-01;ME;historic-6-plus-complementary;12;42;14;2;10;46;24;;;;;;;1976-05-to-2008-10;loto.csv
1982036-1;1982036;1;1982-09-08;ME;historic-6-plus-complementary;30;9;48;37;35;22;21;;;;;;;1976-05-to-2008-10;loto.csv
1982037-1;1982037;1;1982-09-15;ME;historic-6-plus-complementary;29;40;36;48;27;11;19;;;;;;;1976-05-to-2008-10;loto.csv
1982038-1;1982038;1;1982-09-22;ME;historic-6-plus-complementary;21;37;40;34;45;36;18;;;;;;;1976-05-to-2008-10;loto.csv
1982039-1;1982039;1;1982-09-29;ME;historic-6-plus-complementary;14;16;23;2;32;34;5;;;;;;;1976-05-to-2008-10;loto.csv
1982040-1;1982040;1;1982-10-06;ME;historic-6-plus-complementary;17;28;13;6;45;11;21;;;;;;;1976-05-to-2008-10;loto.csv
1982041-1;1982041;1;1982-10-13;ME;historic-6-plus-complementary;40;31;38;49;37;24;30;;;;;;;1976-05-to-2008-10;loto.csv
1982042-1;1982042;1;1982-10-20;ME;historic-6-plus-complementary;27;49;44;11;14;1;4;;;;;;;1976-05-to-2008-10;loto.csv
1982043-1;1982043;1;1982-10-27;ME;historic-6-plus-complementary;25;30;38;39;40;17;28;;;;;;;1976-05-to-2008-10;loto.csv
1982044-1;1982044;1;1982-11-04;JE;historic-6-plus-complementary;15;10;21;22;42;8;7;;;;;;;1976-05-to-2008-10;loto.csv
1982045-1;1982045;1;1982-11-10;ME;historic-6-plus-complementary;32;30;7;8;22;13;23;;;;;;;1976-05-to-2008-10;loto.csv
1982046-1;1982046;1;1982-11-17;ME;historic-6-plus-complementary;22;16;45;49;48;19;27;;;;;;;1976-05-to-2008-10;loto.csv
1982047-1;1982047;1;1982-11-24;ME;historic-6-plus-complementary;30;3;33;23;10;13;44;;;;;;;1976-05-to-2008-10;loto.csv
1982048-1;1982048;1;1982-12-01;ME;historic-6-plus-complementary;31;32;36;9;26;22;29;;;;;;;1976-05-to-2008-10;loto.csv
1982049-1;1982049;1;1982-12-08;ME;historic-6-plus-complementary;30;35;19;28;47;48;20;;;;;;;1976-05-to-2008-10;loto.csv
1982050-1;1982050;1;1982-12-15;ME;historic-6-plus-complementary;49;26;4;6;40;41;33;;;;;;;1976-05-to-2008-10;loto.csv
1982051-1;1982051;1;1982-12-22;ME;historic-6-plus-complementary;46;44;10;7;48;37;22;;;;;;;1976-05-to-2008-10;loto.csv
1982052-1;1982052;1;1982-12-29;ME;historic-6-plus-complementary;49;25;8;32;31;40;41;;;;;;;1976-05-to-2008-10;loto.csv
1983001-1;1983001;1;1983-01-05;ME;historic-6-plus-complementary;16;21;31;48;1;12;37;;;;;;;1976-05-to-2008-10;loto.csv
1983002-1;1983002;1;1983-01-12;ME;historic-6-plus-complementary;42;29;18;45;15;11;24;;;;;;;1976-05-to-2008-10;loto.csv
1983003-1;1983003;1;1983-01-19;ME;historic-6-plus-complementary;39;14;2;49;48;8;11;;;;;;;1976-05-to-2008-10;loto.csv
1983004-1;1983004;1;1983-01-26;ME;historic-6-plus-complementary;34;20;5;8;2;44;22;;;;;;;1976-05-to-2008-10;loto.csv
1983005-1;1983005;1;1983-02-02;ME;historic-6-plus-complementary;12;5;37;22;31;46;49;;;;;;;1976-05-to-2008-10;loto.csv
1983006-1;1983006;1;1983-02-09;ME;historic-6-plus-complementary;23;29;6;34;12;17;39;;;;;;;1976-05-to-2008-10;loto.csv
1983007-1;1983007;1;1983-02-16;ME;historic-6-plus-complementary;40;33;14;30;12;34;41;;;;;;;1976-05-to-2008-10;loto.csv
1983008-1;1983008;1;1983-02-23;ME;historic-6-plus-complementary;4;8;32;30;42;44;48;;;;;;;1976-05-to-2008-10;loto.csv
1983009-1;1983009;1;1983-03-02;ME;historic-6-plus-complementary;33;22;26;34;45;23;5;;;;;;;1976-05-to-2008-10;loto.csv
1983010-1;1983010;1;1983-03-09;ME;historic-6-plus-complementary;28;22;12;24;38;23;5;;;;;;;1976-05-to-2008-10;loto.csv
1983011-1;1983011;1;1983-03-16;ME;historic-6-plus-complementary;23;9;36;5;43;37;27;;;;;;;1976-05-to-2008-10;loto.csv
1983012-1;1983012;1;1983-03-23;ME;historic-6-plus-complementary;26;11;32;34;22;23;17;;;;;;;1976-05-to-2008-10;loto.csv
1983013-1;1983013;1;1983-03-30;ME;historic-6-plus-complementary;26;2;35;21;19;11;29;;;;;;;1976-05-to-2008-10;loto.csv
1983014-1;1983014;1;1983-04-07;JE;historic-6-plus-complementary;33;44;6;29;24;30;21;;;;;;;1976-05-to-2008-10;loto.csv
1983015-1;1983015;1;1983-04-13;ME;historic-6-plus-complementary;49;36;42;15;22;2;25;;;;;;;1976-05-to-2008-10;loto.csv
1983016-1;1983016;1;1983-04-20;ME;historic-6-plus-complementary;26;31;40;33;10;6;43;;;;;;;1976-05-to-2008-10;loto.csv
1983017-1;1983017;1;1983-04-27;ME;historic-6-plus-complementary;10;8;21;16;5;19;11;;;;;;;1976-05-to-2008-10;loto.csv
1983018-1;1983018;1;1983-05-04;ME;historic-6-plus-complementary;24;21;40;43;5;6;48;;;;;;;1976-05-to-2008-10;loto.csv
1983019-1;1983019;1;1983-05-11;ME;historic-6-plus-complementary;48;12;41;22;44;40;26;;;;;;;1976-05-to-2008-10;loto.csv
1983020-1;1983020;1;1983-05-18;ME;historic-6-plus-complementary;1;30;49;9;32;27;35;;;;;;;1976-05-to-2008-10;loto.csv
1983021-1;1983021;1;1983-05-26;JE;historic-6-plus-complementary;32;8;6;11;35;38;12;;;;;;;1976-05-to-2008-10;loto.csv
1983022-1;1983022;1;1983-06-01;ME;historic-6-plus-complementary;18;40;9;14;21;10;45;;;;;;;1976-05-to-2008-10;loto.csv
1983023-1;1983023;1;1983-06-08;ME;historic-6-plus-complementary;20;9;6;7;37;36;32;;;;;;;1976-05-to-2008-10;loto.csv
1983024-1;1983024;1;1983-06-15;ME;historic-6-plus-complementary;10;20;30;17;34;21;43;;;;;;;1976-05-to-2008-10;loto.csv
1983025-1;1983025;1;1983-06-22;ME;historic-6-plus-complementary;29;14;39;5;21;45;33;;;;;;;1976-05-to-2008-10;loto.csv
1983026-1;1983026;1;1983-06-29;ME;historic-6-plus-complementary;21;48;37;10;43;34;11;;;;;;;1976-05-to-2008-10;loto.csv
1983027-1;1983027;1;1983-07-06;ME;historic-6-plus-complementary;26;38;46;35;49;3;32;;;;;;;1976-05-to-2008-10;loto.csv
1983028-1;1983028;1;1983-07-13;ME;historic-6-plus-complementary;15;14;28;30;48;8;39;;;;;;;1976-05-to-2008-10;loto.csv
1983029-1;1983029;1;1983-07-20;ME;historic-6-plus-complementary;18;40;28;31;48;14;21;;;;;;;1976-05-to-2008-10;loto.csv
1983030-1;1983030;1;1983-07-27;ME;historic-6-plus-complementary;37;9;17;18;14;40;33;;;;;;;1976-05-to-2008-10;loto.csv
1983031-1;1983031;1;1983-08-03;ME;historic-6-plus-complementary;16;45;7;19;11;4;44;;;;;;;1976-05-to-2008-10;loto.csv
1983032-1;1983032;1;1983-08-10;ME;historic-6-plus-complementary;44;29;3;24;13;6;27;;;;;;;1976-05-to-2008-10;loto.csv
1983033-1;1983033;1;1983-08-18;JE;historic-6-plus-complementary;23;37;21;44;4;7;24;;;;;;;1976-05-to-2008-10;loto.csv
1983034-1;1983034;1;1983-08-24;ME;historic-6-plus-complementary;43;46;4;18;49;15;22;;;;;;;1976-05-to-2008-10;loto.csv
1983035-1;1983035;1;1983-08-31;ME;historic-6-plus-complementary;43;29;9;49;45;41;7;;;;;;;1976-05-to-2008-10;loto.csv
1983036-1;1983036;1;1983-09-07;ME;historic-6-plus-complementary;5;42;38;31;11;28;3;;;;;;;1976-05-to-2008-10;loto.csv
1983037-1;1983037;1;1983-09-14;ME;historic-6-plus-complementary;15;44;33;27;11;7;32;;;;;;;1976-05-to-2008-10;loto.csv
1983038-1;1983038;1;1983-09-21;ME;historic-6-plus-complementary;27;12;8;39;25;43;11;;;;;;;1976-05-to-2008-10;loto.csv
1983039-1;1983039;1;1983-09-28;ME;historic-6-plus-complementary;49;12;33;19;24;5;41;;;;;;;1976-05-to-2008-10;loto.csv
1983040-1;1983040;1;1983-10-05;ME;historic-6-plus-complementary;6;47;1;23;2;35;34;;;;;;;1976-05-to-2008-10;loto.csv
1983041-1;1983041;1;1983-10-12;ME;historic-6-plus-complementary;19;20;40;13;34;44;21;;;;;;;1976-05-to-2008-10;loto.csv
1983042-1;1983042;1;1983-10-19;ME;historic-6-plus-complementary;5;11;47;44;8;25;34;;;;;;;1976-05-to-2008-10;loto.csv
1983043-1;1983043;1;1983-10-26;ME;historic-6-plus-complementary;8;21;33;31;18;15;43;;;;;;;1976-05-to-2008-10;loto.csv
1983044-1;1983044;1;1983-11-03;JE;historic-6-plus-complementary;20;33;49;5;24;28;47;;;;;;;1976-05-to-2008-10;loto.csv
1983045-1;1983045;1;1983-11-09;ME;historic-6-plus-complementary;37;46;19;49;26;18;39;;;;;;;1976-05-to-2008-10;loto.csv
1983046-1;1983046;1;1983-11-16;ME;historic-6-plus-complementary;41;37;42;27;17;49;38;;;;;;;1976-05-to-2008-10;loto.csv
1983047-1;1983047;1;1983-11-23;ME;historic-6-plus-complementary;3;31;41;21;47;45;19;;;;;;;1976-05-to-2008-10;loto.csv
1983048-1;1983048;1;1983-11-30;ME;historic-6-plus-complementary;7;22;13;21;44;39;28;;;;;;;1976-05-to-2008-10;loto.csv
1983049-1;1983049;1;1983-12-07;ME;historic-6-plus-complementary;43;27;47;16;44;37;42;;;;;;;1976-05-to-2008-10;loto.csv
1983050-1;1983050;1;1983-12-14;ME;historic-6-plus-complementary;43;34;23;10;48;26;16;;;;;;;1976-05-to-2008-10;loto.csv
1983051-1;1983051;1;1983-12-21;ME;historic-6-plus-complementary;27;42;4;20;7;49;46;;;;;;;1976-05-to-2008-10;loto.csv
1983052-1;1983052;1;1983-12-28;ME;historic-6-plus-complementary;33;35;40;20;5;45;30;;;;;;;1976-05-to-2008-10;loto.csv
1984001-1;1984001;1;1984-01-04;ME;historic-6-plus-complementary;22;27;2;28;37;26;10;;;;;;;1976-05-to-2008-10;loto.csv
1984002-1;1984002;1;1984-01-11;ME;historic-6-plus-complementary;20;45;5;29;31;44;35;;;;;;;1976-05-to-2008-10;loto.csv
1984003-1;1984003;1;1984-01-18;ME;historic-6-plus-complementary;6;8;30;1;7;3;35;;;;;;;1976-05-to-2008-10;loto.csv
1984004-1;1984004;1;1984-01-25;ME;historic-6-plus-complementary;7;42;47;22;12;36;43;;;;;;;1976-05-to-2008-10;loto.csv
1984005-1;1984005;1;1984-02-01;ME;historic-6-plus-complementary;18;45;31;15;41;35;44;;;;;;;1976-05-to-2008-10;loto.csv
1984006-1;1984006;1;1984-02-08;ME;historic-6-plus-complementary;19;34;24;29;38;35;39;;;;;;;1976-05-to-2008-10;loto.csv
1984007-1;1984007;1;1984-02-15;ME;historic-6-plus-complementary;36;39;16;35;8;43;23;;;;;;;1976-05-to-2008-10;loto.csv
1984008-1;1984008;1;1984-02-22;ME;historic-6-plus-complementary;9;3;42;39;38;43;29;;;;;;;1976-05-to-2008-10;loto.csv
1984009-1;1984009;1;1984-02-29;ME;historic-6-plus-complementary;19;34;44;13;39;27;22;;;;;;;1976-05-to-2008-10;loto.csv
1984010-1;1984010;1;1984-03-07;ME;historic-6-plus-complementary;38;29;32;10;1;12;45;;;;;;;1976-05-to-2008-10;loto.csv
1984010-1;1984010;1;1984-03-10;SA;historic-6-plus-complementary;7;43;14;18;34;6;3;;;;;;;1976-05-to-2008-10;loto.csv
1984011-1;1984011;1;1984-03-14;ME;historic-6-plus-complementary;47;18;24;6;10;40;12;;;;;;;1976-05-to-2008-10;loto.csv
1984011-1;1984011;1;1984-03-17;SA;historic-6-plus-complementary;8;13;25;2;16;4;34;;;;;;;1976-05-to-2008-10;loto.csv
1984012-1;1984012;1;1984-03-21;ME;historic-6-plus-complementary;49;6;38;29;23;27;44;;;;;;;1976-05-to-2008-10;loto.csv
1984012-1;1984012;1;1984-03-24;SA;historic-6-plus-complementary;30;29;41;2;26;32;13;;;;;;;1976-05-to-2008-10;loto.csv
1984013-1;1984013;1;1984-03-28;ME;historic-6-plus-complementary;46;36;22;23;38;12;13;;;;;;;1976-05-to-2008-10;loto.csv
1984013-1;1984013;1;1984-03-31;SA;historic-6-plus-complementary;13;39;10;40;25;12;19;;;;;;;1976-05-to-2008-10;loto.csv
1984014-1;1984014;1;1984-04-04;ME;historic-6-plus-complementary;42;20;34;29;46;38;30;;;;;;;1976-05-to-2008-10;loto.csv
1984014-1;1984014;1;1984-04-07;SA;historic-6-plus-complementary;6;17;30;40;19;39;11;;;;;;;1976-05-to-2008-10;loto.csv
1984015-1;1984015;1;1984-04-11;ME;historic-6-plus-complementary;10;12;16;27;18;45;42;;;;;;;1976-05-to-2008-10;loto.csv
1984015-1;1984015;1;1984-04-14;SA;historic-6-plus-complementary;26;13;43;30;46;20;34;;;;;;;1976-05-to-2008-10;loto.csv
1984016-1;1984016;1;1984-04-18;ME;historic-6-plus-complementary;31;9;14;39;42;8;22;;;;;;;1976-05-to-2008-10;loto.csv
1984016-1;1984016;1;1984-04-21;SA;historic-6-plus-complementary;26;39;3;38;5;11;18;;;;;;;1976-05-to-2008-10;loto.csv
1984017-1;1984017;1;1984-04-25;ME;historic-6-plus-complementary;30;49;45;41;16;28;19;;;;;;;1976-05-to-2008-10;loto.csv
1984017-1;1984017;1;1984-04-28;SA;historic-6-plus-complementary;34;15;49;22;28;21;35;;;;;;;1976-05-to-2008-10;loto.csv
1984018-1;1984018;1;1984-05-02;ME;historic-6-plus-complementary;25;15;22;31;16;35;14;;;;;;;1976-05-to-2008-10;loto.csv
1984018-1;1984018;1;1984-05-05;SA;historic-6-plus-complementary;27;48;42;18;21;46;10;;;;;;;1976-05-to-2008-10;loto.csv
1984019-1;1984019;1;1984-05-09;ME;historic-6-plus-complementary;23;7;12;47;22;17;33;;;;;;;1976-05-to-2008-10;loto.csv
1984019-1;1984019;1;1984-05-12;SA;historic-6-plus-complementary;26;39;1;42;23;11;2;;;;;;;1976-05-to-2008-10;loto.csv
1984020-1;1984020;1;1984-05-16;ME;historic-6-plus-complementary;17;16;49;18;23;2;32;;;;;;;1976-05-to-2008-10;loto.csv
1984020-1;1984020;1;1984-05-19;SA;historic-6-plus-complementary;30;10;2;19;20;15;1;;;;;;;1976-05-to-2008-10;loto.csv
1984021-1;1984021;1;1984-05-23;ME;historic-6-plus-complementary;13;18;43;36;28;24;26;;;;;;;1976-05-to-2008-10;loto.csv
1984021-1;1984021;1;1984-05-26;SA;historic-6-plus-complementary;22;16;35;4;5;19;42;;;;;;;1976-05-to-2008-10;loto.csv
1984022-1;1984022;1;1984-05-30;ME;historic-6-plus-complementary;45;49;41;40;21;46;9;;;;;;;1976-05-to-2008-10;loto.csv
1984022-1;1984022;1;1984-06-02;SA;historic-6-plus-complementary;6;48;49;1;12;45;21;;;;;;;1976-05-to-2008-10;loto.csv
1984023-1;1984023;1;1984-06-06;ME;historic-6-plus-complementary;39;21;13;30;38;19;36;;;;;;;1976-05-to-2008-10;loto.csv
1984023-1;1984023;1;1984-06-09;SA;historic-6-plus-complementary;15;32;42;27;8;26;48;;;;;;;1976-05-to-2008-10;loto.csv
1984024-1;1984024;1;1984-06-13;ME;historic-6-plus-complementary;23;30;49;25;21;39;37;;;;;;;1976-05-to-2008-10;loto.csv
1984024-1;1984024;1;1984-06-16;SA;historic-6-plus-complementary;32;19;3;21;42;1;8;;;;;;;1976-05-to-2008-10;loto.csv
1984025-1;1984025;1;1984-06-20;ME;historic-6-plus-complementary;12;18;47;40;21;37;34;;;;;;;1976-05-to-2008-10;loto.csv
1984025-1;1984025;1;1984-06-23;SA;historic-6-plus-complementary;37;32;24;31;3;46;2;;;;;;;1976-05-to-2008-10;loto.csv
1984026-1;1984026;1;1984-06-27;ME;historic-6-plus-complementary;25;5;34;33;46;29;16;;;;;;;1976-05-to-2008-10;loto.csv
1984026-1;1984026;1;1984-06-30;SA;historic-6-plus-complementary;32;33;47;14;16;20;35;;;;;;;1976-05-to-2008-10;loto.csv
1984027-1;1984027;1;1984-07-04;ME;historic-6-plus-complementary;15;29;46;37;33;1;47;;;;;;;1976-05-to-2008-10;loto.csv
1984027-1;1984027;1;1984-07-07;SA;historic-6-plus-complementary;23;36;34;6;12;21;27;;;;;;;1976-05-to-2008-10;loto.csv
1984028-1;1984028;1;1984-07-11;ME;historic-6-plus-complementary;29;25;46;4;34;6;42;;;;;;;1976-05-to-2008-10;loto.csv
1984028-1;1984028;1;1984-07-14;SA;historic-6-plus-complementary;5;32;40;15;34;13;27;;;;;;;1976-05-to-2008-10;loto.csv
1984029-1;1984029;1;1984-07-18;ME;historic-6-plus-complementary;17;46;1;24;40;6;30;;;;;;;1976-05-to-2008-10;loto.csv
1984029-1;1984029;1;1984-07-21;SA;historic-6-plus-complementary;14;25;22;46;44;45;47;;;;;;;1976-05-to-2008-10;loto.csv
1984030-1;1984030;1;1984-07-25;ME;historic-6-plus-complementary;15;7;28;25;35;11;22;;;;;;;1976-05-to-2008-10;loto.csv
1984030-1;1984030;1;1984-07-28;SA;historic-6-plus-complementary;18;14;7;40;25;3;39;;;;;;;1976-05-to-2008-10;loto.csv
1984031-1;1984031;1;1984-08-01;ME;historic-6-plus-complementary;3;39;28;14;5;9;6;;;;;;;1976-05-to-2008-10;loto.csv
1984031-1;1984031;1;1984-08-04;SA;historic-6-plus-complementary;3;32;27;29;1;25;26;;;;;;;1976-05-to-2008-10;loto.csv
1984032-1;1984032;1;1984-08-08;ME;historic-6-plus-complementary;33;48;20;42;40;10;37;;;;;;;1976-05-to-2008-10;loto.csv
1984032-1;1984032;1;1984-08-11;SA;historic-6-plus-complementary;10;48;39;15;34;43;9;;;;;;;1976-05-to-2008-10;loto.csv
1984033-1;1984033;1;1984-08-15;ME;historic-6-plus-complementary;15;38;41;35;20;42;28;;;;;;;1976-05-to-2008-10;loto.csv
1984033-1;1984033;1;1984-08-18;SA;historic-6-plus-complementary;33;48;49;6;29;23;40;;;;;;;1976-05-to-2008-10;loto.csv
1984034-1;1984034;1;1984-08-22;ME;historic-6-plus-complementary;47;36;41;24;14;5;21;;;;;;;1976-05-to-2008-10;loto.csv
1984034-1;1984034;1;1984-08-25;SA;historic-6-plus-complementary;12;36;2;41;17;31;6;;;;;;;1976-05-to-2008-10;loto.csv
1984035-1;1984035;1;1984-08-29;ME;historic-6-plus-complementary;47;38;21;15;49;23;30;;;;;;;1976-05-to-2008-10;loto.csv
1984035-1;1984035;1;1984-09-01;SA;historic-6-plus-complementary;23;7;10;38;26;43;47;;;;;;;1976-05-to-2008-10;loto.csv
1984036-1;1984036;1;1984-09-05;ME;historic-6-plus-complementary;11;21;28;35;1;33;30;;;;;;;1976-05-to-2008-10;loto.csv
1984036-1;1984036;1;1984-09-08;SA;historic-6-plus-complementary;14;7;39;1;21;26;13;;;;;;;1976-05-to-2008-10;loto.csv
1984037-1;1984037;1;1984-09-12;ME;historic-6-plus-complementary;3;32;8;27;29;36;40;;;;;;;1976-05-to-2008-10;loto.csv
1984037-1;1984037;1;1984-09-15;SA;historic-6-plus-complementary;27;38;9;34;6;17;30;;;;;;;1976-05-to-2008-10;loto.csv
1984038-1;1984038;1;1984-09-19;ME;historic-6-plus-complementary;37;36;26;35;27;28;29;;;;;;;1976-05-to-2008-10;loto.csv
1984038-1;1984038;1;1984-09-22;SA;historic-6-plus-complementary;26;11;33;20;2;1;48;;;;;;;1976-05-to-2008-10;loto.csv
1984039-1;1984039;1;1984-09-26;ME;historic-6-plus-complementary;30;9;40;17;45;5;15;;;;;;;1976-05-to-2008-10;loto.csv
1984039-1;1984039;1;1984-09-29;SA;historic-6-plus-complementary;21;14;1;5;32;31;42;;;;;;;1976-05-to-2008-10;loto.csv
1984040-1;1984040;1;1984-10-03;ME;historic-6-plus-complementary;29;1;40;42;36;5;15;;;;;;;1976-05-to-2008-10;loto.csv
1984040-1;1984040;1;1984-10-06;SA;historic-6-plus-complementary;24;12;9;21;41;43;11;;;;;;;1976-05-to-2008-10;loto.csv
1984041-1;1984041;1;1984-10-10;ME;historic-6-plus-complementary;17;14;36;6;30;18;4;;;;;;;1976-05-to-2008-10;loto.csv
1984041-1;1984041;1;1984-10-13;SA;historic-6-plus-complementary;46;48;37;11;25;34;20;;;;;;;1976-05-to-2008-10;loto.csv
1984042-1;1984042;1;1984-10-17;ME;historic-6-plus-complementary;45;38;20;8;19;39;9;;;;;;;1976-05-to-2008-10;loto.csv
1984042-1;1984042;1;1984-10-20;SA;historic-6-plus-complementary;46;48;2;34;26;23;10;;;;;;;1976-05-to-2008-10;loto.csv
1984043-1;1984043;1;1984-10-24;ME;historic-6-plus-complementary;27;3;44;8;48;39;19;;;;;;;1976-05-to-2008-10;loto.csv
1984043-1;1984043;1;1984-10-27;SA;historic-6-plus-complementary;19;7;45;38;18;4;12;;;;;;;1976-05-to-2008-10;loto.csv
1984044-1;1984044;1;1984-10-31;ME;historic-6-plus-complementary;18;30;44;19;46;4;11;;;;;;;1976-05-to-2008-10;loto.csv
1984044-1;1984044;1;1984-11-03;SA;historic-6-plus-complementary;21;12;49;26;30;15;20;;;;;;;1976-05-to-2008-10;loto.csv
1984045-1;1984045;1;1984-11-07;ME;historic-6-plus-complementary;42;39;38;30;34;20;21;;;;;;;1976-05-to-2008-10;loto.csv
1984045-1;1984045;1;1984-11-10;SA;historic-6-plus-complementary;13;40;12;5;31;22;44;;;;;;;1976-05-to-2008-10;loto.csv
1984046-1;1984046;1;1984-11-14;ME;historic-6-plus-complementary;39;16;43;5;40;3;45;;;;;;;1976-05-to-2008-10;loto.csv
1984046-1;1984046;1;1984-11-17;SA;historic-6-plus-complementary;8;24;46;15;45;13;44;;;;;;;1976-05-to-2008-10;loto.csv
1984047-1;1984047;1;1984-11-21;ME;historic-6-plus-complementary;23;25;46;12;49;31;48;;;;;;;1976-05-to-2008-10;loto.csv
1984047-1;1984047;1;1984-11-24;SA;historic-6-plus-complementary;15;21;35;32;39;19;43;;;;;;;1976-05-to-2008-10;loto.csv
1984048-1;1984048;1;1984-11-28;ME;historic-6-plus-complementary;6;8;27;11;22;3;10;;;;;;;1976-05-to-2008-10;loto.csv
1984048-1;1984048;1;1984-12-01;SA;historic-6-plus-complementary;11;48;18;22;10;29;25;;;;;;;1976-05-to-2008-10;loto.csv
1984049-1;1984049;1;1984-12-05;ME;historic-6-plus-complementary;35;23;47;17;36;24;42;;;;;;;1976-05-to-2008-10;loto.csv
1984049-1;1984049;1;1984-12-08;SA;historic-6-plus-complementary;48;20;4;2;22;25;38;;;;;;;1976-05-to-2008-10;loto.csv
1984050-1;1984050;1;1984-12-12;ME;historic-6-plus-complementary;2;22;5;15;16;28;47;;;;;;;1976-05-to-2008-10;loto.csv
1984050-1;1984050;1;1984-12-15;SA;historic-6-plus-complementary;28;44;30;5;15;45;39;;;;;;;1976-05-to-2008-10;loto.csv
1984051-1;1984051;1;1984-12-19;ME;historic-6-plus-complementary;13;24;7;29;5;45;15;;;;;;;1976-05-to-2008-10;loto.csv
1984051-1;1984051;1;1984-12-22;SA;historic-6-plus-complementary;20;44;3;40;24;19;38;;;;;;;1976-05-to-2008-10;loto.csv
1984052-1;1984052;1;1984-12-26;ME;historic-6-plus-complementary;45;31;33;38;3;28;16;;;;;;;1976-05-to-2008-10;loto.csv
1984052-1;1984052;1;1984-12-29;SA;historic-6-plus-complementary;36;29;38;41;4;48;33;;;;;;;1976-05-to-2008-10;loto.csv
1985001-1;1985001;1;1985-01-02;ME;historic-6-plus-complementary;6;40;22;15;34;16;3;;;;;;;1976-05-to-2008-10;loto.csv
1985001-1;1985001;1;1985-01-05;SA;historic-6-plus-complementary;29;8;31;33;10;2;19;;;;;;;1976-05-to-2008-10;loto.csv
1985002-1;1985002;1;1985-01-09;ME;historic-6-plus-complementary;21;2;1;33;46;9;39;;;;;;;1976-05-to-2008-10;loto.csv
1985002-1;1985002;1;1985-01-12;SA;historic-6-plus-complementary;46;4;32;33;34;8;45;;;;;;;1976-05-to-2008-10;loto.csv
1985003-1;1985003;1;1985-01-16;ME;historic-6-plus-complementary;1;44;38;39;2;46;31;;;;;;;1976-05-to-2008-10;loto.csv
1985003-1;1985003;1;1985-01-19;SA;historic-6-plus-complementary;47;43;27;22;16;38;46;;;;;;;1976-05-to-2008-10;loto.csv
1985004-1;1985004;1;1985-01-23;ME;historic-6-plus-complementary;39;31;13;37;6;27;23;;;;;;;1976-05-to-2008-10;loto.csv
1985004-1;1985004;1;1985-01-26;SA;historic-6-plus-complementary;9;3;32;46;18;31;29;;;;;;;1976-05-to-2008-10;loto.csv
1985005-1;1985005;1;1985-01-30;ME;historic-6-plus-complementary;4;45;30;26;16;8;46;;;;;;;1976-05-to-2008-10;loto.csv
1985005-1;1985005;1;1985-02-02;SA;historic-6-plus-complementary;25;38;40;48;37;30;4;;;;;;;1976-05-to-2008-10;loto.csv
1985006-1;1985006;1;1985-02-06;ME;historic-6-plus-complementary;36;37;26;25;48;22;29;;;;;;;1976-05-to-2008-10;loto.csv
1985006-1;1985006;1;1985-02-09;SA;historic-6-plus-complementary;41;35;9;46;1;6;31;;;;;;;1976-05-to-2008-10;loto.csv
1985007-1;1985007;1;1985-02-13;ME;historic-6-plus-complementary;20;22;17;1;15;7;25;;;;;;;1976-05-to-2008-10;loto.csv
1985007-1;1985007;1;1985-02-16;SA;historic-6-plus-complementary;48;30;32;36;1;28;27;;;;;;;1976-05-to-2008-10;loto.csv
1985008-1;1985008;1;1985-02-20;ME;historic-6-plus-complementary;24;30;39;1;8;48;12;;;;;;;1976-05-to-2008-10;loto.csv
1985008-1;1985008;1;1985-02-23;SA;historic-6-plus-complementary;24;21;23;3;38;28;6;;;;;;;1976-05-to-2008-10;loto.csv
1985009-1;1985009;1;1985-02-27;ME;historic-6-plus-complementary;29;8;28;37;49;2;11;;;;;;;1976-05-to-2008-10;loto.csv
1985009-1;1985009;1;1985-03-02;SA;historic-6-plus-complementary;24;10;18;36;8;41;45;;;;;;;1976-05-to-2008-10;loto.csv
1985010-1;1985010;1;1985-03-06;ME;historic-6-plus-complementary;26;30;39;27;12;38;37;;;;;;;1976-05-to-2008-10;loto.csv
1985010-1;1985010;1;1985-03-09;SA;historic-6-plus-complementary;35;3;14;28;9;13;21;;;;;;;1976-05-to-2008-10;loto.csv
1985011-1;1985011;1;1985-03-13;ME;historic-6-plus-complementary;4;14;41;40;18;26;5;;;;;;;1976-05-to-2008-10;loto.csv
1985011-1;1985011;1;1985-03-16;SA;historic-6-plus-complementary;3;25;33;20;43;16;31;;;;;;;1976-05-to-2008-10;loto.csv
1985012-1;1985012;1;1985-03-20;ME;historic-6-plus-complementary;41;37;33;14;9;39;44;;;;;;;1976-05-to-2008-10;loto.csv
1985012-1;1985012;1;1985-03-23;SA;historic-6-plus-complementary;37;17;16;18;11;43;14;;;;;;;1976-05-to-2008-10;loto.csv
1985013-1;1985013;1;1985-03-27;ME;historic-6-plus-complementary;30;10;47;29;1;37;46;;;;;;;1976-05-to-2008-10;loto.csv
1985013-1;1985013;1;1985-03-30;SA;historic-6-plus-complementary;32;44;30;40;4;43;27;;;;;;;1976-05-to-2008-10;loto.csv
1985014-1;1985014;1;1985-04-03;ME;historic-6-plus-complementary;8;19;27;42;29;32;39;;;;;;;1976-05-to-2008-10;loto.csv
1985014-1;1985014;1;1985-04-06;SA;historic-6-plus-complementary;35;45;40;34;28;11;41;;;;;;;1976-05-to-2008-10;loto.csv
1985015-1;1985015;1;1985-04-10;ME;historic-6-plus-complementary;47;4;3;14;42;39;32;;;;;;;1976-05-to-2008-10;loto.csv
1985015-1;1985015;1;1985-04-13;SA;historic-6-plus-complementary;36;8;25;26;12;18;27;;;;;;;1976-05-to-2008-10;loto.csv
1985016-1;1985016;1;1985-04-17;ME;historic-6-plus-complementary;45;39;25;21;6;15;28;;;;;;;1976-05-to-2008-10;loto.csv
1985016-1;1985016;1;1985-04-20;SA;historic-6-plus-complementary;40;5;22;41;14;31;43;;;;;;;1976-05-to-2008-10;loto.csv
1985017-1;1985017;1;1985-04-24;ME;historic-6-plus-complementary;45;37;9;20;48;21;29;;;;;;;1976-05-to-2008-10;loto.csv
1985017-1;1985017;1;1985-04-27;SA;historic-6-plus-complementary;12;37;16;34;18;14;20;;;;;;;1976-05-to-2008-10;loto.csv
1985018-1;1985018;1;1985-05-01;ME;historic-6-plus-complementary;7;36;6;24;16;49;33;;;;;;;1976-05-to-2008-10;loto.csv
1985018-1;1985018;1;1985-05-04;SA;historic-6-plus-complementary;33;46;34;2;18;47;49;;;;;;;1976-05-to-2008-10;loto.csv
1985019-1;1985019;1;1985-05-08;ME;historic-6-plus-complementary;19;18;30;24;37;42;40;;;;;;;1976-05-to-2008-10;loto.csv
1985019-1;1985019;1;1985-05-11;SA;historic-6-plus-complementary;28;26;21;43;36;44;15;;;;;;;1976-05-to-2008-10;loto.csv
1985020-1;1985020;1;1985-05-15;ME;historic-6-plus-complementary;23;45;33;1;37;38;5;;;;;;;1976-05-to-2008-10;loto.csv
1985020-1;1985020;1;1985-05-18;SA;historic-6-plus-complementary;31;1;40;19;23;3;11;;;;;;;1976-05-to-2008-10;loto.csv
1985021-1;1985021;1;1985-05-22;ME;historic-6-plus-complementary;25;26;13;37;24;28;11;;;;;;;1976-05-to-2008-10;loto.csv
1985021-1;1985021;1;1985-05-25;SA;historic-6-plus-complementary;35;5;27;17;6;34;45;;;;;;;1976-05-to-2008-10;loto.csv
1985022-1;1985022;1;1985-05-29;ME;historic-6-plus-complementary;28;1;20;17;34;12;45;;;;;;;1976-05-to-2008-10;loto.csv
1985022-1;1985022;1;1985-06-01;SA;historic-6-plus-complementary;32;15;24;35;18;10;11;;;;;;;1976-05-to-2008-10;loto.csv
1985023-1;1985023;1;1985-06-05;ME;historic-6-plus-complementary;25;42;45;19;12;28;16;;;;;;;1976-05-to-2008-10;loto.csv
1985023-1;1985023;1;1985-06-08;SA;historic-6-plus-complementary;27;20;6;5;41;42;18;;;;;;;1976-05-to-2008-10;loto.csv
1985024-1;1985024;1;1985-06-12;ME;historic-6-plus-complementary;9;19;29;30;14;6;49;;;;;;;1976-05-to-2008-10;loto.csv
1985024-1;1985024;1;1985-06-15;SA;historic-6-plus-complementary;10;23;40;36;16;9;8;;;;;;;1976-05-to-2008-10;loto.csv
1985025-1;1985025;1;1985-06-19;ME;historic-6-plus-complementary;11;45;7;22;34;39;9;;;;;;;1976-05-to-2008-10;loto.csv
1985025-1;1985025;1;1985-06-22;SA;historic-6-plus-complementary;5;43;46;25;17;41;33;;;;;;;1976-05-to-2008-10;loto.csv
1985026-1;1985026;1;1985-06-26;ME;historic-6-plus-complementary;11;36;6;31;23;12;48;;;;;;;1976-05-to-2008-10;loto.csv
1985026-1;1985026;1;1985-06-29;SA;historic-6-plus-complementary;41;6;1;14;42;33;26;;;;;;;1976-05-to-2008-10;loto.csv
1985027-1;1985027;1;1985-07-03;ME;historic-6-plus-complementary;23;10;6;36;45;12;1;;;;;;;1976-05-to-2008-10;loto.csv
1985027-1;1985027;1;1985-07-06;SA;historic-6-plus-complementary;21;7;37;36;18;8;11;;;;;;;1976-05-to-2008-10;loto.csv
1985028-1;1985028;1;1985-07-10;ME;historic-6-plus-complementary;42;49;36;23;18;17;24;;;;;;;1976-05-to-2008-10;loto.csv
1985028-1;1985028;1;1985-07-13;SA;historic-6-plus-complementary;15;17;30;41;28;24;46;;;;;;;1976-05-to-2008-10;loto.csv
1985029-1;1985029;1;1985-07-17;ME;historic-6-plus-complementary;2;37;43;7;5;49;42;;;;;;;1976-05-to-2008-10;loto.csv
1985029-1;1985029;1;1985-07-20;SA;historic-6-plus-complementary;38;36;22;40;19;26;15;;;;;;;1976-05-to-2008-10;loto.csv
1985030-1;1985030;1;1985-07-24;ME;historic-6-plus-complementary;49;14;37;7;17;38;8;;;;;;;1976-05-to-2008-10;loto.csv
1985030-1;1985030;1;1985-07-27;SA;historic-6-plus-complementary;44;9;30;45;36;15;46;;;;;;;1976-05-to-2008-10;loto.csv
1985031-1;1985031;1;1985-07-31;ME;historic-6-plus-complementary;42;26;11;1;48;35;22;;;;;;;1976-05-to-2008-10;loto.csv
1985031-1;1985031;1;1985-08-03;SA;historic-6-plus-complementary;34;33;20;7;40;1;6;;;;;;;1976-05-to-2008-10;loto.csv
1985032-1;1985032;1;1985-08-07;ME;historic-6-plus-complementary;16;21;12;20;40;3;5;;;;;;;1976-05-to-2008-10;loto.csv
1985032-1;1985032;1;1985-08-10;SA;historic-6-plus-complementary;47;2;19;28;10;25;42;;;;;;;1976-05-to-2008-10;loto.csv
1985033-1;1985033;1;1985-08-14;ME;historic-6-plus-complementary;46;9;33;30;7;32;17;;;;;;;1976-05-to-2008-10;loto.csv
1985033-1;1985033;1;1985-08-17;SA;historic-6-plus-complementary;4;38;16;15;48;14;34;;;;;;;1976-05-to-2008-10;loto.csv
1985034-1;1985034;1;1985-08-21;ME;historic-6-plus-complementary;23;46;33;38;5;45;25;;;;;;;1976-05-to-2008-10;loto.csv
1985034-1;1985034;1;1985-08-24;SA;historic-6-plus-complementary;37;41;4;10;16;38;3;;;;;;;1976-05-to-2008-10;loto.csv
1985035-1;1985035;1;1985-08-28;ME;historic-6-plus-complementary;8;12;20;41;24;42;26;;;;;;;1976-05-to-2008-10;loto.csv
1985035-1;1985035;1;1985-08-31;SA;historic-6-plus-complementary;20;44;26;8;14;25;19;;;;;;;1976-05-to-2008-10;loto.csv
1985036-1;1985036;1;1985-09-04;ME;historic-6-plus-complementary;37;24;25;13;2;23;38;;;;;;;1976-05-to-2008-10;loto.csv
1985036-1;1985036;1;1985-09-07;SA;historic-6-plus-complementary;43;28;2;18;37;49;15;;;;;;;1976-05-to-2008-10;loto.csv
1985037-1;1985037;1;1985-09-11;ME;historic-6-plus-complementary;47;24;23;4;19;43;36;;;;;;;1976-05-to-2008-10;loto.csv
1985037-1;1985037;1;1985-09-14;SA;historic-6-plus-complementary;37;28;13;10;12;7;14;;;;;;;1976-05-to-2008-10;loto.csv
1985038-1;1985038;1;1985-09-18;ME;historic-6-plus-complementary;29;35;10;40;18;9;19;;;;;;;1976-05-to-2008-10;loto.csv
1985038-1;1985038;1;1985-09-21;SA;historic-6-plus-complementary;20;44;11;6;13;5;39;;;;;;;1976-05-to-2008-10;loto.csv
1985039-1;1985039;1;1985-09-25;ME;historic-6-plus-complementary;42;43;46;11;44;39;47;;;;;;;1976-05-to-2008-10;loto.csv
1985039-1;1985039;1;1985-09-28;SA;historic-6-plus-complementary;43;15;1;11;19;37;40;;;;;;;1976-05-to-2008-10;loto.csv
1985040-1;1985040;1;1985-10-02;ME;historic-6-plus-complementary;14;30;45;9;27;37;32;;;;;;;1976-05-to-2008-10;loto.csv
1985040-1;1985040;1;1985-10-05;SA;historic-6-plus-complementary;34;5;25;17;30;3;46;;;;;;;1976-05-to-2008-10;loto.csv
1985041-1;1985041;1;1985-10-09;ME;historic-6-plus-complementary;1;13;7;14;22;41;36;;;;;;;1976-05-to-2008-10;loto.csv
1985041-1;1985041;1;1985-10-12;SA;historic-6-plus-complementary;36;32;49;38;33;25;3;;;;;;;1976-05-to-2008-10;loto.csv
1985042-1;1985042;1;1985-10-16;ME;historic-6-plus-complementary;26;12;19;6;30;43;46;;;;;;;1976-05-to-2008-10;loto.csv
1985042-1;1985042;1;1985-10-19;SA;historic-6-plus-complementary;26;32;3;2;29;46;15;;;;;;;1976-05-to-2008-10;loto.csv
1985043-1;1985043;1;1985-10-23;ME;historic-6-plus-complementary;37;10;27;35;12;24;25;;;;;;;1976-05-to-2008-10;loto.csv
1985043-1;1985043;1;1985-10-26;SA;historic-6-plus-complementary;14;16;33;45;23;1;47;;;;;;;1976-05-to-2008-10;loto.csv
1985044-1;1985044;1;1985-10-30;ME;historic-6-plus-complementary;42;38;2;18;32;4;37;;;;;;;1976-05-to-2008-10;loto.csv
1985044-1;1985044;1;1985-11-02;SA;historic-6-plus-complementary;4;25;23;28;21;6;18;;;;;;;1976-05-to-2008-10;loto.csv
1985045-1;1985045;1;1985-11-06;ME;historic-6-plus-complementary;23;26;13;32;14;12;15;;;;;;;1976-05-to-2008-10;loto.csv
1985045-1;1985045;1;1985-11-09;SA;historic-6-plus-complementary;44;29;32;19;37;38;28;;;;;;;1976-05-to-2008-10;loto.csv
1985046-1;1985046;1;1985-11-13;ME;historic-6-plus-complementary;28;36;34;13;31;47;48;;;;;;;1976-05-to-2008-10;loto.csv
1985046-1;1985046;1;1985-11-16;SA;historic-6-plus-complementary;7;22;34;24;41;2;46;;;;;;;1976-05-to-2008-10;loto.csv
1985047-1;1985047;1;1985-11-20;ME;historic-6-plus-complementary;2;36;13;34;25;28;45;;;;;;;1976-05-to-2008-10;loto.csv
1985047-1;1985047;1;1985-11-23;SA;historic-6-plus-complementary;34;42;6;45;17;16;40;;;;;;;1976-05-to-2008-10;loto.csv
1985048-1;1985048;1;1985-11-27;ME;historic-6-plus-complementary;39;36;25;24;26;10;17;;;;;;;1976-05-to-2008-10;loto.csv
1985048-1;1985048;1;1985-11-30;SA;historic-6-plus-complementary;6;4;20;43;28;14;46;;;;;;;1976-05-to-2008-10;loto.csv
1985049-1;1985049;1;1985-12-04;ME;historic-6-plus-complementary;25;8;45;18;19;14;48;;;;;;;1976-05-to-2008-10;loto.csv
1985049-1;1985049;1;1985-12-07;SA;historic-6-plus-complementary;2;15;10;16;27;13;4;;;;;;;1976-05-to-2008-10;loto.csv
1985050-1;1985050;1;1985-12-11;ME;historic-6-plus-complementary;34;45;13;11;18;24;2;;;;;;;1976-05-to-2008-10;loto.csv
1985050-1;1985050;1;1985-12-14;SA;historic-6-plus-complementary;1;44;28;39;18;21;32;;;;;;;1976-05-to-2008-10;loto.csv
1985051-1;1985051;1;1985-12-18;ME;historic-6-plus-complementary;23;34;35;29;15;26;7;;;;;;;1976-05-to-2008-10;loto.csv
1985051-1;1985051;1;1985-12-21;SA;historic-6-plus-complementary;14;6;34;43;32;33;42;;;;;;;1976-05-to-2008-10;loto.csv
1985052-1;1985052;1;1985-12-25;ME;historic-6-plus-complementary;10;12;14;1;44;36;18;;;;;;;1976-05-to-2008-10;loto.csv
1985052-1;1985052;1;1985-12-28;SA;historic-6-plus-complementary;26;45;20;40;43;21;34;;;;;;;1976-05-to-2008-10;loto.csv
1986001-1;1986001;1;1986-01-01;ME;historic-6-plus-complementary;27;12;49;16;8;33;22;;;;;;;1976-05-to-2008-10;loto.csv
1986001-1;1986001;1;1986-01-04;SA;historic-6-plus-complementary;39;36;11;14;7;48;5;;;;;;;1976-05-to-2008-10;loto.csv
1986002-1;1986002;1;1986-01-08;ME;historic-6-plus-complementary;42;29;10;27;44;40;22;;;;;;;1976-05-to-2008-10;loto.csv
1986002-1;1986002;1;1986-01-11;SA;historic-6-plus-complementary;38;4;32;18;12;31;1;;;;;;;1976-05-to-2008-10;loto.csv
1986003-1;1986003;1;1986-01-15;ME;historic-6-plus-complementary;27;6;13;46;10;3;40;;;;;;;1976-05-to-2008-10;loto.csv
1986003-1;1986003;1;1986-01-18;SA;historic-6-plus-complementary;3;6;45;33;31;4;20;;;;;;;1976-05-to-2008-10;loto.csv
1986004-1;1986004;1;1986-01-22;ME;historic-6-plus-complementary;49;6;28;25;7;9;23;;;;;;;1976-05-to-2008-10;loto.csv
1986004-1;1986004;1;1986-01-25;SA;historic-6-plus-complementary;40;29;45;39;23;10;42;;;;;;;1976-05-to-2008-10;loto.csv
1986005-1;1986005;1;1986-01-29;ME;historic-6-plus-complementary;12;41;4;6;47;23;20;;;;;;;1976-05-to-2008-10;loto.csv
1986005-1;1986005;1;1986-02-01;SA;historic-6-plus-complementary;22;13;33;40;4;35;8;;;;;;;1976-05-to-2008-10;loto.csv
1986006-1;1986006;1;1986-02-05;ME;historic-6-plus-complementary;38;43;3;6;26;39;20;;;;;;;1976-05-to-2008-10;loto.csv
1986006-1;1986006;1;1986-02-08;SA;historic-6-plus-complementary;33;1;9;31;4;16;2;;;;;;;1976-05-to-2008-10;loto.csv
1986007-1;1986007;1;1986-02-12;ME;historic-6-plus-complementary;37;25;9;8;12;41;6;;;;;;;1976-05-to-2008-10;loto.csv
1986007-1;1986007;1;1986-02-15;SA;historic-6-plus-complementary;1;14;2;33;41;37;22;;;;;;;1976-05-to-2008-10;loto.csv
1986008-1;1986008;1;1986-02-19;ME;historic-6-plus-complementary;48;15;11;33;2;1;27;;;;;;;1976-05-to-2008-10;loto.csv
1986008-1;1986008;1;1986-02-22;SA;historic-6-plus-complementary;40;32;26;4;37;22;30;;;;;;;1976-05-to-2008-10;loto.csv
1986009-1;1986009;1;1986-02-26;ME;historic-6-plus-complementary;49;22;47;10;38;37;46;;;;;;;1976-05-to-2008-10;loto.csv
1986009-1;1986009;1;1986-03-01;SA;historic-6-plus-complementary;17;5;13;15;21;18;14;;;;;;;1976-05-to-2008-10;loto.csv
1986010-1;1986010;1;1986-03-05;ME;historic-6-plus-complementary;5;30;25;22;10;41;6;;;;;;;1976-05-to-2008-10;loto.csv
1986010-1;1986010;1;1986-03-08;SA;historic-6-plus-complementary;30;3;34;25;20;12;36;;;;;;;1976-05-to-2008-10;loto.csv
1986011-1;1986011;1;1986-03-12;ME;historic-6-plus-complementary;9;46;13;19;37;11;34;;;;;;;1976-05-to-2008-10;loto.csv
1986011-1;1986011;1;1986-03-15;SA;historic-6-plus-complementary;16;18;12;20;48;21;30;;;;;;;1976-05-to-2008-10;loto.csv
1986012-1;1986012;1;1986-03-19;ME;historic-6-plus-complementary;18;19;44;30;22;23;48;;;;;;;1976-05-to-2008-10;loto.csv
1986012-1;1986012;1;1986-03-22;SA;historic-6-plus-complementary;19;26;33;46;2;34;49;;;;;;;1976-05-to-2008-10;loto.csv
1986013-1;1986013;1;1986-03-26;ME;historic-6-plus-complementary;6;35;9;33;32;20;48;;;;;;;1976-05-to-2008-10;loto.csv
1986013-1;1986013;1;1986-03-29;SA;historic-6-plus-complementary;5;49;30;29;16;43;12;;;;;;;1976-05-to-2008-10;loto.csv
1986014-1;1986014;1;1986-04-02;ME;historic-6-plus-complementary;39;11;31;49;4;14;38;;;;;;;1976-05-to-2008-10;loto.csv
1986014-1;1986014;1;1986-04-05;SA;historic-6-plus-complementary;22;45;18;17;44;40;41;;;;;;;1976-05-to-2008-10;loto.csv
1986015-1;1986015;1;1986-04-09;ME;historic-6-plus-complementary;10;47;39;27;41;7;35;;;;;;;1976-05-to-2008-10;loto.csv
1986015-1;1986015;1;1986-04-12;SA;historic-6-plus-complementary;30;32;21;18;11;34;7;;;;;;;1976-05-to-2008-10;loto.csv
1986016-1;1986016;1;1986-04-16;ME;historic-6-plus-complementary;14;26;20;2;49;32;29;;;;;;;1976-05-to-2008-10;loto.csv
1986016-1;1986016;1;1986-04-19;SA;historic-6-plus-complementary;8;14;41;5;31;6;13;;;;;;;1976-05-to-2008-10;loto.csv
1986017-1;1986017;1;1986-04-23;ME;historic-6-plus-complementary;12;25;17;46;32;14;30;;;;;;;1976-05-to-2008-10;loto.csv
1986017-1;1986017;1;1986-04-26;SA;historic-6-plus-complementary;13;45;36;21;27;11;4;;;;;;;1976-05-to-2008-10;loto.csv
1986018-1;1986018;1;1986-04-30;ME;historic-6-plus-complementary;49;7;45;13;36;29;42;;;;;;;1976-05-to-2008-10;loto.csv
1986018-1;1986018;1;1986-05-03;SA;historic-6-plus-complementary;7;37;2;49;24;38;12;;;;;;;1976-05-to-2008-10;loto.csv
1986019-1;1986019;1;1986-05-07;ME;historic-6-plus-complementary;2;6;3;27;44;35;9;;;;;;;1976-05-to-2008-10;loto.csv
1986019-1;1986019;1;1986-05-10;SA;historic-6-plus-complementary;19;30;40;18;7;20;29;;;;;;;1976-05-to-2008-10;loto.csv
1986020-1;1986020;1;1986-05-14;ME;historic-6-plus-complementary;39;20;37;32;38;3;5;;;;;;;1976-05-to-2008-10;loto.csv
1986020-1;1986020;1;1986-05-17;SA;historic-6-plus-complementary;13;5;17;15;26;41;46;;;;;;;1976-05-to-2008-10;loto.csv
1986021-1;1986021;1;1986-05-21;ME;historic-6-plus-complementary;24;18;38;22;31;47;17;;;;;;;1976-05-to-2008-10;loto.csv
1986021-1;1986021;1;1986-05-24;SA;historic-6-plus-complementary;37;47;42;23;27;3;49;;;;;;;1976-05-to-2008-10;loto.csv
1986022-1;1986022;1;1986-05-28;ME;historic-6-plus-complementary;3;2;21;16;49;19;13;;;;;;;1976-05-to-2008-10;loto.csv
1986022-1;1986022;1;1986-05-31;SA;historic-6-plus-complementary;15;45;33;11;30;29;20;;;;;;;1976-05-to-2008-10;loto.csv
1986023-1;1986023;1;1986-06-04;ME;historic-6-plus-complementary;22;49;29;35;46;3;36;;;;;;;1976-05-to-2008-10;loto.csv
1986023-1;1986023;1;1986-06-07;SA;historic-6-plus-complementary;3;5;49;43;15;10;23;;;;;;;1976-05-to-2008-10;loto.csv
1986024-1;1986024;1;1986-06-11;ME;historic-6-plus-complementary;22;6;44;11;43;38;41;;;;;;;1976-05-to-2008-10;loto.csv
1986024-1;1986024;1;1986-06-14;SA;historic-6-plus-complementary;48;32;19;47;6;43;15;;;;;;;1976-05-to-2008-10;loto.csv
1986025-1;1986025;1;1986-06-18;ME;historic-6-plus-complementary;38;22;23;48;39;3;29;;;;;;;1976-05-to-2008-10;loto.csv
1986025-1;1986025;1;1986-06-21;SA;historic-6-plus-complementary;6;9;34;27;48;23;16;;;;;;;1976-05-to-2008-10;loto.csv
1986026-1;1986026;1;1986-06-25;ME;historic-6-plus-complementary;14;35;43;45;7;1;27;;;;;;;1976-05-to-2008-10;loto.csv
1986026-1;1986026;1;1986-06-28;SA;historic-6-plus-complementary;37;9;35;20;2;21;34;;;;;;;1976-05-to-2008-10;loto.csv
1986027-1;1986027;1;1986-07-02;ME;historic-6-plus-complementary;29;16;7;35;32;30;6;;;;;;;1976-05-to-2008-10;loto.csv
1986027-1;1986027;1;1986-07-05;SA;historic-6-plus-complementary;5;35;18;1;27;39;15;;;;;;;1976-05-to-2008-10;loto.csv
1986028-1;1986028;1;1986-07-09;ME;historic-6-plus-complementary;43;11;36;27;22;48;2;;;;;;;1976-05-to-2008-10;loto.csv
1986028-1;1986028;1;1986-07-12;SA;historic-6-plus-complementary;17;26;41;37;28;18;10;;;;;;;1976-05-to-2008-10;loto.csv
1986029-1;1986029;1;1986-07-16;ME;historic-6-plus-complementary;21;46;36;32;38;25;45;;;;;;;1976-05-to-2008-10;loto.csv
1986029-1;1986029;1;1986-07-19;SA;historic-6-plus-complementary;10;42;15;16;19;4;23;;;;;;;1976-05-to-2008-10;loto.csv
1986030-1;1986030;1;1986-07-23;ME;historic-6-plus-complementary;16;25;35;22;2;49;6;;;;;;;1976-05-to-2008-10;loto.csv
1986030-1;1986030;1;1986-07-26;SA;historic-6-plus-complementary;12;26;27;34;38;22;48;;;;;;;1976-05-to-2008-10;loto.csv
1986031-1;1986031;1;1986-07-30;ME;historic-6-plus-complementary;36;47;44;16;15;11;6;;;;;;;1976-05-to-2008-10;loto.csv
1986031-1;1986031;1;1986-08-02;SA;historic-6-plus-complementary;48;47;11;32;28;17;34;;;;;;;1976-05-to-2008-10;loto.csv
1986032-1;1986032;1;1986-08-06;ME;historic-6-plus-complementary;22;29;24;34;43;21;17;;;;;;;1976-05-to-2008-10;loto.csv
1986032-1;1986032;1;1986-08-09;SA;historic-6-plus-complementary;44;19;45;7;5;43;39;;;;;;;1976-05-to-2008-10;loto.csv
1986033-1;1986033;1;1986-08-13;ME;historic-6-plus-complementary;21;4;25;24;45;19;34;;;;;;;1976-05-to-2008-10;loto.csv
1986033-1;1986033;1;1986-08-16;SA;historic-6-plus-complementary;36;15;43;29;22;38;2;;;;;;;1976-05-to-2008-10;loto.csv
1986034-1;1986034;1;1986-08-20;ME;historic-6-plus-complementary;18;17;46;44;40;25;37;;;;;;;1976-05-to-2008-10;loto.csv
1986034-1;1986034;1;1986-08-23;SA;historic-6-plus-complementary;47;49;15;36;24;9;26;;;;;;;1976-05-to-2008-10;loto.csv
1986035-1;1986035;1;1986-08-27;ME;historic-6-plus-complementary;19;39;48;15;28;3;25;;;;;;;1976-05-to-2008-10;loto.csv
1986035-1;1986035;1;1986-08-30;SA;historic-6-plus-complementary;29;10;8;24;13;40;30;;;;;;;1976-05-to-2008-10;loto.csv
1986036-1;1986036;1;1986-09-03;ME;historic-6-plus-complementary;19;35;11;13;20;46;4;;;;;;;1976-05-to-2008-10;loto.csv
1986036-1;1986036;1;1986-09-06;SA;historic-6-plus-complementary;14;37;44;5;27;33;12;;;;;;;1976-05-to-2008-10;loto.csv
1986037-1;1986037;1;1986-09-10;ME;historic-6-plus-complementary;47;33;9;43;35;38;18;;;;;;;1976-05-to-2008-10;loto.csv
1986037-1;1986037;1;1986-09-13;SA;historic-6-plus-complementary;10;31;42;1;15;47;30;;;;;;;1976-05-to-2008-10;loto.csv
1986038-1;1986038;1;1986-09-17;ME;historic-6-plus-complementary;31;13;32;7;49;21;25;;;;;;;1976-05-to-2008-10;loto.csv
1986038-1;1986038;1;1986-09-20;SA;historic-6-plus-complementary;23;4;42;40;35;16;31;;;;;;;1976-05-to-2008-10;loto.csv
1986039-1;1986039;1;1986-09-24;ME;historic-6-plus-complementary;8;44;38;30;34;9;5;;;;;;;1976-05-to-2008-10;loto.csv
1986039-1;1986039;1;1986-09-27;SA;historic-6-plus-complementary;12;18;7;39;8;21;28;;;;;;;1976-05-to-2008-10;loto.csv
1986040-1;1986040;1;1986-10-01;ME;historic-6-plus-complementary;24;25;3;7;15;46;36;;;;;;;1976-05-to-2008-10;loto.csv
1986040-1;1986040;1;1986-10-04;SA;historic-6-plus-complementary;22;12;8;15;48;41;21;;;;;;;1976-05-to-2008-10;loto.csv
1986041-1;1986041;1;1986-10-08;ME;historic-6-plus-complementary;8;16;26;9;31;40;30;;;;;;;1976-05-to-2008-10;loto.csv
1986041-1;1986041;1;1986-10-11;SA;historic-6-plus-complementary;4;42;32;33;8;1;19;;;;;;;1976-05-to-2008-10;loto.csv
1986042-1;1986042;1;1986-10-15;ME;historic-6-plus-complementary;16;4;7;26;17;49;28;;;;;;;1976-05-to-2008-10;loto.csv
1986042-1;1986042;1;1986-10-18;SA;historic-6-plus-complementary;34;38;18;32;4;43;19;;;;;;;1976-05-to-2008-10;loto.csv
1986043-1;1986043;1;1986-10-22;ME;historic-6-plus-complementary;5;44;30;28;27;4;25;;;;;;;1976-05-to-2008-10;loto.csv
1986043-1;1986043;1;1986-10-25;SA;historic-6-plus-complementary;3;20;34;17;14;22;38;;;;;;;1976-05-to-2008-10;loto.csv
1986044-1;1986044;1;1986-10-29;ME;historic-6-plus-complementary;16;31;14;36;11;41;17;;;;;;;1976-05-to-2008-10;loto.csv
1986044-1;1986044;1;1986-11-01;SA;historic-6-plus-complementary;38;22;40;31;5;16;1;;;;;;;1976-05-to-2008-10;loto.csv
1986045-1;1986045;1;1986-11-05;ME;historic-6-plus-complementary;29;48;3;26;45;8;16;;;;;;;1976-05-to-2008-10;loto.csv
1986045-1;1986045;1;1986-11-08;SA;historic-6-plus-complementary;34;15;40;9;18;16;8;;;;;;;1976-05-to-2008-10;loto.csv
1986046-1;1986046;1;1986-11-12;ME;historic-6-plus-complementary;21;6;22;46;33;44;25;;;;;;;1976-05-to-2008-10;loto.csv
1986046-1;1986046;1;1986-11-15;SA;historic-6-plus-complementary;12;1;35;37;26;38;5;;;;;;;1976-05-to-2008-10;loto.csv
1986047-1;1986047;1;1986-11-19;ME;historic-6-plus-complementary;23;25;3;2;15;19;30;;;;;;;1976-05-to-2008-10;loto.csv
1986047-1;1986047;1;1986-11-22;SA;historic-6-plus-complementary;12;15;36;25;2;17;41;;;;;;;1976-05-to-2008-10;loto.csv
1986048-1;1986048;1;1986-11-26;ME;historic-6-plus-complementary;41;43;30;26;31;28;21;;;;;;;1976-05-to-2008-10;loto.csv
1986048-1;1986048;1;1986-11-29;SA;historic-6-plus-complementary;37;24;27;17;6;33;23;;;;;;;1976-05-to-2008-10;loto.csv
1986049-1;1986049;1;1986-12-03;ME;historic-6-plus-complementary;17;30;2;32;45;9;35;;;;;;;1976-05-to-2008-10;loto.csv
1986049-1;1986049;1;1986-12-06;SA;historic-6-plus-complementary;32;46;22;4;5;17;16;;;;;;;1976-05-to-2008-10;loto.csv
1986050-1;1986050;1;1986-12-10;ME;historic-6-plus-complementary;15;8;11;14;16;10;27;;;;;;;1976-05-to-2008-10;loto.csv
1986050-1;1986050;1;1986-12-13;SA;historic-6-plus-complementary;13;35;12;19;21;22;39;;;;;;;1976-05-to-2008-10;loto.csv
1986051-1;1986051;1;1986-12-17;ME;historic-6-plus-complementary;2;23;31;14;38;18;10;;;;;;;1976-05-to-2008-10;loto.csv
1986051-1;1986051;1;1986-12-20;SA;historic-6-plus-complementary;27;28;1;30;34;7;10;;;;;;;1976-05-to-2008-10;loto.csv
1986052-1;1986052;1;1986-12-24;ME;historic-6-plus-complementary;38;49;46;13;11;16;33;;;;;;;1976-05-to-2008-10;loto.csv
1986052-1;1986052;1;1986-12-27;SA;historic-6-plus-complementary;34;47;35;21;41;19;17;;;;;;;1976-05-to-2008-10;loto.csv
1986053-1;1986053;1;1986-12-31;ME;historic-6-plus-complementary;38;47;44;39;9;8;3;;;;;;;1976-05-to-2008-10;loto.csv
1986053-1;1986053;1;1987-01-03;SA;historic-6-plus-complementary;16;44;4;18;35;19;47;;;;;;;1976-05-to-2008-10;loto.csv
1987001-1;1987001;1;1987-01-07;ME;historic-6-plus-complementary;36;39;20;33;16;19;32;;;;;;;1976-05-to-2008-10;loto.csv
1987001-1;1987001;1;1987-01-10;SA;historic-6-plus-complementary;29;43;30;46;45;40;23;;;;;;;1976-05-to-2008-10;loto.csv
1987002-1;1987002;1;1987-01-14;ME;historic-6-plus-complementary;37;14;26;25;39;3;8;;;;;;;1976-05-to-2008-10;loto.csv
1987002-1;1987002;1;1987-01-17;SA;historic-6-plus-complementary;17;33;47;3;26;19;42;;;;;;;1976-05-to-2008-10;loto.csv
1987003-1;1987003;1;1987-01-21;ME;historic-6-plus-complementary;20;37;3;26;36;5;25;;;;;;;1976-05-to-2008-10;loto.csv
1987003-1;1987003;1;1987-01-24;SA;historic-6-plus-complementary;31;18;20;7;28;27;36;;;;;;;1976-05-to-2008-10;loto.csv
1987004-1;1987004;1;1987-01-28;ME;historic-6-plus-complementary;22;37;41;19;44;26;34;;;;;;;1976-05-to-2008-10;loto.csv
1987004-1;1987004;1;1987-01-31;SA;historic-6-plus-complementary;3;25;4;35;47;15;7;;;;;;;1976-05-to-2008-10;loto.csv
1987005-1;1987005;1;1987-02-04;ME;historic-6-plus-complementary;42;11;45;22;35;25;26;;;;;;;1976-05-to-2008-10;loto.csv
1987005-1;1987005;1;1987-02-07;SA;historic-6-plus-complementary;6;37;31;15;5;22;47;;;;;;;1976-05-to-2008-10;loto.csv
1987006-1;1987006;1;1987-02-11;ME;historic-6-plus-complementary;46;44;40;21;25;34;22;;;;;;;1976-05-to-2008-10;loto.csv
1987006-1;1987006;1;1987-02-14;SA;historic-6-plus-complementary;39;42;8;11;29;27;41;;;;;;;1976-05-to-2008-10;loto.csv
1987007-1;1987007;1;1987-02-18;ME;historic-6-plus-complementary;7;35;3;48;31;30;8;;;;;;;1976-05-to-2008-10;loto.csv
1987007-1;1987007;1;1987-02-21;SA;historic-6-plus-complementary;42;15;44;38;17;8;30;;;;;;;1976-05-to-2008-10;loto.csv
1987008-1;1987008;1;1987-02-25;ME;historic-6-plus-complementary;28;39;11;43;6;41;35;;;;;;;1976-05-to-2008-10;loto.csv
1987008-1;1987008;1;1987-02-28;SA;historic-6-plus-complementary;47;22;24;39;9;10;31;;;;;;;1976-05-to-2008-10;loto.csv
1987009-1;1987009;1;1987-03-04;ME;historic-6-plus-complementary;2;39;27;34;48;30;10;;;;;;;1976-05-to-2008-10;loto.csv
1987009-1;1987009;1;1987-03-07;SA;historic-6-plus-complementary;10;33;18;1;48;26;38;;;;;;;1976-05-to-2008-10;loto.csv
1987010-1;1987010;1;1987-03-11;ME;historic-6-plus-complementary;42;13;44;10;24;22;12;;;;;;;1976-05-to-2008-10;loto.csv
1987010-1;1987010;1;1987-03-14;SA;historic-6-plus-complementary;40;48;29;6;37;2;30;;;;;;;1976-05-to-2008-10;loto.csv
1987011-1;1987011;1;1987-03-18;ME;historic-6-plus-complementary;15;35;8;3;34;27;5;;;;;;;1976-05-to-2008-10;loto.csv
1987011-1;1987011;1;1987-03-21;SA;historic-6-plus-complementary;21;6;38;28;30;29;17;;;;;;;1976-05-to-2008-10;loto.csv
1987012-1;1987012;1;1987-03-25;ME;historic-6-plus-complementary;30;23;43;20;44;47;37;;;;;;;1976-05-to-2008-10;loto.csv
1987012-1;1987012;1;1987-03-28;SA;historic-6-plus-complementary;32;23;42;34;21;9;7;;;;;;;1976-05-to-2008-10;loto.csv
1987013-1;1987013;1;1987-04-01;ME;historic-6-plus-complementary;2;32;48;26;44;35;25;;;;;;;1976-05-to-2008-10;loto.csv
1987013-1;1987013;1;1987-04-04;SA;historic-6-plus-complementary;10;22;45;12;34;13;28;;;;;;;1976-05-to-2008-10;loto.csv
1987014-1;1987014;1;1987-04-08;ME;historic-6-plus-complementary;43;7;14;13;48;45;31;;;;;;;1976-05-to-2008-10;loto.csv
1987014-1;1987014;1;1987-04-11;SA;historic-6-plus-complementary;41;9;48;10;45;36;21;;;;;;;1976-05-to-2008-10;loto.csv
1987015-1;1987015;1;1987-04-15;ME;historic-6-plus-complementary;5;29;41;42;6;47;39;;;;;;;1976-05-to-2008-10;loto.csv
1987015-1;1987015;1;1987-04-18;SA;historic-6-plus-complementary;10;29;49;26;6;39;5;;;;;;;1976-05-to-2008-10;loto.csv
1987016-1;1987016;1;1987-04-22;ME;historic-6-plus-complementary;1;32;7;27;31;16;14;;;;;;;1976-05-to-2008-10;loto.csv
1987016-1;1987016;1;1987-04-25;SA;historic-6-plus-complementary;6;35;37;38;13;11;17;;;;;;;1976-05-to-2008-10;loto.csv
1987017-1;1987017;1;1987-04-29;ME;historic-6-plus-complementary;13;30;1;47;21;17;37;;;;;;;1976-05-to-2008-10;loto.csv
1987017-1;1987017;1;1987-05-02;SA;historic-6-plus-complementary;33;29;5;15;19;24;2;;;;;;;1976-05-to-2008-10;loto.csv
1987018-1;1987018;1;1987-05-06;ME;historic-6-plus-complementary;18;34;8;2;28;17;24;;;;;;;1976-05-to-2008-10;loto.csv
1987018-1;1987018;1;1987-05-09;SA;historic-6-plus-complementary;29;43;17;16;15;48;9;;;;;;;1976-05-to-2008-10;loto.csv
1987019-1;1987019;1;1987-05-13;ME;historic-6-plus-complementary;28;38;44;7;40;33;6;;;;;;;1976-05-to-2008-10;loto.csv
1987019-1;1987019;1;1987-05-16;SA;historic-6-plus-complementary;29;42;38;18;39;37;22;;;;;;;1976-05-to-2008-10;loto.csv
1987020-1;1987020;1;1987-05-20;ME;historic-6-plus-complementary;31;30;48;39;7;16;27;;;;;;;1976-05-to-2008-10;loto.csv
1987020-1;1987020;1;1987-05-23;SA;historic-6-plus-complementary;44;20;43;48;17;45;11;;;;;;;1976-05-to-2008-10;loto.csv
1987021-1;1987021;1;1987-05-27;ME;historic-6-plus-complementary;33;38;7;49;17;10;36;;;;;;;1976-05-to-2008-10;loto.csv
1987021-1;1987021;1;1987-05-30;SA;historic-6-plus-complementary;23;42;8;33;2;27;7;;;;;;;1976-05-to-2008-10;loto.csv
1987022-1;1987022;1;1987-06-03;ME;historic-6-plus-complementary;33;47;27;20;45;8;35;;;;;;;1976-05-to-2008-10;loto.csv
1987022-1;1987022;1;1987-06-06;SA;historic-6-plus-complementary;17;6;40;16;4;9;7;;;;;;;1976-05-to-2008-10;loto.csv
1987023-1;1987023;1;1987-06-10;ME;historic-6-plus-complementary;48;1;23;32;39;21;26;;;;;;;1976-05-to-2008-10;loto.csv
1987023-1;1987023;1;1987-06-13;SA;historic-6-plus-complementary;31;15;25;26;38;46;37;;;;;;;1976-05-to-2008-10;loto.csv
1987024-1;1987024;1;1987-06-17;ME;historic-6-plus-complementary;13;34;7;29;15;38;2;;;;;;;1976-05-to-2008-10;loto.csv
1987024-1;1987024;1;1987-06-20;SA;historic-6-plus-complementary;5;38;14;30;13;33;6;;;;;;;1976-05-to-2008-10;loto.csv
1987025-1;1987025;1;1987-06-24;ME;historic-6-plus-complementary;27;43;39;35;12;21;14;;;;;;;1976-05-to-2008-10;loto.csv
1987025-1;1987025;1;1987-06-27;SA;historic-6-plus-complementary;2;48;46;21;35;14;22;;;;;;;1976-05-to-2008-10;loto.csv
1987026-1;1987026;1;1987-07-01;ME;historic-6-plus-complementary;7;6;25;46;13;9;45;;;;;;;1976-05-to-2008-10;loto.csv
1987026-1;1987026;1;1987-07-04;SA;historic-6-plus-complementary;26;45;14;20;36;9;4;;;;;;;1976-05-to-2008-10;loto.csv
1987027-1;1987027;1;1987-07-08;ME;historic-6-plus-complementary;7;12;48;25;5;3;34;;;;;;;1976-05-to-2008-10;loto.csv
1987027-1;1987027;1;1987-07-11;SA;historic-6-plus-complementary;42;7;11;29;28;39;45;;;;;;;1976-05-to-2008-10;loto.csv
1987028-1;1987028;1;1987-07-15;ME;historic-6-plus-complementary;26;20;25;47;8;27;43;;;;;;;1976-05-to-2008-10;loto.csv
1987028-1;1987028;1;1987-07-18;SA;historic-6-plus-complementary;38;26;31;23;22;43;14;;;;;;;1976-05-to-2008-10;loto.csv
1987029-1;1987029;1;1987-07-22;ME;historic-6-plus-complementary;24;6;9;16;8;20;22;;;;;;;1976-05-to-2008-10;loto.csv
1987029-1;1987029;1;1987-07-25;SA;historic-6-plus-complementary;7;11;2;27;24;10;44;;;;;;;1976-05-to-2008-10;loto.csv
1987030-1;1987030;1;1987-07-29;ME;historic-6-plus-complementary;16;26;6;15;49;4;5;;;;;;;1976-05-to-2008-10;loto.csv
1987030-1;1987030;1;1987-08-01;SA;historic-6-plus-complementary;38;24;37;39;20;35;33;;;;;;;1976-05-to-2008-10;loto.csv
1987031-1;1987031;1;1987-08-05;ME;historic-6-plus-complementary;43;22;2;1;15;32;44;;;;;;;1976-05-to-2008-10;loto.csv
1987031-1;1987031;1;1987-08-08;SA;historic-6-plus-complementary;18;46;41;16;35;31;39;;;;;;;1976-05-to-2008-10;loto.csv
1987032-1;1987032;1;1987-08-12;ME;historic-6-plus-complementary;24;20;49;48;13;26;19;;;;;;;1976-05-to-2008-10;loto.csv
1987032-1;1987032;1;1987-08-15;SA;historic-6-plus-complementary;13;46;22;27;37;12;8;;;;;;;1976-05-to-2008-10;loto.csv
1987033-1;1987033;1;1987-08-19;ME;historic-6-plus-complementary;4;25;36;29;2;10;27;;;;;;;1976-05-to-2008-10;loto.csv
1987033-1;1987033;1;1987-08-22;SA;historic-6-plus-complementary;36;28;25;27;23;40;24;;;;;;;1976-05-to-2008-10;loto.csv
1987034-1;1987034;1;1987-08-26;ME;historic-6-plus-complementary;16;43;8;42;6;36;44;;;;;;;1976-05-to-2008-10;loto.csv
1987034-1;1987034;1;1987-08-29;SA;historic-6-plus-complementary;41;34;42;25;14;1;44;;;;;;;1976-05-to-2008-10;loto.csv
1987035-1;1987035;1;1987-09-02;ME;historic-6-plus-complementary;18;24;47;1;20;21;12;;;;;;;1976-05-to-2008-10;loto.csv
1987035-1;1987035;1;1987-09-05;SA;historic-6-plus-complementary;6;19;16;46;34;5;21;;;;;;;1976-05-to-2008-10;loto.csv
1987036-1;1987036;1;1987-09-09;ME;historic-6-plus-complementary;18;23;33;44;19;34;31;;;;;;;1976-05-to-2008-10;loto.csv
1987036-1;1987036;1;1987-09-12;SA;historic-6-plus-complementary;26;17;9;43;34;25;6;;;;;;;1976-05-to-2008-10;loto.csv
1987037-1;1987037;1;1987-09-16;ME;historic-6-plus-complementary;44;12;16;40;43;23;37;;;;;;;1976-05-to-2008-10;loto.csv
1987037-1;1987037;1;1987-09-19;SA;historic-6-plus-complementary;18;11;4;14;13;20;37;;;;;;;1976-05-to-2008-10;loto.csv
1987038-1;1987038;1;1987-09-23;ME;historic-6-plus-complementary;19;3;11;46;12;16;25;;;;;;;1976-05-to-2008-10;loto.csv
1987038-1;1987038;1;1987-09-26;SA;historic-6-plus-complementary;13;48;41;43;22;32;21;;;;;;;1976-05-to-2008-10;loto.csv
1987039-1;1987039;1;1987-09-30;ME;historic-6-plus-complementary;36;2;34;38;22;32;7;;;;;;;1976-05-to-2008-10;loto.csv
1987039-1;1987039;1;1987-10-03;SA;historic-6-plus-complementary;2;4;44;29;19;1;21;;;;;;;1976-05-to-2008-10;loto.csv
1987040-1;1987040;1;1987-10-07;ME;historic-6-plus-complementary;21;4;39;15;23;24;48;;;;;;;1976-05-to-2008-10;loto.csv
1987040-1;1987040;1;1987-10-10;SA;historic-6-plus-complementary;2;39;10;43;46;42;38;;;;;;;1976-05-to-2008-10;loto.csv
1987041-1;1987041;1;1987-10-14;ME;historic-6-plus-complementary;40;46;21;13;12;9;28;;;;;;;1976-05-to-2008-10;loto.csv
1987041-1;1987041;1;1987-10-17;SA;historic-6-plus-complementary;14;22;28;18;23;35;17;;;;;;;1976-05-to-2008-10;loto.csv
1987042-1;1987042;1;1987-10-21;ME;historic-6-plus-complementary;14;31;18;45;13;15;26;;;;;;;1976-05-to-2008-10;loto.csv
1987042-1;1987042;1;1987-10-24;SA;historic-6-plus-complementary;33;37;49;39;12;30;34;;;;;;;1976-05-to-2008-10;loto.csv
1987043-1;1987043;1;1987-10-28;ME;historic-6-plus-complementary;20;34;15;44;38;22;1;;;;;;;1976-05-to-2008-10;loto.csv
1987043-1;1987043;1;1987-10-31;SA;historic-6-plus-complementary;41;32;15;48;5;46;44;;;;;;;1976-05-to-2008-10;loto.csv
1987044-1;1987044;1;1987-11-04;ME;historic-6-plus-complementary;11;33;38;46;13;35;4;;;;;;;1976-05-to-2008-10;loto.csv
1987044-1;1987044;1;1987-11-07;SA;historic-6-plus-complementary;18;47;21;7;2;38;4;;;;;;;1976-05-to-2008-10;loto.csv
1987045-1;1987045;1;1987-11-11;ME;historic-6-plus-complementary;47;26;35;46;13;22;49;;;;;;;1976-05-to-2008-10;loto.csv
1987045-1;1987045;1;1987-11-14;SA;historic-6-plus-complementary;40;17;15;6;8;14;21;;;;;;;1976-05-to-2008-10;loto.csv
1987046-1;1987046;1;1987-11-18;ME;historic-6-plus-complementary;44;42;38;48;8;22;6;;;;;;;1976-05-to-2008-10;loto.csv
1987046-1;1987046;1;1987-11-21;SA;historic-6-plus-complementary;47;16;31;49;18;15;9;;;;;;;1976-05-to-2008-10;loto.csv
1987047-1;1987047;1;1987-11-25;ME;historic-6-plus-complementary;3;10;29;49;25;33;32;;;;;;;1976-05-to-2008-10;loto.csv
1987047-1;1987047;1;1987-11-28;SA;historic-6-plus-complementary;10;39;12;42;11;24;49;;;;;;;1976-05-to-2008-10;loto.csv
1987048-1;1987048;1;1987-12-02;ME;historic-6-plus-complementary;26;4;44;21;3;10;31;;;;;;;1976-05-to-2008-10;loto.csv
1987048-1;1987048;1;1987-12-05;SA;historic-6-plus-complementary;43;9;26;49;16;41;17;;;;;;;1976-05-to-2008-10;loto.csv
1987049-1;1987049;1;1987-12-09;ME;historic-6-plus-complementary;37;3;8;23;24;9;18;;;;;;;1976-05-to-2008-10;loto.csv
1987049-1;1987049;1;1987-12-12;SA;historic-6-plus-complementary;34;33;41;12;40;48;43;;;;;;;1976-05-to-2008-10;loto.csv
1987050-1;1987050;1;1987-12-16;ME;historic-6-plus-complementary;32;12;40;27;36;1;8;;;;;;;1976-05-to-2008-10;loto.csv
1987050-1;1987050;1;1987-12-19;SA;historic-6-plus-complementary;45;4;33;49;15;21;26;;;;;;;1976-05-to-2008-10;loto.csv
1987051-1;1987051;1;1987-12-23;ME;historic-6-plus-complementary;44;23;14;43;3;49;9;;;;;;;1976-05-to-2008-10;loto.csv
1987051-1;1987051;1;1987-12-26;SA;historic-6-plus-complementary;30;23;27;15;29;35;47;;;;;;;1976-05-to-2008-10;loto.csv
1987052-1;1987052;1;1987-12-30;ME;historic-6-plus-complementary;11;17;1;25;19;46;42;;;;;;;1976-05-to-2008-10;loto.csv
1987052-1;1987052;1;1988-01-02;SA;historic-6-plus-complementary;6;4;7;18;43;15;30;;;;;;;1976-05-to-2008-10;loto.csv
1988001-1;1988001;1;1988-01-06;ME;historic-6-plus-complementary;40;16;45;22;44;14;19;;;;;;;1976-05-to-2008-10;loto.csv
1988001-1;1988001;1;1988-01-09;SA;historic-6-plus-complementary;38;21;24;43;36;2;16;;;;;;;1976-05-to-2008-10;loto.csv
1988002-1;1988002;1;1988-01-13;ME;historic-6-plus-complementary;23;10;39;27;18;40;20;;;;;;;1976-05-to-2008-10;loto.csv
1988002-1;1988002;1;1988-01-16;SA;historic-6-plus-complementary;18;19;8;48;14;12;39;;;;;;;1976-05-to-2008-10;loto.csv
1988003-1;1988003;1;1988-01-20;ME;historic-6-plus-complementary;11;32;26;29;49;24;47;;;;;;;1976-05-to-2008-10;loto.csv
1988003-1;1988003;1;1988-01-23;SA;historic-6-plus-complementary;18;41;1;28;43;3;17;;;;;;;1976-05-to-2008-10;loto.csv
1988004-1;1988004;1;1988-01-27;ME;historic-6-plus-complementary;47;1;23;38;18;4;32;;;;;;;1976-05-to-2008-10;loto.csv
1988004-1;1988004;1;1988-01-30;SA;historic-6-plus-complementary;34;5;8;41;46;11;45;;;;;;;1976-05-to-2008-10;loto.csv
1988005-1;1988005;1;1988-02-03;ME;historic-6-plus-complementary;47;11;41;3;29;22;28;;;;;;;1976-05-to-2008-10;loto.csv
1988005-1;1988005;1;1988-02-06;SA;historic-6-plus-complementary;21;31;37;38;8;3;4;;;;;;;1976-05-to-2008-10;loto.csv
1988006-1;1988006;1;1988-02-10;ME;historic-6-plus-complementary;36;10;47;32;45;2;3;;;;;;;1976-05-to-2008-10;loto.csv
1988006-1;1988006;1;1988-02-13;SA;historic-6-plus-complementary;23;30;8;29;41;49;25;;;;;;;1976-05-to-2008-10;loto.csv
1988007-1;1988007;1;1988-02-17;ME;historic-6-plus-complementary;11;48;45;36;34;27;13;;;;;;;1976-05-to-2008-10;loto.csv
1988007-1;1988007;1;1988-02-20;SA;historic-6-plus-complementary;20;41;33;35;25;16;11;;;;;;;1976-05-to-2008-10;loto.csv
1988008-1;1988008;1;1988-02-24;ME;historic-6-plus-complementary;4;26;32;9;35;49;20;;;;;;;1976-05-to-2008-10;loto.csv
1988008-1;1988008;1;1988-02-27;SA;historic-6-plus-complementary;28;34;37;39;46;32;27;;;;;;;1976-05-to-2008-10;loto.csv
1988009-1;1988009;1;1988-03-02;ME;historic-6-plus-complementary;28;49;21;20;19;39;32;;;;;;;1976-05-to-2008-10;loto.csv
1988009-1;1988009;1;1988-03-05;SA;historic-6-plus-complementary;16;23;29;31;5;42;8;;;;;;;1976-05-to-2008-10;loto.csv
1988010-1;1988010;1;1988-03-09;ME;historic-6-plus-complementary;14;5;31;46;43;48;19;;;;;;;1976-05-to-2008-10;loto.csv
1988010-1;1988010;1;1988-03-12;SA;historic-6-plus-complementary;36;16;7;3;41;31;20;;;;;;;1976-05-to-2008-10;loto.csv
1988011-1;1988011;1;1988-03-16;ME;historic-6-plus-complementary;28;5;18;35;16;29;34;;;;;;;1976-05-to-2008-10;loto.csv
1988011-1;1988011;1;1988-03-19;SA;historic-6-plus-complementary;15;23;45;17;43;31;7;;;;;;;1976-05-to-2008-10;loto.csv
1988012-1;1988012;1;1988-03-23;ME;historic-6-plus-complementary;1;20;16;30;29;34;45;;;;;;;1976-05-to-2008-10;loto.csv
1988012-1;1988012;1;1988-03-26;SA;historic-6-plus-complementary;16;7;6;40;28;33;13;;;;;;;1976-05-to-2008-10;loto.csv
1988013-1;1988013;1;1988-03-30;ME;historic-6-plus-complementary;24;37;40;31;14;35;18;;;;;;;1976-05-to-2008-10;loto.csv
1988013-1;1988013;1;1988-04-02;SA;historic-6-plus-complementary;27;16;1;48;22;10;4;;;;;;;1976-05-to-2008-10;loto.csv
1988014-1;1988014;1;1988-04-06;ME;historic-6-plus-complementary;14;18;21;26;42;35;43;;;;;;;1976-05-to-2008-10;loto.csv
1988014-1;1988014;1;1988-04-09;SA;historic-6-plus-complementary;43;17;47;8;38;30;37;;;;;;;1976-05-to-2008-10;loto.csv
1988015-1;1988015;1;1988-04-13;ME;historic-6-plus-complementary;4;35;36;16;11;38;40;;;;;;;1976-05-to-2008-10;loto.csv
1988015-1;1988015;1;1988-04-16;SA;historic-6-plus-complementary;13;17;43;5;29;42;45;;;;;;;1976-05-to-2008-10;loto.csv
1988016-1;1988016;1;1988-04-20;ME;historic-6-plus-complementary;16;3;17;33;9;7;29;;;;;;;1976-05-to-2008-10;loto.csv
1988016-1;1988016;1;1988-04-23;SA;historic-6-plus-complementary;49;39;47;16;12;34;8;;;;;;;1976-05-to-2008-10;loto.csv
1988017-1;1988017;1;1988-04-27;ME;historic-6-plus-complementary;7;24;36;31;5;44;20;;;;;;;1976-05-to-2008-10;loto.csv
1988017-1;1988017;1;1988-04-30;SA;historic-6-plus-complementary;32;14;4;19;9;41;3;;;;;;;1976-05-to-2008-10;loto.csv
1988018-1;1988018;1;1988-05-04;ME;historic-6-plus-complementary;7;17;5;15;14;4;20;;;;;;;1976-05-to-2008-10;loto.csv
1988018-1;1988018;1;1988-05-07;SA;historic-6-plus-complementary;26;15;24;6;27;25;23;;;;;;;1976-05-to-2008-10;loto.csv
1988019-1;1988019;1;1988-05-11;ME;historic-6-plus-complementary;32;19;8;7;4;42;41;;;;;;;1976-05-to-2008-10;loto.csv
1988019-1;1988019;1;1988-05-14;SA;historic-6-plus-complementary;46;23;10;33;30;17;6;;;;;;;1976-05-to-2008-10;loto.csv
1988020-1;1988020;1;1988-05-18;ME;historic-6-plus-complementary;21;13;24;3;20;12;11;;;;;;;1976-05-to-2008-10;loto.csv
1988020-1;1988020;1;1988-05-21;SA;historic-6-plus-complementary;19;46;14;38;21;11;30;;;;;;;1976-05-to-2008-10;loto.csv
1988021-1;1988021;1;1988-05-25;ME;historic-6-plus-complementary;27;36;40;8;24;46;49;;;;;;;1976-05-to-2008-10;loto.csv
1988021-1;1988021;1;1988-05-28;SA;historic-6-plus-complementary;49;20;16;24;37;1;31;;;;;;;1976-05-to-2008-10;loto.csv
1988022-1;1988022;1;1988-06-01;ME;historic-6-plus-complementary;13;48;4;33;11;7;37;;;;;;;1976-05-to-2008-10;loto.csv
1988022-1;1988022;1;1988-06-04;SA;historic-6-plus-complementary;26;23;25;47;15;2;14;;;;;;;1976-05-to-2008-10;loto.csv
1988023-1;1988023;1;1988-06-08;ME;historic-6-plus-complementary;8;45;16;12;3;29;38;;;;;;;1976-05-to-2008-10;loto.csv
1988023-1;1988023;1;1988-06-11;SA;historic-6-plus-complementary;40;41;7;22;36;28;14;;;;;;;1976-05-to-2008-10;loto.csv
1988024-1;1988024;1;1988-06-15;ME;historic-6-plus-complementary;29;8;42;48;7;47;17;;;;;;;1976-05-to-2008-10;loto.csv
1988024-1;1988024;1;1988-06-18;SA;historic-6-plus-complementary;38;10;36;2;26;47;42;;;;;;;1976-05-to-2008-10;loto.csv
1988025-1;1988025;1;1988-06-22;ME;historic-6-plus-complementary;48;33;19;12;24;31;28;;;;;;;1976-05-to-2008-10;loto.csv
1988025-1;1988025;1;1988-06-25;SA;historic-6-plus-complementary;36;20;39;17;6;11;26;;;;;;;1976-05-to-2008-10;loto.csv
1988026-1;1988026;1;1988-06-29;ME;historic-6-plus-complementary;40;44;32;33;26;48;2;;;;;;;1976-05-to-2008-10;loto.csv
1988026-1;1988026;1;1988-07-02;SA;historic-6-plus-complementary;45;19;2;9;31;43;28;;;;;;;1976-05-to-2008-10;loto.csv
1988027-1;1988027;1;1988-07-06;ME;historic-6-plus-complementary;25;34;3;5;32;38;20;;;;;;;1976-05-to-2008-10;loto.csv
1988027-1;1988027;1;1988-07-09;SA;historic-6-plus-complementary;42;36;39;7;27;15;1;;;;;;;1976-05-to-2008-10;loto.csv
1988028-1;1988028;1;1988-07-13;ME;historic-6-plus-complementary;17;14;18;37;3;36;39;;;;;;;1976-05-to-2008-10;loto.csv
1988028-1;1988028;1;1988-07-16;SA;historic-6-plus-complementary;33;41;18;35;45;37;16;;;;;;;1976-05-to-2008-10;loto.csv
1988029-1;1988029;1;1988-07-20;ME;historic-6-plus-complementary;49;4;20;8;16;10;36;;;;;;;1976-05-to-2008-10;loto.csv
1988029-1;1988029;1;1988-07-23;SA;historic-6-plus-complementary;38;11;23;49;25;31;4;;;;;;;1976-05-to-2008-10;loto.csv
1988030-1;1988030;1;1988-07-27;ME;historic-6-plus-complementary;27;11;15;36;25;20;1;;;;;;;1976-05-to-2008-10;loto.csv
1988030-1;1988030;1;1988-07-30;SA;historic-6-plus-complementary;35;46;16;33;31;32;34;;;;;;;1976-05-to-2008-10;loto.csv
1988031-1;1988031;1;1988-08-03;ME;historic-6-plus-complementary;4;24;27;29;30;44;26;;;;;;;1976-05-to-2008-10;loto.csv
1988031-1;1988031;1;1988-08-06;SA;historic-6-plus-complementary;1;44;24;46;38;41;8;;;;;;;1976-05-to-2008-10;loto.csv
1988032-1;1988032;1;1988-08-10;ME;historic-6-plus-complementary;3;35;27;16;25;29;33;;;;;;;1976-05-to-2008-10;loto.csv
1988032-1;1988032;1;1988-08-13;SA;historic-6-plus-complementary;28;10;32;23;1;3;15;;;;;;;1976-05-to-2008-10;loto.csv
1988033-1;1988033;1;1988-08-17;ME;historic-6-plus-complementary;14;6;31;25;9;19;38;;;;;;;1976-05-to-2008-10;loto.csv
1988033-1;1988033;1;1988-08-20;SA;historic-6-plus-complementary;20;15;23;25;47;12;39;;;;;;;1976-05-to-2008-10;loto.csv
1988034-1;1988034;1;1988-08-24;ME;historic-6-plus-complementary;26;46;30;29;49;24;39;;;;;;;1976-05-to-2008-10;loto.csv
1988034-1;1988034;1;1988-08-27;SA;historic-6-plus-complementary;24;40;14;18;2;12;7;;;;;;;1976-05-to-2008-10;loto.csv
1988035-1;1988035;1;1988-08-31;ME;historic-6-plus-complementary;7;31;37;5;6;23;24;;;;;;;1976-05-to-2008-10;loto.csv
1988035-1;1988035;1;1988-09-03;SA;historic-6-plus-complementary;25;42;36;14;1;5;18;;;;;;;1976-05-to-2008-10;loto.csv
1988036-1;1988036;1;1988-09-07;ME;historic-6-plus-complementary;8;17;6;28;29;5;21;;;;;;;1976-05-to-2008-10;loto.csv
1988036-1;1988036;1;1988-09-10;SA;historic-6-plus-complementary;23;16;15;9;12;34;45;;;;;;;1976-05-to-2008-10;loto.csv
1988037-1;1988037;1;1988-09-14;ME;historic-6-plus-complementary;6;13;4;18;44;24;27;;;;;;;1976-05-to-2008-10;loto.csv
1988037-1;1988037;1;1988-09-17;SA;historic-6-plus-complementary;39;16;48;36;32;40;17;;;;;;;1976-05-to-2008-10;loto.csv
1988038-1;1988038;1;1988-09-21;ME;historic-6-plus-complementary;20;21;45;39;17;16;29;;;;;;;1976-05-to-2008-10;loto.csv
1988038-1;1988038;1;1988-09-24;SA;historic-6-plus-complementary;5;40;49;26;33;18;20;;;;;;;1976-05-to-2008-10;loto.csv
1988039-1;1988039;1;1988-09-28;ME;historic-6-plus-complementary;22;11;19;36;30;21;1;;;;;;;1976-05-to-2008-10;loto.csv
1988039-1;1988039;1;1988-10-01;SA;historic-6-plus-complementary;4;31;46;49;16;48;40;;;;;;;1976-05-to-2008-10;loto.csv
1988040-1;1988040;1;1988-10-05;ME;historic-6-plus-complementary;32;42;6;24;5;28;36;;;;;;;1976-05-to-2008-10;loto.csv
1988040-1;1988040;1;1988-10-08;SA;historic-6-plus-complementary;28;25;29;35;43;26;45;;;;;;;1976-05-to-2008-10;loto.csv
1988041-1;1988041;1;1988-10-12;ME;historic-6-plus-complementary;24;47;22;33;20;13;31;;;;;;;1976-05-to-2008-10;loto.csv
1988041-1;1988041;1;1988-10-15;SA;historic-6-plus-complementary;21;19;48;24;1;5;10;;;;;;;1976-05-to-2008-10;loto.csv
1988042-1;1988042;1;1988-10-19;ME;historic-6-plus-complementary;21;37;5;19;44;47;23;;;;;;;1976-05-to-2008-10;loto.csv
1988042-1;1988042;1;1988-10-22;SA;historic-6-plus-complementary;12;16;41;8;21;20;7;;;;;;;1976-05-to-2008-10;loto.csv
1988043-1;1988043;1;1988-10-26;ME;historic-6-plus-complementary;17;34;33;24;8;15;29;;;;;;;1976-05-to-2008-10;loto.csv
1988043-1;1988043;1;1988-10-29;SA;historic-6-plus-complementary;11;4;9;8;32;14;27;;;;;;;1976-05-to-2008-10;loto.csv
1988044-1;1988044;1;1988-11-02;ME;historic-6-plus-complementary;18;46;38;22;10;16;5;;;;;;;1976-05-to-2008-10;loto.csv
1988044-1;1988044;1;1988-11-05;SA;historic-6-plus-complementary;7;26;41;33;49;43;14;;;;;;;1976-05-to-2008-10;loto.csv
1988045-1;1988045;1;1988-11-09;ME;historic-6-plus-complementary;20;14;45;12;3;39;4;;;;;;;1976-05-to-2008-10;loto.csv
1988045-1;1988045;1;1988-11-12;SA;historic-6-plus-complementary;1;8;20;48;45;16;43;;;;;;;1976-05-to-2008-10;loto.csv
1988046-1;1988046;1;1988-11-16;ME;historic-6-plus-complementary;26;13;10;37;30;16;48;;;;;;;1976-05-to-2008-10;loto.csv
1988046-1;1988046;1;1988-11-19;SA;historic-6-plus-complementary;36;25;2;3;5;28;24;;;;;;;1976-05-to-2008-10;loto.csv
1988047-1;1988047;1;1988-11-23;ME;historic-6-plus-complementary;10;14;31;9;48;20;28;;;;;;;1976-05-to-2008-10;loto.csv
1988047-1;1988047;1;1988-11-26;SA;historic-6-plus-complementary;6;5;8;34;45;48;42;;;;;;;1976-05-to-2008-10;loto.csv
1988048-1;1988048;1;1988-11-30;ME;historic-6-plus-complementary;34;42;11;27;36;43;32;;;;;;;1976-05-to-2008-10;loto.csv
1988048-1;1988048;1;1988-12-03;SA;historic-6-plus-complementary;2;38;21;31;11;44;25;;;;;;;1976-05-to-2008-10;loto.csv
1988049-1;1988049;1;1988-12-07;ME;historic-6-plus-complementary;34;6;43;8;12;1;40;;;;;;;1976-05-to-2008-10;loto.csv
1988049-1;1988049;1;1988-12-10;SA;historic-6-plus-complementary;47;19;25;31;40;37;14;;;;;;;1976-05-to-2008-10;loto.csv
1988050-1;1988050;1;1988-12-14;ME;historic-6-plus-complementary;20;5;32;3;7;42;18;;;;;;;1976-05-to-2008-10;loto.csv
1988050-1;1988050;1;1988-12-17;SA;historic-6-plus-complementary;41;2;39;8;7;33;28;;;;;;;1976-05-to-2008-10;loto.csv
1988051-1;1988051;1;1988-12-21;ME;historic-6-plus-complementary;30;20;23;32;21;24;18;;;;;;;1976-05-to-2008-10;loto.csv
1988051-1;1988051;1;1988-12-24;SA;historic-6-plus-complementary;40;43;13;22;23;27;21;;;;;;;1976-05-to-2008-10;loto.csv
1988052-1;1988052;1;1988-12-28;ME;historic-6-plus-complementary;1;34;15;22;26;16;36;;;;;;;1976-05-to-2008-10;loto.csv
1988052-1;1988052;1;1988-12-31;SA;historic-6-plus-complementary;40;46;42;30;33;43;32;;;;;;;1976-05-to-2008-10;loto.csv
1989001-1;1989001;1;1989-01-04;ME;historic-6-plus-complementary;16;8;7;40;19;27;44;;;;;;;1976-05-to-2008-10;loto.csv
1989001-1;1989001;1;1989-01-07;SA;historic-6-plus-complementary;24;3;12;1;42;41;19;;;;;;;1976-05-to-2008-10;loto.csv
1989002-1;1989002;1;1989-01-11;ME;historic-6-plus-complementary;49;38;28;34;43;44;27;;;;;;;1976-05-to-2008-10;loto.csv
1989002-1;1989002;1;1989-01-14;SA;historic-6-plus-complementary;22;39;49;25;10;17;36;;;;;;;1976-05-to-2008-10;loto.csv
1989003-1;1989003;1;1989-01-18;ME;historic-6-plus-complementary;1;22;31;2;43;27;11;;;;;;;1976-05-to-2008-10;loto.csv
1989003-1;1989003;1;1989-01-21;SA;historic-6-plus-complementary;17;36;32;42;33;5;1;;;;;;;1976-05-to-2008-10;loto.csv
1989004-1;1989004;1;1989-01-25;ME;historic-6-plus-complementary;27;31;16;19;15;24;6;;;;;;;1976-05-to-2008-10;loto.csv
1989004-1;1989004;1;1989-01-28;SA;historic-6-plus-complementary;43;1;5;48;24;25;11;;;;;;;1976-05-to-2008-10;loto.csv
1989005-1;1989005;1;1989-02-01;ME;historic-6-plus-complementary;14;42;41;30;9;25;21;;;;;;;1976-05-to-2008-10;loto.csv
1989005-1;1989005;1;1989-02-04;SA;historic-6-plus-complementary;40;21;18;22;46;44;17;;;;;;;1976-05-to-2008-10;loto.csv
1989006-1;1989006;1;1989-02-08;ME;historic-6-plus-complementary;17;37;30;48;23;35;28;;;;;;;1976-05-to-2008-10;loto.csv
1989006-1;1989006;1;1989-02-11;SA;historic-6-plus-complementary;3;33;9;25;8;47;6;;;;;;;1976-05-to-2008-10;loto.csv
1989007-1;1989007;1;1989-02-15;ME;historic-6-plus-complementary;8;30;45;28;26;37;46;;;;;;;1976-05-to-2008-10;loto.csv
1989007-1;1989007;1;1989-02-18;SA;historic-6-plus-complementary;4;26;27;32;18;12;43;;;;;;;1976-05-to-2008-10;loto.csv
1989008-1;1989008;1;1989-02-22;ME;historic-6-plus-complementary;14;32;16;3;15;48;13;;;;;;;1976-05-to-2008-10;loto.csv
1989008-1;1989008;1;1989-02-25;SA;historic-6-plus-complementary;36;35;22;16;37;18;48;;;;;;;1976-05-to-2008-10;loto.csv
1989009-1;1989009;1;1989-03-01;ME;historic-6-plus-complementary;49;38;35;2;21;29;1;;;;;;;1976-05-to-2008-10;loto.csv
1989009-1;1989009;1;1989-03-04;SA;historic-6-plus-complementary;18;49;29;13;31;7;23;;;;;;;1976-05-to-2008-10;loto.csv
1989010-1;1989010;1;1989-03-08;ME;historic-6-plus-complementary;34;9;13;42;35;2;15;;;;;;;1976-05-to-2008-10;loto.csv
1989010-1;1989010;1;1989-03-11;SA;historic-6-plus-complementary;19;26;30;20;45;7;47;;;;;;;1976-05-to-2008-10;loto.csv
1989011-1;1989011;1;1989-03-15;ME;historic-6-plus-complementary;8;17;37;3;28;39;2;;;;;;;1976-05-to-2008-10;loto.csv
1989011-1;1989011;1;1989-03-18;SA;historic-6-plus-complementary;3;31;22;13;42;27;2;;;;;;;1976-05-to-2008-10;loto.csv
1989012-1;1989012;1;1989-03-22;ME;historic-6-plus-complementary;35;41;20;49;33;14;12;;;;;;;1976-05-to-2008-10;loto.csv
1989012-1;1989012;1;1989-03-25;SA;historic-6-plus-complementary;17;16;45;37;25;15;32;;;;;;;1976-05-to-2008-10;loto.csv
1989013-1;1989013;1;1989-03-29;ME;historic-6-plus-complementary;11;4;19;2;22;13;25;;;;;;;1976-05-to-2008-10;loto.csv
1989013-1;1989013;1;1989-04-01;SA;historic-6-plus-complementary;24;44;1;17;38;40;30;;;;;;;1976-05-to-2008-10;loto.csv
1989014-1;1989014;1;1989-04-05;ME;historic-6-plus-complementary;21;39;31;6;33;8;2;;;;;;;1976-05-to-2008-10;loto.csv
1989014-1;1989014;1;1989-04-08;SA;historic-6-plus-complementary;30;18;42;2;24;17;37;;;;;;;1976-05-to-2008-10;loto.csv
1989015-1;1989015;1;1989-04-12;ME;historic-6-plus-complementary;24;6;16;41;26;19;9;;;;;;;1976-05-to-2008-10;loto.csv
1989015-1;1989015;1;1989-04-15;SA;historic-6-plus-complementary;36;29;34;10;13;19;43;;;;;;;1976-05-to-2008-10;loto.csv
1989016-1;1989016;1;1989-04-19;ME;historic-6-plus-complementary;11;1;10;18;16;25;12;;;;;;;1976-05-to-2008-10;loto.csv
1989016-1;1989016;1;1989-04-22;SA;historic-6-plus-complementary;36;22;6;48;41;2;42;;;;;;;1976-05-to-2008-10;loto.csv
1989017-1;1989017;1;1989-04-26;ME;historic-6-plus-complementary;29;1;8;31;33;34;15;;;;;;;1976-05-to-2008-10;loto.csv
1989017-1;1989017;1;1989-04-29;SA;historic-6-plus-complementary;34;12;5;46;33;43;13;;;;;;;1976-05-to-2008-10;loto.csv
1989018-1;1989018;1;1989-05-03;ME;historic-6-plus-complementary;49;41;42;39;18;2;6;;;;;;;1976-05-to-2008-10;loto.csv
1989018-1;1989018;1;1989-05-06;SA;historic-6-plus-complementary;36;10;46;41;24;8;12;;;;;;;1976-05-to-2008-10;loto.csv
1989019-1;1989019;1;1989-05-10;ME;historic-6-plus-complementary;19;46;38;30;34;1;6;;;;;;;1976-05-to-2008-10;loto.csv
1989019-1;1989019;1;1989-05-13;SA;historic-6-plus-complementary;14;1;34;4;8;45;22;;;;;;;1976-05-to-2008-10;loto.csv
1989020-1;1989020;1;1989-05-17;ME;historic-6-plus-complementary;6;22;24;47;11;49;1;;;;;;;1976-05-to-2008-10;loto.csv
1989020-1;1989020;1;1989-05-20;SA;historic-6-plus-complementary;17;32;36;31;16;29;35;;;;;;;1976-05-to-2008-10;loto.csv
1989021-1;1989021;1;1989-05-24;ME;historic-6-plus-complementary;47;7;35;49;2;30;21;;;;;;;1976-05-to-2008-10;loto.csv
1989021-1;1989021;1;1989-05-27;SA;historic-6-plus-complementary;5;24;45;18;34;27;35;;;;;;;1976-05-to-2008-10;loto.csv
1989022-1;1989022;1;1989-05-31;ME;historic-6-plus-complementary;37;32;19;48;1;41;46;;;;;;;1976-05-to-2008-10;loto.csv
1989022-1;1989022;1;1989-06-03;SA;historic-6-plus-complementary;36;33;47;14;26;48;8;;;;;;;1976-05-to-2008-10;loto.csv
1989023-1;1989023;1;1989-06-07;ME;historic-6-plus-complementary;3;23;26;13;4;11;38;;;;;;;1976-05-to-2008-10;loto.csv
1989023-1;1989023;1;1989-06-10;SA;historic-6-plus-complementary;43;18;4;45;12;7;3;;;;;;;1976-05-to-2008-10;loto.csv
1989024-1;1989024;1;1989-06-14;ME;historic-6-plus-complementary;47;37;27;19;18;43;11;;;;;;;1976-05-to-2008-10;loto.csv
1989024-1;1989024;1;1989-06-17;SA;historic-6-plus-complementary;17;33;28;21;49;27;36;;;;;;;1976-05-to-2008-10;loto.csv
1989025-1;1989025;1;1989-06-21;ME;historic-6-plus-complementary;31;4;20;32;8;42;21;;;;;;;1976-05-to-2008-10;loto.csv
1989025-1;1989025;1;1989-06-24;SA;historic-6-plus-complementary;14;30;34;38;33;12;43;;;;;;;1976-05-to-2008-10;loto.csv
1989026-1;1989026;1;1989-06-28;ME;historic-6-plus-complementary;10;4;25;34;14;47;15;;;;;;;1976-05-to-2008-10;loto.csv
1989026-1;1989026;1;1989-07-01;SA;historic-6-plus-complementary;37;45;4;43;38;41;26;;;;;;;1976-05-to-2008-10;loto.csv
1989027-1;1989027;1;1989-07-05;ME;historic-6-plus-complementary;16;37;36;38;27;43;47;;;;;;;1976-05-to-2008-10;loto.csv
1989027-1;1989027;1;1989-07-08;SA;historic-6-plus-complementary;21;19;38;11;23;9;2;;;;;;;1976-05-to-2008-10;loto.csv
1989028-1;1989028;1;1989-07-12;ME;historic-6-plus-complementary;40;6;23;21;19;35;28;;;;;;;1976-05-to-2008-10;loto.csv
1989028-1;1989028;1;1989-07-15;SA;historic-6-plus-complementary;4;18;30;19;37;2;38;;;;;;;1976-05-to-2008-10;loto.csv
1989029-1;1989029;1;1989-07-19;ME;historic-6-plus-complementary;16;29;28;44;20;38;31;;;;;;;1976-05-to-2008-10;loto.csv
1989029-1;1989029;1;1989-07-22;SA;historic-6-plus-complementary;34;9;44;42;15;26;29;;;;;;;1976-05-to-2008-10;loto.csv
1989030-1;1989030;1;1989-07-26;ME;historic-6-plus-complementary;28;4;3;24;48;38;11;;;;;;;1976-05-to-2008-10;loto.csv
1989030-1;1989030;1;1989-07-29;SA;historic-6-plus-complementary;17;7;18;24;45;10;30;;;;;;;1976-05-to-2008-10;loto.csv
1989031-1;1989031;1;1989-08-02;ME;historic-6-plus-complementary;27;11;49;41;35;48;39;;;;;;;1976-05-to-2008-10;loto.csv
1989031-1;1989031;1;1989-08-05;SA;historic-6-plus-complementary;23;39;44;40;38;42;33;;;;;;;1976-05-to-2008-10;loto.csv
1989032-1;1989032;1;1989-08-09;ME;historic-6-plus-complementary;10;19;20;44;39;6;31;;;;;;;1976-05-to-2008-10;loto.csv
1989032-1;1989032;1;1989-08-12;SA;historic-6-plus-complementary;26;37;8;20;19;9;15;;;;;;;1976-05-to-2008-10;loto.csv
1989033-1;1989033;1;1989-08-16;ME;historic-6-plus-complementary;49;5;40;28;20;16;35;;;;;;;1976-05-to-2008-10;loto.csv
1989033-1;1989033;1;1989-08-19;SA;historic-6-plus-complementary;11;5;46;22;1;34;43;;;;;;;1976-05-to-2008-10;loto.csv
1989034-1;1989034;1;1989-08-23;ME;historic-6-plus-complementary;5;37;19;25;44;10;49;;;;;;;1976-05-to-2008-10;loto.csv
1989034-1;1989034;1;1989-08-26;SA;historic-6-plus-complementary;18;16;31;21;38;40;42;;;;;;;1976-05-to-2008-10;loto.csv
1989035-1;1989035;1;1989-08-30;ME;historic-6-plus-complementary;19;4;46;35;15;17;45;;;;;;;1976-05-to-2008-10;loto.csv
1989035-1;1989035;1;1989-09-02;SA;historic-6-plus-complementary;40;36;34;39;22;41;26;;;;;;;1976-05-to-2008-10;loto.csv
1989036-1;1989036;1;1989-09-06;ME;historic-6-plus-complementary;16;14;46;11;38;27;41;;;;;;;1976-05-to-2008-10;loto.csv
1989036-1;1989036;1;1989-09-09;SA;historic-6-plus-complementary;38;42;23;36;11;3;35;;;;;;;1976-05-to-2008-10;loto.csv
1989037-1;1989037;1;1989-09-13;ME;historic-6-plus-complementary;26;41;25;37;38;45;22;;;;;;;1976-05-to-2008-10;loto.csv
1989037-1;1989037;1;1989-09-16;SA;historic-6-plus-complementary;26;45;46;7;25;8;23;;;;;;;1976-05-to-2008-10;loto.csv
1989038-1;1989038;1;1989-09-20;ME;historic-6-plus-complementary;10;24;46;18;35;4;21;;;;;;;1976-05-to-2008-10;loto.csv
1989038-1;1989038;1;1989-09-23;SA;historic-6-plus-complementary;9;36;42;11;27;23;18;;;;;;;1976-05-to-2008-10;loto.csv
1989039-1;1989039;1;1989-09-27;ME;historic-6-plus-complementary;17;40;30;16;20;38;4;;;;;;;1976-05-to-2008-10;loto.csv
1989039-1;1989039;1;1989-09-30;SA;historic-6-plus-complementary;16;23;43;24;27;26;18;;;;;;;1976-05-to-2008-10;loto.csv
1989040-1;1989040;1;1989-10-04;ME;historic-6-plus-complementary;9;19;45;29;18;31;42;;;;;;;1976-05-to-2008-10;loto.csv
1989040-1;1989040;1;1989-10-07;SA;historic-6-plus-complementary;3;7;13;35;46;27;2;;;;;;;1976-05-to-2008-10;loto.csv
1989041-1;1989041;1;1989-10-11;ME;historic-6-plus-complementary;17;15;5;43;45;7;33;;;;;;;1976-05-to-2008-10;loto.csv
1989041-1;1989041;1;1989-10-14;SA;historic-6-plus-complementary;33;48;28;32;23;17;6;;;;;;;1976-05-to-2008-10;loto.csv
1989042-1;1989042;1;1989-10-18;ME;historic-6-plus-complementary;41;48;23;9;4;29;24;;;;;;;1976-05-to-2008-10;loto.csv
1989042-1;1989042;1;1989-10-21;SA;historic-6-plus-complementary;32;30;1;38;43;40;47;;;;;;;1976-05-to-2008-10;loto.csv
1989043-1;1989043;1;1989-10-25;ME;historic-6-plus-complementary;24;18;15;45;28;3;19;;;;;;;1976-05-to-2008-10;loto.csv
1989043-1;1989043;1;1989-10-28;SA;historic-6-plus-complementary;11;16;5;33;25;19;37;;;;;;;1976-05-to-2008-10;loto.csv
1989044-1;1989044;1;1989-11-01;ME;historic-6-plus-complementary;42;10;47;26;30;49;11;;;;;;;1976-05-to-2008-10;loto.csv
1989044-1;1989044;1;1989-11-04;SA;historic-6-plus-complementary;10;23;29;37;47;12;28;;;;;;;1976-05-to-2008-10;loto.csv
1989045-1;1989045;1;1989-11-08;ME;historic-6-plus-complementary;43;21;19;10;35;46;9;;;;;;;1976-05-to-2008-10;loto.csv
1989045-1;1989045;1;1989-11-11;SA;historic-6-plus-complementary;44;49;11;17;42;16;19;;;;;;;1976-05-to-2008-10;loto.csv
1989046-1;1989046;1;1989-11-15;ME;historic-6-plus-complementary;24;34;29;38;46;2;47;;;;;;;1976-05-to-2008-10;loto.csv
1989046-1;1989046;1;1989-11-18;SA;historic-6-plus-complementary;37;8;14;40;15;28;43;;;;;;;1976-05-to-2008-10;loto.csv
1989047-1;1989047;1;1989-11-22;ME;historic-6-plus-complementary;39;8;32;22;21;16;48;;;;;;;1976-05-to-2008-10;loto.csv
1989047-1;1989047;1;1989-11-25;SA;historic-6-plus-complementary;31;15;49;46;3;41;32;;;;;;;1976-05-to-2008-10;loto.csv
1989048-1;1989048;1;1989-11-29;ME;historic-6-plus-complementary;30;35;11;22;40;1;13;;;;;;;1976-05-to-2008-10;loto.csv
1989048-1;1989048;1;1989-12-02;SA;historic-6-plus-complementary;49;18;11;2;46;20;13;;;;;;;1976-05-to-2008-10;loto.csv
1989049-1;1989049;1;1989-12-06;ME;historic-6-plus-complementary;45;10;33;21;20;37;32;;;;;;;1976-05-to-2008-10;loto.csv
1989049-1;1989049;1;1989-12-09;SA;historic-6-plus-complementary;46;43;25;16;8;18;10;;;;;;;1976-05-to-2008-10;loto.csv
1989050-1;1989050;1;1989-12-13;ME;historic-6-plus-complementary;38;46;6;4;40;34;1;;;;;;;1976-05-to-2008-10;loto.csv
1989050-1;1989050;1;1989-12-16;SA;historic-6-plus-complementary;45;29;20;14;8;36;7;;;;;;;1976-05-to-2008-10;loto.csv
1989051-1;1989051;1;1989-12-20;ME;historic-6-plus-complementary;19;36;7;43;38;2;30;;;;;;;1976-05-to-2008-10;loto.csv
1989051-1;1989051;1;1989-12-23;SA;historic-6-plus-complementary;19;29;32;4;7;44;13;;;;;;;1976-05-to-2008-10;loto.csv
1989052-1;1989052;1;1989-12-27;ME;historic-6-plus-complementary;39;37;20;27;43;45;48;;;;;;;1976-05-to-2008-10;loto.csv
1989052-1;1989052;1;1989-12-30;SA;historic-6-plus-complementary;24;8;13;6;42;2;49;;;;;;;1976-05-to-2008-10;loto.csv
1990001-1;1990001;1;1990-01-03;ME;historic-6-plus-complementary;31;30;5;44;8;6;43;;;;;;;1976-05-to-2008-10;loto.csv
1990001-1;1990001;1;1990-01-06;SA;historic-6-plus-complementary;42;21;20;24;28;18;6;;;;;;;1976-05-to-2008-10;loto.csv
1990002-1;1990002;1;1990-01-10;ME;historic-6-plus-complementary;25;37;26;48;2;11;9;;;;;;;1976-05-to-2008-10;loto.csv
1990002-1;1990002;1;1990-01-13;SA;historic-6-plus-complementary;2;34;42;40;28;48;18;;;;;;;1976-05-to-2008-10;loto.csv
1990003-1;1990003;1;1990-01-17;ME;historic-6-plus-complementary;29;14;37;2;46;38;32;;;;;;;1976-05-to-2008-10;loto.csv
1990003-1;1990003;1;1990-01-20;SA;historic-6-plus-complementary;22;20;9;26;34;32;46;;;;;;;1976-05-to-2008-10;loto.csv
1990004-1;1990004;1;1990-01-24;ME;historic-6-plus-complementary;12;45;11;22;13;34;10;;;;;;;1976-05-to-2008-10;loto.csv
1990004-1;1990004;1;1990-01-27;SA;historic-6-plus-complementary;43;15;28;35;13;17;36;;;;;;;1976-05-to-2008-10;loto.csv
1990005-1;1990005;1;1990-01-31;ME;historic-6-plus-complementary;20;8;28;3;14;25;7;;;;;;;1976-05-to-2008-10;loto.csv
1990005-1;1990005;1;1990-02-03;SA;historic-6-plus-complementary;11;44;31;36;45;48;2;;;;;;;1976-05-to-2008-10;loto.csv
1990006-1;1990006;1;1990-02-07;ME;historic-6-plus-complementary;49;23;21;42;8;4;37;;;;;;;1976-05-to-2008-10;loto.csv
1990006-1;1990006;1;1990-02-10;SA;historic-6-plus-complementary;29;36;10;18;15;7;45;;;;;;;1976-05-to-2008-10;loto.csv
1990007-1;1990007;1;1990-02-14;ME;historic-6-plus-complementary;16;48;49;22;44;23;20;;;;;;;1976-05-to-2008-10;loto.csv
1990007-1;1990007;1;1990-02-17;SA;historic-6-plus-complementary;37;46;23;48;24;38;40;;;;;;;1976-05-to-2008-10;loto.csv
1990008-1;1990008;1;1990-02-21;ME;historic-6-plus-complementary;19;26;1;9;43;3;25;;;;;;;1976-05-to-2008-10;loto.csv
1990008-1;1990008;1;1990-02-24;SA;historic-6-plus-complementary;13;25;6;24;4;19;17;;;;;;;1976-05-to-2008-10;loto.csv
1990009-1;1990009;1;1990-02-28;ME;historic-6-plus-complementary;37;28;41;20;4;3;31;;;;;;;1976-05-to-2008-10;loto.csv
1990009-1;1990009;1;1990-03-03;SA;historic-6-plus-complementary;39;2;10;3;38;14;6;;;;;;;1976-05-to-2008-10;loto.csv
1990010-1;1990010;1;1990-03-07;ME;historic-6-plus-complementary;25;49;8;14;9;35;36;;;;;;;1976-05-to-2008-10;loto.csv
1990010-1;1990010;1;1990-03-10;SA;historic-6-plus-complementary;24;1;23;19;15;49;30;;;;;;;1976-05-to-2008-10;loto.csv
1990011-1;1990011;1;1990-03-14;ME;historic-6-plus-complementary;29;3;38;46;9;20;41;;;;;;;1976-05-to-2008-10;loto.csv
1990011-1;1990011;1;1990-03-17;SA;historic-6-plus-complementary;39;22;19;15;44;27;47;;;;;;;1976-05-to-2008-10;loto.csv
1990012-1;1990012;1;1990-03-21;ME;historic-6-plus-complementary;30;17;2;42;49;45;19;;;;;;;1976-05-to-2008-10;loto.csv
1990012-1;1990012;1;1990-03-24;SA;historic-6-plus-complementary;8;23;22;35;24;13;14;;;;;;;1976-05-to-2008-10;loto.csv
1990013-1;1990013;1;1990-03-28;ME;historic-6-plus-complementary;28;4;20;44;19;46;45;;;;;;;1976-05-to-2008-10;loto.csv
1990013-1;1990013;1;1990-03-31;SA;historic-6-plus-complementary;45;43;20;16;25;21;37;;;;;;;1976-05-to-2008-10;loto.csv
1990014-1;1990014;1;1990-04-04;ME;historic-6-plus-complementary;18;34;6;8;32;2;33;;;;;;;1976-05-to-2008-10;loto.csv
1990014-1;1990014;1;1990-04-07;SA;historic-6-plus-complementary;19;13;11;32;20;38;34;;;;;;;1976-05-to-2008-10;loto.csv
1990015-1;1990015;1;1990-04-11;ME;historic-6-plus-complementary;49;30;18;43;33;37;11;;;;;;;1976-05-to-2008-10;loto.csv
1990015-1;1990015;1;1990-04-14;SA;historic-6-plus-complementary;46;22;27;20;5;37;17;;;;;;;1976-05-to-2008-10;loto.csv
1990016-1;1990016;1;1990-04-18;ME;historic-6-plus-complementary;44;31;48;13;20;14;8;;;;;;;1976-05-to-2008-10;loto.csv
1990016-1;1990016;1;1990-04-21;SA;historic-6-plus-complementary;28;36;8;40;21;17;43;;;;;;;1976-05-to-2008-10;loto.csv
1990017-1;1990017;1;1990-04-25;ME;historic-6-plus-complementary;37;49;11;2;28;17;42;;;;;;;1976-05-to-2008-10;loto.csv
1990017-1;1990017;1;1990-04-28;SA;historic-6-plus-complementary;11;40;3;29;23;12;37;;;;;;;1976-05-to-2008-10;loto.csv
1990018-1;1990018;1;1990-05-02;ME;historic-6-plus-complementary;14;12;36;3;19;28;26;;;;;;;1976-05-to-2008-10;loto.csv
1990018-1;1990018;1;1990-05-05;SA;historic-6-plus-complementary;20;24;30;36;32;29;3;;;;;;;1976-05-to-2008-10;loto.csv
1990019-1;1990019;1;1990-05-09;ME;historic-6-plus-complementary;16;39;32;14;9;45;36;;;;;;;1976-05-to-2008-10;loto.csv
1990019-1;1990019;1;1990-05-12;SA;historic-6-plus-complementary;25;24;7;49;4;46;16;;;;;;;1976-05-to-2008-10;loto.csv
1990020-1;1990020;1;1990-05-16;ME;historic-6-plus-complementary;5;44;26;45;27;47;6;;;;;;;1976-05-to-2008-10;loto.csv
1990020-1;1990020;1;1990-05-19;SA;historic-6-plus-complementary;19;32;34;45;26;16;3;;;;;;;1976-05-to-2008-10;loto.csv
1990021-1;1990021;1;1990-05-23;ME;historic-6-plus-complementary;16;7;40;10;20;47;18;;;;;;;1976-05-to-2008-10;loto.csv
1990021-1;1990021;1;1990-05-26;SA;historic-6-plus-complementary;37;27;2;19;6;47;14;;;;;;;1976-05-to-2008-10;loto.csv
1990022-1;1990022;1;1990-05-30;ME;historic-6-plus-complementary;20;15;41;3;16;38;36;;;;;;;1976-05-to-2008-10;loto.csv
1990022-1;1990022;1;1990-06-02;SA;historic-6-plus-complementary;19;26;32;13;28;37;9;;;;;;;1976-05-to-2008-10;loto.csv
1990023-1;1990023;1;1990-06-06;ME;historic-6-plus-complementary;23;44;17;32;12;15;4;;;;;;;1976-05-to-2008-10;loto.csv
1990023-1;1990023;1;1990-06-09;SA;historic-6-plus-complementary;40;18;39;15;43;12;27;;;;;;;1976-05-to-2008-10;loto.csv
1990024-1;1990024;1;1990-06-13;ME;historic-6-plus-complementary;21;33;36;24;18;6;44;;;;;;;1976-05-to-2008-10;loto.csv
1990024-1;1990024;1;1990-06-16;SA;historic-6-plus-complementary;43;41;31;29;15;22;34;;;;;;;1976-05-to-2008-10;loto.csv
1990025-1;1990025;1;1990-06-20;ME;historic-6-plus-complementary;46;31;16;35;5;15;1;;;;;;;1976-05-to-2008-10;loto.csv
1990025-1;1990025;1;1990-06-23;SA;historic-6-plus-complementary;37;38;31;39;48;18;32;;;;;;;1976-05-to-2008-10;loto.csv
1990026-1;1990026;1;1990-06-27;ME;historic-6-plus-complementary;47;42;29;8;1;41;26;;;;;;;1976-05-to-2008-10;loto.csv
1990026-1;1990026;1;1990-06-30;SA;historic-6-plus-complementary;34;3;37;24;17;4;18;;;;;;;1976-05-to-2008-10;loto.csv
1990027-1;1990027;1;1990-07-04;ME;historic-6-plus-complementary;8;37;49;18;15;17;27;;;;;;;1976-05-to-2008-10;loto.csv
1990027-1;1990027;1;1990-07-07;SA;historic-6-plus-complementary;30;18;46;49;32;21;11;;;;;;;1976-05-to-2008-10;loto.csv
1990028-1;1990028;1;1990-07-11;ME;historic-6-plus-complementary;33;20;29;25;47;35;9;;;;;;;1976-05-to-2008-10;loto.csv
1990028-1;1990028;1;1990-07-14;SA;historic-6-plus-complementary;13;28;6;33;30;43;47;;;;;;;1976-05-to-2008-10;loto.csv
1990029-1;1990029;1;1990-07-18;ME;historic-6-plus-complementary;40;13;46;45;32;23;30;;;;;;;1976-05-to-2008-10;loto.csv
1990029-1;1990029;1;1990-07-21;SA;historic-6-plus-complementary;30;19;1;21;41;8;20;;;;;;;1976-05-to-2008-10;loto.csv
1990030-1;1990030;1;1990-07-25;ME;historic-6-plus-complementary;4;7;16;32;20;45;23;;;;;;;1976-05-to-2008-10;loto.csv
1990030-1;1990030;1;1990-07-28;SA;historic-6-plus-complementary;37;31;33;14;29;44;27;;;;;;;1976-05-to-2008-10;loto.csv
1990031-1;1990031;1;1990-08-01;ME;historic-6-plus-complementary;49;2;45;19;16;43;4;;;;;;;1976-05-to-2008-10;loto.csv
1990031-1;1990031;1;1990-08-04;SA;historic-6-plus-complementary;24;6;19;22;25;40;36;;;;;;;1976-05-to-2008-10;loto.csv
1990032-1;1990032;1;1990-08-08;ME;historic-6-plus-complementary;29;18;37;26;44;1;3;;;;;;;1976-05-to-2008-10;loto.csv
1990032-1;1990032;1;1990-08-11;SA;historic-6-plus-complementary;43;20;17;21;26;18;38;;;;;;;1976-05-to-2008-10;loto.csv
1990033-1;1990033;1;1990-08-15;ME;historic-6-plus-complementary;45;44;49;15;47;21;1;;;;;;;1976-05-to-2008-10;loto.csv
1990033-1;1990033;1;1990-08-18;SA;historic-6-plus-complementary;31;21;38;37;26;32;19;;;;;;;1976-05-to-2008-10;loto.csv
1990034-1;1990034;1;1990-08-22;ME;historic-6-plus-complementary;49;7;22;16;28;12;29;;;;;;;1976-05-to-2008-10;loto.csv
1990034-1;1990034;1;1990-08-25;SA;historic-6-plus-complementary;19;31;1;18;24;34;25;;;;;;;1976-05-to-2008-10;loto.csv
1990035-1;1990035;1;1990-08-29;ME;historic-6-plus-complementary;38;21;25;46;5;24;30;;;;;;;1976-05-to-2008-10;loto.csv
1990035-1;1990035;1;1990-09-01;SA;historic-6-plus-complementary;23;2;15;5;43;12;41;;;;;;;1976-05-to-2008-10;loto.csv
1990036-1;1990036;1;1990-09-05;ME;historic-6-plus-complementary;12;42;30;9;10;44;21;;;;;;;1976-05-to-2008-10;loto.csv
1990036-1;1990036;1;1990-09-08;SA;historic-6-plus-complementary;10;3;38;20;7;24;4;;;;;;;1976-05-to-2008-10;loto.csv
1990037-1;1990037;1;1990-09-12;ME;historic-6-plus-complementary;39;27;41;43;7;35;13;;;;;;;1976-05-to-2008-10;loto.csv
1990037-2;1990037;2;1990-09-12;ME;historic-6-plus-complementary;16;22;9;49;47;4;15;;;;;;;1976-05-to-2008-10;loto.csv
1990037-1;1990037;1;1990-09-15;SA;historic-6-plus-complementary;46;47;41;49;7;14;9;;;;;;;1976-05-to-2008-10;loto.csv
1990037-2;1990037;2;1990-09-15;SA;historic-6-plus-complementary;41;2;6;37;48;1;26;;;;;;;1976-05-to-2008-10;loto.csv
1990038-1;1990038;1;1990-09-19;ME;historic-6-plus-complementary;35;6;27;49;21;10;3;;;;;;;1976-05-to-2008-10;loto.csv
1990038-2;1990038;2;1990-09-19;ME;historic-6-plus-complementary;6;48;5;3;34;1;26;;;;;;;1976-05-to-2008-10;loto.csv
1990038-1;1990038;1;1990-09-22;SA;historic-6-plus-complementary;48;30;11;33;13;8;9;;;;;;;1976-05-to-2008-10;loto.csv
1990038-2;1990038;2;1990-09-22;SA;historic-6-plus-complementary;5;40;39;21;47;43;27;;;;;;;1976-05-to-2008-10;loto.csv
1990039-1;1990039;1;1990-09-26;ME;historic-6-plus-complementary;28;42;49;40;37;29;35;;;;;;;1976-05-to-2008-10;loto.csv
1990039-2;1990039;2;1990-09-26;ME;historic-6-plus-complementary;46;22;38;7;42;17;40;;;;;;;1976-05-to-2008-10;loto.csv
1990039-1;1990039;1;1990-09-29;SA;historic-6-plus-complementary;12;7;39;8;4;2;1;;;;;;;1976-05-to-2008-10;loto.csv
1990039-2;1990039;2;1990-09-29;SA;historic-6-plus-complementary;4;6;33;13;8;27;36;;;;;;;1976-05-to-2008-10;loto.csv
1990040-1;1990040;1;1990-10-03;ME;historic-6-plus-complementary;40;48;36;35;23;10;34;;;;;;;1976-05-to-2008-10;loto.csv
1990040-2;1990040;2;1990-10-03;ME;historic-6-plus-complementary;9;14;24;5;2;36;42;;;;;;;1976-05-to-2008-10;loto.csv
1990040-1;1990040;1;1990-10-06;SA;historic-6-plus-complementary;24;13;48;8;42;37;33;;;;;;;1976-05-to-2008-10;loto.csv
1990040-2;1990040;2;1990-10-06;SA;historic-6-plus-complementary;44;24;31;25;4;28;2;;;;;;;1976-05-to-2008-10;loto.csv
1990041-1;1990041;1;1990-10-10;ME;historic-6-plus-complementary;6;21;23;32;37;1;45;;;;;;;1976-05-to-2008-10;loto.csv
1990041-2;1990041;2;1990-10-10;ME;historic-6-plus-complementary;43;11;17;39;38;7;16;;;;;;;1976-05-to-2008-10;loto.csv
1990041-1;1990041;1;1990-10-13;SA;historic-6-plus-complementary;16;25;21;31;33;38;13;;;;;;;1976-05-to-2008-10;loto.csv
1990041-2;1990041;2;1990-10-13;SA;historic-6-plus-complementary;34;1;41;23;22;27;2;;;;;;;1976-05-to-2008-10;loto.csv
1990042-1;1990042;1;1990-10-17;ME;historic-6-plus-complementary;3;26;9;11;5;14;44;;;;;;;1976-05-to-2008-10;loto.csv
1990042-2;1990042;2;1990-10-17;ME;historic-6-plus-complementary;26;29;19;30;49;13;42;;;;;;;1976-05-to-2008-10;loto.csv
1990042-1;1990042;1;1990-10-20;SA;historic-6-plus-complementary;3;1;30;12;6;36;26;;;;;;;1976-05-to-2008-10;loto.csv
1990042-2;1990042;2;1990-10-20;SA;historic-6-plus-complementary;22;37;15;4;35;39;3;;;;;;;1976-05-to-2008-10;loto.csv
1990043-1;1990043;1;1990-10-24;ME;historic-6-plus-complementary;3;30;49;48;41;29;36;;;;;;;1976-05-to-2008-10;loto.csv
1990043-2;1990043;2;1990-10-24;ME;historic-6-plus-complementary;6;29;10;17;40;33;25;;;;;;;1976-05-to-2008-10;loto.csv
1990043-1;1990043;1;1990-10-27;SA;historic-6-plus-complementary;4;5;28;11;10;43;16;;;;;;;1976-05-to-2008-10;loto.csv
1990043-2;1990043;2;1990-10-27;SA;historic-6-plus-complementary;8;24;14;5;39;38;49;;;;;;;1976-05-to-2008-10;loto.csv
1990044-1;1990044;1;1990-10-31;ME;historic-6-plus-complementary;24;16;1;5;18;8;39;;;;;;;1976-05-to-2008-10;loto.csv
1990044-2;1990044;2;1990-10-31;ME;historic-6-plus-complementary;30;36;15;34;1;21;18;;;;;;;1976-05-to-2008-10;loto.csv
1990044-1;1990044;1;1990-11-03;SA;historic-6-plus-complementary;30;18;15;45;33;17;8;;;;;;;1976-05-to-2008-10;loto.csv
1990044-2;1990044;2;1990-11-03;SA;historic-6-plus-complementary;47;38;34;30;19;45;10;;;;;;;1976-05-to-2008-10;loto.csv
1990045-1;1990045;1;1990-11-07;ME;historic-6-plus-complementary;10;19;14;1;48;25;3;;;;;;;1976-05-to-2008-10;loto.csv
1990045-2;1990045;2;1990-11-07;ME;historic-6-plus-complementary;1;36;44;21;38;41;22;;;;;;;1976-05-to-2008-10;loto.csv
1990045-1;1990045;1;1990-11-10;SA;historic-6-plus-complementary;40;31;23;38;32;48;15;;;;;;;1976-05-to-2008-10;loto.csv
1990045-2;1990045;2;1990-11-10;SA;historic-6-plus-complementary;33;8;45;27;5;49;14;;;;;;;1976-05-to-2008-10;loto.csv
1990046-1;1990046;1;1990-11-14;ME;historic-6-plus-complementary;6;5;49;20;41;34;24;;;;;;;1976-05-to-2008-10;loto.csv
1990046-2;1990046;2;1990-11-14;ME;historic-6-plus-complementary;40;30;47;23;43;6;5;;;;;;;1976-05-to-2008-10;loto.csv
1990046-1;1990046;1;1990-11-17;SA;historic-6-plus-complementary;31;12;15;5;33;36;41;;;;;;;1976-05-to-2008-10;loto.csv
1990046-2;1990046;2;1990-11-17;SA;historic-6-plus-complementary;26;18;29;49;21;43;22;;;;;;;1976-05-to-2008-10;loto.csv
1990047-1;1990047;1;1990-11-21;ME;historic-6-plus-complementary;28;42;9;38;35;10;31;;;;;;;1976-05-to-2008-10;loto.csv
1990047-2;1990047;2;1990-11-21;ME;historic-6-plus-complementary;30;49;13;44;45;18;8;;;;;;;1976-05-to-2008-10;loto.csv
1990047-1;1990047;1;1990-11-24;SA;historic-6-plus-complementary;40;13;36;5;27;49;45;;;;;;;1976-05-to-2008-10;loto.csv
1990047-2;1990047;2;1990-11-24;SA;historic-6-plus-complementary;17;16;33;3;5;15;28;;;;;;;1976-05-to-2008-10;loto.csv
1990048-1;1990048;1;1990-11-28;ME;historic-6-plus-complementary;2;34;21;45;32;41;6;;;;;;;1976-05-to-2008-10;loto.csv
1990048-2;1990048;2;1990-11-28;ME;historic-6-plus-complementary;45;43;26;49;46;19;44;;;;;;;1976-05-to-2008-10;loto.csv
1990048-1;1990048;1;1990-12-01;SA;historic-6-plus-complementary;1;10;34;16;48;46;22;;;;;;;1976-05-to-2008-10;loto.csv
1990048-2;1990048;2;1990-12-01;SA;historic-6-plus-complementary;17;20;7;32;16;10;3;;;;;;;1976-05-to-2008-10;loto.csv
1990049-1;1990049;1;1990-12-05;ME;historic-6-plus-complementary;27;15;22;14;4;37;47;;;;;;;1976-05-to-2008-10;loto.csv
1990049-2;1990049;2;1990-12-05;ME;historic-6-plus-complementary;24;32;2;23;46;47;27;;;;;;;1976-05-to-2008-10;loto.csv
1990049-1;1990049;1;1990-12-08;SA;historic-6-plus-complementary;1;20;12;28;30;15;31;;;;;;;1976-05-to-2008-10;loto.csv
1990049-2;1990049;2;1990-12-08;SA;historic-6-plus-complementary;22;9;27;6;24;32;21;;;;;;;1976-05-to-2008-10;loto.csv
1990050-1;1990050;1;1990-12-12;ME;historic-6-plus-complementary;43;40;2;45;33;25;37;;;;;;;1976-05-to-2008-10;loto.csv
1990050-2;1990050;2;1990-12-12;ME;historic-6-plus-complementary;12;7;5;13;47;34;45;;;;;;;1976-05-to-2008-10;loto.csv
1990050-1;1990050;1;1990-12-15;SA;historic-6-plus-complementary;37;42;2;49;30;19;38;;;;;;;1976-05-to-2008-10;loto.csv
1990050-2;1990050;2;1990-12-15;SA;historic-6-plus-complementary;19;48;3;37;17;46;6;;;;;;;1976-05-to-2008-10;loto.csv
1990051-1;1990051;1;1990-12-19;ME;historic-6-plus-complementary;3;24;36;6;43;22;25;;;;;;;1976-05-to-2008-10;loto.csv
1990051-2;1990051;2;1990-12-19;ME;historic-6-plus-complementary;33;41;49;3;2;13;1;;;;;;;1976-05-to-2008-10;loto.csv
1990051-1;1990051;1;1990-12-22;SA;historic-6-plus-complementary;1;5;43;9;8;27;39;;;;;;;1976-05-to-2008-10;loto.csv
1990051-2;1990051;2;1990-12-22;SA;historic-6-plus-complementary;7;45;17;5;31;47;18;;;;;;;1976-05-to-2008-10;loto.csv
1990052-1;1990052;1;1990-12-26;ME;historic-6-plus-complementary;7;16;25;8;19;28;38;;;;;;;1976-05-to-2008-10;loto.csv
1990052-2;1990052;2;1990-12-26;ME;historic-6-plus-complementary;33;1;9;41;3;37;16;;;;;;;1976-05-to-2008-10;loto.csv
1990052-1;1990052;1;1990-12-29;SA;historic-6-plus-complementary;32;38;6;33;47;36;24;;;;;;;1976-05-to-2008-10;loto.csv
1990052-2;1990052;2;1990-12-29;SA;historic-6-plus-complementary;29;32;15;28;14;34;16;;;;;;;1976-05-to-2008-10;loto.csv
1991001-1;1991001;1;1991-01-02;ME;historic-6-plus-complementary;49;38;30;1;31;24;48;;;;;;;1976-05-to-2008-10;loto.csv
1991001-2;1991001;2;1991-01-02;ME;historic-6-plus-complementary;6;4;8;45;11;9;44;;;;;;;1976-05-to-2008-10;loto.csv
1991001-1;1991001;1;1991-01-05;SA;historic-6-plus-complementary;8;46;13;39;32;26;6;;;;;;;1976-05-to-2008-10;loto.csv
1991001-2;1991001;2;1991-01-05;SA;historic-6-plus-complementary;36;15;13;26;19;11;24;;;;;;;1976-05-to-2008-10;loto.csv
1991002-1;1991002;1;1991-01-09;ME;historic-6-plus-complementary;25;44;16;37;34;12;42;;;;;;;1976-05-to-2008-10;loto.csv
1991002-2;1991002;2;1991-01-09;ME;historic-6-plus-complementary;6;11;43;32;29;34;15;;;;;;;1976-05-to-2008-10;loto.csv
1991002-1;1991002;1;1991-01-12;SA;historic-6-plus-complementary;41;40;1;45;46;24;2;;;;;;;1976-05-to-2008-10;loto.csv
1991002-2;1991002;2;1991-01-12;SA;historic-6-plus-complementary;21;29;3;49;27;23;15;;;;;;;1976-05-to-2008-10;loto.csv
1991003-1;1991003;1;1991-01-16;ME;historic-6-plus-complementary;47;7;2;32;17;8;35;;;;;;;1976-05-to-2008-10;loto.csv
1991003-2;1991003;2;1991-01-16;ME;historic-6-plus-complementary;43;9;38;4;7;39;35;;;;;;;1976-05-to-2008-10;loto.csv
1991003-1;1991003;1;1991-01-19;SA;historic-6-plus-complementary;17;5;43;35;47;49;18;;;;;;;1976-05-to-2008-10;loto.csv
1991003-2;1991003;2;1991-01-19;SA;historic-6-plus-complementary;28;20;12;4;27;1;31;;;;;;;1976-05-to-2008-10;loto.csv
1991004-1;1991004;1;1991-01-23;ME;historic-6-plus-complementary;19;20;38;39;12;18;27;;;;;;;1976-05-to-2008-10;loto.csv
1991004-2;1991004;2;1991-01-23;ME;historic-6-plus-complementary;41;16;33;3;20;9;29;;;;;;;1976-05-to-2008-10;loto.csv
1991004-1;1991004;1;1991-01-26;SA;historic-6-plus-complementary;38;42;5;27;23;6;34;;;;;;;1976-05-to-2008-10;loto.csv
1991004-2;1991004;2;1991-01-26;SA;historic-6-plus-complementary;40;2;19;3;32;49;30;;;;;;;1976-05-to-2008-10;loto.csv
1991005-1;1991005;1;1991-01-30;ME;historic-6-plus-complementary;37;5;26;17;2;18;44;;;;;;;1976-05-to-2008-10;loto.csv
1991005-2;1991005;2;1991-01-30;ME;historic-6-plus-complementary;5;14;34;38;46;25;31;;;;;;;1976-05-to-2008-10;loto.csv
1991005-1;1991005;1;1991-02-02;SA;historic-6-plus-complementary;22;7;11;3;38;26;20;;;;;;;1976-05-to-2008-10;loto.csv
1991005-2;1991005;2;1991-02-02;SA;historic-6-plus-complementary;38;4;26;23;48;11;15;;;;;;;1976-05-to-2008-10;loto.csv
1991006-1;1991006;1;1991-02-06;ME;historic-6-plus-complementary;47;32;44;18;30;25;37;;;;;;;1976-05-to-2008-10;loto.csv
1991006-2;1991006;2;1991-02-06;ME;historic-6-plus-complementary;6;12;39;16;11;45;35;;;;;;;1976-05-to-2008-10;loto.csv
1991006-1;1991006;1;1991-02-09;SA;historic-6-plus-complementary;2;18;12;35;24;9;41;;;;;;;1976-05-to-2008-10;loto.csv
1991006-2;1991006;2;1991-02-09;SA;historic-6-plus-complementary;7;41;47;19;40;30;25;;;;;;;1976-05-to-2008-10;loto.csv
1991007-1;1991007;1;1991-02-13;ME;historic-6-plus-complementary;23;47;41;1;40;14;46;;;;;;;1976-05-to-2008-10;loto.csv
1991007-2;1991007;2;1991-02-13;ME;historic-6-plus-complementary;8;42;11;44;13;38;22;;;;;;;1976-05-to-2008-10;loto.csv
1991007-1;1991007;1;1991-02-16;SA;historic-6-plus-complementary;19;35;47;20;6;16;7;;;;;;;1976-05-to-2008-10;loto.csv
1991007-2;1991007;2;1991-02-16;SA;historic-6-plus-complementary;44;4;20;19;10;31;27;;;;;;;1976-05-to-2008-10;loto.csv
1991008-1;1991008;1;1991-02-20;ME;historic-6-plus-complementary;23;17;42;29;36;2;19;;;;;;;1976-05-to-2008-10;loto.csv
1991008-2;1991008;2;1991-02-20;ME;historic-6-plus-complementary;10;32;24;3;18;46;4;;;;;;;1976-05-to-2008-10;loto.csv
1991008-1;1991008;1;1991-02-23;SA;historic-6-plus-complementary;25;19;1;21;15;31;38;;;;;;;1976-05-to-2008-10;loto.csv
1991008-2;1991008;2;1991-02-23;SA;historic-6-plus-complementary;10;44;28;6;1;39;5;;;;;;;1976-05-to-2008-10;loto.csv
1991009-1;1991009;1;1991-02-27;ME;historic-6-plus-complementary;30;26;4;23;48;36;7;;;;;;;1976-05-to-2008-10;loto.csv
1991009-2;1991009;2;1991-02-27;ME;historic-6-plus-complementary;48;9;25;17;31;10;5;;;;;;;1976-05-to-2008-10;loto.csv
1991009-1;1991009;1;1991-03-02;SA;historic-6-plus-complementary;32;14;46;18;5;25;36;;;;;;;1976-05-to-2008-10;loto.csv
1991009-2;1991009;2;1991-03-02;SA;historic-6-plus-complementary;41;49;30;4;12;8;21;;;;;;;1976-05-to-2008-10;loto.csv
1991010-1;1991010;1;1991-03-06;ME;historic-6-plus-complementary;27;36;43;48;14;45;40;;;;;;;1976-05-to-2008-10;loto.csv
1991010-2;1991010;2;1991-03-06;ME;historic-6-plus-complementary;21;38;24;32;42;37;36;;;;;;;1976-05-to-2008-10;loto.csv
1991010-1;1991010;1;1991-03-09;SA;historic-6-plus-complementary;37;38;27;21;6;42;1;;;;;;;1976-05-to-2008-10;loto.csv
1991010-2;1991010;2;1991-03-09;SA;historic-6-plus-complementary;16;18;3;45;6;21;10;;;;;;;1976-05-to-2008-10;loto.csv
1991011-1;1991011;1;1991-03-13;ME;historic-6-plus-complementary;34;8;38;48;9;30;41;;;;;;;1976-05-to-2008-10;loto.csv
1991011-2;1991011;2;1991-03-13;ME;historic-6-plus-complementary;36;4;42;26;31;29;32;;;;;;;1976-05-to-2008-10;loto.csv
1991011-1;1991011;1;1991-03-16;SA;historic-6-plus-complementary;13;45;35;20;46;19;10;;;;;;;1976-05-to-2008-10;loto.csv
1991011-2;1991011;2;1991-03-16;SA;historic-6-plus-complementary;7;22;40;11;23;24;38;;;;;;;1976-05-to-2008-10;loto.csv
1991012-1;1991012;1;1991-03-20;ME;historic-6-plus-complementary;1;38;23;37;35;29;33;;;;;;;1976-05-to-2008-10;loto.csv
1991012-2;1991012;2;1991-03-20;ME;historic-6-plus-complementary;31;1;7;45;35;33;23;;;;;;;1976-05-to-2008-10;loto.csv
1991012-1;1991012;1;1991-03-23;SA;historic-6-plus-complementary;37;13;26;3;18;36;38;;;;;;;1976-05-to-2008-10;loto.csv
1991012-2;1991012;2;1991-03-23;SA;historic-6-plus-complementary;15;22;33;9;40;14;10;;;;;;;1976-05-to-2008-10;loto.csv
1991013-1;1991013;1;1991-03-27;ME;historic-6-plus-complementary;45;2;15;5;39;38;3;;;;;;;1976-05-to-2008-10;loto.csv
1991013-2;1991013;2;1991-03-27;ME;historic-6-plus-complementary;38;27;34;48;14;9;3;;;;;;;1976-05-to-2008-10;loto.csv
1991013-1;1991013;1;1991-03-30;SA;historic-6-plus-complementary;21;19;31;1;28;14;40;;;;;;;1976-05-to-2008-10;loto.csv
1991013-2;1991013;2;1991-03-30;SA;historic-6-plus-complementary;12;29;33;31;10;20;32;;;;;;;1976-05-to-2008-10;loto.csv
1991014-1;1991014;1;1991-04-03;ME;historic-6-plus-complementary;37;12;39;33;46;18;21;;;;;;;1976-05-to-2008-10;loto.csv
1991014-2;1991014;2;1991-04-03;ME;historic-6-plus-complementary;30;21;14;13;3;16;35;;;;;;;1976-05-to-2008-10;loto.csv
1991014-1;1991014;1;1991-04-06;SA;historic-6-plus-complementary;23;14;1;33;35;36;3;;;;;;;1976-05-to-2008-10;loto.csv
1991014-2;1991014;2;1991-04-06;SA;historic-6-plus-complementary;1;33;41;39;8;11;38;;;;;;;1976-05-to-2008-10;loto.csv
1991015-1;1991015;1;1991-04-10;ME;historic-6-plus-complementary;2;36;22;23;21;25;14;;;;;;;1976-05-to-2008-10;loto.csv
1991015-2;1991015;2;1991-04-10;ME;historic-6-plus-complementary;49;13;4;14;12;30;8;;;;;;;1976-05-to-2008-10;loto.csv
1991015-1;1991015;1;1991-04-13;SA;historic-6-plus-complementary;31;49;37;41;39;15;17;;;;;;;1976-05-to-2008-10;loto.csv
1991015-2;1991015;2;1991-04-13;SA;historic-6-plus-complementary;40;2;18;46;10;47;30;;;;;;;1976-05-to-2008-10;loto.csv
1991016-1;1991016;1;1991-04-17;ME;historic-6-plus-complementary;10;14;21;13;28;30;22;;;;;;;1976-05-to-2008-10;loto.csv
1991016-2;1991016;2;1991-04-17;ME;historic-6-plus-complementary;8;49;30;6;15;36;35;;;;;;;1976-05-to-2008-10;loto.csv
1991016-1;1991016;1;1991-04-20;SA;historic-6-plus-complementary;40;11;25;8;6;18;31;;;;;;;1976-05-to-2008-10;loto.csv
1991016-2;1991016;2;1991-04-20;SA;historic-6-plus-complementary;44;32;28;43;46;8;37;;;;;;;1976-05-to-2008-10;loto.csv
1991017-1;1991017;1;1991-04-24;ME;historic-6-plus-complementary;31;6;22;28;9;14;11;;;;;;;1976-05-to-2008-10;loto.csv
1991017-2;1991017;2;1991-04-24;ME;historic-6-plus-complementary;5;7;21;32;44;49;28;;;;;;;1976-05-to-2008-10;loto.csv
1991017-1;1991017;1;1991-04-27;SA;historic-6-plus-complementary;45;4;21;39;36;17;22;;;;;;;1976-05-to-2008-10;loto.csv
1991017-2;1991017;2;1991-04-27;SA;historic-6-plus-complementary;3;34;36;48;37;1;47;;;;;;;1976-05-to-2008-10;loto.csv
1991018-1;1991018;1;1991-05-01;ME;historic-6-plus-complementary;2;42;29;47;28;9;8;;;;;;;1976-05-to-2008-10;loto.csv
1991018-2;1991018;2;1991-05-01;ME;historic-6-plus-complementary;34;2;10;5;40;16;12;;;;;;;1976-05-to-2008-10;loto.csv
1991018-1;1991018;1;1991-05-04;SA;historic-6-plus-complementary;32;31;21;40;49;13;42;;;;;;;1976-05-to-2008-10;loto.csv
1991018-2;1991018;2;1991-05-04;SA;historic-6-plus-complementary;21;49;24;9;6;46;36;;;;;;;1976-05-to-2008-10;loto.csv
1991019-1;1991019;1;1991-05-08;ME;historic-6-plus-complementary;6;5;48;34;10;39;13;;;;;;;1976-05-to-2008-10;loto.csv
1991019-2;1991019;2;1991-05-08;ME;historic-6-plus-complementary;3;36;21;19;15;35;38;;;;;;;1976-05-to-2008-10;loto.csv
1991019-1;1991019;1;1991-05-11;SA;historic-6-plus-complementary;16;2;30;49;28;25;31;;;;;;;1976-05-to-2008-10;loto.csv
1991019-2;1991019;2;1991-05-11;SA;historic-6-plus-complementary;10;14;1;20;17;42;19;;;;;;;1976-05-to-2008-10;loto.csv
1991020-1;1991020;1;1991-05-15;ME;historic-6-plus-complementary;3;36;41;21;11;40;49;;;;;;;1976-05-to-2008-10;loto.csv
1991020-2;1991020;2;1991-05-15;ME;historic-6-plus-complementary;21;6;44;47;46;20;1;;;;;;;1976-05-to-2008-10;loto.csv
1991020-1;1991020;1;1991-05-18;SA;historic-6-plus-complementary;29;9;41;17;13;35;40;;;;;;;1976-05-to-2008-10;loto.csv
1991020-2;1991020;2;1991-05-18;SA;historic-6-plus-complementary;18;39;30;38;12;19;3;;;;;;;1976-05-to-2008-10;loto.csv
1991021-1;1991021;1;1991-05-22;ME;historic-6-plus-complementary;27;12;37;32;7;25;28;;;;;;;1976-05-to-2008-10;loto.csv
1991021-2;1991021;2;1991-05-22;ME;historic-6-plus-complementary;27;18;48;42;4;1;2;;;;;;;1976-05-to-2008-10;loto.csv
1991021-1;1991021;1;1991-05-25;SA;historic-6-plus-complementary;24;22;9;44;35;1;19;;;;;;;1976-05-to-2008-10;loto.csv
1991021-2;1991021;2;1991-05-25;SA;historic-6-plus-complementary;9;8;45;11;44;48;31;;;;;;;1976-05-to-2008-10;loto.csv
1991022-1;1991022;1;1991-05-29;ME;historic-6-plus-complementary;9;17;42;40;33;49;19;;;;;;;1976-05-to-2008-10;loto.csv
1991022-2;1991022;2;1991-05-29;ME;historic-6-plus-complementary;36;3;12;1;8;25;13;;;;;;;1976-05-to-2008-10;loto.csv
1991022-1;1991022;1;1991-06-01;SA;historic-6-plus-complementary;43;19;46;32;45;2;34;;;;;;;1976-05-to-2008-10;loto.csv
1991022-2;1991022;2;1991-06-01;SA;historic-6-plus-complementary;23;27;5;8;43;7;19;;;;;;;1976-05-to-2008-10;loto.csv
1991023-1;1991023;1;1991-06-05;ME;historic-6-plus-complementary;40;17;37;19;3;2;33;;;;;;;1976-05-to-2008-10;loto.csv
1991023-2;1991023;2;1991-06-05;ME;historic-6-plus-complementary;9;39;19;15;37;8;46;;;;;;;1976-05-to-2008-10;loto.csv
1991023-1;1991023;1;1991-06-08;SA;historic-6-plus-complementary;18;43;34;16;35;19;32;;;;;;;1976-05-to-2008-10;loto.csv
1991023-2;1991023;2;1991-06-08;SA;historic-6-plus-complementary;7;31;30;42;13;4;35;;;;;;;1976-05-to-2008-10;loto.csv
1991024-1;1991024;1;1991-06-12;ME;historic-6-plus-complementary;19;23;49;12;7;35;13;;;;;;;1976-05-to-2008-10;loto.csv
1991024-2;1991024;2;1991-06-12;ME;historic-6-plus-complementary;41;13;30;1;9;36;33;;;;;;;1976-05-to-2008-10;loto.csv
1991024-1;1991024;1;1991-06-15;SA;historic-6-plus-complementary;25;5;7;30;19;34;23;;;;;;;1976-05-to-2008-10;loto.csv
1991024-2;1991024;2;1991-06-15;SA;historic-6-plus-complementary;39;8;3;30;22;5;32;;;;;;;1976-05-to-2008-10;loto.csv
1991025-1;1991025;1;1991-06-19;ME;historic-6-plus-complementary;39;32;27;37;6;40;16;;;;;;;1976-05-to-2008-10;loto.csv
1991025-2;1991025;2;1991-06-19;ME;historic-6-plus-complementary;24;37;49;32;46;40;8;;;;;;;1976-05-to-2008-10;loto.csv
1991025-1;1991025;1;1991-06-22;SA;historic-6-plus-complementary;20;13;38;29;12;48;26;;;;;;;1976-05-to-2008-10;loto.csv
1991025-2;1991025;2;1991-06-22;SA;historic-6-plus-complementary;44;10;35;5;24;8;43;;;;;;;1976-05-to-2008-10;loto.csv
1991026-1;1991026;1;1991-06-26;ME;historic-6-plus-complementary;21;32;35;16;3;33;46;;;;;;;1976-05-to-2008-10;loto.csv
1991026-2;1991026;2;1991-06-26;ME;historic-6-plus-complementary;4;14;10;22;9;37;33;;;;;;;1976-05-to-2008-10;loto.csv
1991026-1;1991026;1;1991-06-29;SA;historic-6-plus-complementary;41;40;5;16;19;15;12;;;;;;;1976-05-to-2008-10;loto.csv
1991026-2;1991026;2;1991-06-29;SA;historic-6-plus-complementary;35;31;24;47;9;32;6;;;;;;;1976-05-to-2008-10;loto.csv
1991027-1;1991027;1;1991-07-03;ME;historic-6-plus-complementary;11;21;19;32;36;40;26;;;;;;;1976-05-to-2008-10;loto.csv
1991027-2;1991027;2;1991-07-03;ME;historic-6-plus-complementary;26;22;29;45;36;17;9;;;;;;;1976-05-to-2008-10;loto.csv
1991027-1;1991027;1;1991-07-06;SA;historic-6-plus-complementary;35;18;47;9;4;6;43;;;;;;;1976-05-to-2008-10;loto.csv
1991027-2;1991027;2;1991-07-06;SA;historic-6-plus-complementary;35;9;6;29;7;11;1;;;;;;;1976-05-to-2008-10;loto.csv
1991028-1;1991028;1;1991-07-10;ME;historic-6-plus-complementary;3;22;28;38;7;5;30;;;;;;;1976-05-to-2008-10;loto.csv
1991028-2;1991028;2;1991-07-10;ME;historic-6-plus-complementary;19;49;45;27;44;16;9;;;;;;;1976-05-to-2008-10;loto.csv
1991028-1;1991028;1;1991-07-13;SA;historic-6-plus-complementary;1;6;36;28;37;38;17;;;;;;;1976-05-to-2008-10;loto.csv
1991028-2;1991028;2;1991-07-13;SA;historic-6-plus-complementary;34;32;42;13;29;37;33;;;;;;;1976-05-to-2008-10;loto.csv
1991029-1;1991029;1;1991-07-17;ME;historic-6-plus-complementary;47;26;40;15;6;49;44;;;;;;;1976-05-to-2008-10;loto.csv
1991029-2;1991029;2;1991-07-17;ME;historic-6-plus-complementary;21;8;19;10;28;43;13;;;;;;;1976-05-to-2008-10;loto.csv
1991029-1;1991029;1;1991-07-20;SA;historic-6-plus-complementary;2;6;49;43;22;10;19;;;;;;;1976-05-to-2008-10;loto.csv
1991029-2;1991029;2;1991-07-20;SA;historic-6-plus-complementary;10;39;24;36;15;42;6;;;;;;;1976-05-to-2008-10;loto.csv
1991030-1;1991030;1;1991-07-24;ME;historic-6-plus-complementary;37;47;10;8;32;16;34;;;;;;;1976-05-to-2008-10;loto.csv
1991030-2;1991030;2;1991-07-24;ME;historic-6-plus-complementary;9;45;38;22;26;47;37;;;;;;;1976-05-to-2008-10;loto.csv
1991030-1;1991030;1;1991-07-27;SA;historic-6-plus-complementary;34;42;1;24;39;27;7;;;;;;;1976-05-to-2008-10;loto.csv
1991030-2;1991030;2;1991-07-27;SA;historic-6-plus-complementary;42;18;14;4;20;1;13;;;;;;;1976-05-to-2008-10;loto.csv
1991031-1;1991031;1;1991-07-31;ME;historic-6-plus-complementary;30;40;44;20;38;47;7;;;;;;;1976-05-to-2008-10;loto.csv
1991031-2;1991031;2;1991-07-31;ME;historic-6-plus-complementary;19;49;32;4;26;3;17;;;;;;;1976-05-to-2008-10;loto.csv
1991031-1;1991031;1;1991-08-03;SA;historic-6-plus-complementary;13;30;20;7;46;3;41;;;;;;;1976-05-to-2008-10;loto.csv
1991031-2;1991031;2;1991-08-03;SA;historic-6-plus-complementary;6;36;23;16;20;45;34;;;;;;;1976-05-to-2008-10;loto.csv
1991032-1;1991032;1;1991-08-07;ME;historic-6-plus-complementary;17;3;21;27;42;34;33;;;;;;;1976-05-to-2008-10;loto.csv
1991032-2;1991032;2;1991-08-07;ME;historic-6-plus-complementary;3;1;16;39;13;40;19;;;;;;;1976-05-to-2008-10;loto.csv
1991032-1;1991032;1;1991-08-10;SA;historic-6-plus-complementary;44;41;6;45;15;49;7;;;;;;;1976-05-to-2008-10;loto.csv
1991032-2;1991032;2;1991-08-10;SA;historic-6-plus-complementary;31;44;26;39;18;8;40;;;;;;;1976-05-to-2008-10;loto.csv
1991033-1;1991033;1;1991-08-14;ME;historic-6-plus-complementary;38;49;18;23;3;37;36;;;;;;;1976-05-to-2008-10;loto.csv
1991033-2;1991033;2;1991-08-14;ME;historic-6-plus-complementary;19;12;49;36;34;20;33;;;;;;;1976-05-to-2008-10;loto.csv
1991033-1;1991033;1;1991-08-17;SA;historic-6-plus-complementary;35;17;44;24;46;19;14;;;;;;;1976-05-to-2008-10;loto.csv
1991033-2;1991033;2;1991-08-17;SA;historic-6-plus-complementary;49;4;30;28;48;9;17;;;;;;;1976-05-to-2008-10;loto.csv
1991034-1;1991034;1;1991-08-21;ME;historic-6-plus-complementary;44;6;27;9;11;10;31;;;;;;;1976-05-to-2008-10;loto.csv
1991034-2;1991034;2;1991-08-21;ME;historic-6-plus-complementary;38;33;11;37;20;36;18;;;;;;;1976-05-to-2008-10;loto.csv
1991034-1;1991034;1;1991-08-24;SA;historic-6-plus-complementary;5;31;35;28;18;7;47;;;;;;;1976-05-to-2008-10;loto.csv
1991034-2;1991034;2;1991-08-24;SA;historic-6-plus-complementary;36;5;43;28;45;3;20;;;;;;;1976-05-to-2008-10;loto.csv
1991035-1;1991035;1;1991-08-28;ME;historic-6-plus-complementary;22;16;40;7;1;4;26;;;;;;;1976-05-to-2008-10;loto.csv
1991035-2;1991035;2;1991-08-28;ME;historic-6-plus-complementary;42;8;40;13;19;26;11;;;;;;;1976-05-to-2008-10;loto.csv
1991035-1;1991035;1;1991-08-31;SA;historic-6-plus-complementary;36;28;34;25;12;22;13;;;;;;;1976-05-to-2008-10;loto.csv
1991035-2;1991035;2;1991-08-31;SA;historic-6-plus-complementary;7;43;19;49;44;30;5;;;;;;;1976-05-to-2008-10;loto.csv
1991036-1;1991036;1;1991-09-04;ME;historic-6-plus-complementary;2;15;34;25;17;19;4;;;;;;;1976-05-to-2008-10;loto.csv
1991036-2;1991036;2;1991-09-04;ME;historic-6-plus-complementary;9;25;10;35;12;13;3;;;;;;;1976-05-to-2008-10;loto.csv
1991036-1;1991036;1;1991-09-07;SA;historic-6-plus-complementary;46;27;25;43;14;31;9;;;;;;;1976-05-to-2008-10;loto.csv
1991036-2;1991036;2;1991-09-07;SA;historic-6-plus-complementary;4;11;38;28;49;9;18;;;;;;;1976-05-to-2008-10;loto.csv
1991037-1;1991037;1;1991-09-11;ME;historic-6-plus-complementary;25;12;34;43;5;4;47;;;;;;;1976-05-to-2008-10;loto.csv
1991037-2;1991037;2;1991-09-11;ME;historic-6-plus-complementary;31;36;26;43;49;21;35;;;;;;;1976-05-to-2008-10;loto.csv
1991037-1;1991037;1;1991-09-14;SA;historic-6-plus-complementary;34;13;14;45;37;46;15;;;;;;;1976-05-to-2008-10;loto.csv
1991037-2;1991037;2;1991-09-14;SA;historic-6-plus-complementary;34;24;16;5;45;49;6;;;;;;;1976-05-to-2008-10;loto.csv
1991038-1;1991038;1;1991-09-18;ME;historic-6-plus-complementary;21;29;33;15;44;6;41;;;;;;;1976-05-to-2008-10;loto.csv
1991038-2;1991038;2;1991-09-18;ME;historic-6-plus-complementary;17;16;1;30;2;38;22;;;;;;;1976-05-to-2008-10;loto.csv
1991038-1;1991038;1;1991-09-21;SA;historic-6-plus-complementary;17;39;47;21;40;36;20;;;;;;;1976-05-to-2008-10;loto.csv
1991038-2;1991038;2;1991-09-21;SA;historic-6-plus-complementary;21;14;17;10;44;13;43;;;;;;;1976-05-to-2008-10;loto.csv
1991039-1;1991039;1;1991-09-25;ME;historic-6-plus-complementary;26;49;36;23;7;37;46;;;;;;;1976-05-to-2008-10;loto.csv
1991039-2;1991039;2;1991-09-25;ME;historic-6-plus-complementary;8;48;45;44;26;30;23;;;;;;;1976-05-to-2008-10;loto.csv
1991039-1;1991039;1;1991-09-28;SA;historic-6-plus-complementary;49;14;4;46;16;20;42;;;;;;;1976-05-to-2008-10;loto.csv
1991039-2;1991039;2;1991-09-28;SA;historic-6-plus-complementary;13;27;4;6;39;24;48;;;;;;;1976-05-to-2008-10;loto.csv
1991040-1;1991040;1;1991-10-02;ME;historic-6-plus-complementary;15;2;18;28;34;31;26;;;;;;;1976-05-to-2008-10;loto.csv
1991040-2;1991040;2;1991-10-02;ME;historic-6-plus-complementary;40;45;16;18;43;12;49;;;;;;;1976-05-to-2008-10;loto.csv
1991040-1;1991040;1;1991-10-05;SA;historic-6-plus-complementary;11;36;23;27;24;28;2;;;;;;;1976-05-to-2008-10;loto.csv
1991040-2;1991040;2;1991-10-05;SA;historic-6-plus-complementary;12;40;31;28;26;14;42;;;;;;;1976-05-to-2008-10;loto.csv
1991041-1;1991041;1;1991-10-09;ME;historic-6-plus-complementary;29;33;23;22;25;34;30;;;;;;;1976-05-to-2008-10;loto.csv
1991041-2;1991041;2;1991-10-09;ME;historic-6-plus-complementary;2;7;47;26;30;5;10;;;;;;;1976-05-to-2008-10;loto.csv
1991041-1;1991041;1;1991-10-12;SA;historic-6-plus-complementary;34;31;14;28;11;20;25;;;;;;;1976-05-to-2008-10;loto.csv
1991041-2;1991041;2;1991-10-12;SA;historic-6-plus-complementary;6;44;1;25;26;42;19;;;;;;;1976-05-to-2008-10;loto.csv
1991042-1;1991042;1;1991-10-16;ME;historic-6-plus-complementary;18;34;38;15;7;44;36;;;;;;;1976-05-to-2008-10;loto.csv
1991042-2;1991042;2;1991-10-16;ME;historic-6-plus-complementary;13;41;30;1;36;25;19;;;;;;;1976-05-to-2008-10;loto.csv
1991042-1;1991042;1;1991-10-19;SA;historic-6-plus-complementary;43;47;17;11;34;14;4;;;;;;;1976-05-to-2008-10;loto.csv
1991042-2;1991042;2;1991-10-19;SA;historic-6-plus-complementary;24;20;28;12;1;29;34;;;;;;;1976-05-to-2008-10;loto.csv
1991043-1;1991043;1;1991-10-23;ME;historic-6-plus-complementary;42;14;47;45;35;7;48;;;;;;;1976-05-to-2008-10;loto.csv
1991043-2;1991043;2;1991-10-23;ME;historic-6-plus-complementary;23;10;35;12;5;19;20;;;;;;;1976-05-to-2008-10;loto.csv
1991043-1;1991043;1;1991-10-26;SA;historic-6-plus-complementary;27;6;16;15;41;37;42;;;;;;;1976-05-to-2008-10;loto.csv
1991043-2;1991043;2;1991-10-26;SA;historic-6-plus-complementary;45;33;14;1;16;49;27;;;;;;;1976-05-to-2008-10;loto.csv
1991044-1;1991044;1;1991-10-30;ME;historic-6-plus-complementary;38;37;39;29;35;5;20;;;;;;;1976-05-to-2008-10;loto.csv
1991044-2;1991044;2;1991-10-30;ME;historic-6-plus-complementary;8;27;46;10;6;33;32;;;;;;;1976-05-to-2008-10;loto.csv
1991044-1;1991044;1;1991-11-02;SA;historic-6-plus-complementary;46;34;35;15;43;2;24;;;;;;;1976-05-to-2008-10;loto.csv
1991044-2;1991044;2;1991-11-02;SA;historic-6-plus-complementary;49;40;36;16;41;28;9;;;;;;;1976-05-to-2008-10;loto.csv
1991045-1;1991045;1;1991-11-06;ME;historic-6-plus-complementary;30;7;37;48;49;8;46;;;;;;;1976-05-to-2008-10;loto.csv
1991045-2;1991045;2;1991-11-06;ME;historic-6-plus-complementary;9;2;24;48;18;47;14;;;;;;;1976-05-to-2008-10;loto.csv
1991045-1;1991045;1;1991-11-09;SA;historic-6-plus-complementary;24;38;9;23;18;34;37;;;;;;;1976-05-to-2008-10;loto.csv
1991045-2;1991045;2;1991-11-09;SA;historic-6-plus-complementary;20;4;42;1;40;16;3;;;;;;;1976-05-to-2008-10;loto.csv
1991046-1;1991046;1;1991-11-13;ME;historic-6-plus-complementary;42;16;15;22;26;44;27;;;;;;;1976-05-to-2008-10;loto.csv
1991046-2;1991046;2;1991-11-13;ME;historic-6-plus-complementary;42;49;14;34;12;2;45;;;;;;;1976-05-to-2008-10;loto.csv
1991046-1;1991046;1;1991-11-16;SA;historic-6-plus-complementary;44;9;16;38;23;7;13;;;;;;;1976-05-to-2008-10;loto.csv
1991046-2;1991046;2;1991-11-16;SA;historic-6-plus-complementary;40;28;35;34;27;33;17;;;;;;;1976-05-to-2008-10;loto.csv
1991047-1;1991047;1;1991-11-20;ME;historic-6-plus-complementary;42;35;20;24;18;26;45;;;;;;;1976-05-to-2008-10;loto.csv
1991047-2;1991047;2;1991-11-20;ME;historic-6-plus-complementary;46;10;12;49;3;7;44;;;;;;;1976-05-to-2008-10;loto.csv
1991047-1;1991047;1;1991-11-23;SA;historic-6-plus-complementary;49;45;15;42;36;1;37;;;;;;;1976-05-to-2008-10;loto.csv
1991047-2;1991047;2;1991-11-23;SA;historic-6-plus-complementary;31;7;13;32;23;42;8;;;;;;;1976-05-to-2008-10;loto.csv
1991048-1;1991048;1;1991-11-27;ME;historic-6-plus-complementary;9;33;38;16;45;15;6;;;;;;;1976-05-to-2008-10;loto.csv
1991048-2;1991048;2;1991-11-27;ME;historic-6-plus-complementary;45;10;13;48;34;37;16;;;;;;;1976-05-to-2008-10;loto.csv
1991048-1;1991048;1;1991-11-30;SA;historic-6-plus-complementary;30;2;25;32;1;31;5;;;;;;;1976-05-to-2008-10;loto.csv
1991048-2;1991048;2;1991-11-30;SA;historic-6-plus-complementary;5;12;17;27;21;4;23;;;;;;;1976-05-to-2008-10;loto.csv
1991049-1;1991049;1;1991-12-04;ME;historic-6-plus-complementary;7;43;34;47;33;1;39;;;;;;;1976-05-to-2008-10;loto.csv
1991049-2;1991049;2;1991-12-04;ME;historic-6-plus-complementary;35;48;36;23;39;40;28;;;;;;;1976-05-to-2008-10;loto.csv
1991049-1;1991049;1;1991-12-07;SA;historic-6-plus-complementary;37;16;7;8;31;15;41;;;;;;;1976-05-to-2008-10;loto.csv
1991049-2;1991049;2;1991-12-07;SA;historic-6-plus-complementary;44;30;12;40;10;6;43;;;;;;;1976-05-to-2008-10;loto.csv
1991050-1;1991050;1;1991-12-11;ME;historic-6-plus-complementary;47;39;11;43;4;10;33;;;;;;;1976-05-to-2008-10;loto.csv
1991050-2;1991050;2;1991-12-11;ME;historic-6-plus-complementary;8;22;40;9;38;14;15;;;;;;;1976-05-to-2008-10;loto.csv
1991050-1;1991050;1;1991-12-14;SA;historic-6-plus-complementary;35;33;9;23;19;31;28;;;;;;;1976-05-to-2008-10;loto.csv
1991050-2;1991050;2;1991-12-14;SA;historic-6-plus-complementary;15;23;2;33;24;38;29;;;;;;;1976-05-to-2008-10;loto.csv
1991051-1;1991051;1;1991-12-18;ME;historic-6-plus-complementary;35;32;47;2;9;46;10;;;;;;;1976-05-to-2008-10;loto.csv
1991051-2;1991051;2;1991-12-18;ME;historic-6-plus-complementary;49;12;14;36;40;3;8;;;;;;;1976-05-to-2008-10;loto.csv
1991051-1;1991051;1;1991-12-21;SA;historic-6-plus-complementary;2;29;18;39;41;44;45;;;;;;;1976-05-to-2008-10;loto.csv
1991051-2;1991051;2;1991-12-21;SA;historic-6-plus-complementary;18;28;3;7;34;46;42;;;;;;;1976-05-to-2008-10;loto.csv
1991052-1;1991052;1;1991-12-25;ME;historic-6-plus-complementary;15;25;3;26;22;5;43;;;;;;;1976-05-to-2008-10;loto.csv
1991052-2;1991052;2;1991-12-25;ME;historic-6-plus-complementary;24;25;27;28;49;13;47;;;;;;;1976-05-to-2008-10;loto.csv
1991052-1;1991052;1;1991-12-28;SA;historic-6-plus-complementary;17;1;28;33;45;31;24;;;;;;;1976-05-to-2008-10;loto.csv
1991052-2;1991052;2;1991-12-28;SA;historic-6-plus-complementary;18;35;8;44;3;21;41;;;;;;;1976-05-to-2008-10;loto.csv
1992001-1;1992001;1;1992-01-01;ME;historic-6-plus-complementary;4;37;20;25;26;30;7;;;;;;;1976-05-to-2008-10;loto.csv
1992001-2;1992001;2;1992-01-01;ME;historic-6-plus-complementary;28;42;35;1;13;45;32;;;;;;;1976-05-to-2008-10;loto.csv
1992001-1;1992001;1;1992-01-04;SA;historic-6-plus-complementary;31;16;9;23;20;26;10;;;;;;;1976-05-to-2008-10;loto.csv
1992001-2;1992001;2;1992-01-04;SA;historic-6-plus-complementary;44;13;42;33;37;21;31;;;;;;;1976-05-to-2008-10;loto.csv
1992002-1;1992002;1;1992-01-08;ME;historic-6-plus-complementary;5;7;11;47;25;13;46;;;;;;;1976-05-to-2008-10;loto.csv
1992002-2;1992002;2;1992-01-08;ME;historic-6-plus-complementary;48;40;21;31;17;20;9;;;;;;;1976-05-to-2008-10;loto.csv
1992002-1;1992002;1;1992-01-11;SA;historic-6-plus-complementary;4;44;14;37;2;34;43;;;;;;;1976-05-to-2008-10;loto.csv
1992002-2;1992002;2;1992-01-11;SA;historic-6-plus-complementary;23;21;8;47;27;20;17;;;;;;;1976-05-to-2008-10;loto.csv
1992003-1;1992003;1;1992-01-15;ME;historic-6-plus-complementary;2;32;20;1;22;46;6;;;;;;;1976-05-to-2008-10;loto.csv
1992003-2;1992003;2;1992-01-15;ME;historic-6-plus-complementary;32;24;28;29;46;38;31;;;;;;;1976-05-to-2008-10;loto.csv
1992003-1;1992003;1;1992-01-18;SA;historic-6-plus-complementary;25;7;18;24;27;43;5;;;;;;;1976-05-to-2008-10;loto.csv
1992003-2;1992003;2;1992-01-18;SA;historic-6-plus-complementary;31;27;16;46;1;26;23;;;;;;;1976-05-to-2008-10;loto.csv
1992004-1;1992004;1;1992-01-22;ME;historic-6-plus-complementary;36;10;16;26;17;1;15;;;;;;;1976-05-to-2008-10;loto.csv
1992004-2;1992004;2;1992-01-22;ME;historic-6-plus-complementary;41;4;7;23;39;19;8;;;;;;;1976-05-to-2008-10;loto.csv
1992004-1;1992004;1;1992-01-25;SA;historic-6-plus-complementary;45;38;27;29;3;47;22;;;;;;;1976-05-to-2008-10;loto.csv
1992004-2;1992004;2;1992-01-25;SA;historic-6-plus-complementary;10;27;8;6;39;36;5;;;;;;;1976-05-to-2008-10;loto.csv
1992005-1;1992005;1;1992-01-29;ME;historic-6-plus-complementary;41;37;29;6;33;44;38;;;;;;;1976-05-to-2008-10;loto.csv
1992005-2;1992005;2;1992-01-29;ME;historic-6-plus-complementary;5;43;48;23;25;2;1;;;;;;;1976-05-to-2008-10;loto.csv
1992005-1;1992005;1;1992-02-01;SA;historic-6-plus-complementary;17;23;9;35;39;2;40;;;;;;;1976-05-to-2008-10;loto.csv
1992005-2;1992005;2;1992-02-01;SA;historic-6-plus-complementary;20;19;3;42;18;12;22;;;;;;;1976-05-to-2008-10;loto.csv
1992006-1;1992006;1;1992-02-05;ME;historic-6-plus-complementary;37;38;29;24;26;17;13;;;;;;;1976-05-to-2008-10;loto.csv
1992006-2;1992006;2;1992-02-05;ME;historic-6-plus-complementary;25;43;22;49;48;39;1;;;;;;;1976-05-to-2008-10;loto.csv
1992006-1;1992006;1;1992-02-08;SA;historic-6-plus-complementary;24;25;29;34;39;9;13;;;;;;;1976-05-to-2008-10;loto.csv
1992006-2;1992006;2;1992-02-08;SA;historic-6-plus-complementary;3;9;34;1;18;30;23;;;;;;;1976-05-to-2008-10;loto.csv
1992007-1;1992007;1;1992-02-12;ME;historic-6-plus-complementary;30;24;25;42;47;3;1;;;;;;;1976-05-to-2008-10;loto.csv
1992007-2;1992007;2;1992-02-12;ME;historic-6-plus-complementary;25;5;12;10;9;1;41;;;;;;;1976-05-to-2008-10;loto.csv
1992007-1;1992007;1;1992-02-15;SA;historic-6-plus-complementary;36;7;44;31;9;45;18;;;;;;;1976-05-to-2008-10;loto.csv
1992007-2;1992007;2;1992-02-15;SA;historic-6-plus-complementary;44;47;24;42;37;39;33;;;;;;;1976-05-to-2008-10;loto.csv
1992008-1;1992008;1;1992-02-19;ME;historic-6-plus-complementary;41;8;9;14;24;34;33;;;;;;;1976-05-to-2008-10;loto.csv
1992008-2;1992008;2;1992-02-19;ME;historic-6-plus-complementary;28;38;47;40;45;21;2;;;;;;;1976-05-to-2008-10;loto.csv
1992008-1;1992008;1;1992-02-22;SA;historic-6-plus-complementary;1;29;35;13;43;4;34;;;;;;;1976-05-to-2008-10;loto.csv
1992008-2;1992008;2;1992-02-22;SA;historic-6-plus-complementary;38;45;31;17;5;7;22;;;;;;;1976-05-to-2008-10;loto.csv
1992009-1;1992009;1;1992-02-26;ME;historic-6-plus-complementary;22;42;12;44;4;5;36;;;;;;;1976-05-to-2008-10;loto.csv
1992009-2;1992009;2;1992-02-26;ME;historic-6-plus-complementary;43;47;26;8;14;1;13;;;;;;;1976-05-to-2008-10;loto.csv
1992009-1;1992009;1;1992-02-29;SA;historic-6-plus-complementary;47;6;25;28;38;26;27;;;;;;;1976-05-to-2008-10;loto.csv
1992009-2;1992009;2;1992-02-29;SA;historic-6-plus-complementary;32;41;37;38;30;28;10;;;;;;;1976-05-to-2008-10;loto.csv
1992010-1;1992010;1;1992-03-04;ME;historic-6-plus-complementary;19;4;7;34;38;29;17;;;;;;;1976-05-to-2008-10;loto.csv
1992010-2;1992010;2;1992-03-04;ME;historic-6-plus-complementary;30;15;35;1;46;5;36;;;;;;;1976-05-to-2008-10;loto.csv
1992010-1;1992010;1;1992-03-07;SA;historic-6-plus-complementary;33;45;11;44;35;10;32;;;;;;;1976-05-to-2008-10;loto.csv
1992010-2;1992010;2;1992-03-07;SA;historic-6-plus-complementary;48;11;24;32;23;31;41;;;;;;;1976-05-to-2008-10;loto.csv
1992011-1;1992011;1;1992-03-11;ME;historic-6-plus-complementary;9;2;43;4;21;37;18;;;;;;;1976-05-to-2008-10;loto.csv
1992011-2;1992011;2;1992-03-11;ME;historic-6-plus-complementary;22;10;29;16;27;30;23;;;;;;;1976-05-to-2008-10;loto.csv
1992011-1;1992011;1;1992-03-14;SA;historic-6-plus-complementary;29;30;40;17;22;9;48;;;;;;;1976-05-to-2008-10;loto.csv
1992011-2;1992011;2;1992-03-14;SA;historic-6-plus-complementary;7;8;1;4;23;16;44;;;;;;;1976-05-to-2008-10;loto.csv
1992012-1;1992012;1;1992-03-18;ME;historic-6-plus-complementary;36;34;37;41;11;26;8;;;;;;;1976-05-to-2008-10;loto.csv
1992012-2;1992012;2;1992-03-18;ME;historic-6-plus-complementary;30;20;1;46;6;40;11;;;;;;;1976-05-to-2008-10;loto.csv
1992012-1;1992012;1;1992-03-21;SA;historic-6-plus-complementary;18;49;43;34;16;39;12;;;;;;;1976-05-to-2008-10;loto.csv
1992012-2;1992012;2;1992-03-21;SA;historic-6-plus-complementary;18;4;8;37;10;40;31;;;;;;;1976-05-to-2008-10;loto.csv
1992013-1;1992013;1;1992-03-25;ME;historic-6-plus-complementary;13;48;28;7;10;45;37;;;;;;;1976-05-to-2008-10;loto.csv
1992013-2;1992013;2;1992-03-25;ME;historic-6-plus-complementary;21;13;30;39;43;28;9;;;;;;;1976-05-to-2008-10;loto.csv
1992013-1;1992013;1;1992-03-28;SA;historic-6-plus-complementary;37;6;29;9;25;11;5;;;;;;;1976-05-to-2008-10;loto.csv
1992013-2;1992013;2;1992-03-28;SA;historic-6-plus-complementary;36;21;23;6;47;10;45;;;;;;;1976-05-to-2008-10;loto.csv
1992014-1;1992014;1;1992-04-01;ME;historic-6-plus-complementary;42;43;12;28;30;7;19;;;;;;;1976-05-to-2008-10;loto.csv
1992014-2;1992014;2;1992-04-01;ME;historic-6-plus-complementary;7;42;37;47;25;34;31;;;;;;;1976-05-to-2008-10;loto.csv
1992014-1;1992014;1;1992-04-04;SA;historic-6-plus-complementary;27;26;17;39;36;44;25;;;;;;;1976-05-to-2008-10;loto.csv
1992014-2;1992014;2;1992-04-04;SA;historic-6-plus-complementary;36;16;6;35;32;47;41;;;;;;;1976-05-to-2008-10;loto.csv
1992015-1;1992015;1;1992-04-08;ME;historic-6-plus-complementary;35;11;38;33;25;26;45;;;;;;;1976-05-to-2008-10;loto.csv
1992015-2;1992015;2;1992-04-08;ME;historic-6-plus-complementary;39;16;18;48;30;31;22;;;;;;;1976-05-to-2008-10;loto.csv
1992015-1;1992015;1;1992-04-11;SA;historic-6-plus-complementary;33;17;10;20;44;16;45;;;;;;;1976-05-to-2008-10;loto.csv
1992015-2;1992015;2;1992-04-11;SA;historic-6-plus-complementary;36;13;43;11;5;37;25;;;;;;;1976-05-to-2008-10;loto.csv
1992016-1;1992016;1;1992-04-15;ME;historic-6-plus-complementary;9;42;31;19;18;43;45;;;;;;;1976-05-to-2008-10;loto.csv
1992016-2;1992016;2;1992-04-15;ME;historic-6-plus-complementary;15;38;14;45;6;4;42;;;;;;;1976-05-to-2008-10;loto.csv
1992016-1;1992016;1;1992-04-18;SA;historic-6-plus-complementary;35;11;45;36;41;31;47;;;;;;;1976-05-to-2008-10;loto.csv
1992016-2;1992016;2;1992-04-18;SA;historic-6-plus-complementary;3;49;4;21;36;12;43;;;;;;;1976-05-to-2008-10;loto.csv
1992017-1;1992017;1;1992-04-22;ME;historic-6-plus-complementary;28;41;35;18;24;45;12;;;;;;;1976-05-to-2008-10;loto.csv
1992017-2;1992017;2;1992-04-22;ME;historic-6-plus-complementary;16;43;24;30;5;15;31;;;;;;;1976-05-to-2008-10;loto.csv
1992017-1;1992017;1;1992-04-25;SA;historic-6-plus-complementary;31;23;7;42;34;19;21;;;;;;;1976-05-to-2008-10;loto.csv
1992017-2;1992017;2;1992-04-25;SA;historic-6-plus-complementary;33;4;47;20;28;8;6;;;;;;;1976-05-to-2008-10;loto.csv
1992018-1;1992018;1;1992-04-29;ME;historic-6-plus-complementary;1;31;17;20;10;8;28;;;;;;;1976-05-to-2008-10;loto.csv
1992018-2;1992018;2;1992-04-29;ME;historic-6-plus-complementary;25;45;16;20;39;2;18;;;;;;;1976-05-to-2008-10;loto.csv
1992018-1;1992018;1;1992-05-02;SA;historic-6-plus-complementary;41;19;28;29;12;44;43;;;;;;;1976-05-to-2008-10;loto.csv
1992018-2;1992018;2;1992-05-02;SA;historic-6-plus-complementary;33;5;11;47;26;4;10;;;;;;;1976-05-to-2008-10;loto.csv
1992019-1;1992019;1;1992-05-06;ME;historic-6-plus-complementary;41;24;14;32;22;5;18;;;;;;;1976-05-to-2008-10;loto.csv
1992019-2;1992019;2;1992-05-06;ME;historic-6-plus-complementary;23;38;18;36;21;30;5;;;;;;;1976-05-to-2008-10;loto.csv
1992019-1;1992019;1;1992-05-09;SA;historic-6-plus-complementary;42;30;47;29;10;34;37;;;;;;;1976-05-to-2008-10;loto.csv
1992019-2;1992019;2;1992-05-09;SA;historic-6-plus-complementary;20;26;34;30;42;24;33;;;;;;;1976-05-to-2008-10;loto.csv
1992020-1;1992020;1;1992-05-13;ME;historic-6-plus-complementary;45;12;17;35;24;15;22;;;;;;;1976-05-to-2008-10;loto.csv
1992020-2;1992020;2;1992-05-13;ME;historic-6-plus-complementary;9;18;14;42;48;6;8;;;;;;;1976-05-to-2008-10;loto.csv
1992020-1;1992020;1;1992-05-16;SA;historic-6-plus-complementary;24;5;6;27;19;32;23;;;;;;;1976-05-to-2008-10;loto.csv
1992020-2;1992020;2;1992-05-16;SA;historic-6-plus-complementary;41;11;14;24;46;34;30;;;;;;;1976-05-to-2008-10;loto.csv
1992021-1;1992021;1;1992-05-20;ME;historic-6-plus-complementary;43;41;29;36;49;25;16;;;;;;;1976-05-to-2008-10;loto.csv
1992021-2;1992021;2;1992-05-20;ME;historic-6-plus-complementary;1;18;33;25;47;17;6;;;;;;;1976-05-to-2008-10;loto.csv
1992021-1;1992021;1;1992-05-23;SA;historic-6-plus-complementary;31;7;33;32;13;30;1;;;;;;;1976-05-to-2008-10;loto.csv
1992021-2;1992021;2;1992-05-23;SA;historic-6-plus-complementary;1;44;5;11;43;42;41;;;;;;;1976-05-to-2008-10;loto.csv
1992022-1;1992022;1;1992-05-27;ME;historic-6-plus-complementary;4;1;48;26;25;49;14;;;;;;;1976-05-to-2008-10;loto.csv
1992022-2;1992022;2;1992-05-27;ME;historic-6-plus-complementary;34;38;11;17;27;23;49;;;;;;;1976-05-to-2008-10;loto.csv
1992022-1;1992022;1;1992-05-30;SA;historic-6-plus-complementary;4;28;46;34;10;41;48;;;;;;;1976-05-to-2008-10;loto.csv
1992022-2;1992022;2;1992-05-30;SA;historic-6-plus-complementary;9;26;34;27;39;18;31;;;;;;;1976-05-to-2008-10;loto.csv
1992023-1;1992023;1;1992-06-03;ME;historic-6-plus-complementary;38;20;41;2;35;47;1;;;;;;;1976-05-to-2008-10;loto.csv
1992023-2;1992023;2;1992-06-03;ME;historic-6-plus-complementary;5;17;44;24;2;1;47;;;;;;;1976-05-to-2008-10;loto.csv
1992023-1;1992023;1;1992-06-06;SA;historic-6-plus-complementary;14;45;5;12;29;10;8;;;;;;;1976-05-to-2008-10;loto.csv
1992023-2;1992023;2;1992-06-06;SA;historic-6-plus-complementary;4;19;3;16;48;20;42;;;;;;;1976-05-to-2008-10;loto.csv
1992024-1;1992024;1;1992-06-10;ME;historic-6-plus-complementary;4;30;23;18;48;39;25;;;;;;;1976-05-to-2008-10;loto.csv
1992024-2;1992024;2;1992-06-10;ME;historic-6-plus-complementary;32;4;8;29;10;13;47;;;;;;;1976-05-to-2008-10;loto.csv
1992024-1;1992024;1;1992-06-13;SA;historic-6-plus-complementary;45;11;12;9;23;38;26;;;;;;;1976-05-to-2008-10;loto.csv
1992024-2;1992024;2;1992-06-13;SA;historic-6-plus-complementary;8;23;6;11;27;14;37;;;;;;;1976-05-to-2008-10;loto.csv
1992025-1;1992025;1;1992-06-17;ME;historic-6-plus-complementary;7;6;40;25;45;10;28;;;;;;;1976-05-to-2008-10;loto.csv
1992025-2;1992025;2;1992-06-17;ME;historic-6-plus-complementary;43;30;5;36;24;45;37;;;;;;;1976-05-to-2008-10;loto.csv
1992025-1;1992025;1;1992-06-20;SA;historic-6-plus-complementary;8;23;40;10;19;25;6;;;;;;;1976-05-to-2008-10;loto.csv
1992025-2;1992025;2;1992-06-20;SA;historic-6-plus-complementary;11;23;6;35;17;41;19;;;;;;;1976-05-to-2008-10;loto.csv
1992026-1;1992026;1;1992-06-24;ME;historic-6-plus-complementary;14;10;20;41;31;11;44;;;;;;;1976-05-to-2008-10;loto.csv
1992026-2;1992026;2;1992-06-24;ME;historic-6-plus-complementary;41;2;26;12;11;17;29;;;;;;;1976-05-to-2008-10;loto.csv
1992026-1;1992026;1;1992-06-27;SA;historic-6-plus-complementary;5;20;8;46;7;33;9;;;;;;;1976-05-to-2008-10;loto.csv
1992026-2;1992026;2;1992-06-27;SA;historic-6-plus-complementary;48;15;22;47;11;46;13;;;;;;;1976-05-to-2008-10;loto.csv
1992027-1;1992027;1;1992-07-01;ME;historic-6-plus-complementary;44;42;29;48;5;10;4;;;;;;;1976-05-to-2008-10;loto.csv
1992027-2;1992027;2;1992-07-01;ME;historic-6-plus-complementary;41;29;35;48;7;18;5;;;;;;;1976-05-to-2008-10;loto.csv
1992027-1;1992027;1;1992-07-04;SA;historic-6-plus-complementary;39;46;8;17;10;7;14;;;;;;;1976-05-to-2008-10;loto.csv
1992027-2;1992027;2;1992-07-04;SA;historic-6-plus-complementary;22;43;31;18;4;2;32;;;;;;;1976-05-to-2008-10;loto.csv
1992028-1;1992028;1;1992-07-08;ME;historic-6-plus-complementary;1;31;13;44;40;14;49;;;;;;;1976-05-to-2008-10;loto.csv
1992028-2;1992028;2;1992-07-08;ME;historic-6-plus-complementary;14;29;34;13;4;17;6;;;;;;;1976-05-to-2008-10;loto.csv
1992028-1;1992028;1;1992-07-11;SA;historic-6-plus-complementary;46;28;2;25;45;35;8;;;;;;;1976-05-to-2008-10;loto.csv
1992028-2;1992028;2;1992-07-11;SA;historic-6-plus-complementary;42;45;23;32;12;4;27;;;;;;;1976-05-to-2008-10;loto.csv
1992029-1;1992029;1;1992-07-15;ME;historic-6-plus-complementary;43;36;8;17;7;10;33;;;;;;;1976-05-to-2008-10;loto.csv
1992029-2;1992029;2;1992-07-15;ME;historic-6-plus-complementary;43;15;33;3;32;5;1;;;;;;;1976-05-to-2008-10;loto.csv
1992029-1;1992029;1;1992-07-18;SA;historic-6-plus-complementary;36;12;28;11;41;43;23;;;;;;;1976-05-to-2008-10;loto.csv
1992029-2;1992029;2;1992-07-18;SA;historic-6-plus-complementary;7;22;2;46;15;9;26;;;;;;;1976-05-to-2008-10;loto.csv
1992030-1;1992030;1;1992-07-22;ME;historic-6-plus-complementary;36;40;37;16;1;10;15;;;;;;;1976-05-to-2008-10;loto.csv
1992030-2;1992030;2;1992-07-22;ME;historic-6-plus-complementary;17;11;27;26;36;18;1;;;;;;;1976-05-to-2008-10;loto.csv
1992030-1;1992030;1;1992-07-25;SA;historic-6-plus-complementary;25;15;32;43;22;24;6;;;;;;;1976-05-to-2008-10;loto.csv
1992030-2;1992030;2;1992-07-25;SA;historic-6-plus-complementary;33;46;18;13;39;14;19;;;;;;;1976-05-to-2008-10;loto.csv
1992031-1;1992031;1;1992-07-29;ME;historic-6-plus-complementary;34;15;37;7;35;21;44;;;;;;;1976-05-to-2008-10;loto.csv
1992031-2;1992031;2;1992-07-29;ME;historic-6-plus-complementary;43;1;34;47;42;28;35;;;;;;;1976-05-to-2008-10;loto.csv
1992031-1;1992031;1;1992-08-01;SA;historic-6-plus-complementary;39;11;12;42;4;46;49;;;;;;;1976-05-to-2008-10;loto.csv
1992031-2;1992031;2;1992-08-01;SA;historic-6-plus-complementary;17;25;41;7;27;13;20;;;;;;;1976-05-to-2008-10;loto.csv
1992032-1;1992032;1;1992-08-05;ME;historic-6-plus-complementary;8;10;30;2;22;6;1;;;;;;;1976-05-to-2008-10;loto.csv
1992032-2;1992032;2;1992-08-05;ME;historic-6-plus-complementary;31;10;47;36;34;42;39;;;;;;;1976-05-to-2008-10;loto.csv
1992032-1;1992032;1;1992-08-08;SA;historic-6-plus-complementary;49;6;47;34;23;9;37;;;;;;;1976-05-to-2008-10;loto.csv
1992032-2;1992032;2;1992-08-08;SA;historic-6-plus-complementary;17;6;35;36;1;42;41;;;;;;;1976-05-to-2008-10;loto.csv
1992033-1;1992033;1;1992-08-12;ME;historic-6-plus-complementary;14;16;11;44;7;30;38;;;;;;;1976-05-to-2008-10;loto.csv
1992033-2;1992033;2;1992-08-12;ME;historic-6-plus-complementary;24;43;11;16;48;10;26;;;;;;;1976-05-to-2008-10;loto.csv
1992033-1;1992033;1;1992-08-15;SA;historic-6-plus-complementary;5;17;40;20;37;2;41;;;;;;;1976-05-to-2008-10;loto.csv
1992033-2;1992033;2;1992-08-15;SA;historic-6-plus-complementary;32;38;9;26;35;5;2;;;;;;;1976-05-to-2008-10;loto.csv
1992034-1;1992034;1;1992-08-19;ME;historic-6-plus-complementary;5;6;37;41;33;20;9;;;;;;;1976-05-to-2008-10;loto.csv
1992034-2;1992034;2;1992-08-19;ME;historic-6-plus-complementary;8;26;45;31;6;13;44;;;;;;;1976-05-to-2008-10;loto.csv
1992034-1;1992034;1;1992-08-22;SA;historic-6-plus-complementary;49;48;11;30;7;34;10;;;;;;;1976-05-to-2008-10;loto.csv
1992034-2;1992034;2;1992-08-22;SA;historic-6-plus-complementary;3;40;35;14;26;30;46;;;;;;;1976-05-to-2008-10;loto.csv
1992035-1;1992035;1;1992-08-26;ME;historic-6-plus-complementary;28;23;2;27;35;13;43;;;;;;;1976-05-to-2008-10;loto.csv
1992035-2;1992035;2;1992-08-26;ME;historic-6-plus-complementary;18;1;8;9;3;6;47;;;;;;;1976-05-to-2008-10;loto.csv
1992035-1;1992035;1;1992-08-29;SA;historic-6-plus-complementary;8;26;13;44;17;24;21;;;;;;;1976-05-to-2008-10;loto.csv
1992035-2;1992035;2;1992-08-29;SA;historic-6-plus-complementary;12;38;45;11;6;18;19;;;;;;;1976-05-to-2008-10;loto.csv
1992036-1;1992036;1;1992-09-02;ME;historic-6-plus-complementary;48;1;45;33;30;20;23;;;;;;;1976-05-to-2008-10;loto.csv
1992036-2;1992036;2;1992-09-02;ME;historic-6-plus-complementary;26;12;1;22;40;14;49;;;;;;;1976-05-to-2008-10;loto.csv
1992036-1;1992036;1;1992-09-05;SA;historic-6-plus-complementary;1;6;31;32;46;43;44;;;;;;;1976-05-to-2008-10;loto.csv
1992036-2;1992036;2;1992-09-05;SA;historic-6-plus-complementary;9;26;37;41;44;11;30;;;;;;;1976-05-to-2008-10;loto.csv
1992037-1;1992037;1;1992-09-09;ME;historic-6-plus-complementary;12;13;18;1;20;47;21;;;;;;;1976-05-to-2008-10;loto.csv
1992037-2;1992037;2;1992-09-09;ME;historic-6-plus-complementary;28;22;27;49;19;6;15;;;;;;;1976-05-to-2008-10;loto.csv
1992037-1;1992037;1;1992-09-12;SA;historic-6-plus-complementary;17;29;32;4;16;46;5;;;;;;;1976-05-to-2008-10;loto.csv
1992037-2;1992037;2;1992-09-12;SA;historic-6-plus-complementary;23;42;47;8;41;25;3;;;;;;;1976-05-to-2008-10;loto.csv
1992038-1;1992038;1;1992-09-16;ME;historic-6-plus-complementary;24;36;44;3;23;12;5;;;;;;;1976-05-to-2008-10;loto.csv
1992038-2;1992038;2;1992-09-16;ME;historic-6-plus-complementary;36;21;24;23;44;14;13;;;;;;;1976-05-to-2008-10;loto.csv
1992038-1;1992038;1;1992-09-19;SA;historic-6-plus-complementary;40;37;10;31;12;20;45;;;;;;;1976-05-to-2008-10;loto.csv
1992038-2;1992038;2;1992-09-19;SA;historic-6-plus-complementary;11;18;39;17;33;24;12;;;;;;;1976-05-to-2008-10;loto.csv
1992039-1;1992039;1;1992-09-23;ME;historic-6-plus-complementary;47;19;4;29;48;34;30;;;;;;;1976-05-to-2008-10;loto.csv
1992039-2;1992039;2;1992-09-23;ME;historic-6-plus-complementary;46;18;47;35;23;12;28;;;;;;;1976-05-to-2008-10;loto.csv
1992039-1;1992039;1;1992-09-26;SA;historic-6-plus-complementary;45;12;24;7;26;47;18;;;;;;;1976-05-to-2008-10;loto.csv
1992039-2;1992039;2;1992-09-26;SA;historic-6-plus-complementary;4;33;15;27;44;3;11;;;;;;;1976-05-to-2008-10;loto.csv
1992040-1;1992040;1;1992-09-30;ME;historic-6-plus-complementary;23;49;45;31;11;19;18;;;;;;;1976-05-to-2008-10;loto.csv
1992040-2;1992040;2;1992-09-30;ME;historic-6-plus-complementary;49;28;37;17;41;13;2;;;;;;;1976-05-to-2008-10;loto.csv
1992040-1;1992040;1;1992-10-03;SA;historic-6-plus-complementary;36;29;7;23;20;42;40;;;;;;;1976-05-to-2008-10;loto.csv
1992040-2;1992040;2;1992-10-03;SA;historic-6-plus-complementary;4;44;10;24;33;32;18;;;;;;;1976-05-to-2008-10;loto.csv
1992041-1;1992041;1;1992-10-07;ME;historic-6-plus-complementary;34;17;48;28;41;10;7;;;;;;;1976-05-to-2008-10;loto.csv
1992041-2;1992041;2;1992-10-07;ME;historic-6-plus-complementary;41;27;35;20;44;15;42;;;;;;;1976-05-to-2008-10;loto.csv
1992041-1;1992041;1;1992-10-10;SA;historic-6-plus-complementary;2;43;35;17;28;8;24;;;;;;;1976-05-to-2008-10;loto.csv
1992041-2;1992041;2;1992-10-10;SA;historic-6-plus-complementary;7;31;11;34;33;49;45;;;;;;;1976-05-to-2008-10;loto.csv
1992042-1;1992042;1;1992-10-14;ME;historic-6-plus-complementary;24;34;6;29;45;23;10;;;;;;;1976-05-to-2008-10;loto.csv
1992042-2;1992042;2;1992-10-14;ME;historic-6-plus-complementary;41;49;23;6;8;18;15;;;;;;;1976-05-to-2008-10;loto.csv
1992042-1;1992042;1;1992-10-17;SA;historic-6-plus-complementary;41;45;23;42;20;48;2;;;;;;;1976-05-to-2008-10;loto.csv
1992042-2;1992042;2;1992-10-17;SA;historic-6-plus-complementary;16;36;27;49;33;5;12;;;;;;;1976-05-to-2008-10;loto.csv
1992043-1;1992043;1;1992-10-21;ME;historic-6-plus-complementary;26;19;1;23;18;4;34;;;;;;;1976-05-to-2008-10;loto.csv
1992043-2;1992043;2;1992-10-21;ME;historic-6-plus-complementary;22;31;36;16;6;35;43;;;;;;;1976-05-to-2008-10;loto.csv
1992043-1;1992043;1;1992-10-24;SA;historic-6-plus-complementary;20;12;4;2;27;22;1;;;;;;;1976-05-to-2008-10;loto.csv
1992043-2;1992043;2;1992-10-24;SA;historic-6-plus-complementary;7;21;28;44;47;20;32;;;;;;;1976-05-to-2008-10;loto.csv
1992044-1;1992044;1;1992-10-28;ME;historic-6-plus-complementary;35;18;40;7;6;4;45;;;;;;;1976-05-to-2008-10;loto.csv
1992044-2;1992044;2;1992-10-28;ME;historic-6-plus-complementary;27;46;6;15;19;41;2;;;;;;;1976-05-to-2008-10;loto.csv
1992044-1;1992044;1;1992-10-31;SA;historic-6-plus-complementary;48;30;8;37;27;21;1;;;;;;;1976-05-to-2008-10;loto.csv
1992044-2;1992044;2;1992-10-31;SA;historic-6-plus-complementary;41;42;43;44;38;11;17;;;;;;;1976-05-to-2008-10;loto.csv
1992045-1;1992045;1;1992-11-04;ME;historic-6-plus-complementary;47;40;24;48;5;16;38;;;;;;;1976-05-to-2008-10;loto.csv
1992045-2;1992045;2;1992-11-04;ME;historic-6-plus-complementary;28;21;29;5;32;36;2;;;;;;;1976-05-to-2008-10;loto.csv
1992045-1;1992045;1;1992-11-07;SA;historic-6-plus-complementary;35;36;17;28;47;6;33;;;;;;;1976-05-to-2008-10;loto.csv
1992045-2;1992045;2;1992-11-07;SA;historic-6-plus-complementary;39;32;24;4;41;2;18;;;;;;;1976-05-to-2008-10;loto.csv
1992046-1;1992046;1;1992-11-11;ME;historic-6-plus-complementary;47;46;24;17;28;13;38;;;;;;;1976-05-to-2008-10;loto.csv
1992046-2;1992046;2;1992-11-11;ME;historic-6-plus-complementary;14;10;32;26;23;19;39;;;;;;;1976-05-to-2008-10;loto.csv
1992046-1;1992046;1;1992-11-14;SA;historic-6-plus-complementary;44;35;14;10;30;6;16;;;;;;;1976-05-to-2008-10;loto.csv
1992046-2;1992046;2;1992-11-14;SA;historic-6-plus-complementary;9;12;30;28;35;46;7;;;;;;;1976-05-to-2008-10;loto.csv
1992047-1;1992047;1;1992-11-18;ME;historic-6-plus-complementary;48;28;23;40;44;4;13;;;;;;;1976-05-to-2008-10;loto.csv
1992047-2;1992047;2;1992-11-18;ME;historic-6-plus-complementary;24;27;30;46;42;7;31;;;;;;;1976-05-to-2008-10;loto.csv
1992047-1;1992047;1;1992-11-21;SA;historic-6-plus-complementary;21;44;39;6;11;22;28;;;;;;;1976-05-to-2008-10;loto.csv
1992047-2;1992047;2;1992-11-21;SA;historic-6-plus-complementary;27;26;2;34;41;14;37;;;;;;;1976-05-to-2008-10;loto.csv
1992048-1;1992048;1;1992-11-25;ME;historic-6-plus-complementary;3;30;23;41;19;46;2;;;;;;;1976-05-to-2008-10;loto.csv
1992048-2;1992048;2;1992-11-25;ME;historic-6-plus-complementary;44;13;30;19;5;11;46;;;;;;;1976-05-to-2008-10;loto.csv
1992048-1;1992048;1;1992-11-28;SA;historic-6-plus-complementary;8;4;41;9;26;35;46;;;;;;;1976-05-to-2008-10;loto.csv
1992048-2;1992048;2;1992-11-28;SA;historic-6-plus-complementary;18;14;19;5;23;12;7;;;;;;;1976-05-to-2008-10;loto.csv
1992049-1;1992049;1;1992-12-02;ME;historic-6-plus-complementary;3;9;6;28;44;31;42;;;;;;;1976-05-to-2008-10;loto.csv
1992049-2;1992049;2;1992-12-02;ME;historic-6-plus-complementary;1;25;3;43;10;8;20;;;;;;;1976-05-to-2008-10;loto.csv
1992049-1;1992049;1;1992-12-05;SA;historic-6-plus-complementary;47;28;14;33;31;37;49;;;;;;;1976-05-to-2008-10;loto.csv
1992049-2;1992049;2;1992-12-05;SA;historic-6-plus-complementary;45;36;10;19;48;14;44;;;;;;;1976-05-to-2008-10;loto.csv
1992050-1;1992050;1;1992-12-09;ME;historic-6-plus-complementary;49;6;3;48;22;41;20;;;;;;;1976-05-to-2008-10;loto.csv
1992050-2;1992050;2;1992-12-09;ME;historic-6-plus-complementary;7;6;20;3;14;23;36;;;;;;;1976-05-to-2008-10;loto.csv
1992050-1;1992050;1;1992-12-12;SA;historic-6-plus-complementary;28;2;7;20;46;26;13;;;;;;;1976-05-to-2008-10;loto.csv
1992050-2;1992050;2;1992-12-12;SA;historic-6-plus-complementary;41;22;6;23;1;25;2;;;;;;;1976-05-to-2008-10;loto.csv
1992051-1;1992051;1;1992-12-16;ME;historic-6-plus-complementary;2;46;47;43;10;34;37;;;;;;;1976-05-to-2008-10;loto.csv
1992051-2;1992051;2;1992-12-16;ME;historic-6-plus-complementary;48;23;36;16;6;17;40;;;;;;;1976-05-to-2008-10;loto.csv
1992051-1;1992051;1;1992-12-19;SA;historic-6-plus-complementary;10;3;2;29;26;12;19;;;;;;;1976-05-to-2008-10;loto.csv
1992051-2;1992051;2;1992-12-19;SA;historic-6-plus-complementary;47;3;29;4;8;38;13;;;;;;;1976-05-to-2008-10;loto.csv
1992052-1;1992052;1;1992-12-23;ME;historic-6-plus-complementary;39;35;36;17;25;9;40;;;;;;;1976-05-to-2008-10;loto.csv
1992052-2;1992052;2;1992-12-23;ME;historic-6-plus-complementary;7;3;1;13;39;28;47;;;;;;;1976-05-to-2008-10;loto.csv
1992052-1;1992052;1;1992-12-26;SA;historic-6-plus-complementary;18;49;29;23;8;32;5;;;;;;;1976-05-to-2008-10;loto.csv
1992052-2;1992052;2;1992-12-26;SA;historic-6-plus-complementary;19;26;37;32;33;47;4;;;;;;;1976-05-to-2008-10;loto.csv
1992053-1;1992053;1;1992-12-30;ME;historic-6-plus-complementary;11;1;18;25;24;46;12;;;;;;;1976-05-to-2008-10;loto.csv
1992053-2;1992053;2;1992-12-30;ME;historic-6-plus-complementary;34;29;39;7;28;31;27;;;;;;;1976-05-to-2008-10;loto.csv
1992053-1;1992053;1;1993-01-02;SA;historic-6-plus-complementary;40;7;22;1;38;3;42;;;;;;;1976-05-to-2008-10;loto.csv
1992053-2;1992053;2;1993-01-02;SA;historic-6-plus-complementary;46;44;36;40;1;13;19;;;;;;;1976-05-to-2008-10;loto.csv
1993001-1;1993001;1;1993-01-06;ME;historic-6-plus-complementary;43;35;26;31;3;25;29;;;;;;;1976-05-to-2008-10;loto.csv
1993001-2;1993001;2;1993-01-06;ME;historic-6-plus-complementary;38;47;9;1;12;29;26;;;;;;;1976-05-to-2008-10;loto.csv
1993001-1;1993001;1;1993-01-09;SA;historic-6-plus-complementary;31;16;40;22;14;11;32;;;;;;;1976-05-to-2008-10;loto.csv
1993001-2;1993001;2;1993-01-09;SA;historic-6-plus-complementary;36;9;8;37;17;32;34;;;;;;;1976-05-to-2008-10;loto.csv
1993002-1;1993002;1;1993-01-13;ME;historic-6-plus-complementary;27;5;29;34;16;32;42;;;;;;;1976-05-to-2008-10;loto.csv
1993002-2;1993002;2;1993-01-13;ME;historic-6-plus-complementary;9;44;38;7;21;16;31;;;;;;;1976-05-to-2008-10;loto.csv
1993002-1;1993002;1;1993-01-16;SA;historic-6-plus-complementary;3;36;13;44;42;21;9;;;;;;;1976-05-to-2008-10;loto.csv
1993002-2;1993002;2;1993-01-16;SA;historic-6-plus-complementary;17;33;40;35;12;21;41;;;;;;;1976-05-to-2008-10;loto.csv
1993003-1;1993003;1;1993-01-20;ME;historic-6-plus-complementary;23;11;47;49;30;18;21;;;;;;;1976-05-to-2008-10;loto.csv
1993003-2;1993003;2;1993-01-20;ME;historic-6-plus-complementary;24;22;6;25;31;17;49;;;;;;;1976-05-to-2008-10;loto.csv
1993003-1;1993003;1;1993-01-23;SA;historic-6-plus-complementary;49;43;28;41;5;6;32;;;;;;;1976-05-to-2008-10;loto.csv
1993003-2;1993003;2;1993-01-23;SA;historic-6-plus-complementary;15;13;30;12;7;22;26;;;;;;;1976-05-to-2008-10;loto.csv
1993004-1;1993004;1;1993-01-27;ME;historic-6-plus-complementary;48;2;17;13;31;16;21;;;;;;;1976-05-to-2008-10;loto.csv
1993004-2;1993004;2;1993-01-27;ME;historic-6-plus-complementary;3;11;21;48;16;39;42;;;;;;;1976-05-to-2008-10;loto.csv
1993004-1;1993004;1;1993-01-30;SA;historic-6-plus-complementary;26;38;49;48;7;35;24;;;;;;;1976-05-to-2008-10;loto.csv
1993004-2;1993004;2;1993-01-30;SA;historic-6-plus-complementary;26;29;43;7;34;1;10;;;;;;;1976-05-to-2008-10;loto.csv
1993005-1;1993005;1;1993-02-03;ME;historic-6-plus-complementary;33;40;3;1;6;45;26;;;;;;;1976-05-to-2008-10;loto.csv
1993005-2;1993005;2;1993-02-03;ME;historic-6-plus-complementary;49;21;36;40;28;20;17;;;;;;;1976-05-to-2008-10;loto.csv
1993005-1;1993005;1;1993-02-06;SA;historic-6-plus-complementary;14;40;45;48;5;2;12;;;;;;;1976-05-to-2008-10;loto.csv
1993005-2;1993005;2;1993-02-06;SA;historic-6-plus-complementary;27;16;2;5;10;18;46;;;;;;;1976-05-to-2008-10;loto.csv
1993006-1;1993006;1;1993-02-10;ME;historic-6-plus-complementary;24;31;18;39;20;7;40;;;;;;;1976-05-to-2008-10;loto.csv
1993006-2;1993006;2;1993-02-10;ME;historic-6-plus-complementary;46;42;33;41;7;39;14;;;;;;;1976-05-to-2008-10;loto.csv
1993006-1;1993006;1;1993-02-13;SA;historic-6-plus-complementary;39;43;12;34;8;41;11;;;;;;;1976-05-to-2008-10;loto.csv
1993006-2;1993006;2;1993-02-13;SA;historic-6-plus-complementary;25;48;15;20;47;4;35;;;;;;;1976-05-to-2008-10;loto.csv
1993007-1;1993007;1;1993-02-17;ME;historic-6-plus-complementary;44;19;36;5;49;7;43;;;;;;;1976-05-to-2008-10;loto.csv
1993007-2;1993007;2;1993-02-17;ME;historic-6-plus-complementary;17;14;32;33;16;23;39;;;;;;;1976-05-to-2008-10;loto.csv
1993007-1;1993007;1;1993-02-20;SA;historic-6-plus-complementary;10;6;48;42;8;32;5;;;;;;;1976-05-to-2008-10;loto.csv
1993007-2;1993007;2;1993-02-20;SA;historic-6-plus-complementary;8;17;25;45;23;14;37;;;;;;;1976-05-to-2008-10;loto.csv
1993008-1;1993008;1;1993-02-24;ME;historic-6-plus-complementary;27;44;23;32;31;18;48;;;;;;;1976-05-to-2008-10;loto.csv
1993008-2;1993008;2;1993-02-24;ME;historic-6-plus-complementary;14;39;6;41;16;40;42;;;;;;;1976-05-to-2008-10;loto.csv
1993008-1;1993008;1;1993-02-27;SA;historic-6-plus-complementary;19;7;25;20;4;10;38;;;;;;;1976-05-to-2008-10;loto.csv
1993008-2;1993008;2;1993-02-27;SA;historic-6-plus-complementary;9;28;18;13;30;15;22;;;;;;;1976-05-to-2008-10;loto.csv
1993009-1;1993009;1;1993-03-03;ME;historic-6-plus-complementary;11;2;37;25;18;35;10;;;;;;;1976-05-to-2008-10;loto.csv
1993009-2;1993009;2;1993-03-03;ME;historic-6-plus-complementary;36;30;32;47;28;39;11;;;;;;;1976-05-to-2008-10;loto.csv
1993009-1;1993009;1;1993-03-06;SA;historic-6-plus-complementary;7;26;47;27;16;30;36;;;;;;;1976-05-to-2008-10;loto.csv
1993009-2;1993009;2;1993-03-06;SA;historic-6-plus-complementary;12;36;29;16;37;20;27;;;;;;;1976-05-to-2008-10;loto.csv
1993010-1;1993010;1;1993-03-10;ME;historic-6-plus-complementary;31;12;49;23;43;36;24;;;;;;;1976-05-to-2008-10;loto.csv
1993010-2;1993010;2;1993-03-10;ME;historic-6-plus-complementary;34;30;42;20;35;9;8;;;;;;;1976-05-to-2008-10;loto.csv
1993010-1;1993010;1;1993-03-13;SA;historic-6-plus-complementary;3;33;15;43;47;2;23;;;;;;;1976-05-to-2008-10;loto.csv
1993010-2;1993010;2;1993-03-13;SA;historic-6-plus-complementary;20;3;23;39;18;38;17;;;;;;;1976-05-to-2008-10;loto.csv
1993011-1;1993011;1;1993-03-17;ME;historic-6-plus-complementary;8;41;2;14;11;25;7;;;;;;;1976-05-to-2008-10;loto.csv
1993011-2;1993011;2;1993-03-17;ME;historic-6-plus-complementary;40;43;38;28;19;39;30;;;;;;;1976-05-to-2008-10;loto.csv
1993011-1;1993011;1;1993-03-20;SA;historic-6-plus-complementary;8;25;49;21;5;14;13;;;;;;;1976-05-to-2008-10;loto.csv
1993011-2;1993011;2;1993-03-20;SA;historic-6-plus-complementary;42;38;30;6;46;8;14;;;;;;;1976-05-to-2008-10;loto.csv
1993012-1;1993012;1;1993-03-24;ME;historic-6-plus-complementary;19;27;30;17;12;29;39;;;;;;;1976-05-to-2008-10;loto.csv
1993012-2;1993012;2;1993-03-24;ME;historic-6-plus-complementary;49;14;13;18;4;40;1;;;;;;;1976-05-to-2008-10;loto.csv
1993012-1;1993012;1;1993-03-27;SA;historic-6-plus-complementary;19;10;40;3;22;20;27;;;;;;;1976-05-to-2008-10;loto.csv
1993012-2;1993012;2;1993-03-27;SA;historic-6-plus-complementary;25;18;42;39;32;44;22;;;;;;;1976-05-to-2008-10;loto.csv
1993013-1;1993013;1;1993-03-31;ME;historic-6-plus-complementary;13;44;22;40;11;31;30;;;;;;;1976-05-to-2008-10;loto.csv
1993013-2;1993013;2;1993-03-31;ME;historic-6-plus-complementary;17;7;22;3;39;48;5;;;;;;;1976-05-to-2008-10;loto.csv
1993013-1;1993013;1;1993-04-03;SA;historic-6-plus-complementary;23;40;36;5;32;10;29;;;;;;;1976-05-to-2008-10;loto.csv
1993013-2;1993013;2;1993-04-03;SA;historic-6-plus-complementary;5;49;14;26;38;1;15;;;;;;;1976-05-to-2008-10;loto.csv
1993014-1;1993014;1;1993-04-07;ME;historic-6-plus-complementary;28;15;23;7;19;47;36;;;;;;;1976-05-to-2008-10;loto.csv
1993014-2;1993014;2;1993-04-07;ME;historic-6-plus-complementary;11;37;35;7;33;3;34;;;;;;;1976-05-to-2008-10;loto.csv
1993014-1;1993014;1;1993-04-10;SA;historic-6-plus-complementary;47;39;45;12;37;21;23;;;;;;;1976-05-to-2008-10;loto.csv
1993014-2;1993014;2;1993-04-10;SA;historic-6-plus-complementary;42;40;16;25;28;18;4;;;;;;;1976-05-to-2008-10;loto.csv
1993015-1;1993015;1;1993-04-14;ME;historic-6-plus-complementary;35;4;15;30;46;14;39;;;;;;;1976-05-to-2008-10;loto.csv
1993015-2;1993015;2;1993-04-14;ME;historic-6-plus-complementary;4;30;12;9;23;45;25;;;;;;;1976-05-to-2008-10;loto.csv
1993015-1;1993015;1;1993-04-17;SA;historic-6-plus-complementary;39;30;23;14;16;5;3;;;;;;;1976-05-to-2008-10;loto.csv
1993015-2;1993015;2;1993-04-17;SA;historic-6-plus-complementary;9;48;31;43;34;22;13;;;;;;;1976-05-to-2008-10;loto.csv
1993016-1;1993016;1;1993-04-21;ME;historic-6-plus-complementary;36;45;25;12;42;48;28;;;;;;;1976-05-to-2008-10;loto.csv
1993016-2;1993016;2;1993-04-21;ME;historic-6-plus-complementary;19;13;37;38;17;21;24;;;;;;;1976-05-to-2008-10;loto.csv
1993016-1;1993016;1;1993-04-24;SA;historic-6-plus-complementary;1;27;10;22;13;23;11;;;;;;;1976-05-to-2008-10;loto.csv
1993016-2;1993016;2;1993-04-24;SA;historic-6-plus-complementary;41;14;38;29;4;36;21;;;;;;;1976-05-to-2008-10;loto.csv
1993017-1;1993017;1;1993-04-28;ME;historic-6-plus-complementary;47;45;43;4;27;5;35;;;;;;;1976-05-to-2008-10;loto.csv
1993017-2;1993017;2;1993-04-28;ME;historic-6-plus-complementary;27;30;16;37;49;12;19;;;;;;;1976-05-to-2008-10;loto.csv
1993017-1;1993017;1;1993-05-01;SA;historic-6-plus-complementary;29;45;15;7;33;12;40;;;;;;;1976-05-to-2008-10;loto.csv
1993017-2;1993017;2;1993-05-01;SA;historic-6-plus-complementary;25;6;34;16;7;42;29;;;;;;;1976-05-to-2008-10;loto.csv
1993018-1;1993018;1;1993-05-05;ME;historic-6-plus-complementary;6;40;46;27;21;11;31;;;;;;;1976-05-to-2008-10;loto.csv
1993018-2;1993018;2;1993-05-05;ME;historic-6-plus-complementary;15;37;26;11;20;7;32;;;;;;;1976-05-to-2008-10;loto.csv
1993018-1;1993018;1;1993-05-08;SA;historic-6-plus-complementary;1;31;20;30;11;35;2;;;;;;;1976-05-to-2008-10;loto.csv
1993018-2;1993018;2;1993-05-08;SA;historic-6-plus-complementary;9;8;34;36;15;1;31;;;;;;;1976-05-to-2008-10;loto.csv
1993019-1;1993019;1;1993-05-12;ME;historic-6-plus-complementary;11;16;49;22;21;35;41;;;;;;;1976-05-to-2008-10;loto.csv
1993019-2;1993019;2;1993-05-12;ME;historic-6-plus-complementary;17;40;21;34;27;16;29;;;;;;;1976-05-to-2008-10;loto.csv
1993019-1;1993019;1;1993-05-15;SA;historic-6-plus-complementary;21;39;22;6;44;42;18;;;;;;;1976-05-to-2008-10;loto.csv
1993019-2;1993019;2;1993-05-15;SA;historic-6-plus-complementary;21;47;1;28;6;5;20;;;;;;;1976-05-to-2008-10;loto.csv
1993020-1;1993020;1;1993-05-19;ME;historic-6-plus-complementary;2;27;12;43;28;16;37;;;;;;;1976-05-to-2008-10;loto.csv
1993020-2;1993020;2;1993-05-19;ME;historic-6-plus-complementary;40;45;4;23;8;16;34;;;;;;;1976-05-to-2008-10;loto.csv
1993020-1;1993020;1;1993-05-22;SA;historic-6-plus-complementary;28;6;22;19;20;4;29;;;;;;;1976-05-to-2008-10;loto.csv
1993020-2;1993020;2;1993-05-22;SA;historic-6-plus-complementary;43;36;6;49;31;28;23;;;;;;;1976-05-to-2008-10;loto.csv
1993021-1;1993021;1;1993-05-26;ME;historic-6-plus-complementary;23;3;16;47;35;42;33;;;;;;;1976-05-to-2008-10;loto.csv
1993021-2;1993021;2;1993-05-26;ME;historic-6-plus-complementary;2;39;35;3;6;25;9;;;;;;;1976-05-to-2008-10;loto.csv
1993021-1;1993021;1;1993-05-29;SA;historic-6-plus-complementary;33;39;1;42;8;23;16;;;;;;;1976-05-to-2008-10;loto.csv
1993021-2;1993021;2;1993-05-29;SA;historic-6-plus-complementary;36;18;17;16;20;39;23;;;;;;;1976-05-to-2008-10;loto.csv
1993022-1;1993022;1;1993-06-02;ME;historic-6-plus-complementary;37;6;5;1;46;36;44;;;;;;;1976-05-to-2008-10;loto.csv
1993022-2;1993022;2;1993-06-02;ME;historic-6-plus-complementary;30;18;47;14;31;49;11;;;;;;;1976-05-to-2008-10;loto.csv
1993022-1;1993022;1;1993-06-05;SA;historic-6-plus-complementary;3;30;9;46;19;15;2;;;;;;;1976-05-to-2008-10;loto.csv
1993022-2;1993022;2;1993-06-05;SA;historic-6-plus-complementary;19;15;2;45;49;29;22;;;;;;;1976-05-to-2008-10;loto.csv
1993023-1;1993023;1;1993-06-09;ME;historic-6-plus-complementary;6;47;11;34;42;38;45;;;;;;;1976-05-to-2008-10;loto.csv
1993023-2;1993023;2;1993-06-09;ME;historic-6-plus-complementary;18;33;39;44;4;15;23;;;;;;;1976-05-to-2008-10;loto.csv
1993023-1;1993023;1;1993-06-12;SA;historic-6-plus-complementary;10;47;33;39;42;41;25;;;;;;;1976-05-to-2008-10;loto.csv
1993023-2;1993023;2;1993-06-12;SA;historic-6-plus-complementary;34;40;48;44;28;37;32;;;;;;;1976-05-to-2008-10;loto.csv
1993024-1;1993024;1;1993-06-16;ME;historic-6-plus-complementary;14;31;27;45;35;44;21;;;;;;;1976-05-to-2008-10;loto.csv
1993024-2;1993024;2;1993-06-16;ME;historic-6-plus-complementary;29;34;25;15;14;12;31;;;;;;;1976-05-to-2008-10;loto.csv
1993024-1;1993024;1;1993-06-19;SA;historic-6-plus-complementary;39;42;22;37;9;5;29;;;;;;;1976-05-to-2008-10;loto.csv
1993024-2;1993024;2;1993-06-19;SA;historic-6-plus-complementary;2;40;16;46;8;20;41;;;;;;;1976-05-to-2008-10;loto.csv
1993025-1;1993025;1;1993-06-23;ME;historic-6-plus-complementary;6;40;32;13;38;4;15;;;;;;;1976-05-to-2008-10;loto.csv
1993025-2;1993025;2;1993-06-23;ME;historic-6-plus-complementary;23;17;16;48;12;37;22;;;;;;;1976-05-to-2008-10;loto.csv
1993025-1;1993025;1;1993-06-26;SA;historic-6-plus-complementary;22;24;21;47;40;1;2;;;;;;;1976-05-to-2008-10;loto.csv
1993025-2;1993025;2;1993-06-26;SA;historic-6-plus-complementary;16;31;2;4;28;13;24;;;;;;;1976-05-to-2008-10;loto.csv
1993026-1;1993026;1;1993-06-30;ME;historic-6-plus-complementary;34;14;11;36;26;48;38;;;;;;;1976-05-to-2008-10;loto.csv
1993026-2;1993026;2;1993-06-30;ME;historic-6-plus-complementary;22;20;11;28;44;15;3;;;;;;;1976-05-to-2008-10;loto.csv
1993026-1;1993026;1;1993-07-03;SA;historic-6-plus-complementary;15;47;42;11;13;35;37;;;;;;;1976-05-to-2008-10;loto.csv
1993026-2;1993026;2;1993-07-03;SA;historic-6-plus-complementary;5;2;42;20;27;35;17;;;;;;;1976-05-to-2008-10;loto.csv
1993027-1;1993027;1;1993-07-07;ME;historic-6-plus-complementary;37;34;28;36;48;22;35;;;;;;;1976-05-to-2008-10;loto.csv
1993027-2;1993027;2;1993-07-07;ME;historic-6-plus-complementary;37;25;35;32;8;17;3;;;;;;;1976-05-to-2008-10;loto.csv
1993027-1;1993027;1;1993-07-10;SA;historic-6-plus-complementary;45;32;4;8;3;7;36;;;;;;;1976-05-to-2008-10;loto.csv
1993027-2;1993027;2;1993-07-10;SA;historic-6-plus-complementary;40;20;25;49;45;11;37;;;;;;;1976-05-to-2008-10;loto.csv
1993028-1;1993028;1;1993-07-14;ME;historic-6-plus-complementary;43;12;9;2;10;22;26;;;;;;;1976-05-to-2008-10;loto.csv
1993028-2;1993028;2;1993-07-14;ME;historic-6-plus-complementary;46;7;45;9;38;21;35;;;;;;;1976-05-to-2008-10;loto.csv
1993028-1;1993028;1;1993-07-17;SA;historic-6-plus-complementary;10;23;34;40;48;3;11;;;;;;;1976-05-to-2008-10;loto.csv
1993028-2;1993028;2;1993-07-17;SA;historic-6-plus-complementary;35;36;29;31;37;14;25;;;;;;;1976-05-to-2008-10;loto.csv
1993029-1;1993029;1;1993-07-21;ME;historic-6-plus-complementary;20;49;9;40;32;4;21;;;;;;;1976-05-to-2008-10;loto.csv
1993029-2;1993029;2;1993-07-21;ME;historic-6-plus-complementary;34;35;23;43;24;12;22;;;;;;;1976-05-to-2008-10;loto.csv
1993029-1;1993029;1;1993-07-24;SA;historic-6-plus-complementary;23;42;45;30;33;26;11;;;;;;;1976-05-to-2008-10;loto.csv
1993029-2;1993029;2;1993-07-24;SA;historic-6-plus-complementary;44;13;42;26;38;32;7;;;;;;;1976-05-to-2008-10;loto.csv
1993030-1;1993030;1;1993-07-28;ME;historic-6-plus-complementary;31;25;8;19;44;24;39;;;;;;;1976-05-to-2008-10;loto.csv
1993030-2;1993030;2;1993-07-28;ME;historic-6-plus-complementary;48;3;49;20;7;41;46;;;;;;;1976-05-to-2008-10;loto.csv
1993030-1;1993030;1;1993-07-31;SA;historic-6-plus-complementary;3;4;26;19;43;30;12;;;;;;;1976-05-to-2008-10;loto.csv
1993030-2;1993030;2;1993-07-31;SA;historic-6-plus-complementary;8;26;9;35;5;23;41;;;;;;;1976-05-to-2008-10;loto.csv
1993031-1;1993031;1;1993-08-04;ME;historic-6-plus-complementary;44;21;4;8;45;32;22;;;;;;;1976-05-to-2008-10;loto.csv
1993031-2;1993031;2;1993-08-04;ME;historic-6-plus-complementary;3;24;34;45;44;6;21;;;;;;;1976-05-to-2008-10;loto.csv
1993031-1;1993031;1;1993-08-07;SA;historic-6-plus-complementary;27;48;17;4;20;40;41;;;;;;;1976-05-to-2008-10;loto.csv
1993031-2;1993031;2;1993-08-07;SA;historic-6-plus-complementary;7;46;35;22;48;21;37;;;;;;;1976-05-to-2008-10;loto.csv
1993032-1;1993032;1;1993-08-11;ME;historic-6-plus-complementary;9;46;10;26;18;25;28;;;;;;;1976-05-to-2008-10;loto.csv
1993032-2;1993032;2;1993-08-11;ME;historic-6-plus-complementary;8;14;34;49;6;29;19;;;;;;;1976-05-to-2008-10;loto.csv
1993032-1;1993032;1;1993-08-14;SA;historic-6-plus-complementary;27;47;20;31;8;6;16;;;;;;;1976-05-to-2008-10;loto.csv
1993032-2;1993032;2;1993-08-14;SA;historic-6-plus-complementary;44;30;9;17;41;14;34;;;;;;;1976-05-to-2008-10;loto.csv
1993033-1;1993033;1;1993-08-18;ME;historic-6-plus-complementary;12;49;45;30;24;40;17;;;;;;;1976-05-to-2008-10;loto.csv
1993033-2;1993033;2;1993-08-18;ME;historic-6-plus-complementary;8;35;39;14;20;43;34;;;;;;;1976-05-to-2008-10;loto.csv
1993033-1;1993033;1;1993-08-21;SA;historic-6-plus-complementary;9;7;44;48;20;43;16;;;;;;;1976-05-to-2008-10;loto.csv
1993033-2;1993033;2;1993-08-21;SA;historic-6-plus-complementary;4;28;40;46;10;29;22;;;;;;;1976-05-to-2008-10;loto.csv
1993034-1;1993034;1;1993-08-25;ME;historic-6-plus-complementary;15;17;3;1;2;8;29;;;;;;;1976-05-to-2008-10;loto.csv
1993034-2;1993034;2;1993-08-25;ME;historic-6-plus-complementary;39;46;44;12;22;40;35;;;;;;;1976-05-to-2008-10;loto.csv
1993034-1;1993034;1;1993-08-28;SA;historic-6-plus-complementary;21;3;47;35;17;15;2;;;;;;;1976-05-to-2008-10;loto.csv
1993034-2;1993034;2;1993-08-28;SA;historic-6-plus-complementary;37;30;27;18;49;29;25;;;;;;;1976-05-to-2008-10;loto.csv
1993035-1;1993035;1;1993-09-01;ME;historic-6-plus-complementary;1;38;12;7;14;25;20;;;;;;;1976-05-to-2008-10;loto.csv
1993035-2;1993035;2;1993-09-01;ME;historic-6-plus-complementary;29;19;8;44;23;40;38;;;;;;;1976-05-to-2008-10;loto.csv
1993035-1;1993035;1;1993-09-04;SA;historic-6-plus-complementary;47;36;46;32;37;14;33;;;;;;;1976-05-to-2008-10;loto.csv
1993035-2;1993035;2;1993-09-04;SA;historic-6-plus-complementary;38;1;7;5;49;35;15;;;;;;;1976-05-to-2008-10;loto.csv
1993036-1;1993036;1;1993-09-08;ME;historic-6-plus-complementary;1;42;22;23;43;4;29;;;;;;;1976-05-to-2008-10;loto.csv
1993036-2;1993036;2;1993-09-08;ME;historic-6-plus-complementary;40;10;49;47;15;43;28;;;;;;;1976-05-to-2008-10;loto.csv
1993036-1;1993036;1;1993-09-11;SA;historic-6-plus-complementary;14;32;36;11;7;23;33;;;;;;;1976-05-to-2008-10;loto.csv
1993036-2;1993036;2;1993-09-11;SA;historic-6-plus-complementary;10;31;47;38;14;27;40;;;;;;;1976-05-to-2008-10;loto.csv
1993037-1;1993037;1;1993-09-15;ME;historic-6-plus-complementary;30;35;9;44;19;20;46;;;;;;;1976-05-to-2008-10;loto.csv
1993037-2;1993037;2;1993-09-15;ME;historic-6-plus-complementary;32;34;29;43;45;4;7;;;;;;;1976-05-to-2008-10;loto.csv
1993037-1;1993037;1;1993-09-18;SA;historic-6-plus-complementary;49;36;18;17;32;1;39;;;;;;;1976-05-to-2008-10;loto.csv
1993037-2;1993037;2;1993-09-18;SA;historic-6-plus-complementary;29;37;25;33;13;8;38;;;;;;;1976-05-to-2008-10;loto.csv
1993038-1;1993038;1;1993-09-22;ME;historic-6-plus-complementary;4;10;7;38;11;24;3;;;;;;;1976-05-to-2008-10;loto.csv
1993038-2;1993038;2;1993-09-22;ME;historic-6-plus-complementary;44;22;1;7;24;28;42;;;;;;;1976-05-to-2008-10;loto.csv
1993038-1;1993038;1;1993-09-25;SA;historic-6-plus-complementary;5;44;45;7;17;2;14;;;;;;;1976-05-to-2008-10;loto.csv
1993038-2;1993038;2;1993-09-25;SA;historic-6-plus-complementary;15;13;27;12;11;9;38;;;;;;;1976-05-to-2008-10;loto.csv
1993039-1;1993039;1;1993-09-29;ME;historic-6-plus-complementary;5;47;39;44;23;1;43;;;;;;;1976-05-to-2008-10;loto.csv
1993039-2;1993039;2;1993-09-29;ME;historic-6-plus-complementary;41;9;31;11;10;4;38;;;;;;;1976-05-to-2008-10;loto.csv
1993039-1;1993039;1;1993-10-02;SA;historic-6-plus-complementary;43;10;29;1;27;21;35;;;;;;;1976-05-to-2008-10;loto.csv
1993039-2;1993039;2;1993-10-02;SA;historic-6-plus-complementary;39;40;15;9;27;32;37;;;;;;;1976-05-to-2008-10;loto.csv
1993040-1;1993040;1;1993-10-06;ME;historic-6-plus-complementary;30;46;3;7;39;19;26;;;;;;;1976-05-to-2008-10;loto.csv
1993040-2;1993040;2;1993-10-06;ME;historic-6-plus-complementary;46;9;14;1;35;27;10;;;;;;;1976-05-to-2008-10;loto.csv
1993040-1;1993040;1;1993-10-09;SA;historic-6-plus-complementary;31;44;2;41;49;21;22;;;;;;;1976-05-to-2008-10;loto.csv
1993040-2;1993040;2;1993-10-09;SA;historic-6-plus-complementary;45;32;13;18;43;40;44;;;;;;;1976-05-to-2008-10;loto.csv
1993041-1;1993041;1;1993-10-13;ME;historic-6-plus-complementary;18;29;4;15;42;5;33;;;;;;;1976-05-to-2008-10;loto.csv
1993041-2;1993041;2;1993-10-13;ME;historic-6-plus-complementary;43;48;32;11;13;27;6;;;;;;;1976-05-to-2008-10;loto.csv
1993041-1;1993041;1;1993-10-16;SA;historic-6-plus-complementary;18;39;29;9;7;37;45;;;;;;;1976-05-to-2008-10;loto.csv
1993041-2;1993041;2;1993-10-16;SA;historic-6-plus-complementary;49;4;47;9;45;43;31;;;;;;;1976-05-to-2008-10;loto.csv
1993042-1;1993042;1;1993-10-20;ME;historic-6-plus-complementary;18;49;14;23;38;22;16;;;;;;;1976-05-to-2008-10;loto.csv
1993042-2;1993042;2;1993-10-20;ME;historic-6-plus-complementary;39;9;27;15;26;23;25;;;;;;;1976-05-to-2008-10;loto.csv
1993042-1;1993042;1;1993-10-23;SA;historic-6-plus-complementary;6;13;35;24;20;37;21;;;;;;;1976-05-to-2008-10;loto.csv
1993042-2;1993042;2;1993-10-23;SA;historic-6-plus-complementary;46;15;27;28;25;1;43;;;;;;;1976-05-to-2008-10;loto.csv
1993043-1;1993043;1;1993-10-27;ME;historic-6-plus-complementary;2;33;14;1;34;37;6;;;;;;;1976-05-to-2008-10;loto.csv
1993043-2;1993043;2;1993-10-27;ME;historic-6-plus-complementary;13;22;43;16;15;18;5;;;;;;;1976-05-to-2008-10;loto.csv
1993043-1;1993043;1;1993-10-30;SA;historic-6-plus-complementary;42;38;11;10;14;15;3;;;;;;;1976-05-to-2008-10;loto.csv
1993043-2;1993043;2;1993-10-30;SA;historic-6-plus-complementary;9;17;19;36;13;22;31;;;;;;;1976-05-to-2008-10;loto.csv
1993044-1;1993044;1;1993-11-03;ME;historic-6-plus-complementary;46;19;24;3;48;21;30;;;;;;;1976-05-to-2008-10;loto.csv
1993044-2;1993044;2;1993-11-03;ME;historic-6-plus-complementary;14;38;6;43;20;1;23;;;;;;;1976-05-to-2008-10;loto.csv
1993044-1;1993044;1;1993-11-06;SA;historic-6-plus-complementary;49;6;18;44;40;48;17;;;;;;;1976-05-to-2008-10;loto.csv
1993044-2;1993044;2;1993-11-06;SA;historic-6-plus-complementary;21;38;33;14;49;19;26;;;;;;;1976-05-to-2008-10;loto.csv
1993045-1;1993045;1;1993-11-10;ME;historic-6-plus-complementary;40;45;35;21;5;38;6;;;;;;;1976-05-to-2008-10;loto.csv
1993045-2;1993045;2;1993-11-10;ME;historic-6-plus-complementary;30;40;45;10;22;47;9;;;;;;;1976-05-to-2008-10;loto.csv
1993045-1;1993045;1;1993-11-13;SA;historic-6-plus-complementary;6;4;20;39;31;13;23;;;;;;;1976-05-to-2008-10;loto.csv
1993045-2;1993045;2;1993-11-13;SA;historic-6-plus-complementary;35;26;33;11;49;37;38;;;;;;;1976-05-to-2008-10;loto.csv
1993046-1;1993046;1;1993-11-17;ME;historic-6-plus-complementary;23;7;9;27;26;41;39;;;;;;;1976-05-to-2008-10;loto.csv
1993046-2;1993046;2;1993-11-17;ME;historic-6-plus-complementary;49;41;24;33;46;38;43;;;;;;;1976-05-to-2008-10;loto.csv
1993046-1;1993046;1;1993-11-20;SA;historic-6-plus-complementary;33;2;4;36;3;25;15;;;;;;;1976-05-to-2008-10;loto.csv
1993046-2;1993046;2;1993-11-20;SA;historic-6-plus-complementary;9;39;17;29;47;28;18;;;;;;;1976-05-to-2008-10;loto.csv
1993047-1;1993047;1;1993-11-24;ME;historic-6-plus-complementary;24;22;40;25;42;13;11;;;;;;;1976-05-to-2008-10;loto.csv
1993047-2;1993047;2;1993-11-24;ME;historic-6-plus-complementary;11;35;8;14;20;23;36;;;;;;;1976-05-to-2008-10;loto.csv
1993047-1;1993047;1;1993-11-27;SA;historic-6-plus-complementary;49;43;41;7;38;1;2;;;;;;;1976-05-to-2008-10;loto.csv
1993047-2;1993047;2;1993-11-27;SA;historic-6-plus-complementary;3;45;35;18;49;28;15;;;;;;;1976-05-to-2008-10;loto.csv
1993048-1;1993048;1;1993-12-01;ME;historic-6-plus-complementary;19;12;13;41;40;43;45;;;;;;;1976-05-to-2008-10;loto.csv
1993048-2;1993048;2;1993-12-01;ME;historic-6-plus-complementary;2;8;24;10;26;39;12;;;;;;;1976-05-to-2008-10;loto.csv
1993048-1;1993048;1;1993-12-04;SA;historic-6-plus-complementary;19;8;2;27;21;20;18;;;;;;;1976-05-to-2008-10;loto.csv
1993048-2;1993048;2;1993-12-04;SA;historic-6-plus-complementary;23;20;36;46;14;17;25;;;;;;;1976-05-to-2008-10;loto.csv
1993049-1;1993049;1;1993-12-08;ME;historic-6-plus-complementary;14;44;3;11;40;38;25;;;;;;;1976-05-to-2008-10;loto.csv
1993049-2;1993049;2;1993-12-08;ME;historic-6-plus-complementary;2;21;25;9;5;46;33;;;;;;;1976-05-to-2008-10;loto.csv
1993049-1;1993049;1;1993-12-11;SA;historic-6-plus-complementary;35;43;40;27;32;17;15;;;;;;;1976-05-to-2008-10;loto.csv
1993049-2;1993049;2;1993-12-11;SA;historic-6-plus-complementary;38;15;40;46;19;26;6;;;;;;;1976-05-to-2008-10;loto.csv
1993050-1;1993050;1;1993-12-15;ME;historic-6-plus-complementary;23;1;37;34;42;9;26;;;;;;;1976-05-to-2008-10;loto.csv
1993050-2;1993050;2;1993-12-15;ME;historic-6-plus-complementary;13;33;5;46;21;2;44;;;;;;;1976-05-to-2008-10;loto.csv
1993050-1;1993050;1;1993-12-18;SA;historic-6-plus-complementary;49;23;6;24;17;38;8;;;;;;;1976-05-to-2008-10;loto.csv
1993050-2;1993050;2;1993-12-18;SA;historic-6-plus-complementary;17;20;47;29;39;22;4;;;;;;;1976-05-to-2008-10;loto.csv
1993051-1;1993051;1;1993-12-22;ME;historic-6-plus-complementary;15;32;12;21;2;27;14;;;;;;;1976-05-to-2008-10;loto.csv
1993051-2;1993051;2;1993-12-22;ME;historic-6-plus-complementary;45;4;24;43;37;9;8;;;;;;;1976-05-to-2008-10;loto.csv
1993051-1;1993051;1;1993-12-25;SA;historic-6-plus-complementary;10;49;27;33;36;3;39;;;;;;;1976-05-to-2008-10;loto.csv
1993051-2;1993051;2;1993-12-25;SA;historic-6-plus-complementary;8;43;40;12;2;27;11;;;;;;;1976-05-to-2008-10;loto.csv
1993052-1;1993052;1;1993-12-29;ME;historic-6-plus-complementary;7;27;6;38;33;11;44;;;;;;;1976-05-to-2008-10;loto.csv
1993052-2;1993052;2;1993-12-29;ME;historic-6-plus-complementary;12;39;21;45;32;14;40;;;;;;;1976-05-to-2008-10;loto.csv
1993052-1;1993052;1;1994-01-01;SA;historic-6-plus-complementary;25;11;22;2;28;16;5;;;;;;;1976-05-to-2008-10;loto.csv
1993052-2;1993052;2;1994-01-01;SA;historic-6-plus-complementary;38;39;33;30;17;12;31;;;;;;;1976-05-to-2008-10;loto.csv
1994001-1;1994001;1;1994-01-05;ME;historic-6-plus-complementary;27;32;26;6;39;24;28;;;;;;;1976-05-to-2008-10;loto.csv
1994001-2;1994001;2;1994-01-05;ME;historic-6-plus-complementary;4;8;26;14;38;42;7;;;;;;;1976-05-to-2008-10;loto.csv
1994001-1;1994001;1;1994-01-08;SA;historic-6-plus-complementary;27;43;32;24;48;7;35;;;;;;;1976-05-to-2008-10;loto.csv
1994001-2;1994001;2;1994-01-08;SA;historic-6-plus-complementary;44;9;23;29;19;31;22;;;;;;;1976-05-to-2008-10;loto.csv
1994002-1;1994002;1;1994-01-12;ME;historic-6-plus-complementary;12;13;14;35;36;10;45;;;;;;;1976-05-to-2008-10;loto.csv
1994002-2;1994002;2;1994-01-12;ME;historic-6-plus-complementary;27;41;40;43;44;37;31;;;;;;;1976-05-to-2008-10;loto.csv
1994002-1;1994002;1;1994-01-15;SA;historic-6-plus-complementary;29;3;5;13;8;1;44;;;;;;;1976-05-to-2008-10;loto.csv
1994002-2;1994002;2;1994-01-15;SA;historic-6-plus-complementary;43;10;47;19;44;30;7;;;;;;;1976-05-to-2008-10;loto.csv
1994003-1;1994003;1;1994-01-19;ME;historic-6-plus-complementary;18;13;35;19;45;6;47;;;;;;;1976-05-to-2008-10;loto.csv
1994003-2;1994003;2;1994-01-19;ME;historic-6-plus-complementary;39;24;19;46;6;3;41;;;;;;;1976-05-to-2008-10;loto.csv
1994003-1;1994003;1;1994-01-22;SA;historic-6-plus-complementary;42;30;25;35;10;15;5;;;;;;;1976-05-to-2008-10;loto.csv
1994003-2;1994003;2;1994-01-22;SA;historic-6-plus-complementary;45;42;19;12;25;23;28;;;;;;;1976-05-to-2008-10;loto.csv
1994004-1;1994004;1;1994-01-26;ME;historic-6-plus-complementary;15;39;6;16;29;11;33;;;;;;;1976-05-to-2008-10;loto.csv
1994004-2;1994004;2;1994-01-26;ME;historic-6-plus-complementary;22;16;20;1;4;2;34;;;;;;;1976-05-to-2008-10;loto.csv
1994004-1;1994004;1;1994-01-29;SA;historic-6-plus-complementary;43;3;14;11;6;46;22;;;;;;;1976-05-to-2008-10;loto.csv
1994004-2;1994004;2;1994-01-29;SA;historic-6-plus-complementary;24;26;23;41;36;10;35;;;;;;;1976-05-to-2008-10;loto.csv
1994005-1;1994005;1;1994-02-02;ME;historic-6-plus-complementary;23;4;36;19;29;11;37;;;;;;;1976-05-to-2008-10;loto.csv
1994005-2;1994005;2;1994-02-02;ME;historic-6-plus-complementary;45;10;11;28;22;4;34;;;;;;;1976-05-to-2008-10;loto.csv
1994005-1;1994005;1;1994-02-05;SA;historic-6-plus-complementary;19;43;6;5;1;18;33;;;;;;;1976-05-to-2008-10;loto.csv
1994005-2;1994005;2;1994-02-05;SA;historic-6-plus-complementary;26;14;23;18;43;31;35;;;;;;;1976-05-to-2008-10;loto.csv
1994006-1;1994006;1;1994-02-09;ME;historic-6-plus-complementary;34;24;41;3;18;16;10;;;;;;;1976-05-to-2008-10;loto.csv
1994006-2;1994006;2;1994-02-09;ME;historic-6-plus-complementary;1;4;24;25;22;35;15;;;;;;;1976-05-to-2008-10;loto.csv
1994006-1;1994006;1;1994-02-12;SA;historic-6-plus-complementary;7;11;17;30;1;4;49;;;;;;;1976-05-to-2008-10;loto.csv
1994006-2;1994006;2;1994-02-12;SA;historic-6-plus-complementary;49;4;13;6;2;10;15;;;;;;;1976-05-to-2008-10;loto.csv
1994007-1;1994007;1;1994-02-16;ME;historic-6-plus-complementary;49;14;25;15;19;11;28;;;;;;;1976-05-to-2008-10;loto.csv
1994007-2;1994007;2;1994-02-16;ME;historic-6-plus-complementary;42;43;21;23;8;22;36;;;;;;;1976-05-to-2008-10;loto.csv
1994007-1;1994007;1;1994-02-19;SA;historic-6-plus-complementary;38;12;43;31;24;16;46;;;;;;;1976-05-to-2008-10;loto.csv
1994007-2;1994007;2;1994-02-19;SA;historic-6-plus-complementary;29;39;32;28;27;9;24;;;;;;;1976-05-to-2008-10;loto.csv
1994008-1;1994008;1;1994-02-23;ME;historic-6-plus-complementary;39;22;38;10;36;41;9;;;;;;;1976-05-to-2008-10;loto.csv
1994008-2;1994008;2;1994-02-23;ME;historic-6-plus-complementary;13;1;30;47;3;14;40;;;;;;;1976-05-to-2008-10;loto.csv
1994008-1;1994008;1;1994-02-26;SA;historic-6-plus-complementary;44;41;15;33;45;30;21;;;;;;;1976-05-to-2008-10;loto.csv
1994008-2;1994008;2;1994-02-26;SA;historic-6-plus-complementary;22;36;5;2;38;32;23;;;;;;;1976-05-to-2008-10;loto.csv
1994009-1;1994009;1;1994-03-02;ME;historic-6-plus-complementary;38;19;37;44;9;28;1;;;;;;;1976-05-to-2008-10;loto.csv
1994009-2;1994009;2;1994-03-02;ME;historic-6-plus-complementary;10;32;7;33;24;30;9;;;;;;;1976-05-to-2008-10;loto.csv
1994009-1;1994009;1;1994-03-05;SA;historic-6-plus-complementary;7;20;26;39;28;6;19;;;;;;;1976-05-to-2008-10;loto.csv
1994009-2;1994009;2;1994-03-05;SA;historic-6-plus-complementary;20;45;49;26;37;6;36;;;;;;;1976-05-to-2008-10;loto.csv
1994010-1;1994010;1;1994-03-09;ME;historic-6-plus-complementary;32;39;38;43;44;35;10;;;;;;;1976-05-to-2008-10;loto.csv
1994010-2;1994010;2;1994-03-09;ME;historic-6-plus-complementary;23;32;46;35;6;39;48;;;;;;;1976-05-to-2008-10;loto.csv
1994010-1;1994010;1;1994-03-12;SA;historic-6-plus-complementary;44;47;5;35;20;31;1;;;;;;;1976-05-to-2008-10;loto.csv
1994010-2;1994010;2;1994-03-12;SA;historic-6-plus-complementary;46;25;21;8;13;15;48;;;;;;;1976-05-to-2008-10;loto.csv
1994011-1;1994011;1;1994-03-16;ME;historic-6-plus-complementary;42;1;32;47;41;15;11;;;;;;;1976-05-to-2008-10;loto.csv
1994011-2;1994011;2;1994-03-16;ME;historic-6-plus-complementary;42;21;35;41;48;38;43;;;;;;;1976-05-to-2008-10;loto.csv
1994011-1;1994011;1;1994-03-19;SA;historic-6-plus-complementary;49;1;19;18;47;6;5;;;;;;;1976-05-to-2008-10;loto.csv
1994011-2;1994011;2;1994-03-19;SA;historic-6-plus-complementary;15;32;7;16;39;17;35;;;;;;;1976-05-to-2008-10;loto.csv
1994012-1;1994012;1;1994-03-23;ME;historic-6-plus-complementary;45;2;40;16;22;13;25;;;;;;;1976-05-to-2008-10;loto.csv
1994012-2;1994012;2;1994-03-23;ME;historic-6-plus-complementary;33;25;49;27;34;22;38;;;;;;;1976-05-to-2008-10;loto.csv
1994012-1;1994012;1;1994-03-26;SA;historic-6-plus-complementary;47;27;17;6;34;4;19;;;;;;;1976-05-to-2008-10;loto.csv
1994012-2;1994012;2;1994-03-26;SA;historic-6-plus-complementary;31;13;47;24;6;39;12;;;;;;;1976-05-to-2008-10;loto.csv
1994013-1;1994013;1;1994-03-30;ME;historic-6-plus-complementary;13;43;42;45;44;30;6;;;;;;;1976-05-to-2008-10;loto.csv
1994013-2;1994013;2;1994-03-30;ME;historic-6-plus-complementary;4;36;15;11;13;40;27;;;;;;;1976-05-to-2008-10;loto.csv
1994013-1;1994013;1;1994-04-02;SA;historic-6-plus-complementary;3;45;31;15;32;11;14;;;;;;;1976-05-to-2008-10;loto.csv
1994013-2;1994013;2;1994-04-02;SA;historic-6-plus-complementary;1;36;46;13;43;21;27;;;;;;;1976-05-to-2008-10;loto.csv
1994014-1;1994014;1;1994-04-06;ME;historic-6-plus-complementary;28;36;16;31;29;7;3;;;;;;;1976-05-to-2008-10;loto.csv
1994014-2;1994014;2;1994-04-06;ME;historic-6-plus-complementary;12;17;32;1;7;13;9;;;;;;;1976-05-to-2008-10;loto.csv
1994014-1;1994014;1;1994-04-09;SA;historic-6-plus-complementary;39;29;23;13;12;26;17;;;;;;;1976-05-to-2008-10;loto.csv
1994014-2;1994014;2;1994-04-09;SA;historic-6-plus-complementary;25;7;4;48;6;29;18;;;;;;;1976-05-to-2008-10;loto.csv
1994015-1;1994015;1;1994-04-13;ME;historic-6-plus-complementary;26;4;11;21;43;2;33;;;;;;;1976-05-to-2008-10;loto.csv
1994015-2;1994015;2;1994-04-13;ME;historic-6-plus-complementary;26;5;32;2;6;41;28;;;;;;;1976-05-to-2008-10;loto.csv
1994015-1;1994015;1;1994-04-16;SA;historic-6-plus-complementary;17;21;19;16;7;5;3;;;;;;;1976-05-to-2008-10;loto.csv
1994015-2;1994015;2;1994-04-16;SA;historic-6-plus-complementary;6;13;35;43;31;45;3;;;;;;;1976-05-to-2008-10;loto.csv
1994016-1;1994016;1;1994-04-20;ME;historic-6-plus-complementary;30;12;48;34;4;17;24;;;;;;;1976-05-to-2008-10;loto.csv
1994016-2;1994016;2;1994-04-20;ME;historic-6-plus-complementary;10;33;12;34;4;46;20;;;;;;;1976-05-to-2008-10;loto.csv
1994016-1;1994016;1;1994-04-23;SA;historic-6-plus-complementary;39;17;28;46;38;25;41;;;;;;;1976-05-to-2008-10;loto.csv
1994016-2;1994016;2;1994-04-23;SA;historic-6-plus-complementary;33;45;1;20;34;43;16;;;;;;;1976-05-to-2008-10;loto.csv
1994017-1;1994017;1;1994-04-27;ME;historic-6-plus-complementary;26;4;24;5;48;14;25;;;;;;;1976-05-to-2008-10;loto.csv
1994017-2;1994017;2;1994-04-27;ME;historic-6-plus-complementary;1;39;23;11;44;34;29;;;;;;;1976-05-to-2008-10;loto.csv
1994017-1;1994017;1;1994-04-30;SA;historic-6-plus-complementary;49;30;47;3;27;12;25;;;;;;;1976-05-to-2008-10;loto.csv
1994017-2;1994017;2;1994-04-30;SA;historic-6-plus-complementary;33;32;36;21;27;31;18;;;;;;;1976-05-to-2008-10;loto.csv
1994018-1;1994018;1;1994-05-04;ME;historic-6-plus-complementary;16;42;9;45;28;33;30;;;;;;;1976-05-to-2008-10;loto.csv
1994018-2;1994018;2;1994-05-04;ME;historic-6-plus-complementary;6;2;26;8;20;36;18;;;;;;;1976-05-to-2008-10;loto.csv
1994018-1;1994018;1;1994-05-07;SA;historic-6-plus-complementary;49;40;28;17;32;13;31;;;;;;;1976-05-to-2008-10;loto.csv
1994018-2;1994018;2;1994-05-07;SA;historic-6-plus-complementary;9;36;10;1;33;32;12;;;;;;;1976-05-to-2008-10;loto.csv
1994019-1;1994019;1;1994-05-11;ME;historic-6-plus-complementary;43;37;13;8;45;2;46;;;;;;;1976-05-to-2008-10;loto.csv
1994019-2;1994019;2;1994-05-11;ME;historic-6-plus-complementary;11;38;19;3;31;13;43;;;;;;;1976-05-to-2008-10;loto.csv
1994019-1;1994019;1;1994-05-14;SA;historic-6-plus-complementary;21;17;15;5;13;7;1;;;;;;;1976-05-to-2008-10;loto.csv
1994019-2;1994019;2;1994-05-14;SA;historic-6-plus-complementary;12;36;26;21;11;2;45;;;;;;;1976-05-to-2008-10;loto.csv
1994020-1;1994020;1;1994-05-18;ME;historic-6-plus-complementary;13;42;6;3;41;10;33;;;;;;;1976-05-to-2008-10;loto.csv
1994020-2;1994020;2;1994-05-18;ME;historic-6-plus-complementary;10;9;25;33;12;6;48;;;;;;;1976-05-to-2008-10;loto.csv
1994020-1;1994020;1;1994-05-21;SA;historic-6-plus-complementary;21;37;47;8;41;14;19;;;;;;;1976-05-to-2008-10;loto.csv
1994020-2;1994020;2;1994-05-21;SA;historic-6-plus-complementary;15;25;2;11;19;14;42;;;;;;;1976-05-to-2008-10;loto.csv
1994021-1;1994021;1;1994-05-25;ME;historic-6-plus-complementary;27;43;36;35;3;29;34;;;;;;;1976-05-to-2008-10;loto.csv
1994021-2;1994021;2;1994-05-25;ME;historic-6-plus-complementary;28;10;27;26;46;47;32;;;;;;;1976-05-to-2008-10;loto.csv
1994021-1;1994021;1;1994-05-28;SA;historic-6-plus-complementary;32;16;35;31;1;49;43;;;;;;;1976-05-to-2008-10;loto.csv
1994021-2;1994021;2;1994-05-28;SA;historic-6-plus-complementary;49;29;19;41;6;44;42;;;;;;;1976-05-to-2008-10;loto.csv
1994022-1;1994022;1;1994-06-01;ME;historic-6-plus-complementary;11;29;23;28;42;12;25;;;;;;;1976-05-to-2008-10;loto.csv
1994022-2;1994022;2;1994-06-01;ME;historic-6-plus-complementary;20;48;7;6;24;10;46;;;;;;;1976-05-to-2008-10;loto.csv
1994022-1;1994022;1;1994-06-04;SA;historic-6-plus-complementary;26;13;46;11;47;21;8;;;;;;;1976-05-to-2008-10;loto.csv
1994022-2;1994022;2;1994-06-04;SA;historic-6-plus-complementary;45;9;26;6;13;22;46;;;;;;;1976-05-to-2008-10;loto.csv
1994023-1;1994023;1;1994-06-08;ME;historic-6-plus-complementary;37;28;12;19;46;34;36;;;;;;;1976-05-to-2008-10;loto.csv
1994023-2;1994023;2;1994-06-08;ME;historic-6-plus-complementary;39;41;7;15;46;42;30;;;;;;;1976-05-to-2008-10;loto.csv
1994023-1;1994023;1;1994-06-11;SA;historic-6-plus-complementary;44;26;48;40;15;4;24;;;;;;;1976-05-to-2008-10;loto.csv
1994023-2;1994023;2;1994-06-11;SA;historic-6-plus-complementary;1;20;18;44;38;33;15;;;;;;;1976-05-to-2008-10;loto.csv
1994024-1;1994024;1;1994-06-15;ME;historic-6-plus-complementary;47;7;5;24;12;2;35;;;;;;;1976-05-to-2008-10;loto.csv
1994024-2;1994024;2;1994-06-15;ME;historic-6-plus-complementary;18;5;41;49;3;20;12;;;;;;;1976-05-to-2008-10;loto.csv
1994024-1;1994024;1;1994-06-18;SA;historic-6-plus-complementary;9;40;29;8;7;37;26;;;;;;;1976-05-to-2008-10;loto.csv
1994024-2;1994024;2;1994-06-18;SA;historic-6-plus-complementary;9;37;38;29;2;40;47;;;;;;;1976-05-to-2008-10;loto.csv
1994025-1;1994025;1;1994-06-22;ME;historic-6-plus-complementary;4;33;9;39;35;36;13;;;;;;;1976-05-to-2008-10;loto.csv
1994025-2;1994025;2;1994-06-22;ME;historic-6-plus-complementary;39;17;10;34;33;16;24;;;;;;;1976-05-to-2008-10;loto.csv
1994025-1;1994025;1;1994-06-25;SA;historic-6-plus-complementary;17;23;16;18;42;48;40;;;;;;;1976-05-to-2008-10;loto.csv
1994025-2;1994025;2;1994-06-25;SA;historic-6-plus-complementary;3;36;7;24;49;17;15;;;;;;;1976-05-to-2008-10;loto.csv
1994026-1;1994026;1;1994-06-29;ME;historic-6-plus-complementary;36;1;8;9;44;43;39;;;;;;;1976-05-to-2008-10;loto.csv
1994026-2;1994026;2;1994-06-29;ME;historic-6-plus-complementary;35;28;5;18;19;3;11;;;;;;;1976-05-to-2008-10;loto.csv
1994026-1;1994026;1;1994-07-02;SA;historic-6-plus-complementary;26;30;18;11;48;17;29;;;;;;;1976-05-to-2008-10;loto.csv
1994026-2;1994026;2;1994-07-02;SA;historic-6-plus-complementary;32;20;31;14;3;44;5;;;;;;;1976-05-to-2008-10;loto.csv
1994027-1;1994027;1;1994-07-06;ME;historic-6-plus-complementary;37;20;34;15;12;1;5;;;;;;;1976-05-to-2008-10;loto.csv
1994027-2;1994027;2;1994-07-06;ME;historic-6-plus-complementary;17;8;22;7;38;40;11;;;;;;;1976-05-to-2008-10;loto.csv
1994027-1;1994027;1;1994-07-09;SA;historic-6-plus-complementary;48;16;12;46;22;28;27;;;;;;;1976-05-to-2008-10;loto.csv
1994027-2;1994027;2;1994-07-09;SA;historic-6-plus-complementary;19;12;15;17;36;20;21;;;;;;;1976-05-to-2008-10;loto.csv
1994028-1;1994028;1;1994-07-13;ME;historic-6-plus-complementary;28;31;22;18;34;42;7;;;;;;;1976-05-to-2008-10;loto.csv
1994028-2;1994028;2;1994-07-13;ME;historic-6-plus-complementary;47;32;39;33;2;16;14;;;;;;;1976-05-to-2008-10;loto.csv
1994028-1;1994028;1;1994-07-16;SA;historic-6-plus-complementary;18;19;27;42;35;6;28;;;;;;;1976-05-to-2008-10;loto.csv
1994028-2;1994028;2;1994-07-16;SA;historic-6-plus-complementary;45;13;10;30;27;37;17;;;;;;;1976-05-to-2008-10;loto.csv
1994029-1;1994029;1;1994-07-20;ME;historic-6-plus-complementary;16;42;22;3;49;32;44;;;;;;;1976-05-to-2008-10;loto.csv
1994029-2;1994029;2;1994-07-20;ME;historic-6-plus-complementary;10;13;24;49;30;21;41;;;;;;;1976-05-to-2008-10;loto.csv
1994029-1;1994029;1;1994-07-23;SA;historic-6-plus-complementary;42;29;30;35;38;22;21;;;;;;;1976-05-to-2008-10;loto.csv
1994029-2;1994029;2;1994-07-23;SA;historic-6-plus-complementary;34;7;2;21;18;14;31;;;;;;;1976-05-to-2008-10;loto.csv
1994030-1;1994030;1;1994-07-27;ME;historic-6-plus-complementary;45;21;3;13;15;11;2;;;;;;;1976-05-to-2008-10;loto.csv
1994030-2;1994030;2;1994-07-27;ME;historic-6-plus-complementary;45;1;37;33;12;5;28;;;;;;;1976-05-to-2008-10;loto.csv
1994030-1;1994030;1;1994-07-30;SA;historic-6-plus-complementary;24;19;18;32;41;5;2;;;;;;;1976-05-to-2008-10;loto.csv
1994030-2;1994030;2;1994-07-30;SA;historic-6-plus-complementary;31;38;36;23;4;43;34;;;;;;;1976-05-to-2008-10;loto.csv
1994031-1;1994031;1;1994-08-03;ME;historic-6-plus-complementary;46;23;15;48;25;21;5;;;;;;;1976-05-to-2008-10;loto.csv
1994031-2;1994031;2;1994-08-03;ME;historic-6-plus-complementary;20;30;48;25;36;49;4;;;;;;;1976-05-to-2008-10;loto.csv
1994031-1;1994031;1;1994-08-06;SA;historic-6-plus-complementary;49;26;36;9;24;38;17;;;;;;;1976-05-to-2008-10;loto.csv
1994031-2;1994031;2;1994-08-06;SA;historic-6-plus-complementary;1;28;46;18;36;2;24;;;;;;;1976-05-to-2008-10;loto.csv
1994032-1;1994032;1;1994-08-10;ME;historic-6-plus-complementary;9;13;32;26;29;37;42;;;;;;;1976-05-to-2008-10;loto.csv
1994032-2;1994032;2;1994-08-10;ME;historic-6-plus-complementary;43;41;20;22;38;49;19;;;;;;;1976-05-to-2008-10;loto.csv
1994032-1;1994032;1;1994-08-13;SA;historic-6-plus-complementary;4;6;17;27;42;1;48;;;;;;;1976-05-to-2008-10;loto.csv
1994032-2;1994032;2;1994-08-13;SA;historic-6-plus-complementary;23;30;13;7;38;25;45;;;;;;;1976-05-to-2008-10;loto.csv
1994033-1;1994033;1;1994-08-17;ME;historic-6-plus-complementary;45;43;18;19;49;42;44;;;;;;;1976-05-to-2008-10;loto.csv
1994033-2;1994033;2;1994-08-17;ME;historic-6-plus-complementary;25;49;12;18;15;41;45;;;;;;;1976-05-to-2008-10;loto.csv
1994033-1;1994033;1;1994-08-20;SA;historic-6-plus-complementary;38;2;19;44;41;9;32;;;;;;;1976-05-to-2008-10;loto.csv
1994033-2;1994033;2;1994-08-20;SA;historic-6-plus-complementary;18;23;2;24;38;42;25;;;;;;;1976-05-to-2008-10;loto.csv
1994034-1;1994034;1;1994-08-24;ME;historic-6-plus-complementary;48;6;5;34;13;4;47;;;;;;;1976-05-to-2008-10;loto.csv
1994034-2;1994034;2;1994-08-24;ME;historic-6-plus-complementary;34;29;8;15;48;40;45;;;;;;;1976-05-to-2008-10;loto.csv
1994034-1;1994034;1;1994-08-27;SA;historic-6-plus-complementary;13;46;25;31;17;38;22;;;;;;;1976-05-to-2008-10;loto.csv
1994034-2;1994034;2;1994-08-27;SA;historic-6-plus-complementary;12;21;13;11;18;42;14;;;;;;;1976-05-to-2008-10;loto.csv
1994035-1;1994035;1;1994-08-31;ME;historic-6-plus-complementary;47;12;1;30;37;29;6;;;;;;;1976-05-to-2008-10;loto.csv
1994035-2;1994035;2;1994-08-31;ME;historic-6-plus-complementary;19;11;1;46;15;13;22;;;;;;;1976-05-to-2008-10;loto.csv
1994035-1;1994035;1;1994-09-03;SA;historic-6-plus-complementary;2;9;22;49;31;35;27;;;;;;;1976-05-to-2008-10;loto.csv
1994035-2;1994035;2;1994-09-03;SA;historic-6-plus-complementary;4;26;15;48;9;31;12;;;;;;;1976-05-to-2008-10;loto.csv
1994036-1;1994036;1;1994-09-07;ME;historic-6-plus-complementary;22;13;19;41;42;27;49;;;;;;;1976-05-to-2008-10;loto.csv
1994036-2;1994036;2;1994-09-07;ME;historic-6-plus-complementary;26;1;6;5;43;3;9;;;;;;;1976-05-to-2008-10;loto.csv
1994036-1;1994036;1;1994-09-10;SA;historic-6-plus-complementary;42;27;19;1;31;10;13;;;;;;;1976-05-to-2008-10;loto.csv
1994036-2;1994036;2;1994-09-10;SA;historic-6-plus-complementary;46;15;20;1;33;41;30;;;;;;;1976-05-to-2008-10;loto.csv
1994037-1;1994037;1;1994-09-14;ME;historic-6-plus-complementary;17;39;21;28;26;48;24;;;;;;;1976-05-to-2008-10;loto.csv
1994037-2;1994037;2;1994-09-14;ME;historic-6-plus-complementary;16;8;47;10;31;32;14;;;;;;;1976-05-to-2008-10;loto.csv
1994037-1;1994037;1;1994-09-17;SA;historic-6-plus-complementary;38;28;27;34;17;9;31;;;;;;;1976-05-to-2008-10;loto.csv
1994037-2;1994037;2;1994-09-17;SA;historic-6-plus-complementary;46;10;49;14;24;16;35;;;;;;;1976-05-to-2008-10;loto.csv
1994038-1;1994038;1;1994-09-21;ME;historic-6-plus-complementary;14;15;39;45;20;42;18;;;;;;;1976-05-to-2008-10;loto.csv
1994038-2;1994038;2;1994-09-21;ME;historic-6-plus-complementary;4;7;26;31;21;47;27;;;;;;;1976-05-to-2008-10;loto.csv
1994038-1;1994038;1;1994-09-24;SA;historic-6-plus-complementary;20;6;9;41;45;35;12;;;;;;;1976-05-to-2008-10;loto.csv
1994038-2;1994038;2;1994-09-24;SA;historic-6-plus-complementary;31;35;48;12;44;13;19;;;;;;;1976-05-to-2008-10;loto.csv
1994039-1;1994039;1;1994-09-28;ME;historic-6-plus-complementary;12;33;32;9;4;47;20;;;;;;;1976-05-to-2008-10;loto.csv
1994039-2;1994039;2;1994-09-28;ME;historic-6-plus-complementary;46;8;37;31;38;4;16;;;;;;;1976-05-to-2008-10;loto.csv
1994039-1;1994039;1;1994-10-01;SA;historic-6-plus-complementary;6;13;43;21;28;19;48;;;;;;;1976-05-to-2008-10;loto.csv
1994039-2;1994039;2;1994-10-01;SA;historic-6-plus-complementary;14;47;31;9;38;6;45;;;;;;;1976-05-to-2008-10;loto.csv
1994040-1;1994040;1;1994-10-05;ME;historic-6-plus-complementary;23;47;5;6;27;49;16;;;;;;;1976-05-to-2008-10;loto.csv
1994040-2;1994040;2;1994-10-05;ME;historic-6-plus-complementary;7;16;38;3;2;18;32;;;;;;;1976-05-to-2008-10;loto.csv
1994040-1;1994040;1;1994-10-08;SA;historic-6-plus-complementary;40;19;14;33;12;44;45;;;;;;;1976-05-to-2008-10;loto.csv
1994040-2;1994040;2;1994-10-08;SA;historic-6-plus-complementary;37;39;43;24;23;47;19;;;;;;;1976-05-to-2008-10;loto.csv
1994041-1;1994041;1;1994-10-12;ME;historic-6-plus-complementary;37;28;20;47;7;8;14;;;;;;;1976-05-to-2008-10;loto.csv
1994041-2;1994041;2;1994-10-12;ME;historic-6-plus-complementary;39;15;22;12;24;47;2;;;;;;;1976-05-to-2008-10;loto.csv
1994041-1;1994041;1;1994-10-15;SA;historic-6-plus-complementary;49;29;5;33;39;2;31;;;;;;;1976-05-to-2008-10;loto.csv
1994041-2;1994041;2;1994-10-15;SA;historic-6-plus-complementary;14;37;21;27;38;25;42;;;;;;;1976-05-to-2008-10;loto.csv
1994042-1;1994042;1;1994-10-19;ME;historic-6-plus-complementary;38;10;32;27;17;29;26;;;;;;;1976-05-to-2008-10;loto.csv
1994042-2;1994042;2;1994-10-19;ME;historic-6-plus-complementary;8;24;39;41;4;3;7;;;;;;;1976-05-to-2008-10;loto.csv
1994042-1;1994042;1;1994-10-22;SA;historic-6-plus-complementary;48;19;2;16;49;23;8;;;;;;;1976-05-to-2008-10;loto.csv
1994042-2;1994042;2;1994-10-22;SA;historic-6-plus-complementary;14;25;33;44;27;12;19;;;;;;;1976-05-to-2008-10;loto.csv
1994043-1;1994043;1;1994-10-26;ME;historic-6-plus-complementary;8;39;34;6;47;10;25;;;;;;;1976-05-to-2008-10;loto.csv
1994043-2;1994043;2;1994-10-26;ME;historic-6-plus-complementary;44;9;49;28;11;8;22;;;;;;;1976-05-to-2008-10;loto.csv
1994043-1;1994043;1;1994-10-29;SA;historic-6-plus-complementary;31;9;46;41;13;38;26;;;;;;;1976-05-to-2008-10;loto.csv
1994043-2;1994043;2;1994-10-29;SA;historic-6-plus-complementary;7;9;18;16;43;5;37;;;;;;;1976-05-to-2008-10;loto.csv
1994044-1;1994044;1;1994-11-02;ME;historic-6-plus-complementary;1;33;46;43;13;30;36;;;;;;;1976-05-to-2008-10;loto.csv
1994044-2;1994044;2;1994-11-02;ME;historic-6-plus-complementary;46;48;36;40;18;10;27;;;;;;;1976-05-to-2008-10;loto.csv
1994044-1;1994044;1;1994-11-05;SA;historic-6-plus-complementary;17;38;13;8;2;7;36;;;;;;;1976-05-to-2008-10;loto.csv
1994044-2;1994044;2;1994-11-05;SA;historic-6-plus-complementary;48;8;13;20;18;43;22;;;;;;;1976-05-to-2008-10;loto.csv
1994045-1;1994045;1;1994-11-09;ME;historic-6-plus-complementary;15;32;49;1;11;14;33;;;;;;;1976-05-to-2008-10;loto.csv
1994045-2;1994045;2;1994-11-09;ME;historic-6-plus-complementary;19;4;22;41;18;35;24;;;;;;;1976-05-to-2008-10;loto.csv
1994045-1;1994045;1;1994-11-12;SA;historic-6-plus-complementary;4;46;44;48;16;14;8;;;;;;;1976-05-to-2008-10;loto.csv
1994045-2;1994045;2;1994-11-12;SA;historic-6-plus-complementary;21;34;41;31;49;29;16;;;;;;;1976-05-to-2008-10;loto.csv
1994046-1;1994046;1;1994-11-16;ME;historic-6-plus-complementary;13;22;32;34;14;20;19;;;;;;;1976-05-to-2008-10;loto.csv
1994046-2;1994046;2;1994-11-16;ME;historic-6-plus-complementary;13;36;31;48;4;37;33;;;;;;;1976-05-to-2008-10;loto.csv
1994046-1;1994046;1;1994-11-19;SA;historic-6-plus-complementary;6;35;37;48;29;45;12;;;;;;;1976-05-to-2008-10;loto.csv
1994046-2;1994046;2;1994-11-19;SA;historic-6-plus-complementary;2;41;31;46;20;16;21;;;;;;;1976-05-to-2008-10;loto.csv
1994047-1;1994047;1;1994-11-23;ME;historic-6-plus-complementary;15;38;25;16;1;2;41;;;;;;;1976-05-to-2008-10;loto.csv
1994047-2;1994047;2;1994-11-23;ME;historic-6-plus-complementary;27;2;33;15;7;10;40;;;;;;;1976-05-to-2008-10;loto.csv
1994047-1;1994047;1;1994-11-26;SA;historic-6-plus-complementary;40;41;2;49;12;8;1;;;;;;;1976-05-to-2008-10;loto.csv
1994047-2;1994047;2;1994-11-26;SA;historic-6-plus-complementary;40;42;24;32;23;29;19;;;;;;;1976-05-to-2008-10;loto.csv
1994048-1;1994048;1;1994-11-30;ME;historic-6-plus-complementary;22;2;16;13;9;29;26;;;;;;;1976-05-to-2008-10;loto.csv
1994048-2;1994048;2;1994-11-30;ME;historic-6-plus-complementary;9;19;38;18;36;44;43;;;;;;;1976-05-to-2008-10;loto.csv
1994048-1;1994048;1;1994-12-03;SA;historic-6-plus-complementary;24;36;1;9;17;37;25;;;;;;;1976-05-to-2008-10;loto.csv
1994048-2;1994048;2;1994-12-03;SA;historic-6-plus-complementary;49;38;25;17;8;11;19;;;;;;;1976-05-to-2008-10;loto.csv
1994049-1;1994049;1;1994-12-07;ME;historic-6-plus-complementary;11;49;36;15;9;19;17;;;;;;;1976-05-to-2008-10;loto.csv
1994049-2;1994049;2;1994-12-07;ME;historic-6-plus-complementary;16;38;19;30;4;34;35;;;;;;;1976-05-to-2008-10;loto.csv
1994049-1;1994049;1;1994-12-10;SA;historic-6-plus-complementary;31;4;38;37;18;41;48;;;;;;;1976-05-to-2008-10;loto.csv
1994049-2;1994049;2;1994-12-10;SA;historic-6-plus-complementary;27;11;42;48;18;43;29;;;;;;;1976-05-to-2008-10;loto.csv
1994050-1;1994050;1;1994-12-14;ME;historic-6-plus-complementary;4;42;30;45;41;16;25;;;;;;;1976-05-to-2008-10;loto.csv
1994050-2;1994050;2;1994-12-14;ME;historic-6-plus-complementary;34;33;44;41;36;38;1;;;;;;;1976-05-to-2008-10;loto.csv
1994050-1;1994050;1;1994-12-17;SA;historic-6-plus-complementary;49;10;21;6;1;8;43;;;;;;;1976-05-to-2008-10;loto.csv
1994050-2;1994050;2;1994-12-17;SA;historic-6-plus-complementary;44;34;43;31;17;46;2;;;;;;;1976-05-to-2008-10;loto.csv
1994051-1;1994051;1;1994-12-21;ME;historic-6-plus-complementary;29;39;43;4;41;40;48;;;;;;;1976-05-to-2008-10;loto.csv
1994051-2;1994051;2;1994-12-21;ME;historic-6-plus-complementary;16;18;45;4;23;10;36;;;;;;;1976-05-to-2008-10;loto.csv
1994051-1;1994051;1;1994-12-24;SA;historic-6-plus-complementary;22;15;30;47;19;17;49;;;;;;;1976-05-to-2008-10;loto.csv
1994051-2;1994051;2;1994-12-24;SA;historic-6-plus-complementary;23;2;28;6;14;18;35;;;;;;;1976-05-to-2008-10;loto.csv
1994052-1;1994052;1;1994-12-28;ME;historic-6-plus-complementary;39;43;11;29;45;19;36;;;;;;;1976-05-to-2008-10;loto.csv
1994052-2;1994052;2;1994-12-28;ME;historic-6-plus-complementary;32;48;6;38;36;33;25;;;;;;;1976-05-to-2008-10;loto.csv
1994052-1;1994052;1;1994-12-31;SA;historic-6-plus-complementary;15;19;24;44;35;27;2;;;;;;;1976-05-to-2008-10;loto.csv
1994052-2;1994052;2;1994-12-31;SA;historic-6-plus-complementary;33;24;16;46;21;5;18;;;;;;;1976-05-to-2008-10;loto.csv
1995001-1;1995001;1;1995-01-04;ME;historic-6-plus-complementary;44;21;15;49;13;40;36;;;;;;;1976-05-to-2008-10;loto.csv
1995001-2;1995001;2;1995-01-04;ME;historic-6-plus-complementary;38;21;49;44;34;31;1;;;;;;;1976-05-to-2008-10;loto.csv
1995001-1;1995001;1;1995-01-07;SA;historic-6-plus-complementary;47;20;9;29;21;45;6;;;;;;;1976-05-to-2008-10;loto.csv
1995001-2;1995001;2;1995-01-07;SA;historic-6-plus-complementary;25;23;36;9;48;46;26;;;;;;;1976-05-to-2008-10;loto.csv
1995002-1;1995002;1;1995-01-11;ME;historic-6-plus-complementary;16;37;47;5;43;46;28;;;;;;;1976-05-to-2008-10;loto.csv
1995002-2;1995002;2;1995-01-11;ME;historic-6-plus-complementary;41;7;17;48;4;11;25;;;;;;;1976-05-to-2008-10;loto.csv
1995002-1;1995002;1;1995-01-14;SA;historic-6-plus-complementary;44;48;35;43;8;20;3;;;;;;;1976-05-to-2008-10;loto.csv
1995002-2;1995002;2;1995-01-14;SA;historic-6-plus-complementary;43;5;47;18;44;1;10;;;;;;;1976-05-to-2008-10;loto.csv
1995003-1;1995003;1;1995-01-18;ME;historic-6-plus-complementary;10;29;34;37;16;1;40;;;;;;;1976-05-to-2008-10;loto.csv
1995003-2;1995003;2;1995-01-18;ME;historic-6-plus-complementary;19;27;37;26;10;40;20;;;;;;;1976-05-to-2008-10;loto.csv
1995003-1;1995003;1;1995-01-21;SA;historic-6-plus-complementary;48;6;7;38;13;4;18;;;;;;;1976-05-to-2008-10;loto.csv
1995003-2;1995003;2;1995-01-21;SA;historic-6-plus-complementary;7;28;40;41;4;3;32;;;;;;;1976-05-to-2008-10;loto.csv
1995004-1;1995004;1;1995-01-25;ME;historic-6-plus-complementary;19;14;29;16;6;33;28;;;;;;;1976-05-to-2008-10;loto.csv
1995004-2;1995004;2;1995-01-25;ME;historic-6-plus-complementary;42;5;33;13;19;47;15;;;;;;;1976-05-to-2008-10;loto.csv
1995004-1;1995004;1;1995-01-28;SA;historic-6-plus-complementary;32;30;16;27;20;5;48;;;;;;;1976-05-to-2008-10;loto.csv
1995004-2;1995004;2;1995-01-28;SA;historic-6-plus-complementary;42;47;45;49;30;4;44;;;;;;;1976-05-to-2008-10;loto.csv
1995005-1;1995005;1;1995-02-01;ME;historic-6-plus-complementary;39;49;37;40;9;14;30;;;;;;;1976-05-to-2008-10;loto.csv
1995005-2;1995005;2;1995-02-01;ME;historic-6-plus-complementary;9;31;10;48;18;24;11;;;;;;;1976-05-to-2008-10;loto.csv
1995005-1;1995005;1;1995-02-04;SA;historic-6-plus-complementary;13;23;14;11;35;39;9;;;;;;;1976-05-to-2008-10;loto.csv
1995005-2;1995005;2;1995-02-04;SA;historic-6-plus-complementary;35;49;20;13;36;5;30;;;;;;;1976-05-to-2008-10;loto.csv
1995006-1;1995006;1;1995-02-08;ME;historic-6-plus-complementary;7;48;31;26;32;27;14;;;;;;;1976-05-to-2008-10;loto.csv
1995006-2;1995006;2;1995-02-08;ME;historic-6-plus-complementary;12;7;18;6;39;9;47;;;;;;;1976-05-to-2008-10;loto.csv
1995006-1;1995006;1;1995-02-11;SA;historic-6-plus-complementary;19;14;10;12;9;3;20;;;;;;;1976-05-to-2008-10;loto.csv
1995006-2;1995006;2;1995-02-11;SA;historic-6-plus-complementary;10;28;12;25;43;5;21;;;;;;;1976-05-to-2008-10;loto.csv
1995007-1;1995007;1;1995-02-15;ME;historic-6-plus-complementary;37;34;38;15;16;27;13;;;;;;;1976-05-to-2008-10;loto.csv
1995007-2;1995007;2;1995-02-15;ME;historic-6-plus-complementary;41;27;7;1;4;9;28;;;;;;;1976-05-to-2008-10;loto.csv
1995007-1;1995007;1;1995-02-18;SA;historic-6-plus-complementary;11;2;42;12;39;10;18;;;;;;;1976-05-to-2008-10;loto.csv
1995007-2;1995007;2;1995-02-18;SA;historic-6-plus-complementary;48;2;43;8;18;40;14;;;;;;;1976-05-to-2008-10;loto.csv
1995008-1;1995008;1;1995-02-22;ME;historic-6-plus-complementary;5;30;1;44;36;26;3;;;;;;;1976-05-to-2008-10;loto.csv
1995008-2;1995008;2;1995-02-22;ME;historic-6-plus-complementary;27;43;36;30;19;14;7;;;;;;;1976-05-to-2008-10;loto.csv
1995008-1;1995008;1;1995-02-25;SA;historic-6-plus-complementary;13;32;30;14;5;1;10;;;;;;;1976-05-to-2008-10;loto.csv
1995008-2;1995008;2;1995-02-25;SA;historic-6-plus-complementary;11;46;30;38;25;45;3;;;;;;;1976-05-to-2008-10;loto.csv
1995009-1;1995009;1;1995-03-01;ME;historic-6-plus-complementary;3;16;33;19;31;35;12;;;;;;;1976-05-to-2008-10;loto.csv
1995009-2;1995009;2;1995-03-01;ME;historic-6-plus-complementary;22;13;46;6;39;45;42;;;;;;;1976-05-to-2008-10;loto.csv
1995009-1;1995009;1;1995-03-04;SA;historic-6-plus-complementary;38;21;12;40;24;9;17;;;;;;;1976-05-to-2008-10;loto.csv
1995009-2;1995009;2;1995-03-04;SA;historic-6-plus-complementary;25;27;48;3;1;34;14;;;;;;;1976-05-to-2008-10;loto.csv
1995010-1;1995010;1;1995-03-08;ME;historic-6-plus-complementary;21;47;40;26;41;38;1;;;;;;;1976-05-to-2008-10;loto.csv
1995010-2;1995010;2;1995-03-08;ME;historic-6-plus-complementary;32;34;11;40;19;39;2;;;;;;;1976-05-to-2008-10;loto.csv
1995010-1;1995010;1;1995-03-11;SA;historic-6-plus-complementary;6;24;12;19;43;45;48;;;;;;;1976-05-to-2008-10;loto.csv
1995010-2;1995010;2;1995-03-11;SA;historic-6-plus-complementary;10;17;16;1;27;48;20;;;;;;;1976-05-to-2008-10;loto.csv
1995011-1;1995011;1;1995-03-15;ME;historic-6-plus-complementary;4;45;30;7;34;17;36;;;;;;;1976-05-to-2008-10;loto.csv
1995011-2;1995011;2;1995-03-15;ME;historic-6-plus-complementary;44;8;46;16;17;5;49;;;;;;;1976-05-to-2008-10;loto.csv
1995011-1;1995011;1;1995-03-18;SA;historic-6-plus-complementary;47;1;6;45;16;18;4;;;;;;;1976-05-to-2008-10;loto.csv
1995011-2;1995011;2;1995-03-18;SA;historic-6-plus-complementary;5;34;13;29;1;4;12;;;;;;;1976-05-to-2008-10;loto.csv
1995012-1;1995012;1;1995-03-22;ME;historic-6-plus-complementary;12;49;48;22;28;39;36;;;;;;;1976-05-to-2008-10;loto.csv
1995012-2;1995012;2;1995-03-22;ME;historic-6-plus-complementary;43;7;27;42;28;13;16;;;;;;;1976-05-to-2008-10;loto.csv
1995012-1;1995012;1;1995-03-25;SA;historic-6-plus-complementary;33;7;10;48;22;13;30;;;;;;;1976-05-to-2008-10;loto.csv
1995012-2;1995012;2;1995-03-25;SA;historic-6-plus-complementary;6;25;26;34;36;21;31;;;;;;;1976-05-to-2008-10;loto.csv
1995013-1;1995013;1;1995-03-29;ME;historic-6-plus-complementary;32;19;31;25;5;9;36;;;;;;;1976-05-to-2008-10;loto.csv
1995013-2;1995013;2;1995-03-29;ME;historic-6-plus-complementary;6;41;46;4;30;12;34;;;;;;;1976-05-to-2008-10;loto.csv
1995013-1;1995013;1;1995-04-01;SA;historic-6-plus-complementary;23;49;21;43;5;38;8;;;;;;;1976-05-to-2008-10;loto.csv
1995013-2;1995013;2;1995-04-01;SA;historic-6-plus-complementary;9;29;44;14;17;5;18;;;;;;;1976-05-to-2008-10;loto.csv
1995014-1;1995014;1;1995-04-05;ME;historic-6-plus-complementary;40;4;34;23;44;3;32;;;;;;;1976-05-to-2008-10;loto.csv
1995014-2;1995014;2;1995-04-05;ME;historic-6-plus-complementary;13;27;41;2;42;20;48;;;;;;;1976-05-to-2008-10;loto.csv
1995014-1;1995014;1;1995-04-08;SA;historic-6-plus-complementary;24;13;6;39;20;43;11;;;;;;;1976-05-to-2008-10;loto.csv
1995014-2;1995014;2;1995-04-08;SA;historic-6-plus-complementary;19;47;23;10;41;3;39;;;;;;;1976-05-to-2008-10;loto.csv
1995015-1;1995015;1;1995-04-12;ME;historic-6-plus-complementary;32;28;14;29;16;45;25;;;;;;;1976-05-to-2008-10;loto.csv
1995015-2;1995015;2;1995-04-12;ME;historic-6-plus-complementary;47;33;20;44;19;22;11;;;;;;;1976-05-to-2008-10;loto.csv
1995015-1;1995015;1;1995-04-15;SA;historic-6-plus-complementary;29;8;31;15;34;19;2;;;;;;;1976-05-to-2008-10;loto.csv
1995015-2;1995015;2;1995-04-15;SA;historic-6-plus-complementary;48;10;36;43;49;31;28;;;;;;;1976-05-to-2008-10;loto.csv
1995016-1;1995016;1;1995-04-19;ME;historic-6-plus-complementary;3;20;23;47;30;7;31;;;;;;;1976-05-to-2008-10;loto.csv
1995016-2;1995016;2;1995-04-19;ME;historic-6-plus-complementary;42;24;37;1;8;48;14;;;;;;;1976-05-to-2008-10;loto.csv
1995016-1;1995016;1;1995-04-22;SA;historic-6-plus-complementary;12;35;7;37;10;41;3;;;;;;;1976-05-to-2008-10;loto.csv
1995016-2;1995016;2;1995-04-22;SA;historic-6-plus-complementary;13;23;37;3;44;47;8;;;;;;;1976-05-to-2008-10;loto.csv
1995017-1;1995017;1;1995-04-26;ME;historic-6-plus-complementary;16;4;34;44;48;41;19;;;;;;;1976-05-to-2008-10;loto.csv
1995017-2;1995017;2;1995-04-26;ME;historic-6-plus-complementary;5;1;43;47;39;49;4;;;;;;;1976-05-to-2008-10;loto.csv
1995017-1;1995017;1;1995-04-29;SA;historic-6-plus-complementary;16;13;6;2;19;15;42;;;;;;;1976-05-to-2008-10;loto.csv
1995017-2;1995017;2;1995-04-29;SA;historic-6-plus-complementary;4;32;10;44;15;27;1;;;;;;;1976-05-to-2008-10;loto.csv
1995018-1;1995018;1;1995-05-03;ME;historic-6-plus-complementary;41;5;20;48;16;15;21;;;;;;;1976-05-to-2008-10;loto.csv
1995018-2;1995018;2;1995-05-03;ME;historic-6-plus-complementary;41;22;16;19;27;32;43;;;;;;;1976-05-to-2008-10;loto.csv
1995018-1;1995018;1;1995-05-06;SA;historic-6-plus-complementary;17;2;36;43;40;23;46;;;;;;;1976-05-to-2008-10;loto.csv
1995018-2;1995018;2;1995-05-06;SA;historic-6-plus-complementary;19;24;12;4;29;3;6;;;;;;;1976-05-to-2008-10;loto.csv
1995019-1;1995019;1;1995-05-10;ME;historic-6-plus-complementary;8;24;4;22;25;45;49;;;;;;;1976-05-to-2008-10;loto.csv
1995019-2;1995019;2;1995-05-10;ME;historic-6-plus-complementary;39;7;5;36;48;40;22;;;;;;;1976-05-to-2008-10;loto.csv
1995019-1;1995019;1;1995-05-13;SA;historic-6-plus-complementary;24;1;47;30;16;15;42;;;;;;;1976-05-to-2008-10;loto.csv
1995019-2;1995019;2;1995-05-13;SA;historic-6-plus-complementary;32;7;37;16;19;20;5;;;;;;;1976-05-to-2008-10;loto.csv
1995020-1;1995020;1;1995-05-17;ME;historic-6-plus-complementary;25;22;43;8;34;47;24;;;;;;;1976-05-to-2008-10;loto.csv
1995020-2;1995020;2;1995-05-17;ME;historic-6-plus-complementary;28;42;9;33;22;13;44;;;;;;;1976-05-to-2008-10;loto.csv
1995020-1;1995020;1;1995-05-20;SA;historic-6-plus-complementary;26;24;49;27;15;32;12;;;;;;;1976-05-to-2008-10;loto.csv
1995020-2;1995020;2;1995-05-20;SA;historic-6-plus-complementary;49;8;26;31;37;24;27;;;;;;;1976-05-to-2008-10;loto.csv
1995021-1;1995021;1;1995-05-24;ME;historic-6-plus-complementary;14;22;19;41;21;43;29;;;;;;;1976-05-to-2008-10;loto.csv
1995021-2;1995021;2;1995-05-24;ME;historic-6-plus-complementary;29;11;7;17;39;5;49;;;;;;;1976-05-to-2008-10;loto.csv
1995021-1;1995021;1;1995-05-27;SA;historic-6-plus-complementary;1;7;18;6;39;32;13;;;;;;;1976-05-to-2008-10;loto.csv
1995021-2;1995021;2;1995-05-27;SA;historic-6-plus-complementary;25;26;38;12;24;9;43;;;;;;;1976-05-to-2008-10;loto.csv
1995022-1;1995022;1;1995-05-31;ME;historic-6-plus-complementary;47;17;27;39;29;46;2;;;;;;;1976-05-to-2008-10;loto.csv
1995022-2;1995022;2;1995-05-31;ME;historic-6-plus-complementary;19;14;2;32;1;35;25;;;;;;;1976-05-to-2008-10;loto.csv
1995022-1;1995022;1;1995-06-03;SA;historic-6-plus-complementary;24;13;9;47;10;42;7;;;;;;;1976-05-to-2008-10;loto.csv
1995022-2;1995022;2;1995-06-03;SA;historic-6-plus-complementary;49;45;14;34;2;36;37;;;;;;;1976-05-to-2008-10;loto.csv
1995023-1;1995023;1;1995-06-07;ME;historic-6-plus-complementary;43;40;23;2;5;17;7;;;;;;;1976-05-to-2008-10;loto.csv
1995023-2;1995023;2;1995-06-07;ME;historic-6-plus-complementary;44;27;24;15;14;9;20;;;;;;;1976-05-to-2008-10;loto.csv
1995023-1;1995023;1;1995-06-10;SA;historic-6-plus-complementary;15;32;46;40;2;13;47;;;;;;;1976-05-to-2008-10;loto.csv
1995023-2;1995023;2;1995-06-10;SA;historic-6-plus-complementary;44;40;10;22;27;7;1;;;;;;;1976-05-to-2008-10;loto.csv
1995024-1;1995024;1;1995-06-14;ME;historic-6-plus-complementary;42;44;39;41;6;32;22;;;;;;;1976-05-to-2008-10;loto.csv
1995024-2;1995024;2;1995-06-14;ME;historic-6-plus-complementary;11;46;36;35;26;47;27;;;;;;;1976-05-to-2008-10;loto.csv
1995024-1;1995024;1;1995-06-17;SA;historic-6-plus-complementary;32;44;40;24;25;35;43;;;;;;;1976-05-to-2008-10;loto.csv
1995024-2;1995024;2;1995-06-17;SA;historic-6-plus-complementary;11;16;3;46;1;26;10;;;;;;;1976-05-to-2008-10;loto.csv
1995025-1;1995025;1;1995-06-21;ME;historic-6-plus-complementary;22;15;45;11;6;14;23;;;;;;;1976-05-to-2008-10;loto.csv
1995025-2;1995025;2;1995-06-21;ME;historic-6-plus-complementary;19;5;41;25;27;42;47;;;;;;;1976-05-to-2008-10;loto.csv
1995025-1;1995025;1;1995-06-24;SA;historic-6-plus-complementary;30;18;24;19;28;17;48;;;;;;;1976-05-to-2008-10;loto.csv
1995025-2;1995025;2;1995-06-24;SA;historic-6-plus-complementary;23;7;5;48;46;32;40;;;;;;;1976-05-to-2008-10;loto.csv
1995026-1;1995026;1;1995-06-28;ME;historic-6-plus-complementary;47;39;18;40;34;44;31;;;;;;;1976-05-to-2008-10;loto.csv
1995026-2;1995026;2;1995-06-28;ME;historic-6-plus-complementary;5;31;7;36;18;28;30;;;;;;;1976-05-to-2008-10;loto.csv
1995026-1;1995026;1;1995-07-01;SA;historic-6-plus-complementary;26;38;4;15;42;48;20;;;;;;;1976-05-to-2008-10;loto.csv
1995026-2;1995026;2;1995-07-01;SA;historic-6-plus-complementary;36;5;48;13;49;34;19;;;;;;;1976-05-to-2008-10;loto.csv
1995027-1;1995027;1;1995-07-05;ME;historic-6-plus-complementary;32;42;17;13;45;44;4;;;;;;;1976-05-to-2008-10;loto.csv
1995027-2;1995027;2;1995-07-05;ME;historic-6-plus-complementary;32;44;41;17;22;29;10;;;;;;;1976-05-to-2008-10;loto.csv
1995027-1;1995027;1;1995-07-08;SA;historic-6-plus-complementary;2;49;39;41;45;40;42;;;;;;;1976-05-to-2008-10;loto.csv
1995027-2;1995027;2;1995-07-08;SA;historic-6-plus-complementary;4;27;14;10;42;2;45;;;;;;;1976-05-to-2008-10;loto.csv
1995028-1;1995028;1;1995-07-12;ME;historic-6-plus-complementary;22;12;29;41;7;38;43;;;;;;;1976-05-to-2008-10;loto.csv
1995028-2;1995028;2;1995-07-12;ME;historic-6-plus-complementary;31;39;19;5;43;2;34;;;;;;;1976-05-to-2008-10;loto.csv
1995028-1;1995028;1;1995-07-15;SA;historic-6-plus-complementary;36;48;21;23;22;38;32;;;;;;;1976-05-to-2008-10;loto.csv
1995028-2;1995028;2;1995-07-15;SA;historic-6-plus-complementary;36;10;38;24;27;46;26;;;;;;;1976-05-to-2008-10;loto.csv
1995029-1;1995029;1;1995-07-19;ME;historic-6-plus-complementary;18;41;25;1;13;3;33;;;;;;;1976-05-to-2008-10;loto.csv
1995029-2;1995029;2;1995-07-19;ME;historic-6-plus-complementary;47;35;49;33;13;12;45;;;;;;;1976-05-to-2008-10;loto.csv
1995029-1;1995029;1;1995-07-22;SA;historic-6-plus-complementary;20;21;44;46;5;7;23;;;;;;;1976-05-to-2008-10;loto.csv
1995029-2;1995029;2;1995-07-22;SA;historic-6-plus-complementary;30;10;20;31;3;4;45;;;;;;;1976-05-to-2008-10;loto.csv
1995030-1;1995030;1;1995-07-26;ME;historic-6-plus-complementary;2;26;38;46;16;39;10;;;;;;;1976-05-to-2008-10;loto.csv
1995030-2;1995030;2;1995-07-26;ME;historic-6-plus-complementary;39;48;34;19;23;7;9;;;;;;;1976-05-to-2008-10;loto.csv
1995030-1;1995030;1;1995-07-29;SA;historic-6-plus-complementary;30;21;42;37;34;2;26;;;;;;;1976-05-to-2008-10;loto.csv
1995030-2;1995030;2;1995-07-29;SA;historic-6-plus-complementary;35;37;31;39;19;7;4;;;;;;;1976-05-to-2008-10;loto.csv
1995031-1;1995031;1;1995-08-02;ME;historic-6-plus-complementary;26;17;4;8;12;16;36;;;;;;;1976-05-to-2008-10;loto.csv
1995031-2;1995031;2;1995-08-02;ME;historic-6-plus-complementary;42;35;10;3;6;2;22;;;;;;;1976-05-to-2008-10;loto.csv
1995031-1;1995031;1;1995-08-05;SA;historic-6-plus-complementary;43;12;41;27;11;20;47;;;;;;;1976-05-to-2008-10;loto.csv
1995031-2;1995031;2;1995-08-05;SA;historic-6-plus-complementary;43;1;18;14;24;21;6;;;;;;;1976-05-to-2008-10;loto.csv
1995032-1;1995032;1;1995-08-09;ME;historic-6-plus-complementary;29;41;34;33;5;24;23;;;;;;;1976-05-to-2008-10;loto.csv
1995032-2;1995032;2;1995-08-09;ME;historic-6-plus-complementary;44;22;24;18;15;48;21;;;;;;;1976-05-to-2008-10;loto.csv
1995032-1;1995032;1;1995-08-12;SA;historic-6-plus-complementary;23;40;42;13;41;6;31;;;;;;;1976-05-to-2008-10;loto.csv
1995032-2;1995032;2;1995-08-12;SA;historic-6-plus-complementary;38;19;5;39;32;14;37;;;;;;;1976-05-to-2008-10;loto.csv
1995033-1;1995033;1;1995-08-16;ME;historic-6-plus-complementary;37;10;7;14;48;42;25;;;;;;;1976-05-to-2008-10;loto.csv
1995033-2;1995033;2;1995-08-16;ME;historic-6-plus-complementary;13;26;24;47;39;31;43;;;;;;;1976-05-to-2008-10;loto.csv
1995033-1;1995033;1;1995-08-19;SA;historic-6-plus-complementary;48;1;21;35;46;30;13;;;;;;;1976-05-to-2008-10;loto.csv
1995033-2;1995033;2;1995-08-19;SA;historic-6-plus-complementary;1;24;11;21;27;39;18;;;;;;;1976-05-to-2008-10;loto.csv
1995034-1;1995034;1;1995-08-23;ME;historic-6-plus-complementary;17;37;46;33;16;42;30;;;;;;;1976-05-to-2008-10;loto.csv
1995034-2;1995034;2;1995-08-23;ME;historic-6-plus-complementary;35;14;3;7;24;31;12;;;;;;;1976-05-to-2008-10;loto.csv
1995034-1;1995034;1;1995-08-26;SA;historic-6-plus-complementary;10;36;1;18;27;12;30;;;;;;;1976-05-to-2008-10;loto.csv
1995034-2;1995034;2;1995-08-26;SA;historic-6-plus-complementary;7;6;21;27;44;9;5;;;;;;;1976-05-to-2008-10;loto.csv
1995035-1;1995035;1;1995-08-30;ME;historic-6-plus-complementary;19;33;40;47;36;7;4;;;;;;;1976-05-to-2008-10;loto.csv
1995035-2;1995035;2;1995-08-30;ME;historic-6-plus-complementary;20;38;37;26;2;14;47;;;;;;;1976-05-to-2008-10;loto.csv
1995035-1;1995035;1;1995-09-02;SA;historic-6-plus-complementary;48;46;14;10;36;1;21;;;;;;;1976-05-to-2008-10;loto.csv
1995035-2;1995035;2;1995-09-02;SA;historic-6-plus-complementary;43;16;23;41;33;39;35;;;;;;;1976-05-to-2008-10;loto.csv
1995036-1;1995036;1;1995-09-06;ME;historic-6-plus-complementary;16;7;42;26;43;31;18;;;;;;;1976-05-to-2008-10;loto.csv
1995036-2;1995036;2;1995-09-06;ME;historic-6-plus-complementary;23;3;24;25;4;44;18;;;;;;;1976-05-to-2008-10;loto.csv
1995036-1;1995036;1;1995-09-09;SA;historic-6-plus-complementary;15;14;39;9;34;32;45;;;;;;;1976-05-to-2008-10;loto.csv
1995036-2;1995036;2;1995-09-09;SA;historic-6-plus-complementary;22;23;35;39;38;4;19;;;;;;;1976-05-to-2008-10;loto.csv
1995037-1;1995037;1;1995-09-13;ME;historic-6-plus-complementary;17;14;35;5;41;1;32;;;;;;;1976-05-to-2008-10;loto.csv
1995037-2;1995037;2;1995-09-13;ME;historic-6-plus-complementary;11;6;25;13;46;32;31;;;;;;;1976-05-to-2008-10;loto.csv
1995037-1;1995037;1;1995-09-16;SA;historic-6-plus-complementary;23;4;15;29;13;18;6;;;;;;;1976-05-to-2008-10;loto.csv
1995037-2;1995037;2;1995-09-16;SA;historic-6-plus-complementary;42;7;29;44;17;22;2;;;;;;;1976-05-to-2008-10;loto.csv
1995038-1;1995038;1;1995-09-20;ME;historic-6-plus-complementary;6;32;30;42;41;46;10;;;;;;;1976-05-to-2008-10;loto.csv
1995038-2;1995038;2;1995-09-20;ME;historic-6-plus-complementary;12;46;22;7;40;43;18;;;;;;;1976-05-to-2008-10;loto.csv
1995038-1;1995038;1;1995-09-23;SA;historic-6-plus-complementary;14;19;47;2;40;31;20;;;;;;;1976-05-to-2008-10;loto.csv
1995038-2;1995038;2;1995-09-23;SA;historic-6-plus-complementary;27;43;49;44;18;38;7;;;;;;;1976-05-to-2008-10;loto.csv
1995039-1;1995039;1;1995-09-27;ME;historic-6-plus-complementary;37;29;33;16;41;31;2;;;;;;;1976-05-to-2008-10;loto.csv
1995039-2;1995039;2;1995-09-27;ME;historic-6-plus-complementary;27;22;20;40;42;6;15;;;;;;;1976-05-to-2008-10;loto.csv
1995039-1;1995039;1;1995-09-30;SA;historic-6-plus-complementary;22;32;13;31;14;28;26;;;;;;;1976-05-to-2008-10;loto.csv
1995039-2;1995039;2;1995-09-30;SA;historic-6-plus-complementary;32;5;12;18;49;25;35;;;;;;;1976-05-to-2008-10;loto.csv
1995040-1;1995040;1;1995-10-04;ME;historic-6-plus-complementary;35;6;29;31;12;48;28;;;;;;;1976-05-to-2008-10;loto.csv
1995040-2;1995040;2;1995-10-04;ME;historic-6-plus-complementary;9;43;17;45;25;47;14;;;;;;;1976-05-to-2008-10;loto.csv
1995040-1;1995040;1;1995-10-07;SA;historic-6-plus-complementary;6;10;15;24;4;7;47;;;;;;;1976-05-to-2008-10;loto.csv
1995040-2;1995040;2;1995-10-07;SA;historic-6-plus-complementary;3;49;31;41;15;17;30;;;;;;;1976-05-to-2008-10;loto.csv
1995041-1;1995041;1;1995-10-11;ME;historic-6-plus-complementary;24;9;41;21;10;4;13;;;;;;;1976-05-to-2008-10;loto.csv
1995041-2;1995041;2;1995-10-11;ME;historic-6-plus-complementary;32;23;19;24;10;12;1;;;;;;;1976-05-to-2008-10;loto.csv
1995041-1;1995041;1;1995-10-14;SA;historic-6-plus-complementary;16;31;49;41;44;21;18;;;;;;;1976-05-to-2008-10;loto.csv
1995041-2;1995041;2;1995-10-14;SA;historic-6-plus-complementary;21;25;38;5;16;30;40;;;;;;;1976-05-to-2008-10;loto.csv
1995042-1;1995042;1;1995-10-18;ME;historic-6-plus-complementary;3;8;22;23;31;2;12;;;;;;;1976-05-to-2008-10;loto.csv
1995042-2;1995042;2;1995-10-18;ME;historic-6-plus-complementary;33;39;3;24;38;35;32;;;;;;;1976-05-to-2008-10;loto.csv
1995042-1;1995042;1;1995-10-21;SA;historic-6-plus-complementary;44;34;21;45;6;3;37;;;;;;;1976-05-to-2008-10;loto.csv
1995042-2;1995042;2;1995-10-21;SA;historic-6-plus-complementary;12;37;4;24;1;6;13;;;;;;;1976-05-to-2008-10;loto.csv
1995043-1;1995043;1;1995-10-25;ME;historic-6-plus-complementary;2;12;33;6;24;18;30;;;;;;;1976-05-to-2008-10;loto.csv
1995043-2;1995043;2;1995-10-25;ME;historic-6-plus-complementary;48;29;41;39;15;9;47;;;;;;;1976-05-to-2008-10;loto.csv
1995043-1;1995043;1;1995-10-28;SA;historic-6-plus-complementary;9;29;40;16;1;46;25;;;;;;;1976-05-to-2008-10;loto.csv
1995043-2;1995043;2;1995-10-28;SA;historic-6-plus-complementary;3;45;35;48;33;32;1;;;;;;;1976-05-to-2008-10;loto.csv
1995044-1;1995044;1;1995-11-01;ME;historic-6-plus-complementary;21;40;6;33;13;39;25;;;;;;;1976-05-to-2008-10;loto.csv
1995044-2;1995044;2;1995-11-01;ME;historic-6-plus-complementary;3;15;24;37;23;40;16;;;;;;;1976-05-to-2008-10;loto.csv
1995044-1;1995044;1;1995-11-04;SA;historic-6-plus-complementary;38;23;7;43;48;13;4;;;;;;;1976-05-to-2008-10;loto.csv
1995044-2;1995044;2;1995-11-04;SA;historic-6-plus-complementary;2;5;42;25;9;19;45;;;;;;;1976-05-to-2008-10;loto.csv
1995045-1;1995045;1;1995-11-08;ME;historic-6-plus-complementary;16;35;38;47;28;40;8;;;;;;;1976-05-to-2008-10;loto.csv
1995045-2;1995045;2;1995-11-08;ME;historic-6-plus-complementary;40;6;38;45;28;9;14;;;;;;;1976-05-to-2008-10;loto.csv
1995045-1;1995045;1;1995-11-11;SA;historic-6-plus-complementary;27;32;12;15;20;35;2;;;;;;;1976-05-to-2008-10;loto.csv
1995045-2;1995045;2;1995-11-11;SA;historic-6-plus-complementary;5;20;7;4;22;9;35;;;;;;;1976-05-to-2008-10;loto.csv
1995046-1;1995046;1;1995-11-15;ME;historic-6-plus-complementary;18;19;36;20;25;14;46;;;;;;;1976-05-to-2008-10;loto.csv
1995046-2;1995046;2;1995-11-15;ME;historic-6-plus-complementary;45;25;1;16;37;42;47;;;;;;;1976-05-to-2008-10;loto.csv
1995046-1;1995046;1;1995-11-18;SA;historic-6-plus-complementary;16;34;22;39;8;1;11;;;;;;;1976-05-to-2008-10;loto.csv
1995046-2;1995046;2;1995-11-18;SA;historic-6-plus-complementary;12;28;39;29;11;20;45;;;;;;;1976-05-to-2008-10;loto.csv
1995047-1;1995047;1;1995-11-22;ME;historic-6-plus-complementary;15;28;5;36;30;45;14;;;;;;;1976-05-to-2008-10;loto.csv
1995047-2;1995047;2;1995-11-22;ME;historic-6-plus-complementary;25;27;42;4;39;24;7;;;;;;;1976-05-to-2008-10;loto.csv
1995047-1;1995047;1;1995-11-25;SA;historic-6-plus-complementary;2;4;40;17;7;14;5;;;;;;;1976-05-to-2008-10;loto.csv
1995047-2;1995047;2;1995-11-25;SA;historic-6-plus-complementary;38;27;49;6;2;47;3;;;;;;;1976-05-to-2008-10;loto.csv
1995048-1;1995048;1;1995-11-29;ME;historic-6-plus-complementary;44;30;37;31;45;6;3;;;;;;;1976-05-to-2008-10;loto.csv
1995048-2;1995048;2;1995-11-29;ME;historic-6-plus-complementary;32;35;20;29;8;42;12;;;;;;;1976-05-to-2008-10;loto.csv
1995048-1;1995048;1;1995-12-02;SA;historic-6-plus-complementary;25;2;4;22;5;14;45;;;;;;;1976-05-to-2008-10;loto.csv
1995048-2;1995048;2;1995-12-02;SA;historic-6-plus-complementary;11;49;34;28;24;43;1;;;;;;;1976-05-to-2008-10;loto.csv
1995049-1;1995049;1;1995-12-06;ME;historic-6-plus-complementary;27;36;33;15;29;31;4;;;;;;;1976-05-to-2008-10;loto.csv
1995049-2;1995049;2;1995-12-06;ME;historic-6-plus-complementary;48;43;37;22;20;26;41;;;;;;;1976-05-to-2008-10;loto.csv
1995049-1;1995049;1;1995-12-09;SA;historic-6-plus-complementary;49;20;12;42;28;23;40;;;;;;;1976-05-to-2008-10;loto.csv
1995049-2;1995049;2;1995-12-09;SA;historic-6-plus-complementary;13;44;22;46;3;38;27;;;;;;;1976-05-to-2008-10;loto.csv
1995050-1;1995050;1;1995-12-13;ME;historic-6-plus-complementary;41;22;32;18;4;42;27;;;;;;;1976-05-to-2008-10;loto.csv
1995050-2;1995050;2;1995-12-13;ME;historic-6-plus-complementary;41;13;39;14;47;31;12;;;;;;;1976-05-to-2008-10;loto.csv
1995050-1;1995050;1;1995-12-16;SA;historic-6-plus-complementary;8;37;28;31;22;11;15;;;;;;;1976-05-to-2008-10;loto.csv
1995050-2;1995050;2;1995-12-16;SA;historic-6-plus-complementary;14;36;32;8;18;23;29;;;;;;;1976-05-to-2008-10;loto.csv
1995051-1;1995051;1;1995-12-20;ME;historic-6-plus-complementary;12;8;38;22;45;36;33;;;;;;;1976-05-to-2008-10;loto.csv
1995051-2;1995051;2;1995-12-20;ME;historic-6-plus-complementary;4;15;43;10;21;25;35;;;;;;;1976-05-to-2008-10;loto.csv
1995051-1;1995051;1;1995-12-23;SA;historic-6-plus-complementary;25;22;27;38;2;29;34;;;;;;;1976-05-to-2008-10;loto.csv
1995051-2;1995051;2;1995-12-23;SA;historic-6-plus-complementary;45;42;36;32;39;23;38;;;;;;;1976-05-to-2008-10;loto.csv
1995052-1;1995052;1;1995-12-27;ME;historic-6-plus-complementary;47;30;33;40;2;8;15;;;;;;;1976-05-to-2008-10;loto.csv
1995052-2;1995052;2;1995-12-27;ME;historic-6-plus-complementary;37;42;10;41;43;19;46;;;;;;;1976-05-to-2008-10;loto.csv
1995052-1;1995052;1;1995-12-30;SA;historic-6-plus-complementary;35;7;3;22;6;49;18;;;;;;;1976-05-to-2008-10;loto.csv
1995052-2;1995052;2;1995-12-30;SA;historic-6-plus-complementary;48;23;16;40;25;46;4;;;;;;;1976-05-to-2008-10;loto.csv
1996001-1;1996001;1;1996-01-03;ME;historic-6-plus-complementary;17;34;16;37;11;14;27;;;;;;;1976-05-to-2008-10;loto.csv
1996001-2;1996001;2;1996-01-03;ME;historic-6-plus-complementary;14;21;8;19;30;25;7;;;;;;;1976-05-to-2008-10;loto.csv
1996001-1;1996001;1;1996-01-06;SA;historic-6-plus-complementary;16;44;36;13;27;42;39;;;;;;;1976-05-to-2008-10;loto.csv
1996001-2;1996001;2;1996-01-06;SA;historic-6-plus-complementary;21;14;26;9;38;22;35;;;;;;;1976-05-to-2008-10;loto.csv
1996002-1;1996002;1;1996-01-10;ME;historic-6-plus-complementary;5;8;16;4;46;41;43;;;;;;;1976-05-to-2008-10;loto.csv
1996002-2;1996002;2;1996-01-10;ME;historic-6-plus-complementary;43;1;34;35;32;6;44;;;;;;;1976-05-to-2008-10;loto.csv
1996002-1;1996002;1;1996-01-13;SA;historic-6-plus-complementary;28;35;2;45;26;33;36;;;;;;;1976-05-to-2008-10;loto.csv
1996002-2;1996002;2;1996-01-13;SA;historic-6-plus-complementary;36;11;23;26;46;8;21;;;;;;;1976-05-to-2008-10;loto.csv
1996003-1;1996003;1;1996-01-17;ME;historic-6-plus-complementary;48;25;15;46;4;2;5;;;;;;;1976-05-to-2008-10;loto.csv
1996003-2;1996003;2;1996-01-17;ME;historic-6-plus-complementary;32;20;7;13;18;1;26;;;;;;;1976-05-to-2008-10;loto.csv
1996003-1;1996003;1;1996-01-20;SA;historic-6-plus-complementary;13;48;28;45;21;12;36;;;;;;;1976-05-to-2008-10;loto.csv
1996003-2;1996003;2;1996-01-20;SA;historic-6-plus-complementary;30;10;36;26;17;4;39;;;;;;;1976-05-to-2008-10;loto.csv
1996004-1;1996004;1;1996-01-24;ME;historic-6-plus-complementary;6;4;32;47;45;26;16;;;;;;;1976-05-to-2008-10;loto.csv
1996004-2;1996004;2;1996-01-24;ME;historic-6-plus-complementary;13;31;10;28;34;19;29;;;;;;;1976-05-to-2008-10;loto.csv
1996004-1;1996004;1;1996-01-27;SA;historic-6-plus-complementary;19;40;2;24;27;33;21;;;;;;;1976-05-to-2008-10;loto.csv
1996004-2;1996004;2;1996-01-27;SA;historic-6-plus-complementary;38;41;45;47;44;22;28;;;;;;;1976-05-to-2008-10;loto.csv
1996005-1;1996005;1;1996-01-31;ME;historic-6-plus-complementary;7;6;12;17;34;44;39;;;;;;;1976-05-to-2008-10;loto.csv
1996005-2;1996005;2;1996-01-31;ME;historic-6-plus-complementary;12;47;37;20;42;40;4;;;;;;;1976-05-to-2008-10;loto.csv
1996005-1;1996005;1;1996-02-03;SA;historic-6-plus-complementary;45;37;24;27;20;5;8;;;;;;;1976-05-to-2008-10;loto.csv
1996005-2;1996005;2;1996-02-03;SA;historic-6-plus-complementary;43;34;12;9;42;6;14;;;;;;;1976-05-to-2008-10;loto.csv
1996006-1;1996006;1;1996-02-07;ME;historic-6-plus-complementary;9;37;43;1;20;30;22;;;;;;;1976-05-to-2008-10;loto.csv
1996006-2;1996006;2;1996-02-07;ME;historic-6-plus-complementary;10;32;16;36;39;17;23;;;;;;;1976-05-to-2008-10;loto.csv
1996006-1;1996006;1;1996-02-10;SA;historic-6-plus-complementary;17;21;15;3;6;12;43;;;;;;;1976-05-to-2008-10;loto.csv
1996006-2;1996006;2;1996-02-10;SA;historic-6-plus-complementary;28;23;26;49;29;6;33;;;;;;;1976-05-to-2008-10;loto.csv
1996007-1;1996007;1;1996-02-14;ME;historic-6-plus-complementary;1;41;13;14;10;6;21;;;;;;;1976-05-to-2008-10;loto.csv
1996007-2;1996007;2;1996-02-14;ME;historic-6-plus-complementary;37;30;13;35;36;45;49;;;;;;;1976-05-to-2008-10;loto.csv
1996007-1;1996007;1;1996-02-17;SA;historic-6-plus-complementary;21;32;27;47;2;34;8;;;;;;;1976-05-to-2008-10;loto.csv
1996007-2;1996007;2;1996-02-17;SA;historic-6-plus-complementary;9;35;18;6;8;17;16;;;;;;;1976-05-to-2008-10;loto.csv
1996008-1;1996008;1;1996-02-21;ME;historic-6-plus-complementary;43;9;48;30;46;27;4;;;;;;;1976-05-to-2008-10;loto.csv
1996008-2;1996008;2;1996-02-21;ME;historic-6-plus-complementary;40;21;32;18;4;12;43;;;;;;;1976-05-to-2008-10;loto.csv
1996008-1;1996008;1;1996-02-24;SA;historic-6-plus-complementary;13;1;8;2;23;16;22;;;;;;;1976-05-to-2008-10;loto.csv
1996008-2;1996008;2;1996-02-24;SA;historic-6-plus-complementary;33;12;49;4;18;39;6;;;;;;;1976-05-to-2008-10;loto.csv
1996009-1;1996009;1;1996-02-28;ME;historic-6-plus-complementary;13;24;31;23;17;46;39;;;;;;;1976-05-to-2008-10;loto.csv
1996009-2;1996009;2;1996-02-28;ME;historic-6-plus-complementary;32;8;15;5;9;29;42;;;;;;;1976-05-to-2008-10;loto.csv
1996009-1;1996009;1;1996-03-02;SA;historic-6-plus-complementary;12;4;21;39;31;46;14;;;;;;;1976-05-to-2008-10;loto.csv
1996009-2;1996009;2;1996-03-02;SA;historic-6-plus-complementary;20;41;31;42;13;23;49;;;;;;;1976-05-to-2008-10;loto.csv
1996010-1;1996010;1;1996-03-06;ME;historic-6-plus-complementary;37;26;46;21;8;48;10;;;;;;;1976-05-to-2008-10;loto.csv
1996010-2;1996010;2;1996-03-06;ME;historic-6-plus-complementary;14;15;36;29;39;18;46;;;;;;;1976-05-to-2008-10;loto.csv
1996010-1;1996010;1;1996-03-09;SA;historic-6-plus-complementary;11;4;30;22;12;2;40;;;;;;;1976-05-to-2008-10;loto.csv
1996010-2;1996010;2;1996-03-09;SA;historic-6-plus-complementary;19;32;24;1;49;22;44;;;;;;;1976-05-to-2008-10;loto.csv
1996011-1;1996011;1;1996-03-13;ME;historic-6-plus-complementary;36;10;16;20;48;23;47;;;;;;;1976-05-to-2008-10;loto.csv
1996011-2;1996011;2;1996-03-13;ME;historic-6-plus-complementary;38;12;15;47;44;7;46;;;;;;;1976-05-to-2008-10;loto.csv
1996011-1;1996011;1;1996-03-16;SA;historic-6-plus-complementary;29;23;28;39;24;41;38;;;;;;;1976-05-to-2008-10;loto.csv
1996011-2;1996011;2;1996-03-16;SA;historic-6-plus-complementary;44;34;26;48;3;18;21;;;;;;;1976-05-to-2008-10;loto.csv
1996012-1;1996012;1;1996-03-20;ME;historic-6-plus-complementary;44;43;46;23;28;12;35;;;;;;;1976-05-to-2008-10;loto.csv
1996012-2;1996012;2;1996-03-20;ME;historic-6-plus-complementary;46;11;26;6;32;2;25;;;;;;;1976-05-to-2008-10;loto.csv
1996012-1;1996012;1;1996-03-23;SA;historic-6-plus-complementary;4;41;15;47;35;38;20;;;;;;;1976-05-to-2008-10;loto.csv
1996012-2;1996012;2;1996-03-23;SA;historic-6-plus-complementary;5;21;18;29;42;9;28;;;;;;;1976-05-to-2008-10;loto.csv
1996013-1;1996013;1;1996-03-27;ME;historic-6-plus-complementary;28;2;18;47;32;26;13;;;;;;;1976-05-to-2008-10;loto.csv
1996013-2;1996013;2;1996-03-27;ME;historic-6-plus-complementary;39;49;33;23;9;17;20;;;;;;;1976-05-to-2008-10;loto.csv
1996013-1;1996013;1;1996-03-30;SA;historic-6-plus-complementary;46;15;30;43;22;1;37;;;;;;;1976-05-to-2008-10;loto.csv
1996013-2;1996013;2;1996-03-30;SA;historic-6-plus-complementary;49;34;17;18;44;42;21;;;;;;;1976-05-to-2008-10;loto.csv
1996014-1;1996014;1;1996-04-03;ME;historic-6-plus-complementary;7;20;34;25;26;8;3;;;;;;;1976-05-to-2008-10;loto.csv
1996014-2;1996014;2;1996-04-03;ME;historic-6-plus-complementary;8;7;5;39;38;16;43;;;;;;;1976-05-to-2008-10;loto.csv
1996014-1;1996014;1;1996-04-06;SA;historic-6-plus-complementary;22;49;35;1;13;10;21;;;;;;;1976-05-to-2008-10;loto.csv
1996014-2;1996014;2;1996-04-06;SA;historic-6-plus-complementary;42;47;19;4;8;17;40;;;;;;;1976-05-to-2008-10;loto.csv
1996015-1;1996015;1;1996-04-10;ME;historic-6-plus-complementary;31;49;26;15;11;6;44;;;;;;;1976-05-to-2008-10;loto.csv
1996015-2;1996015;2;1996-04-10;ME;historic-6-plus-complementary;42;28;17;4;1;6;35;;;;;;;1976-05-to-2008-10;loto.csv
1996015-1;1996015;1;1996-04-13;SA;historic-6-plus-complementary;47;5;31;38;39;30;22;;;;;;;1976-05-to-2008-10;loto.csv
1996015-2;1996015;2;1996-04-13;SA;historic-6-plus-complementary;34;44;36;46;12;30;45;;;;;;;1976-05-to-2008-10;loto.csv
1996016-1;1996016;1;1996-04-17;ME;historic-6-plus-complementary;12;18;13;31;1;42;7;;;;;;;1976-05-to-2008-10;loto.csv
1996016-2;1996016;2;1996-04-17;ME;historic-6-plus-complementary;11;41;39;28;38;8;32;;;;;;;1976-05-to-2008-10;loto.csv
1996016-1;1996016;1;1996-04-20;SA;historic-6-plus-complementary;2;12;43;47;45;6;42;;;;;;;1976-05-to-2008-10;loto.csv
1996016-2;1996016;2;1996-04-20;SA;historic-6-plus-complementary;4;48;31;10;35;29;49;;;;;;;1976-05-to-2008-10;loto.csv
1996017-1;1996017;1;1996-04-24;ME;historic-6-plus-complementary;20;5;18;48;17;19;33;;;;;;;1976-05-to-2008-10;loto.csv
1996017-2;1996017;2;1996-04-24;ME;historic-6-plus-complementary;11;46;45;32;2;42;16;;;;;;;1976-05-to-2008-10;loto.csv
1996017-1;1996017;1;1996-04-27;SA;historic-6-plus-complementary;8;15;22;23;26;17;48;;;;;;;1976-05-to-2008-10;loto.csv
1996017-2;1996017;2;1996-04-27;SA;historic-6-plus-complementary;30;29;38;48;5;19;17;;;;;;;1976-05-to-2008-10;loto.csv
1996018-1;1996018;1;1996-05-01;ME;historic-6-plus-complementary;30;12;9;16;49;42;32;;;;;;;1976-05-to-2008-10;loto.csv
1996018-2;1996018;2;1996-05-01;ME;historic-6-plus-complementary;18;17;31;13;14;37;11;;;;;;;1976-05-to-2008-10;loto.csv
1996018-1;1996018;1;1996-05-04;SA;historic-6-plus-complementary;31;7;1;48;2;3;12;;;;;;;1976-05-to-2008-10;loto.csv
1996018-2;1996018;2;1996-05-04;SA;historic-6-plus-complementary;42;18;32;46;7;26;34;;;;;;;1976-05-to-2008-10;loto.csv
1996019-1;1996019;1;1996-05-08;ME;historic-6-plus-complementary;22;33;14;9;47;37;31;;;;;;;1976-05-to-2008-10;loto.csv
1996019-2;1996019;2;1996-05-08;ME;historic-6-plus-complementary;31;20;37;19;11;5;14;;;;;;;1976-05-to-2008-10;loto.csv
1996019-1;1996019;1;1996-05-11;SA;historic-6-plus-complementary;12;19;27;38;43;9;23;;;;;;;1976-05-to-2008-10;loto.csv
1996019-2;1996019;2;1996-05-11;SA;historic-6-plus-complementary;39;43;30;38;5;37;7;;;;;;;1976-05-to-2008-10;loto.csv
1996020-1;1996020;1;1996-05-15;ME;historic-6-plus-complementary;36;48;43;2;16;11;31;;;;;;;1976-05-to-2008-10;loto.csv
1996020-2;1996020;2;1996-05-15;ME;historic-6-plus-complementary;24;32;18;36;27;5;19;;;;;;;1976-05-to-2008-10;loto.csv
1996020-1;1996020;1;1996-05-18;SA;historic-6-plus-complementary;39;17;46;43;8;21;29;;;;;;;1976-05-to-2008-10;loto.csv
1996020-2;1996020;2;1996-05-18;SA;historic-6-plus-complementary;10;5;48;39;11;26;6;;;;;;;1976-05-to-2008-10;loto.csv
1996021-1;1996021;1;1996-05-22;ME;historic-6-plus-complementary;1;38;2;24;13;20;11;;;;;;;1976-05-to-2008-10;loto.csv
1996021-2;1996021;2;1996-05-22;ME;historic-6-plus-complementary;17;29;46;45;6;27;48;;;;;;;1976-05-to-2008-10;loto.csv
1996021-1;1996021;1;1996-05-25;SA;historic-6-plus-complementary;15;6;14;20;10;29;23;;;;;;;1976-05-to-2008-10;loto.csv
1996021-2;1996021;2;1996-05-25;SA;historic-6-plus-complementary;35;21;4;11;38;26;7;;;;;;;1976-05-to-2008-10;loto.csv
1996022-1;1996022;1;1996-05-29;ME;historic-6-plus-complementary;23;3;22;35;21;39;45;;;;;;;1976-05-to-2008-10;loto.csv
1996022-2;1996022;2;1996-05-29;ME;historic-6-plus-complementary;5;14;42;19;40;26;1;;;;;;;1976-05-to-2008-10;loto.csv
1996022-1;1996022;1;1996-06-01;SA;historic-6-plus-complementary;31;19;21;20;6;38;29;;;;;;;1976-05-to-2008-10;loto.csv
1996022-2;1996022;2;1996-06-01;SA;historic-6-plus-complementary;8;28;10;49;42;24;6;;;;;;;1976-05-to-2008-10;loto.csv
1996023-1;1996023;1;1996-06-05;ME;historic-6-plus-complementary;6;34;29;3;14;15;49;;;;;;;1976-05-to-2008-10;loto.csv
1996023-2;1996023;2;1996-06-05;ME;historic-6-plus-complementary;41;25;11;27;4;13;3;;;;;;;1976-05-to-2008-10;loto.csv
1996023-1;1996023;1;1996-06-08;SA;historic-6-plus-complementary;19;7;3;49;39;45;42;;;;;;;1976-05-to-2008-10;loto.csv
1996023-2;1996023;2;1996-06-08;SA;historic-6-plus-complementary;5;33;7;39;31;36;4;;;;;;;1976-05-to-2008-10;loto.csv
1996024-1;1996024;1;1996-06-12;ME;historic-6-plus-complementary;27;13;30;48;24;35;45;;;;;;;1976-05-to-2008-10;loto.csv
1996024-2;1996024;2;1996-06-12;ME;historic-6-plus-complementary;10;47;48;14;11;28;22;;;;;;;1976-05-to-2008-10;loto.csv
1996024-1;1996024;1;1996-06-15;SA;historic-6-plus-complementary;38;42;45;35;20;49;7;;;;;;;1976-05-to-2008-10;loto.csv
1996024-2;1996024;2;1996-06-15;SA;historic-6-plus-complementary;5;36;13;40;6;33;15;;;;;;;1976-05-to-2008-10;loto.csv
1996025-1;1996025;1;1996-06-19;ME;historic-6-plus-complementary;6;47;13;44;7;21;48;;;;;;;1976-05-to-2008-10;loto.csv
1996025-2;1996025;2;1996-06-19;ME;historic-6-plus-complementary;28;43;20;29;30;19;48;;;;;;;1976-05-to-2008-10;loto.csv
1996026-1;1996026;1;1996-06-22;SA;historic-6-plus-complementary;45;10;28;19;8;38;36;;;;;;;1976-05-to-2008-10;loto.csv
1996026-2;1996026;2;1996-06-22;SA;historic-6-plus-complementary;21;16;23;41;43;25;33;;;;;;;1976-05-to-2008-10;loto.csv
1996027-1;1996027;1;1996-06-26;ME;historic-6-plus-complementary;27;29;49;7;10;28;35;;;;;;;1976-05-to-2008-10;loto.csv
1996027-2;1996027;2;1996-06-26;ME;historic-6-plus-complementary;1;20;25;6;11;34;40;;;;;;;1976-05-to-2008-10;loto.csv
1996028-1;1996028;1;1996-06-29;SA;historic-6-plus-complementary;3;44;14;25;10;21;5;;;;;;;1976-05-to-2008-10;loto.csv
1996028-2;1996028;2;1996-06-29;SA;historic-6-plus-complementary;31;10;36;13;44;24;11;;;;;;;1976-05-to-2008-10;loto.csv
1996029-1;1996029;1;1996-07-03;ME;historic-6-plus-complementary;33;38;42;37;27;21;7;;;;;;;1976-05-to-2008-10;loto.csv
1996029-2;1996029;2;1996-07-03;ME;historic-6-plus-complementary;4;38;29;15;27;9;24;;;;;;;1976-05-to-2008-10;loto.csv
1996030-1;1996030;1;1996-07-06;SA;historic-6-plus-complementary;16;35;34;7;19;32;21;;;;;;;1976-05-to-2008-10;loto.csv
1996030-2;1996030;2;1996-07-06;SA;historic-6-plus-complementary;41;25;7;13;20;28;9;;;;;;;1976-05-to-2008-10;loto.csv
1996031-1;1996031;1;1996-07-10;ME;historic-6-plus-complementary;19;43;13;10;18;30;34;;;;;;;1976-05-to-2008-10;loto.csv
1996031-2;1996031;2;1996-07-10;ME;historic-6-plus-complementary;26;18;21;24;17;23;29;;;;;;;1976-05-to-2008-10;loto.csv
1996032-1;1996032;1;1996-07-13;SA;historic-6-plus-complementary;41;7;22;31;15;10;40;;;;;;;1976-05-to-2008-10;loto.csv
1996032-2;1996032;2;1996-07-13;SA;historic-6-plus-complementary;46;25;33;47;31;44;30;;;;;;;1976-05-to-2008-10;loto.csv
1996033-1;1996033;1;1996-07-17;ME;historic-6-plus-complementary;39;1;25;46;21;8;31;;;;;;;1976-05-to-2008-10;loto.csv
1996033-2;1996033;2;1996-07-17;ME;historic-6-plus-complementary;6;49;39;27;40;17;5;;;;;;;1976-05-to-2008-10;loto.csv
1996034-1;1996034;1;1996-07-20;SA;historic-6-plus-complementary;9;18;43;40;17;46;4;;;;;;;1976-05-to-2008-10;loto.csv
1996034-2;1996034;2;1996-07-20;SA;historic-6-plus-complementary;32;4;30;26;29;2;10;;;;;;;1976-05-to-2008-10;loto.csv
1996035-1;1996035;1;1996-07-24;ME;historic-6-plus-complementary;7;22;4;1;8;44;37;;;;;;;1976-05-to-2008-10;loto.csv
1996035-2;1996035;2;1996-07-24;ME;historic-6-plus-complementary;14;2;24;43;27;46;8;;;;;;;1976-05-to-2008-10;loto.csv
1996036-1;1996036;1;1996-07-27;SA;historic-6-plus-complementary;43;7;10;46;26;13;17;;;;;;;1976-05-to-2008-10;loto.csv
1996036-2;1996036;2;1996-07-27;SA;historic-6-plus-complementary;43;10;33;6;41;23;4;;;;;;;1976-05-to-2008-10;loto.csv
1996037-1;1996037;1;1996-07-31;ME;historic-6-plus-complementary;14;24;18;35;30;25;3;;;;;;;1976-05-to-2008-10;loto.csv
1996037-2;1996037;2;1996-07-31;ME;historic-6-plus-complementary;39;20;3;32;4;45;41;;;;;;;1976-05-to-2008-10;loto.csv
1996038-1;1996038;1;1996-08-03;SA;historic-6-plus-complementary;39;44;28;23;25;45;49;;;;;;;1976-05-to-2008-10;loto.csv
1996038-2;1996038;2;1996-08-03;SA;historic-6-plus-complementary;11;10;30;16;25;14;21;;;;;;;1976-05-to-2008-10;loto.csv
1996039-1;1996039;1;1996-08-07;ME;historic-6-plus-complementary;49;36;17;43;37;5;8;;;;;;;1976-05-to-2008-10;loto.csv
1996039-2;1996039;2;1996-08-07;ME;historic-6-plus-complementary;34;10;44;18;47;16;24;;;;;;;1976-05-to-2008-10;loto.csv
1996040-1;1996040;1;1996-08-10;SA;historic-6-plus-complementary;5;42;1;44;21;8;49;;;;;;;1976-05-to-2008-10;loto.csv
1996040-2;1996040;2;1996-08-10;SA;historic-6-plus-complementary;25;26;46;9;1;27;21;;;;;;;1976-05-to-2008-10;loto.csv
1996041-1;1996041;1;1996-08-14;ME;historic-6-plus-complementary;45;25;18;12;13;4;7;;;;;;;1976-05-to-2008-10;loto.csv
1996041-2;1996041;2;1996-08-14;ME;historic-6-plus-complementary;34;16;40;46;11;26;33;;;;;;;1976-05-to-2008-10;loto.csv
1996042-1;1996042;1;1996-08-17;SA;historic-6-plus-complementary;31;16;28;13;14;18;45;;;;;;;1976-05-to-2008-10;loto.csv
1996042-2;1996042;2;1996-08-17;SA;historic-6-plus-complementary;23;21;4;41;42;31;40;;;;;;;1976-05-to-2008-10;loto.csv
1996043-1;1996043;1;1996-08-21;ME;historic-6-plus-complementary;9;32;26;47;1;40;11;;;;;;;1976-05-to-2008-10;loto.csv
1996043-2;1996043;2;1996-08-21;ME;historic-6-plus-complementary;27;25;6;40;18;37;23;;;;;;;1976-05-to-2008-10;loto.csv
1996044-1;1996044;1;1996-08-24;SA;historic-6-plus-complementary;41;12;34;25;36;9;17;;;;;;;1976-05-to-2008-10;loto.csv
1996044-2;1996044;2;1996-08-24;SA;historic-6-plus-complementary;2;27;4;15;39;26;19;;;;;;;1976-05-to-2008-10;loto.csv
1996045-1;1996045;1;1996-08-28;ME;historic-6-plus-complementary;37;27;33;32;49;46;40;;;;;;;1976-05-to-2008-10;loto.csv
1996045-2;1996045;2;1996-08-28;ME;historic-6-plus-complementary;40;48;31;5;34;45;46;;;;;;;1976-05-to-2008-10;loto.csv
1996046-1;1996046;1;1996-08-31;SA;historic-6-plus-complementary;41;47;36;5;17;28;18;;;;;;;1976-05-to-2008-10;loto.csv
1996046-2;1996046;2;1996-08-31;SA;historic-6-plus-complementary;45;32;11;21;1;47;28;;;;;;;1976-05-to-2008-10;loto.csv
1996047-1;1996047;1;1996-09-04;ME;historic-6-plus-complementary;32;44;45;38;9;24;23;;;;;;;1976-05-to-2008-10;loto.csv
1996047-2;1996047;2;1996-09-04;ME;historic-6-plus-complementary;46;49;25;30;37;40;45;;;;;;;1976-05-to-2008-10;loto.csv
1996048-1;1996048;1;1996-09-07;SA;historic-6-plus-complementary;16;17;8;26;23;33;45;;;;;;;1976-05-to-2008-10;loto.csv
1996048-2;1996048;2;1996-09-07;SA;historic-6-plus-complementary;28;6;13;42;47;32;19;;;;;;;1976-05-to-2008-10;loto.csv
1996049-1;1996049;1;1996-09-11;ME;historic-6-plus-complementary;20;25;43;8;37;38;12;;;;;;;1976-05-to-2008-10;loto.csv
1996049-2;1996049;2;1996-09-11;ME;historic-6-plus-complementary;11;19;14;16;46;30;22;;;;;;;1976-05-to-2008-10;loto.csv
1996050-1;1996050;1;1996-09-14;SA;historic-6-plus-complementary;4;13;7;42;36;34;35;;;;;;;1976-05-to-2008-10;loto.csv
1996050-2;1996050;2;1996-09-14;SA;historic-6-plus-complementary;39;45;48;13;3;28;16;;;;;;;1976-05-to-2008-10;loto.csv
1996051-1;1996051;1;1996-09-18;ME;historic-6-plus-complementary;40;39;21;47;11;8;10;;;;;;;1976-05-to-2008-10;loto.csv
1996051-2;1996051;2;1996-09-18;ME;historic-6-plus-complementary;49;36;30;33;11;16;35;;;;;;;1976-05-to-2008-10;loto.csv
1996052-1;1996052;1;1996-09-21;SA;historic-6-plus-complementary;39;4;5;43;41;18;49;;;;;;;1976-05-to-2008-10;loto.csv
1996052-2;1996052;2;1996-09-21;SA;historic-6-plus-complementary;30;34;20;8;12;24;11;;;;;;;1976-05-to-2008-10;loto.csv
1996053-1;1996053;1;1996-09-25;ME;historic-6-plus-complementary;28;36;40;10;19;12;30;;;;;;;1976-05-to-2008-10;loto.csv
1996053-2;1996053;2;1996-09-25;ME;historic-6-plus-complementary;16;23;3;32;4;44;47;;;;;;;1976-05-to-2008-10;loto.csv
1996054-1;1996054;1;1996-09-28;SA;historic-6-plus-complementary;35;4;22;40;12;1;10;;;;;;;1976-05-to-2008-10;loto.csv
1996054-2;1996054;2;1996-09-28;SA;historic-6-plus-complementary;14;11;31;37;20;49;30;;;;;;;1976-05-to-2008-10;loto.csv
1996055-1;1996055;1;1996-10-02;ME;historic-6-plus-complementary;47;6;46;20;11;28;10;;;;;;;1976-05-to-2008-10;loto.csv
1996055-2;1996055;2;1996-10-02;ME;historic-6-plus-complementary;38;1;42;6;15;36;49;;;;;;;1976-05-to-2008-10;loto.csv
1996056-1;1996056;1;1996-10-05;SA;historic-6-plus-complementary;6;16;25;17;49;19;2;;;;;;;1976-05-to-2008-10;loto.csv
1996056-2;1996056;2;1996-10-05;SA;historic-6-plus-complementary;40;37;31;43;1;16;44;;;;;;;1976-05-to-2008-10;loto.csv
1996057-1;1996057;1;1996-10-09;ME;historic-6-plus-complementary;9;7;14;41;44;37;49;;;;;;;1976-05-to-2008-10;loto.csv
1996057-2;1996057;2;1996-10-09;ME;historic-6-plus-complementary;35;3;8;12;32;31;4;;;;;;;1976-05-to-2008-10;loto.csv
1996058-1;1996058;1;1996-10-12;SA;historic-6-plus-complementary;48;35;30;42;41;15;39;;;;;;;1976-05-to-2008-10;loto.csv
1996058-2;1996058;2;1996-10-12;SA;historic-6-plus-complementary;39;20;9;45;36;17;26;;;;;;;1976-05-to-2008-10;loto.csv
1996059-1;1996059;1;1996-10-16;ME;historic-6-plus-complementary;41;34;28;47;19;5;15;;;;;;;1976-05-to-2008-10;loto.csv
1996059-2;1996059;2;1996-10-16;ME;historic-6-plus-complementary;41;17;23;12;44;26;31;;;;;;;1976-05-to-2008-10;loto.csv
1996060-1;1996060;1;1996-10-19;SA;historic-6-plus-complementary;30;34;21;40;3;18;23;;;;;;;1976-05-to-2008-10;loto.csv
1996060-2;1996060;2;1996-10-19;SA;historic-6-plus-complementary;42;48;16;12;45;37;11;;;;;;;1976-05-to-2008-10;loto.csv
1996061-1;1996061;1;1996-10-23;ME;historic-6-plus-complementary;21;11;23;46;25;22;36;;;;;;;1976-05-to-2008-10;loto.csv
1996061-2;1996061;2;1996-10-23;ME;historic-6-plus-complementary;28;43;42;40;33;15;30;;;;;;;1976-05-to-2008-10;loto.csv
1996062-1;1996062;1;1996-10-26;SA;historic-6-plus-complementary;49;21;28;4;37;29;19;;;;;;;1976-05-to-2008-10;loto.csv
1996062-2;1996062;2;1996-10-26;SA;historic-6-plus-complementary;41;16;26;10;17;13;39;;;;;;;1976-05-to-2008-10;loto.csv
1996063-1;1996063;1;1996-10-30;ME;historic-6-plus-complementary;8;30;43;34;19;26;28;;;;;;;1976-05-to-2008-10;loto.csv
1996063-2;1996063;2;1996-10-30;ME;historic-6-plus-complementary;34;44;3;33;15;20;13;;;;;;;1976-05-to-2008-10;loto.csv
1996064-1;1996064;1;1996-11-02;SA;historic-6-plus-complementary;27;42;48;2;34;22;12;;;;;;;1976-05-to-2008-10;loto.csv
1996064-2;1996064;2;1996-11-02;SA;historic-6-plus-complementary;22;19;25;31;39;4;46;;;;;;;1976-05-to-2008-10;loto.csv
1996065-1;1996065;1;1996-11-06;ME;historic-6-plus-complementary;17;49;38;39;27;21;15;;;;;;;1976-05-to-2008-10;loto.csv
1996065-2;1996065;2;1996-11-06;ME;historic-6-plus-complementary;32;46;34;49;1;43;40;;;;;;;1976-05-to-2008-10;loto.csv
1996066-1;1996066;1;1996-11-09;SA;historic-6-plus-complementary;16;25;48;14;15;43;2;;;;;;;1976-05-to-2008-10;loto.csv
1996066-2;1996066;2;1996-11-09;SA;historic-6-plus-complementary;27;36;11;10;43;23;6;;;;;;;1976-05-to-2008-10;loto.csv
1996067-1;1996067;1;1996-11-13;ME;historic-6-plus-complementary;2;45;12;7;10;9;24;;;;;;;1976-05-to-2008-10;loto.csv
1996067-2;1996067;2;1996-11-13;ME;historic-6-plus-complementary;31;20;3;25;11;43;16;;;;;;;1976-05-to-2008-10;loto.csv
1996068-1;1996068;1;1996-11-16;SA;historic-6-plus-complementary;39;20;16;26;24;10;35;;;;;;;1976-05-to-2008-10;loto.csv
1996068-2;1996068;2;1996-11-16;SA;historic-6-plus-complementary;44;13;18;7;38;9;11;;;;;;;1976-05-to-2008-10;loto.csv
1996069-1;1996069;1;1996-11-20;ME;historic-6-plus-complementary;20;1;34;45;28;15;42;;;;;;;1976-05-to-2008-10;loto.csv
1996069-2;1996069;2;1996-11-20;ME;historic-6-plus-complementary;26;37;4;47;18;15;28;;;;;;;1976-05-to-2008-10;loto.csv
1996070-1;1996070;1;1996-11-23;SA;historic-6-plus-complementary;6;34;19;28;11;8;7;;;;;;;1976-05-to-2008-10;loto.csv
1996070-2;1996070;2;1996-11-23;SA;historic-6-plus-complementary;46;32;25;12;40;43;27;;;;;;;1976-05-to-2008-10;loto.csv
1996071-1;1996071;1;1996-11-27;ME;historic-6-plus-complementary;46;32;7;31;25;20;5;;;;;;;1976-05-to-2008-10;loto.csv
1996071-2;1996071;2;1996-11-27;ME;historic-6-plus-complementary;10;41;17;49;31;30;15;;;;;;;1976-05-to-2008-10;loto.csv
1996072-1;1996072;1;1996-11-30;SA;historic-6-plus-complementary;49;43;6;30;48;7;5;;;;;;;1976-05-to-2008-10;loto.csv
1996072-2;1996072;2;1996-11-30;SA;historic-6-plus-complementary;12;45;19;39;31;47;13;;;;;;;1976-05-to-2008-10;loto.csv
1996073-1;1996073;1;1996-12-04;ME;historic-6-plus-complementary;33;40;22;37;36;31;46;;;;;;;1976-05-to-2008-10;loto.csv
1996073-2;1996073;2;1996-12-04;ME;historic-6-plus-complementary;3;40;45;21;34;16;15;;;;;;;1976-05-to-2008-10;loto.csv
1996074-1;1996074;1;1996-12-07;SA;historic-6-plus-complementary;25;21;3;28;27;16;40;;;;;;;1976-05-to-2008-10;loto.csv
1996074-2;1996074;2;1996-12-07;SA;historic-6-plus-complementary;24;2;21;27;16;11;23;;;;;;;1976-05-to-2008-10;loto.csv
1996075-1;1996075;1;1996-12-11;ME;historic-6-plus-complementary;46;27;4;13;30;25;42;;;;;;;1976-05-to-2008-10;loto.csv
1996075-2;1996075;2;1996-12-11;ME;historic-6-plus-complementary;14;40;30;28;46;32;47;;;;;;;1976-05-to-2008-10;loto.csv
1996076-1;1996076;1;1996-12-14;SA;historic-6-plus-complementary;2;45;44;30;11;22;39;;;;;;;1976-05-to-2008-10;loto.csv
1996076-2;1996076;2;1996-12-14;SA;historic-6-plus-complementary;25;11;19;5;1;29;35;;;;;;;1976-05-to-2008-10;loto.csv
1996077-1;1996077;1;1996-12-18;ME;historic-6-plus-complementary;32;17;5;16;27;19;37;;;;;;;1976-05-to-2008-10;loto.csv
1996077-2;1996077;2;1996-12-18;ME;historic-6-plus-complementary;42;46;44;36;6;3;15;;;;;;;1976-05-to-2008-10;loto.csv
1996078-1;1996078;1;1996-12-21;SA;historic-6-plus-complementary;11;42;33;23;30;45;43;;;;;;;1976-05-to-2008-10;loto.csv
1996078-2;1996078;2;1996-12-21;SA;historic-6-plus-complementary;8;3;26;7;13;15;49;;;;;;;1976-05-to-2008-10;loto.csv
1996079-1;1996079;1;1996-12-25;ME;historic-6-plus-complementary;41;28;37;18;35;6;40;;;;;;;1976-05-to-2008-10;loto.csv
1996079-2;1996079;2;1996-12-25;ME;historic-6-plus-complementary;22;43;42;30;33;39;36;;;;;;;1976-05-to-2008-10;loto.csv
1996080-1;1996080;1;1996-12-28;SA;historic-6-plus-complementary;25;28;21;23;46;9;5;;;;;;;1976-05-to-2008-10;loto.csv
1996080-2;1996080;2;1996-12-28;SA;historic-6-plus-complementary;17;24;21;41;32;43;7;;;;;;;1976-05-to-2008-10;loto.csv
1997001-1;1997001;1;1997-01-01;ME;historic-6-plus-complementary;27;26;9;23;43;32;39;;;;;;;1976-05-to-2008-10;loto.csv
1997001-2;1997001;2;1997-01-01;ME;historic-6-plus-complementary;13;44;25;36;32;4;38;;;;;;;1976-05-to-2008-10;loto.csv
1997002-1;1997002;1;1997-01-04;SA;historic-6-plus-complementary;25;39;2;3;48;1;28;;;;;;;1976-05-to-2008-10;loto.csv
1997002-2;1997002;2;1997-01-04;SA;historic-6-plus-complementary;33;23;15;18;43;1;41;;;;;;;1976-05-to-2008-10;loto.csv
1997003-1;1997003;1;1997-01-08;ME;historic-6-plus-complementary;14;16;15;40;25;6;31;;;;;;;1976-05-to-2008-10;loto.csv
1997003-2;1997003;2;1997-01-08;ME;historic-6-plus-complementary;26;31;35;49;14;12;46;;;;;;;1976-05-to-2008-10;loto.csv
1997004-1;1997004;1;1997-01-11;SA;historic-6-plus-complementary;20;35;36;25;4;46;24;;;;;;;1976-05-to-2008-10;loto.csv
1997004-2;1997004;2;1997-01-11;SA;historic-6-plus-complementary;37;26;28;16;31;45;34;;;;;;;1976-05-to-2008-10;loto.csv
1997005-1;1997005;1;1997-01-15;ME;historic-6-plus-complementary;11;40;45;14;42;34;23;;;;;;;1976-05-to-2008-10;loto.csv
1997005-2;1997005;2;1997-01-15;ME;historic-6-plus-complementary;1;31;35;20;48;11;3;;;;;;;1976-05-to-2008-10;loto.csv
1997006-1;1997006;1;1997-01-18;SA;historic-6-plus-complementary;20;45;33;40;22;39;31;;;;;;;1976-05-to-2008-10;loto.csv
1997006-2;1997006;2;1997-01-18;SA;historic-6-plus-complementary;28;13;17;29;7;10;37;;;;;;;1976-05-to-2008-10;loto.csv
1997007-1;1997007;1;1997-01-22;ME;historic-6-plus-complementary;29;14;45;8;37;26;39;;;;;;;1976-05-to-2008-10;loto.csv
1997007-2;1997007;2;1997-01-22;ME;historic-6-plus-complementary;32;40;43;47;24;4;46;;;;;;;1976-05-to-2008-10;loto.csv
1997008-1;1997008;1;1997-01-25;SA;historic-6-plus-complementary;45;43;3;30;21;39;37;;;;;;;1976-05-to-2008-10;loto.csv
1997008-2;1997008;2;1997-01-25;SA;historic-6-plus-complementary;26;32;14;5;29;3;30;;;;;;;1976-05-to-2008-10;loto.csv
1997009-1;1997009;1;1997-01-29;ME;historic-6-plus-complementary;45;8;14;7;26;41;37;;;;;;;1976-05-to-2008-10;loto.csv
1997009-2;1997009;2;1997-01-29;ME;historic-6-plus-complementary;3;21;4;36;26;35;46;;;;;;;1976-05-to-2008-10;loto.csv
1997010-1;1997010;1;1997-02-01;SA;historic-6-plus-complementary;11;39;24;14;45;23;46;;;;;;;1976-05-to-2008-10;loto.csv
1997010-2;1997010;2;1997-02-01;SA;historic-6-plus-complementary;12;35;7;30;47;36;38;;;;;;;1976-05-to-2008-10;loto.csv
1997011-1;1997011;1;1997-02-05;ME;historic-6-plus-complementary;34;46;42;37;8;29;45;;;;;;;1976-05-to-2008-10;loto.csv
1997011-2;1997011;2;1997-02-05;ME;historic-6-plus-complementary;39;28;17;8;41;4;19;;;;;;;1976-05-to-2008-10;loto.csv
1997012-1;1997012;1;1997-02-08;SA;historic-6-plus-complementary;10;17;26;47;28;12;21;;;;;;;1976-05-to-2008-10;loto.csv
1997012-2;1997012;2;1997-02-08;SA;historic-6-plus-complementary;22;38;24;40;37;27;18;;;;;;;1976-05-to-2008-10;loto.csv
1997013-1;1997013;1;1997-02-12;ME;historic-6-plus-complementary;19;27;30;31;4;45;23;;;;;;;1976-05-to-2008-10;loto.csv
1997013-2;1997013;2;1997-02-12;ME;historic-6-plus-complementary;25;47;7;32;16;18;17;;;;;;;1976-05-to-2008-10;loto.csv
1997014-1;1997014;1;1997-02-15;SA;historic-6-plus-complementary;45;3;37;16;13;49;27;;;;;;;1976-05-to-2008-10;loto.csv
1997014-2;1997014;2;1997-02-15;SA;historic-6-plus-complementary;27;25;28;30;24;3;5;;;;;;;1976-05-to-2008-10;loto.csv
1997015-1;1997015;1;1997-02-19;ME;historic-6-plus-complementary;47;10;19;20;24;37;33;;;;;;;1976-05-to-2008-10;loto.csv
1997015-2;1997015;2;1997-02-19;ME;historic-6-plus-complementary;32;7;16;17;3;37;36;;;;;;;1976-05-to-2008-10;loto.csv
1997016-1;1997016;1;1997-02-22;SA;historic-6-plus-complementary;13;9;46;5;41;22;35;;;;;;;1976-05-to-2008-10;loto.csv
1997016-2;1997016;2;1997-02-22;SA;historic-6-plus-complementary;45;7;28;14;36;21;39;;;;;;;1976-05-to-2008-10;loto.csv
1997017-1;1997017;1;1997-02-26;ME;historic-6-plus-complementary;27;13;48;7;33;44;9;;;;;;;1976-05-to-2008-10;loto.csv
1997017-2;1997017;2;1997-02-26;ME;historic-6-plus-complementary;33;34;19;7;49;14;43;;;;;;;1976-05-to-2008-10;loto.csv
1997018-1;1997018;1;1997-03-01;SA;historic-6-plus-complementary;36;35;43;30;5;38;1;;;;;;;1976-05-to-2008-10;loto.csv
1997018-2;1997018;2;1997-03-01;SA;historic-6-plus-complementary;21;38;42;24;7;32;35;;;;;;;1976-05-to-2008-10;loto.csv
1997019-1;1997019;1;1997-03-05;ME;historic-6-plus-complementary;5;4;2;38;40;39;45;;;;;;;1976-05-to-2008-10;loto.csv
1997019-2;1997019;2;1997-03-05;ME;historic-6-plus-complementary;29;8;26;27;41;38;5;;;;;;;1976-05-to-2008-10;loto.csv
1997020-1;1997020;1;1997-03-08;SA;historic-6-plus-complementary;37;34;31;40;23;9;3;;;;;;;1976-05-to-2008-10;loto.csv
1997020-2;1997020;2;1997-03-08;SA;historic-6-plus-complementary;40;41;33;21;49;9;39;;;;;;;1976-05-to-2008-10;loto.csv
1997021-1;1997021;1;1997-03-12;ME;historic-6-plus-complementary;37;48;12;9;13;24;18;;;;;;;1976-05-to-2008-10;loto.csv
1997021-2;1997021;2;1997-03-12;ME;historic-6-plus-complementary;1;37;11;40;16;39;46;;;;;;;1976-05-to-2008-10;loto.csv
1997022-1;1997022;1;1997-03-15;SA;historic-6-plus-complementary;15;32;39;23;48;17;8;;;;;;;1976-05-to-2008-10;loto.csv
1997022-2;1997022;2;1997-03-15;SA;historic-6-plus-complementary;10;8;27;19;36;35;39;;;;;;;1976-05-to-2008-10;loto.csv
1997023-1;1997023;1;1997-03-19;ME;historic-6-plus-complementary;38;20;27;43;35;30;33;;;;;;;1976-05-to-2008-10;loto.csv
1997023-2;1997023;2;1997-03-19;ME;historic-6-plus-complementary;7;13;35;24;9;48;6;;;;;;;1976-05-to-2008-10;loto.csv
1997024-1;1997024;1;1997-03-22;SA;historic-6-plus-complementary;49;12;13;16;4;34;9;;;;;;;1976-05-to-2008-10;loto.csv
1997024-2;1997024;2;1997-03-22;SA;historic-6-plus-complementary;21;39;22;15;19;28;29;;;;;;;1976-05-to-2008-10;loto.csv
1997025-1;1997025;1;1997-03-26;ME;historic-6-plus-complementary;4;37;47;28;14;15;31;;;;;;;1976-05-to-2008-10;loto.csv
1997025-2;1997025;2;1997-03-26;ME;historic-6-plus-complementary;42;41;22;21;29;47;44;;;;;;;1976-05-to-2008-10;loto.csv
1997026-1;1997026;1;1997-03-29;SA;historic-6-plus-complementary;25;28;42;8;47;15;43;;;;;;;1976-05-to-2008-10;loto.csv
1997026-2;1997026;2;1997-03-29;SA;historic-6-plus-complementary;44;29;20;16;48;36;14;;;;;;;1976-05-to-2008-10;loto.csv
1997027-1;1997027;1;1997-04-02;ME;historic-6-plus-complementary;41;28;4;45;16;5;15;;;;;;;1976-05-to-2008-10;loto.csv
1997027-2;1997027;2;1997-04-02;ME;historic-6-plus-complementary;33;21;43;19;40;35;42;;;;;;;1976-05-to-2008-10;loto.csv
1997028-1;1997028;1;1997-04-05;SA;historic-6-plus-complementary;25;49;13;48;15;22;29;;;;;;;1976-05-to-2008-10;loto.csv
1997028-2;1997028;2;1997-04-05;SA;historic-6-plus-complementary;37;31;47;34;2;14;46;;;;;;;1976-05-to-2008-10;loto.csv
1997029-1;1997029;1;1997-04-09;ME;historic-6-plus-complementary;32;45;23;9;26;34;27;;;;;;;1976-05-to-2008-10;loto.csv
1997029-2;1997029;2;1997-04-09;ME;historic-6-plus-complementary;20;42;22;4;18;49;47;;;;;;;1976-05-to-2008-10;loto.csv
1997030-1;1997030;1;1997-04-12;SA;historic-6-plus-complementary;20;10;4;16;37;49;41;;;;;;;1976-05-to-2008-10;loto.csv
1997030-2;1997030;2;1997-04-12;SA;historic-6-plus-complementary;2;4;8;28;35;15;43;;;;;;;1976-05-to-2008-10;loto.csv
1997031-1;1997031;1;1997-04-16;ME;historic-6-plus-complementary;30;40;11;29;17;10;24;;;;;;;1976-05-to-2008-10;loto.csv
1997031-2;1997031;2;1997-04-16;ME;historic-6-plus-complementary;32;45;8;31;22;30;46;;;;;;;1976-05-to-2008-10;loto.csv
1997032-1;1997032;1;1997-04-19;SA;historic-6-plus-complementary;33;14;16;21;43;26;42;;;;;;;1976-05-to-2008-10;loto.csv
1997032-2;1997032;2;1997-04-19;SA;historic-6-plus-complementary;40;15;19;32;26;9;31;;;;;;;1976-05-to-2008-10;loto.csv
1997033-1;1997033;1;1997-04-23;ME;historic-6-plus-complementary;22;20;14;1;27;3;18;;;;;;;1976-05-to-2008-10;loto.csv
1997033-2;1997033;2;1997-04-23;ME;historic-6-plus-complementary;18;43;17;12;4;32;49;;;;;;;1976-05-to-2008-10;loto.csv
1997034-1;1997034;1;1997-04-26;SA;historic-6-plus-complementary;13;15;18;28;22;16;23;;;;;;;1976-05-to-2008-10;loto.csv
1997034-2;1997034;2;1997-04-26;SA;historic-6-plus-complementary;49;8;3;31;30;4;18;;;;;;;1976-05-to-2008-10;loto.csv
1997035-1;1997035;1;1997-04-30;ME;historic-6-plus-complementary;43;46;32;7;19;17;5;;;;;;;1976-05-to-2008-10;loto.csv
1997035-2;1997035;2;1997-04-30;ME;historic-6-plus-complementary;44;22;6;41;20;9;8;;;;;;;1976-05-to-2008-10;loto.csv
1997036-1;1997036;1;1997-05-03;SA;historic-6-plus-complementary;46;42;24;47;25;6;35;;;;;;;1976-05-to-2008-10;loto.csv
1997036-2;1997036;2;1997-05-03;SA;historic-6-plus-complementary;38;20;39;27;41;6;29;;;;;;;1976-05-to-2008-10;loto.csv
1997037-1;1997037;1;1997-05-07;ME;historic-6-plus-complementary;39;27;34;3;36;29;26;;;;;;;1976-05-to-2008-10;loto.csv
1997037-2;1997037;2;1997-05-07;ME;historic-6-plus-complementary;34;11;31;27;22;16;40;;;;;;;1976-05-to-2008-10;loto.csv
1997038-1;1997038;1;1997-05-10;SA;historic-6-plus-complementary;2;31;20;38;21;12;40;;;;;;;1976-05-to-2008-10;loto.csv
1997038-2;1997038;2;1997-05-10;SA;historic-6-plus-complementary;44;20;16;27;7;39;6;;;;;;;1976-05-to-2008-10;loto.csv
1997039-1;1997039;1;1997-05-14;ME;historic-6-plus-complementary;39;20;33;29;38;40;6;;;;;;;1976-05-to-2008-10;loto.csv
1997039-2;1997039;2;1997-05-14;ME;historic-6-plus-complementary;20;13;48;24;41;27;32;;;;;;;1976-05-to-2008-10;loto.csv
1997040-1;1997040;1;1997-05-17;SA;historic-6-plus-complementary;22;42;17;11;45;49;41;;;;;;;1976-05-to-2008-10;loto.csv
1997040-2;1997040;2;1997-05-17;SA;historic-6-plus-complementary;11;18;15;4;31;32;36;;;;;;;1976-05-to-2008-10;loto.csv
1997041-1;1997041;1;1997-05-21;ME;historic-6-plus-complementary;31;40;37;41;49;27;32;;;;;;;1976-05-to-2008-10;loto.csv
1997041-2;1997041;2;1997-05-21;ME;historic-6-plus-complementary;39;33;2;46;49;6;32;;;;;;;1976-05-to-2008-10;loto.csv
1997042-1;1997042;1;1997-05-24;SA;historic-6-plus-complementary;49;38;42;8;30;31;21;;;;;;;1976-05-to-2008-10;loto.csv
1997042-2;1997042;2;1997-05-24;SA;historic-6-plus-complementary;19;39;20;35;18;3;41;;;;;;;1976-05-to-2008-10;loto.csv
1997043-1;1997043;1;1997-05-28;ME;historic-6-plus-complementary;2;35;43;29;12;27;48;;;;;;;1976-05-to-2008-10;loto.csv
1997043-2;1997043;2;1997-05-28;ME;historic-6-plus-complementary;19;43;1;48;6;2;21;;;;;;;1976-05-to-2008-10;loto.csv
1997044-1;1997044;1;1997-05-31;SA;historic-6-plus-complementary;17;7;31;39;20;41;34;;;;;;;1976-05-to-2008-10;loto.csv
1997044-2;1997044;2;1997-05-31;SA;historic-6-plus-complementary;18;30;1;12;7;39;49;;;;;;;1976-05-to-2008-10;loto.csv
1997045-1;1997045;1;1997-06-04;ME;historic-6-plus-complementary;20;26;23;38;34;48;4;;;;;;;1976-05-to-2008-10;loto.csv
1997045-2;1997045;2;1997-06-04;ME;historic-6-plus-complementary;34;32;28;1;40;31;35;;;;;;;1976-05-to-2008-10;loto.csv
1997046-1;1997046;1;1997-06-07;SA;historic-6-plus-complementary;4;15;26;14;7;34;29;;;;;;;1976-05-to-2008-10;loto.csv
1997046-2;1997046;2;1997-06-07;SA;historic-6-plus-complementary;21;27;17;10;42;43;3;;;;;;;1976-05-to-2008-10;loto.csv
1997047-1;1997047;1;1997-06-11;ME;historic-6-plus-complementary;40;4;48;18;30;42;21;;;;;;;1976-05-to-2008-10;loto.csv
1997047-2;1997047;2;1997-06-11;ME;historic-6-plus-complementary;36;35;49;41;16;4;40;;;;;;;1976-05-to-2008-10;loto.csv
1997048-1;1997048;1;1997-06-14;SA;historic-6-plus-complementary;12;33;20;26;35;18;28;;;;;;;1976-05-to-2008-10;loto.csv
1997048-2;1997048;2;1997-06-14;SA;historic-6-plus-complementary;5;40;14;1;21;24;18;;;;;;;1976-05-to-2008-10;loto.csv
1997049-1;1997049;1;1997-06-18;ME;historic-6-plus-complementary;43;32;48;29;45;31;5;;;;;;;1976-05-to-2008-10;loto.csv
1997049-2;1997049;2;1997-06-18;ME;historic-6-plus-complementary;46;45;48;9;27;5;33;;;;;;;1976-05-to-2008-10;loto.csv
1997050-1;1997050;1;1997-06-21;SA;historic-6-plus-complementary;35;21;33;27;2;7;9;;;;;;;1976-05-to-2008-10;loto.csv
1997050-2;1997050;2;1997-06-21;SA;historic-6-plus-complementary;34;14;35;36;49;41;9;;;;;;;1976-05-to-2008-10;loto.csv
1997051-1;1997051;1;1997-06-25;ME;historic-6-plus-complementary;34;29;37;38;41;27;42;;;;;;;1976-05-to-2008-10;loto.csv
1997051-2;1997051;2;1997-06-25;ME;historic-6-plus-complementary;40;11;45;26;44;10;2;;;;;;;1976-05-to-2008-10;loto.csv
1997052-1;1997052;1;1997-06-28;SA;historic-6-plus-complementary;7;1;48;44;22;8;21;;;;;;;1976-05-to-2008-10;loto.csv
1997052-2;1997052;2;1997-06-28;SA;historic-6-plus-complementary;48;24;28;6;1;10;19;;;;;;;1976-05-to-2008-10;loto.csv
1997053-1;1997053;1;1997-07-02;ME;historic-6-plus-complementary;28;31;36;3;19;8;45;;;;;;;1976-05-to-2008-10;loto.csv
1997053-2;1997053;2;1997-07-02;ME;historic-6-plus-complementary;33;37;8;7;2;49;19;;;;;;;1976-05-to-2008-10;loto.csv
1997054-1;1997054;1;1997-07-05;SA;historic-6-plus-complementary;37;25;3;43;12;34;10;;;;;;;1976-05-to-2008-10;loto.csv
1997054-2;1997054;2;1997-07-05;SA;historic-6-plus-complementary;43;39;13;22;30;25;24;;;;;;;1976-05-to-2008-10;loto.csv
1997055-1;1997055;1;1997-07-09;ME;historic-6-plus-complementary;2;22;29;37;47;27;46;;;;;;;1976-05-to-2008-10;loto.csv
1997055-2;1997055;2;1997-07-09;ME;historic-6-plus-complementary;23;30;21;1;9;46;17;;;;;;;1976-05-to-2008-10;loto.csv
1997056-1;1997056;1;1997-07-12;SA;historic-6-plus-complementary;8;15;12;1;21;23;31;;;;;;;1976-05-to-2008-10;loto.csv
1997056-2;1997056;2;1997-07-12;SA;historic-6-plus-complementary;34;9;36;47;24;44;10;;;;;;;1976-05-to-2008-10;loto.csv
1997057-1;1997057;1;1997-07-16;ME;historic-6-plus-complementary;1;40;3;43;6;9;48;;;;;;;1976-05-to-2008-10;loto.csv
1997057-2;1997057;2;1997-07-16;ME;historic-6-plus-complementary;46;45;11;18;30;14;40;;;;;;;1976-05-to-2008-10;loto.csv
1997058-1;1997058;1;1997-07-19;SA;historic-6-plus-complementary;35;39;33;15;5;17;18;;;;;;;1976-05-to-2008-10;loto.csv
1997058-2;1997058;2;1997-07-19;SA;historic-6-plus-complementary;44;23;26;1;22;17;20;;;;;;;1976-05-to-2008-10;loto.csv
1997059-1;1997059;1;1997-07-23;ME;historic-6-plus-complementary;8;36;44;7;25;2;20;;;;;;;1976-05-to-2008-10;loto.csv
1997059-2;1997059;2;1997-07-23;ME;historic-6-plus-complementary;42;6;46;15;34;19;39;;;;;;;1976-05-to-2008-10;loto.csv
1997060-1;1997060;1;1997-07-26;SA;historic-6-plus-complementary;27;3;39;13;1;9;22;;;;;;;1976-05-to-2008-10;loto.csv
1997060-2;1997060;2;1997-07-26;SA;historic-6-plus-complementary;16;32;9;39;4;41;35;;;;;;;1976-05-to-2008-10;loto.csv
1997061-1;1997061;1;1997-07-30;ME;historic-6-plus-complementary;4;1;42;21;15;19;7;;;;;;;1976-05-to-2008-10;loto.csv
1997061-2;1997061;2;1997-07-30;ME;historic-6-plus-complementary;29;4;15;34;39;22;23;;;;;;;1976-05-to-2008-10;loto.csv
1997062-1;1997062;1;1997-08-02;SA;historic-6-plus-complementary;3;42;11;40;13;19;7;;;;;;;1976-05-to-2008-10;loto.csv
1997062-2;1997062;2;1997-08-02;SA;historic-6-plus-complementary;39;6;24;7;31;44;45;;;;;;;1976-05-to-2008-10;loto.csv
1997063-1;1997063;1;1997-08-06;ME;historic-6-plus-complementary;13;40;25;11;7;29;21;;;;;;;1976-05-to-2008-10;loto.csv
1997063-2;1997063;2;1997-08-06;ME;historic-6-plus-complementary;4;33;32;35;10;1;29;;;;;;;1976-05-to-2008-10;loto.csv
1997064-1;1997064;1;1997-08-09;SA;historic-6-plus-complementary;18;11;33;42;19;22;46;;;;;;;1976-05-to-2008-10;loto.csv
1997064-2;1997064;2;1997-08-09;SA;historic-6-plus-complementary;37;2;10;1;12;30;4;;;;;;;1976-05-to-2008-10;loto.csv
1997065-1;1997065;1;1997-08-13;ME;historic-6-plus-complementary;35;19;48;16;39;32;17;;;;;;;1976-05-to-2008-10;loto.csv
1997065-2;1997065;2;1997-08-13;ME;historic-6-plus-complementary;20;33;40;29;14;34;32;;;;;;;1976-05-to-2008-10;loto.csv
1997066-1;1997066;1;1997-08-16;SA;historic-6-plus-complementary;20;11;1;13;41;36;48;;;;;;;1976-05-to-2008-10;loto.csv
1997066-2;1997066;2;1997-08-16;SA;historic-6-plus-complementary;16;1;11;6;39;43;23;;;;;;;1976-05-to-2008-10;loto.csv
1997067-1;1997067;1;1997-08-20;ME;historic-6-plus-complementary;37;16;36;43;3;14;11;;;;;;;1976-05-to-2008-10;loto.csv
1997067-2;1997067;2;1997-08-20;ME;historic-6-plus-complementary;45;1;44;3;38;32;39;;;;;;;1976-05-to-2008-10;loto.csv
1997068-1;1997068;1;1997-08-23;SA;historic-6-plus-complementary;5;33;8;46;18;45;13;;;;;;;1976-05-to-2008-10;loto.csv
1997068-2;1997068;2;1997-08-23;SA;historic-6-plus-complementary;6;5;26;38;42;19;37;;;;;;;1976-05-to-2008-10;loto.csv
1997069-1;1997069;1;1997-08-27;ME;historic-6-plus-complementary;6;28;15;46;9;43;27;;;;;;;1976-05-to-2008-10;loto.csv
1997069-2;1997069;2;1997-08-27;ME;historic-6-plus-complementary;41;31;13;34;8;37;29;;;;;;;1976-05-to-2008-10;loto.csv
1997070-1;1997070;1;1997-08-30;SA;historic-6-plus-complementary;36;18;32;45;35;21;15;;;;;;;1976-05-to-2008-10;loto.csv
1997070-2;1997070;2;1997-08-30;SA;historic-6-plus-complementary;25;4;41;29;26;30;49;;;;;;;1976-05-to-2008-10;loto.csv
1997071-1;1997071;1;1997-09-03;ME;historic-6-plus-complementary;2;29;28;18;22;41;8;;;;;;;1976-05-to-2008-10;loto.csv
1997071-2;1997071;2;1997-09-03;ME;historic-6-plus-complementary;45;31;9;24;16;4;5;;;;;;;1976-05-to-2008-10;loto.csv
1997072-1;1997072;1;1997-09-06;SA;historic-6-plus-complementary;16;5;27;20;34;12;32;;;;;;;1976-05-to-2008-10;loto.csv
1997072-2;1997072;2;1997-09-06;SA;historic-6-plus-complementary;25;43;3;37;41;2;16;;;;;;;1976-05-to-2008-10;loto.csv
1997073-1;1997073;1;1997-09-10;ME;historic-6-plus-complementary;44;8;14;34;27;18;31;;;;;;;1976-05-to-2008-10;loto.csv
1997073-2;1997073;2;1997-09-10;ME;historic-6-plus-complementary;41;22;17;1;37;2;24;;;;;;;1976-05-to-2008-10;loto.csv
1997074-1;1997074;1;1997-09-13;SA;historic-6-plus-complementary;20;7;31;1;13;21;24;;;;;;;1976-05-to-2008-10;loto.csv
1997074-2;1997074;2;1997-09-13;SA;historic-6-plus-complementary;20;48;6;17;49;22;10;;;;;;;1976-05-to-2008-10;loto.csv
1997075-1;1997075;1;1997-09-17;ME;historic-6-plus-complementary;34;39;14;46;4;22;45;;;;;;;1976-05-to-2008-10;loto.csv
1997075-2;1997075;2;1997-09-17;ME;historic-6-plus-complementary;10;48;46;36;22;32;38;;;;;;;1976-05-to-2008-10;loto.csv
1997076-1;1997076;1;1997-09-20;SA;historic-6-plus-complementary;9;35;13;12;29;39;19;;;;;;;1976-05-to-2008-10;loto.csv
1997076-2;1997076;2;1997-09-20;SA;historic-6-plus-complementary;2;44;21;25;19;43;22;;;;;;;1976-05-to-2008-10;loto.csv
1997077-1;1997077;1;1997-09-24;ME;historic-6-plus-complementary;41;17;20;23;12;15;44;;;;;;;1976-05-to-2008-10;loto.csv
1997077-2;1997077;2;1997-09-24;ME;historic-6-plus-complementary;36;44;13;3;41;39;4;;;;;;;1976-05-to-2008-10;loto.csv
1997078-1;1997078;1;1997-09-27;SA;historic-6-plus-complementary;35;6;3;22;31;25;47;;;;;;;1976-05-to-2008-10;loto.csv
1997078-2;1997078;2;1997-09-27;SA;historic-6-plus-complementary;40;28;1;30;10;20;43;;;;;;;1976-05-to-2008-10;loto.csv
1997079-1;1997079;1;1997-10-01;ME;historic-6-plus-complementary;29;9;38;12;23;24;16;;;;;;;1976-05-to-2008-10;loto.csv
1997079-2;1997079;2;1997-10-01;ME;historic-6-plus-complementary;35;30;3;17;27;32;16;;;;;;;1976-05-to-2008-10;loto.csv
1997080-1;1997080;1;1997-10-04;SA;historic-6-plus-complementary;14;27;21;34;46;26;23;;;;;;;1976-05-to-2008-10;loto.csv
1997080-2;1997080;2;1997-10-04;SA;historic-6-plus-complementary;43;32;35;7;5;2;29;;;;;;;1976-05-to-2008-10;loto.csv
1997081-1;1997081;1;1997-10-08;ME;historic-6-plus-complementary;36;5;21;2;3;18;7;;;;;;;1976-05-to-2008-10;loto.csv
1997081-2;1997081;2;1997-10-08;ME;historic-6-plus-complementary;18;21;36;1;34;35;10;;;;;;;1976-05-to-2008-10;loto.csv
1997082-1;1997082;1;1997-10-11;SA;historic-6-plus-complementary;3;31;9;18;37;38;26;;;;;;;1976-05-to-2008-10;loto.csv
1997082-2;1997082;2;1997-10-11;SA;historic-6-plus-complementary;33;7;17;16;27;25;8;;;;;;;1976-05-to-2008-10;loto.csv
1997083-1;1997083;1;1997-10-15;ME;historic-6-plus-complementary;34;14;40;4;16;25;1;;;;;;;1976-05-to-2008-10;loto.csv
1997083-2;1997083;2;1997-10-15;ME;historic-6-plus-complementary;39;46;18;45;40;25;14;;;;;;;1976-05-to-2008-10;loto.csv
1997084-1;1997084;1;1997-10-18;SA;historic-6-plus-complementary;45;32;19;43;2;26;7;;;;;;;1976-05-to-2008-10;loto.csv
1997084-2;1997084;2;1997-10-18;SA;historic-6-plus-complementary;36;11;21;41;39;43;47;;;;;;;1976-05-to-2008-10;loto.csv
1997085-1;1997085;1;1997-10-22;ME;historic-6-plus-complementary;37;27;14;34;47;7;35;;;;;;;1976-05-to-2008-10;loto.csv
1997085-2;1997085;2;1997-10-22;ME;historic-6-plus-complementary;3;17;6;37;29;43;5;;;;;;;1976-05-to-2008-10;loto.csv
1997086-1;1997086;1;1997-10-25;SA;historic-6-plus-complementary;14;45;25;44;7;18;6;;;;;;;1976-05-to-2008-10;loto.csv
1997086-2;1997086;2;1997-10-25;SA;historic-6-plus-complementary;49;23;16;13;4;9;30;;;;;;;1976-05-to-2008-10;loto.csv
1997087-1;1997087;1;1997-10-29;ME;historic-6-plus-complementary;30;15;31;9;48;8;3;;;;;;;1976-05-to-2008-10;loto.csv
1997087-2;1997087;2;1997-10-29;ME;historic-6-plus-complementary;24;5;30;43;47;23;21;;;;;;;1976-05-to-2008-10;loto.csv
1997088-1;1997088;1;1997-11-01;SA;historic-6-plus-complementary;13;37;35;26;42;9;7;;;;;;;1976-05-to-2008-10;loto.csv
1997088-2;1997088;2;1997-11-01;SA;historic-6-plus-complementary;31;3;33;29;19;45;7;;;;;;;1976-05-to-2008-10;loto.csv
1997089-1;1997089;1;1997-11-05;ME;historic-6-plus-complementary;10;38;25;32;15;37;42;;;;;;;1976-05-to-2008-10;loto.csv
1997089-2;1997089;2;1997-11-05;ME;historic-6-plus-complementary;49;37;41;24;20;44;23;;;;;;;1976-05-to-2008-10;loto.csv
1997090-1;1997090;1;1997-11-08;SA;historic-6-plus-complementary;32;47;35;25;39;30;22;;;;;;;1976-05-to-2008-10;loto.csv
1997090-2;1997090;2;1997-11-08;SA;historic-6-plus-complementary;47;32;41;35;17;15;27;;;;;;;1976-05-to-2008-10;loto.csv
1997091-1;1997091;1;1997-11-12;ME;historic-6-plus-complementary;27;49;18;5;23;9;36;;;;;;;1976-05-to-2008-10;loto.csv
1997091-2;1997091;2;1997-11-12;ME;historic-6-plus-complementary;18;14;30;24;4;28;32;;;;;;;1976-05-to-2008-10;loto.csv
1997092-1;1997092;1;1997-11-15;SA;historic-6-plus-complementary;40;21;22;26;47;12;43;;;;;;;1976-05-to-2008-10;loto.csv
1997092-2;1997092;2;1997-11-15;SA;historic-6-plus-complementary;39;33;20;37;25;40;48;;;;;;;1976-05-to-2008-10;loto.csv
1997093-1;1997093;1;1997-11-19;ME;historic-6-plus-complementary;14;27;9;46;35;2;39;;;;;;;1976-05-to-2008-10;loto.csv
1997093-2;1997093;2;1997-11-19;ME;historic-6-plus-complementary;40;39;22;35;43;36;37;;;;;;;1976-05-to-2008-10;loto.csv
1997094-1;1997094;1;1997-11-22;SA;historic-6-plus-complementary;49;8;28;15;35;25;22;;;;;;;1976-05-to-2008-10;loto.csv
1997094-2;1997094;2;1997-11-22;SA;historic-6-plus-complementary;34;9;26;1;20;33;41;;;;;;;1976-05-to-2008-10;loto.csv
1997095-1;1997095;1;1997-11-26;ME;historic-6-plus-complementary;11;37;42;19;46;7;24;;;;;;;1976-05-to-2008-10;loto.csv
1997095-2;1997095;2;1997-11-26;ME;historic-6-plus-complementary;18;23;47;42;16;6;49;;;;;;;1976-05-to-2008-10;loto.csv
1997096-1;1997096;1;1997-11-29;SA;historic-6-plus-complementary;1;42;7;27;11;38;29;;;;;;;1976-05-to-2008-10;loto.csv
1997096-2;1997096;2;1997-11-29;SA;historic-6-plus-complementary;33;31;10;39;11;21;3;;;;;;;1976-05-to-2008-10;loto.csv
1997097-1;1997097;1;1997-12-03;ME;historic-6-plus-complementary;44;31;35;30;25;5;12;;;;;;;1976-05-to-2008-10;loto.csv
1997097-2;1997097;2;1997-12-03;ME;historic-6-plus-complementary;6;9;27;34;1;36;45;;;;;;;1976-05-to-2008-10;loto.csv
1997098-1;1997098;1;1997-12-06;SA;historic-6-plus-complementary;30;46;45;3;18;5;24;;;;;;;1976-05-to-2008-10;loto.csv
1997098-2;1997098;2;1997-12-06;SA;historic-6-plus-complementary;39;4;30;7;42;14;11;;;;;;;1976-05-to-2008-10;loto.csv
1997099-1;1997099;1;1997-12-10;ME;historic-6-plus-complementary;27;1;20;43;5;33;8;;;;;;;1976-05-to-2008-10;loto.csv
1997099-2;1997099;2;1997-12-10;ME;historic-6-plus-complementary;29;13;46;25;32;47;22;;;;;;;1976-05-to-2008-10;loto.csv
1997100-1;1997100;1;1997-12-13;SA;historic-6-plus-complementary;9;46;49;25;29;24;18;;;;;;;1976-05-to-2008-10;loto.csv
1997100-2;1997100;2;1997-12-13;SA;historic-6-plus-complementary;5;27;34;9;3;19;35;;;;;;;1976-05-to-2008-10;loto.csv
1997101-1;1997101;1;1997-12-17;ME;historic-6-plus-complementary;44;7;14;17;15;49;23;;;;;;;1976-05-to-2008-10;loto.csv
1997101-2;1997101;2;1997-12-17;ME;historic-6-plus-complementary;19;15;5;31;43;28;14;;;;;;;1976-05-to-2008-10;loto.csv
1997102-1;1997102;1;1997-12-20;SA;historic-6-plus-complementary;41;5;21;29;46;36;42;;;;;;;1976-05-to-2008-10;loto.csv
1997102-2;1997102;2;1997-12-20;SA;historic-6-plus-complementary;39;16;3;23;18;38;27;;;;;;;1976-05-to-2008-10;loto.csv
1997103-1;1997103;1;1997-12-24;ME;historic-6-plus-complementary;28;15;39;35;12;33;21;;;;;;;1976-05-to-2008-10;loto.csv
1997103-2;1997103;2;1997-12-24;ME;historic-6-plus-complementary;24;22;32;23;9;5;12;;;;;;;1976-05-to-2008-10;loto.csv
1997104-1;1997104;1;1997-12-27;SA;historic-6-plus-complementary;31;48;42;34;5;23;15;;;;;;;1976-05-to-2008-10;loto.csv
1997104-2;1997104;2;1997-12-27;SA;historic-6-plus-complementary;28;2;16;39;9;47;13;;;;;;;1976-05-to-2008-10;loto.csv
1997105-1;1997105;1;1997-12-31;ME;historic-6-plus-complementary;18;1;35;36;21;16;48;;;;;;;1976-05-to-2008-10;loto.csv
1997105-2;1997105;2;1997-12-31;ME;historic-6-plus-complementary;41;15;31;19;32;21;12;;;;;;;1976-05-to-2008-10;loto.csv
1998001-1;1998001;1;1998-01-03;SA;historic-6-plus-complementary;39;33;8;1;4;14;22;;;;;;;1976-05-to-2008-10;loto.csv
1998001-2;1998001;2;1998-01-03;SA;historic-6-plus-complementary;22;17;12;4;44;3;30;;;;;;;1976-05-to-2008-10;loto.csv
1998002-1;1998002;1;1998-01-07;ME;historic-6-plus-complementary;42;38;26;36;31;5;28;;;;;;;1976-05-to-2008-10;loto.csv
1998002-2;1998002;2;1998-01-07;ME;historic-6-plus-complementary;41;15;14;42;13;38;49;;;;;;;1976-05-to-2008-10;loto.csv
1998003-1;1998003;1;1998-01-10;SA;historic-6-plus-complementary;11;39;36;40;4;9;26;;;;;;;1976-05-to-2008-10;loto.csv
1998003-2;1998003;2;1998-01-10;SA;historic-6-plus-complementary;17;7;13;36;49;38;3;;;;;;;1976-05-to-2008-10;loto.csv
1998004-1;1998004;1;1998-01-14;ME;historic-6-plus-complementary;9;18;38;30;27;39;13;;;;;;;1976-05-to-2008-10;loto.csv
1998004-2;1998004;2;1998-01-14;ME;historic-6-plus-complementary;34;19;4;32;7;18;9;;;;;;;1976-05-to-2008-10;loto.csv
1998005-1;1998005;1;1998-01-17;SA;historic-6-plus-complementary;45;38;36;20;43;4;16;;;;;;;1976-05-to-2008-10;loto.csv
1998005-2;1998005;2;1998-01-17;SA;historic-6-plus-complementary;30;6;39;21;42;31;44;;;;;;;1976-05-to-2008-10;loto.csv
1998006-1;1998006;1;1998-01-21;ME;historic-6-plus-complementary;1;37;49;39;27;38;10;;;;;;;1976-05-to-2008-10;loto.csv
1998006-2;1998006;2;1998-01-21;ME;historic-6-plus-complementary;22;1;7;33;16;31;27;;;;;;;1976-05-to-2008-10;loto.csv
1998007-1;1998007;1;1998-01-24;SA;historic-6-plus-complementary;5;42;32;14;39;25;4;;;;;;;1976-05-to-2008-10;loto.csv
1998007-2;1998007;2;1998-01-24;SA;historic-6-plus-complementary;40;44;26;18;13;14;31;;;;;;;1976-05-to-2008-10;loto.csv
1998008-1;1998008;1;1998-01-28;ME;historic-6-plus-complementary;22;36;43;7;41;47;19;;;;;;;1976-05-to-2008-10;loto.csv
1998008-2;1998008;2;1998-01-28;ME;historic-6-plus-complementary;23;35;26;39;7;45;4;;;;;;;1976-05-to-2008-10;loto.csv
1998009-1;1998009;1;1998-01-31;SA;historic-6-plus-complementary;3;24;41;7;13;30;18;;;;;;;1976-05-to-2008-10;loto.csv
1998009-2;1998009;2;1998-01-31;SA;historic-6-plus-complementary;39;22;49;14;34;36;37;;;;;;;1976-05-to-2008-10;loto.csv
1998010-1;1998010;1;1998-02-04;ME;historic-6-plus-complementary;24;15;23;47;48;36;13;;;;;;;1976-05-to-2008-10;loto.csv
1998010-2;1998010;2;1998-02-04;ME;historic-6-plus-complementary;44;31;36;43;6;35;15;;;;;;;1976-05-to-2008-10;loto.csv
1998011-1;1998011;1;1998-02-07;SA;historic-6-plus-complementary;13;29;48;25;21;31;44;;;;;;;1976-05-to-2008-10;loto.csv
1998011-2;1998011;2;1998-02-07;SA;historic-6-plus-complementary;28;1;30;29;10;23;15;;;;;;;1976-05-to-2008-10;loto.csv
1998012-1;1998012;1;1998-02-11;ME;historic-6-plus-complementary;24;5;33;38;43;23;10;;;;;;;1976-05-to-2008-10;loto.csv
1998012-2;1998012;2;1998-02-11;ME;historic-6-plus-complementary;34;27;18;46;35;43;16;;;;;;;1976-05-to-2008-10;loto.csv
1998013-1;1998013;1;1998-02-14;SA;historic-6-plus-complementary;21;11;9;10;33;37;44;;;;;;;1976-05-to-2008-10;loto.csv
1998013-2;1998013;2;1998-02-14;SA;historic-6-plus-complementary;32;41;1;28;36;25;13;;;;;;;1976-05-to-2008-10;loto.csv
1998014-1;1998014;1;1998-02-18;ME;historic-6-plus-complementary;4;45;44;10;8;17;46;;;;;;;1976-05-to-2008-10;loto.csv
1998014-2;1998014;2;1998-02-18;ME;historic-6-plus-complementary;23;13;49;8;30;1;38;;;;;;;1976-05-to-2008-10;loto.csv
1998015-1;1998015;1;1998-02-21;SA;historic-6-plus-complementary;11;22;43;33;14;49;24;;;;;;;1976-05-to-2008-10;loto.csv
1998015-2;1998015;2;1998-02-21;SA;historic-6-plus-complementary;19;10;11;29;31;21;34;;;;;;;1976-05-to-2008-10;loto.csv
1998016-1;1998016;1;1998-02-25;ME;historic-6-plus-complementary;9;40;25;11;14;18;5;;;;;;;1976-05-to-2008-10;loto.csv
1998016-2;1998016;2;1998-02-25;ME;historic-6-plus-complementary;46;29;30;28;13;48;25;;;;;;;1976-05-to-2008-10;loto.csv
1998017-1;1998017;1;1998-02-28;SA;historic-6-plus-complementary;37;47;39;25;49;21;3;;;;;;;1976-05-to-2008-10;loto.csv
1998017-2;1998017;2;1998-02-28;SA;historic-6-plus-complementary;10;37;16;44;22;38;46;;;;;;;1976-05-to-2008-10;loto.csv
1998018-1;1998018;1;1998-03-04;ME;historic-6-plus-complementary;16;12;3;13;39;36;43;;;;;;;1976-05-to-2008-10;loto.csv
1998018-2;1998018;2;1998-03-04;ME;historic-6-plus-complementary;33;43;12;41;45;40;15;;;;;;;1976-05-to-2008-10;loto.csv
1998019-1;1998019;1;1998-03-07;SA;historic-6-plus-complementary;9;6;26;29;27;35;16;;;;;;;1976-05-to-2008-10;loto.csv
1998019-2;1998019;2;1998-03-07;SA;historic-6-plus-complementary;10;18;37;47;40;8;31;;;;;;;1976-05-to-2008-10;loto.csv
1998020-1;1998020;1;1998-03-11;ME;historic-6-plus-complementary;28;21;29;23;30;13;41;;;;;;;1976-05-to-2008-10;loto.csv
1998020-2;1998020;2;1998-03-11;ME;historic-6-plus-complementary;16;5;20;38;21;43;2;;;;;;;1976-05-to-2008-10;loto.csv
1998021-1;1998021;1;1998-03-14;SA;historic-6-plus-complementary;28;23;26;5;34;15;27;;;;;;;1976-05-to-2008-10;loto.csv
1998021-2;1998021;2;1998-03-14;SA;historic-6-plus-complementary;43;45;46;15;29;31;12;;;;;;;1976-05-to-2008-10;loto.csv
1998022-1;1998022;1;1998-03-18;ME;historic-6-plus-complementary;46;13;19;49;30;8;45;;;;;;;1976-05-to-2008-10;loto.csv
1998022-2;1998022;2;1998-03-18;ME;historic-6-plus-complementary;35;22;2;7;6;12;38;;;;;;;1976-05-to-2008-10;loto.csv
1998023-1;1998023;1;1998-03-21;SA;historic-6-plus-complementary;20;43;15;12;6;27;24;;;;;;;1976-05-to-2008-10;loto.csv
1998023-2;1998023;2;1998-03-21;SA;historic-6-plus-complementary;5;31;28;48;13;33;18;;;;;;;1976-05-to-2008-10;loto.csv
1998024-1;1998024;1;1998-03-25;ME;historic-6-plus-complementary;15;49;19;22;35;21;23;;;;;;;1976-05-to-2008-10;loto.csv
1998024-2;1998024;2;1998-03-25;ME;historic-6-plus-complementary;43;42;18;27;28;13;39;;;;;;;1976-05-to-2008-10;loto.csv
1998025-1;1998025;1;1998-03-28;SA;historic-6-plus-complementary;48;45;12;9;29;8;19;;;;;;;1976-05-to-2008-10;loto.csv
1998025-2;1998025;2;1998-03-28;SA;historic-6-plus-complementary;20;32;41;7;23;27;28;;;;;;;1976-05-to-2008-10;loto.csv
1998026-1;1998026;1;1998-04-01;ME;historic-6-plus-complementary;49;11;30;26;42;14;2;;;;;;;1976-05-to-2008-10;loto.csv
1998026-2;1998026;2;1998-04-01;ME;historic-6-plus-complementary;41;31;30;13;45;4;19;;;;;;;1976-05-to-2008-10;loto.csv
1998027-1;1998027;1;1998-04-04;SA;historic-6-plus-complementary;46;15;42;29;12;48;44;;;;;;;1976-05-to-2008-10;loto.csv
1998027-2;1998027;2;1998-04-04;SA;historic-6-plus-complementary;40;17;7;26;44;46;21;;;;;;;1976-05-to-2008-10;loto.csv
1998028-1;1998028;1;1998-04-08;ME;historic-6-plus-complementary;17;38;5;14;25;20;46;;;;;;;1976-05-to-2008-10;loto.csv
1998028-2;1998028;2;1998-04-08;ME;historic-6-plus-complementary;36;3;48;33;47;8;42;;;;;;;1976-05-to-2008-10;loto.csv
1998029-1;1998029;1;1998-04-11;SA;historic-6-plus-complementary;3;27;17;13;45;4;7;;;;;;;1976-05-to-2008-10;loto.csv
1998029-2;1998029;2;1998-04-11;SA;historic-6-plus-complementary;22;38;46;16;5;7;15;;;;;;;1976-05-to-2008-10;loto.csv
1998030-1;1998030;1;1998-04-15;ME;historic-6-plus-complementary;29;32;38;19;6;3;2;;;;;;;1976-05-to-2008-10;loto.csv
1998030-2;1998030;2;1998-04-15;ME;historic-6-plus-complementary;11;40;30;28;5;17;32;;;;;;;1976-05-to-2008-10;loto.csv
1998031-1;1998031;1;1998-04-18;SA;historic-6-plus-complementary;3;43;23;14;9;10;31;;;;;;;1976-05-to-2008-10;loto.csv
1998031-2;1998031;2;1998-04-18;SA;historic-6-plus-complementary;36;10;9;27;19;26;22;;;;;;;1976-05-to-2008-10;loto.csv
1998032-1;1998032;1;1998-04-22;ME;historic-6-plus-complementary;10;34;36;22;3;42;28;;;;;;;1976-05-to-2008-10;loto.csv
1998032-2;1998032;2;1998-04-22;ME;historic-6-plus-complementary;13;8;4;32;28;36;42;;;;;;;1976-05-to-2008-10;loto.csv
1998033-1;1998033;1;1998-04-25;SA;historic-6-plus-complementary;1;10;2;38;11;32;17;;;;;;;1976-05-to-2008-10;loto.csv
1998033-2;1998033;2;1998-04-25;SA;historic-6-plus-complementary;16;20;32;14;25;45;15;;;;;;;1976-05-to-2008-10;loto.csv
1998034-1;1998034;1;1998-04-29;ME;historic-6-plus-complementary;26;34;22;14;27;16;40;;;;;;;1976-05-to-2008-10;loto.csv
1998034-2;1998034;2;1998-04-29;ME;historic-6-plus-complementary;33;16;43;27;12;44;30;;;;;;;1976-05-to-2008-10;loto.csv
1998035-1;1998035;1;1998-05-02;SA;historic-6-plus-complementary;4;42;30;2;43;40;15;;;;;;;1976-05-to-2008-10;loto.csv
1998035-2;1998035;2;1998-05-02;SA;historic-6-plus-complementary;13;46;49;38;37;7;40;;;;;;;1976-05-to-2008-10;loto.csv
1998036-1;1998036;1;1998-05-06;ME;historic-6-plus-complementary;3;32;1;35;19;48;44;;;;;;;1976-05-to-2008-10;loto.csv
1998036-2;1998036;2;1998-05-06;ME;historic-6-plus-complementary;28;35;13;19;43;45;26;;;;;;;1976-05-to-2008-10;loto.csv
1998037-1;1998037;1;1998-05-09;SA;historic-6-plus-complementary;17;35;16;5;22;44;41;;;;;;;1976-05-to-2008-10;loto.csv
1998037-2;1998037;2;1998-05-09;SA;historic-6-plus-complementary;13;23;49;15;21;36;39;;;;;;;1976-05-to-2008-10;loto.csv
1998038-1;1998038;1;1998-05-13;ME;historic-6-plus-complementary;43;45;31;30;39;35;4;;;;;;;1976-05-to-2008-10;loto.csv
1998038-2;1998038;2;1998-05-13;ME;historic-6-plus-complementary;21;38;30;43;24;2;47;;;;;;;1976-05-to-2008-10;loto.csv
1998039-1;1998039;1;1998-05-16;SA;historic-6-plus-complementary;44;29;15;26;34;48;28;;;;;;;1976-05-to-2008-10;loto.csv
1998039-2;1998039;2;1998-05-16;SA;historic-6-plus-complementary;6;24;21;37;30;39;43;;;;;;;1976-05-to-2008-10;loto.csv
1998040-1;1998040;1;1998-05-20;ME;historic-6-plus-complementary;8;49;18;42;17;12;1;;;;;;;1976-05-to-2008-10;loto.csv
1998040-2;1998040;2;1998-05-20;ME;historic-6-plus-complementary;16;31;39;3;5;8;34;;;;;;;1976-05-to-2008-10;loto.csv
1998041-1;1998041;1;1998-05-23;SA;historic-6-plus-complementary;19;13;39;27;42;31;45;;;;;;;1976-05-to-2008-10;loto.csv
1998041-2;1998041;2;1998-05-23;SA;historic-6-plus-complementary;1;23;25;2;4;44;6;;;;;;;1976-05-to-2008-10;loto.csv
1998042-1;1998042;1;1998-05-27;ME;historic-6-plus-complementary;38;25;40;17;41;16;44;;;;;;;1976-05-to-2008-10;loto.csv
1998042-2;1998042;2;1998-05-27;ME;historic-6-plus-complementary;41;21;34;32;13;22;40;;;;;;;1976-05-to-2008-10;loto.csv
1998043-1;1998043;1;1998-05-30;SA;historic-6-plus-complementary;2;4;14;30;16;43;20;;;;;;;1976-05-to-2008-10;loto.csv
1998043-2;1998043;2;1998-05-30;SA;historic-6-plus-complementary;20;23;24;40;47;39;36;;;;;;;1976-05-to-2008-10;loto.csv
1998044-1;1998044;1;1998-06-03;ME;historic-6-plus-complementary;42;30;26;15;41;36;12;;;;;;;1976-05-to-2008-10;loto.csv
1998044-2;1998044;2;1998-06-03;ME;historic-6-plus-complementary;46;2;14;23;35;17;5;;;;;;;1976-05-to-2008-10;loto.csv
1998045-1;1998045;1;1998-06-06;SA;historic-6-plus-complementary;22;8;3;42;23;37;44;;;;;;;1976-05-to-2008-10;loto.csv
1998045-2;1998045;2;1998-06-06;SA;historic-6-plus-complementary;31;35;28;14;47;18;29;;;;;;;1976-05-to-2008-10;loto.csv
1998046-1;1998046;1;1998-06-10;ME;historic-6-plus-complementary;37;42;8;25;7;48;26;;;;;;;1976-05-to-2008-10;loto.csv
1998046-2;1998046;2;1998-06-10;ME;historic-6-plus-complementary;32;4;11;6;1;23;5;;;;;;;1976-05-to-2008-10;loto.csv
1998047-1;1998047;1;1998-06-13;SA;historic-6-plus-complementary;24;18;41;25;10;39;40;;;;;;;1976-05-to-2008-10;loto.csv
1998047-2;1998047;2;1998-06-13;SA;historic-6-plus-complementary;15;24;48;1;42;39;17;;;;;;;1976-05-to-2008-10;loto.csv
1998048-1;1998048;1;1998-06-17;ME;historic-6-plus-complementary;3;43;8;2;11;42;44;;;;;;;1976-05-to-2008-10;loto.csv
1998048-2;1998048;2;1998-06-17;ME;historic-6-plus-complementary;24;41;5;33;22;1;11;;;;;;;1976-05-to-2008-10;loto.csv
1998049-1;1998049;1;1998-06-20;SA;historic-6-plus-complementary;1;18;44;9;22;32;5;;;;;;;1976-05-to-2008-10;loto.csv
1998049-2;1998049;2;1998-06-20;SA;historic-6-plus-complementary;15;42;10;5;3;16;44;;;;;;;1976-05-to-2008-10;loto.csv
1998050-1;1998050;1;1998-06-24;ME;historic-6-plus-complementary;9;3;41;31;22;28;32;;;;;;;1976-05-to-2008-10;loto.csv
1998050-2;1998050;2;1998-06-24;ME;historic-6-plus-complementary;25;33;23;43;20;28;30;;;;;;;1976-05-to-2008-10;loto.csv
1998051-1;1998051;1;1998-06-27;SA;historic-6-plus-complementary;26;11;46;29;36;9;14;;;;;;;1976-05-to-2008-10;loto.csv
1998051-2;1998051;2;1998-06-27;SA;historic-6-plus-complementary;48;9;4;18;2;47;36;;;;;;;1976-05-to-2008-10;loto.csv
1998052-1;1998052;1;1998-07-01;ME;historic-6-plus-complementary;47;25;19;11;10;21;1;;;;;;;1976-05-to-2008-10;loto.csv
1998052-2;1998052;2;1998-07-01;ME;historic-6-plus-complementary;25;42;35;46;49;6;30;;;;;;;1976-05-to-2008-10;loto.csv
1998053-1;1998053;1;1998-07-04;SA;historic-6-plus-complementary;12;32;34;4;6;48;20;;;;;;;1976-05-to-2008-10;loto.csv
1998053-2;1998053;2;1998-07-04;SA;historic-6-plus-complementary;33;47;8;20;15;30;45;;;;;;;1976-05-to-2008-10;loto.csv
1998054-1;1998054;1;1998-07-08;ME;historic-6-plus-complementary;28;13;10;25;33;29;35;;;;;;;1976-05-to-2008-10;loto.csv
1998054-2;1998054;2;1998-07-08;ME;historic-6-plus-complementary;45;7;21;20;14;5;2;;;;;;;1976-05-to-2008-10;loto.csv
1998055-1;1998055;1;1998-07-11;SA;historic-6-plus-complementary;25;29;36;42;22;2;44;;;;;;;1976-05-to-2008-10;loto.csv
1998055-2;1998055;2;1998-07-11;SA;historic-6-plus-complementary;10;2;1;9;31;28;26;;;;;;;1976-05-to-2008-10;loto.csv
1998056-1;1998056;1;1998-07-15;ME;historic-6-plus-complementary;33;36;17;28;29;6;22;;;;;;;1976-05-to-2008-10;loto.csv
1998056-2;1998056;2;1998-07-15;ME;historic-6-plus-complementary;9;48;45;43;28;16;42;;;;;;;1976-05-to-2008-10;loto.csv
1998057-1;1998057;1;1998-07-18;SA;historic-6-plus-complementary;14;4;26;32;40;20;42;;;;;;;1976-05-to-2008-10;loto.csv
1998057-2;1998057;2;1998-07-18;SA;historic-6-plus-complementary;46;41;10;17;30;2;27;;;;;;;1976-05-to-2008-10;loto.csv
1998058-1;1998058;1;1998-07-22;ME;historic-6-plus-complementary;15;41;1;39;8;16;33;;;;;;;1976-05-to-2008-10;loto.csv
1998058-2;1998058;2;1998-07-22;ME;historic-6-plus-complementary;29;21;10;33;7;40;12;;;;;;;1976-05-to-2008-10;loto.csv
1998059-1;1998059;1;1998-07-25;SA;historic-6-plus-complementary;33;19;34;37;48;38;23;;;;;;;1976-05-to-2008-10;loto.csv
1998059-2;1998059;2;1998-07-25;SA;historic-6-plus-complementary;24;40;8;27;21;26;48;;;;;;;1976-05-to-2008-10;loto.csv
1998060-1;1998060;1;1998-07-29;ME;historic-6-plus-complementary;22;46;3;1;41;45;42;;;;;;;1976-05-to-2008-10;loto.csv
1998060-2;1998060;2;1998-07-29;ME;historic-6-plus-complementary;16;31;14;29;28;3;17;;;;;;;1976-05-to-2008-10;loto.csv
1998061-1;1998061;1;1998-08-01;SA;historic-6-plus-complementary;48;34;17;49;45;14;47;;;;;;;1976-05-to-2008-10;loto.csv
1998061-2;1998061;2;1998-08-01;SA;historic-6-plus-complementary;19;40;14;4;20;33;26;;;;;;;1976-05-to-2008-10;loto.csv
1998062-1;1998062;1;1998-08-05;ME;historic-6-plus-complementary;36;2;32;38;44;5;35;;;;;;;1976-05-to-2008-10;loto.csv
1998062-2;1998062;2;1998-08-05;ME;historic-6-plus-complementary;41;19;29;8;3;12;1;;;;;;;1976-05-to-2008-10;loto.csv
1998063-1;1998063;1;1998-08-08;SA;historic-6-plus-complementary;46;49;26;17;41;24;42;;;;;;;1976-05-to-2008-10;loto.csv
1998063-2;1998063;2;1998-08-08;SA;historic-6-plus-complementary;27;16;7;39;29;22;14;;;;;;;1976-05-to-2008-10;loto.csv
1998064-1;1998064;1;1998-08-12;ME;historic-6-plus-complementary;16;43;45;4;42;29;36;;;;;;;1976-05-to-2008-10;loto.csv
1998064-2;1998064;2;1998-08-12;ME;historic-6-plus-complementary;25;30;47;10;26;21;13;;;;;;;1976-05-to-2008-10;loto.csv
1998065-1;1998065;1;1998-08-15;SA;historic-6-plus-complementary;12;49;28;38;11;34;43;;;;;;;1976-05-to-2008-10;loto.csv
1998065-2;1998065;2;1998-08-15;SA;historic-6-plus-complementary;39;21;29;28;40;27;7;;;;;;;1976-05-to-2008-10;loto.csv
1998066-1;1998066;1;1998-08-19;ME;historic-6-plus-complementary;34;45;3;26;14;39;29;;;;;;;1976-05-to-2008-10;loto.csv
1998066-2;1998066;2;1998-08-19;ME;historic-6-plus-complementary;24;49;14;12;47;4;21;;;;;;;1976-05-to-2008-10;loto.csv
1998067-1;1998067;1;1998-08-22;SA;historic-6-plus-complementary;26;12;43;22;35;25;16;;;;;;;1976-05-to-2008-10;loto.csv
1998067-2;1998067;2;1998-08-22;SA;historic-6-plus-complementary;37;40;49;4;30;36;43;;;;;;;1976-05-to-2008-10;loto.csv
1998068-1;1998068;1;1998-08-26;ME;historic-6-plus-complementary;3;16;6;22;1;9;2;;;;;;;1976-05-to-2008-10;loto.csv
1998068-2;1998068;2;1998-08-26;ME;historic-6-plus-complementary;43;16;12;15;49;28;30;;;;;;;1976-05-to-2008-10;loto.csv
1998069-1;1998069;1;1998-08-29;SA;historic-6-plus-complementary;34;24;12;32;36;46;6;;;;;;;1976-05-to-2008-10;loto.csv
1998069-2;1998069;2;1998-08-29;SA;historic-6-plus-complementary;23;31;5;9;20;43;16;;;;;;;1976-05-to-2008-10;loto.csv
1998070-1;1998070;1;1998-09-02;ME;historic-6-plus-complementary;33;36;48;7;8;21;23;;;;;;;1976-05-to-2008-10;loto.csv
1998070-2;1998070;2;1998-09-02;ME;historic-6-plus-complementary;1;27;29;49;46;22;35;;;;;;;1976-05-to-2008-10;loto.csv
1998071-1;1998071;1;1998-09-05;SA;historic-6-plus-complementary;35;44;19;32;5;25;28;;;;;;;1976-05-to-2008-10;loto.csv
1998071-2;1998071;2;1998-09-05;SA;historic-6-plus-complementary;16;31;27;30;22;3;39;;;;;;;1976-05-to-2008-10;loto.csv
1998072-1;1998072;1;1998-09-09;ME;historic-6-plus-complementary;18;21;10;48;42;45;14;;;;;;;1976-05-to-2008-10;loto.csv
1998072-2;1998072;2;1998-09-09;ME;historic-6-plus-complementary;25;36;32;47;26;22;43;;;;;;;1976-05-to-2008-10;loto.csv
1998073-1;1998073;1;1998-09-12;SA;historic-6-plus-complementary;2;49;5;23;38;7;9;;;;;;;1976-05-to-2008-10;loto.csv
1998073-2;1998073;2;1998-09-12;SA;historic-6-plus-complementary;2;46;18;20;39;25;28;;;;;;;1976-05-to-2008-10;loto.csv
1998074-1;1998074;1;1998-09-16;ME;historic-6-plus-complementary;46;13;42;40;25;4;44;;;;;;;1976-05-to-2008-10;loto.csv
1998074-2;1998074;2;1998-09-16;ME;historic-6-plus-complementary;10;22;36;26;38;16;27;;;;;;;1976-05-to-2008-10;loto.csv
1998075-1;1998075;1;1998-09-19;SA;historic-6-plus-complementary;28;12;3;9;49;43;37;;;;;;;1976-05-to-2008-10;loto.csv
1998075-2;1998075;2;1998-09-19;SA;historic-6-plus-complementary;46;48;31;25;38;12;45;;;;;;;1976-05-to-2008-10;loto.csv
1998076-1;1998076;1;1998-09-23;ME;historic-6-plus-complementary;26;44;21;47;4;45;13;;;;;;;1976-05-to-2008-10;loto.csv
1998076-2;1998076;2;1998-09-23;ME;historic-6-plus-complementary;27;19;40;9;22;32;8;;;;;;;1976-05-to-2008-10;loto.csv
1998077-1;1998077;1;1998-09-26;SA;historic-6-plus-complementary;6;16;43;23;22;5;46;;;;;;;1976-05-to-2008-10;loto.csv
1998077-2;1998077;2;1998-09-26;SA;historic-6-plus-complementary;32;26;28;10;42;35;40;;;;;;;1976-05-to-2008-10;loto.csv
1998078-1;1998078;1;1998-09-30;ME;historic-6-plus-complementary;36;31;38;11;16;34;3;;;;;;;1976-05-to-2008-10;loto.csv
1998078-2;1998078;2;1998-09-30;ME;historic-6-plus-complementary;2;45;11;47;36;33;22;;;;;;;1976-05-to-2008-10;loto.csv
1998079-1;1998079;1;1998-10-03;SA;historic-6-plus-complementary;22;12;16;2;29;32;1;;;;;;;1976-05-to-2008-10;loto.csv
1998079-2;1998079;2;1998-10-03;SA;historic-6-plus-complementary;12;37;36;22;5;8;32;;;;;;;1976-05-to-2008-10;loto.csv
1998080-1;1998080;1;1998-10-07;ME;historic-6-plus-complementary;8;2;48;29;10;17;45;;;;;;;1976-05-to-2008-10;loto.csv
1998080-2;1998080;2;1998-10-07;ME;historic-6-plus-complementary;16;24;32;26;44;46;28;;;;;;;1976-05-to-2008-10;loto.csv
1998081-1;1998081;1;1998-10-10;SA;historic-6-plus-complementary;10;37;45;46;48;22;28;;;;;;;1976-05-to-2008-10;loto.csv
1998081-2;1998081;2;1998-10-10;SA;historic-6-plus-complementary;36;37;44;16;41;34;20;;;;;;;1976-05-to-2008-10;loto.csv
1998082-1;1998082;1;1998-10-14;ME;historic-6-plus-complementary;38;39;9;5;45;2;7;;;;;;;1976-05-to-2008-10;loto.csv
1998082-2;1998082;2;1998-10-14;ME;historic-6-plus-complementary;36;16;15;26;4;32;21;;;;;;;1976-05-to-2008-10;loto.csv
1998083-1;1998083;1;1998-10-17;SA;historic-6-plus-complementary;34;41;13;23;26;9;18;;;;;;;1976-05-to-2008-10;loto.csv
1998083-2;1998083;2;1998-10-17;SA;historic-6-plus-complementary;35;47;28;30;4;24;2;;;;;;;1976-05-to-2008-10;loto.csv
1998084-1;1998084;1;1998-10-21;ME;historic-6-plus-complementary;8;17;7;22;29;2;47;;;;;;;1976-05-to-2008-10;loto.csv
1998084-2;1998084;2;1998-10-21;ME;historic-6-plus-complementary;26;15;11;8;47;48;38;;;;;;;1976-05-to-2008-10;loto.csv
1998085-1;1998085;1;1998-10-24;SA;historic-6-plus-complementary;41;27;24;32;49;13;26;;;;;;;1976-05-to-2008-10;loto.csv
1998085-2;1998085;2;1998-10-24;SA;historic-6-plus-complementary;12;3;27;37;33;17;9;;;;;;;1976-05-to-2008-10;loto.csv
1998086-1;1998086;1;1998-10-28;ME;historic-6-plus-complementary;18;36;13;12;7;20;17;;;;;;;1976-05-to-2008-10;loto.csv
1998086-2;1998086;2;1998-10-28;ME;historic-6-plus-complementary;18;31;23;36;25;11;46;;;;;;;1976-05-to-2008-10;loto.csv
1998087-1;1998087;1;1998-10-31;SA;historic-6-plus-complementary;42;22;12;8;34;44;49;;;;;;;1976-05-to-2008-10;loto.csv
1998087-2;1998087;2;1998-10-31;SA;historic-6-plus-complementary;3;1;43;38;9;15;29;;;;;;;1976-05-to-2008-10;loto.csv
1998088-1;1998088;1;1998-11-04;ME;historic-6-plus-complementary;16;40;42;12;30;3;46;;;;;;;1976-05-to-2008-10;loto.csv
1998088-2;1998088;2;1998-11-04;ME;historic-6-plus-complementary;43;17;46;42;38;48;2;;;;;;;1976-05-to-2008-10;loto.csv
1998089-1;1998089;1;1998-11-07;SA;historic-6-plus-complementary;37;42;45;22;24;1;47;;;;;;;1976-05-to-2008-10;loto.csv
1998089-2;1998089;2;1998-11-07;SA;historic-6-plus-complementary;15;10;29;25;30;34;28;;;;;;;1976-05-to-2008-10;loto.csv
1998090-1;1998090;1;1998-11-11;ME;historic-6-plus-complementary;46;42;37;30;14;10;49;;;;;;;1976-05-to-2008-10;loto.csv
1998090-2;1998090;2;1998-11-11;ME;historic-6-plus-complementary;8;42;39;34;24;5;22;;;;;;;1976-05-to-2008-10;loto.csv
1998091-1;1998091;1;1998-11-14;SA;historic-6-plus-complementary;14;16;17;20;47;43;25;;;;;;;1976-05-to-2008-10;loto.csv
1998091-2;1998091;2;1998-11-14;SA;historic-6-plus-complementary;15;30;33;21;6;18;24;;;;;;;1976-05-to-2008-10;loto.csv
1998092-1;1998092;1;1998-11-18;ME;historic-6-plus-complementary;15;37;12;4;24;47;16;;;;;;;1976-05-to-2008-10;loto.csv
1998092-2;1998092;2;1998-11-18;ME;historic-6-plus-complementary;5;37;49;17;8;44;43;;;;;;;1976-05-to-2008-10;loto.csv
1998093-1;1998093;1;1998-11-21;SA;historic-6-plus-complementary;37;13;6;4;42;28;10;;;;;;;1976-05-to-2008-10;loto.csv
1998093-2;1998093;2;1998-11-21;SA;historic-6-plus-complementary;24;19;9;41;1;31;44;;;;;;;1976-05-to-2008-10;loto.csv
1998094-1;1998094;1;1998-11-25;ME;historic-6-plus-complementary;12;46;13;25;24;17;30;;;;;;;1976-05-to-2008-10;loto.csv
1998094-2;1998094;2;1998-11-25;ME;historic-6-plus-complementary;17;16;4;9;38;1;44;;;;;;;1976-05-to-2008-10;loto.csv
1998095-1;1998095;1;1998-11-28;SA;historic-6-plus-complementary;15;6;34;30;39;11;47;;;;;;;1976-05-to-2008-10;loto.csv
1998095-2;1998095;2;1998-11-28;SA;historic-6-plus-complementary;35;18;44;24;2;37;7;;;;;;;1976-05-to-2008-10;loto.csv
1998096-1;1998096;1;1998-12-02;ME;historic-6-plus-complementary;35;21;45;11;5;13;46;;;;;;;1976-05-to-2008-10;loto.csv
1998096-2;1998096;2;1998-12-02;ME;historic-6-plus-complementary;15;24;38;40;21;26;28;;;;;;;1976-05-to-2008-10;loto.csv
1998097-1;1998097;1;1998-12-05;SA;historic-6-plus-complementary;2;5;27;49;45;32;42;;;;;;;1976-05-to-2008-10;loto.csv
1998097-2;1998097;2;1998-12-05;SA;historic-6-plus-complementary;44;9;5;46;12;38;16;;;;;;;1976-05-to-2008-10;loto.csv
1998098-1;1998098;1;1998-12-09;ME;historic-6-plus-complementary;11;34;15;30;29;12;5;;;;;;;1976-05-to-2008-10;loto.csv
1998098-2;1998098;2;1998-12-09;ME;historic-6-plus-complementary;16;34;11;24;26;28;3;;;;;;;1976-05-to-2008-10;loto.csv
1998099-1;1998099;1;1998-12-12;SA;historic-6-plus-complementary;20;36;10;18;26;1;4;;;;;;;1976-05-to-2008-10;loto.csv
1998099-2;1998099;2;1998-12-12;SA;historic-6-plus-complementary;28;6;1;2;4;7;42;;;;;;;1976-05-to-2008-10;loto.csv
1998100-1;1998100;1;1998-12-16;ME;historic-6-plus-complementary;37;40;5;44;35;17;2;;;;;;;1976-05-to-2008-10;loto.csv
1998100-2;1998100;2;1998-12-16;ME;historic-6-plus-complementary;24;14;21;42;15;41;6;;;;;;;1976-05-to-2008-10;loto.csv
1998101-1;1998101;1;1998-12-19;SA;historic-6-plus-complementary;25;49;11;19;46;8;28;;;;;;;1976-05-to-2008-10;loto.csv
1998101-2;1998101;2;1998-12-19;SA;historic-6-plus-complementary;48;23;24;31;20;5;7;;;;;;;1976-05-to-2008-10;loto.csv
1998102-1;1998102;1;1998-12-23;ME;historic-6-plus-complementary;22;42;20;28;7;39;8;;;;;;;1976-05-to-2008-10;loto.csv
1998102-2;1998102;2;1998-12-23;ME;historic-6-plus-complementary;13;16;38;42;46;4;35;;;;;;;1976-05-to-2008-10;loto.csv
1998103-1;1998103;1;1998-12-26;SA;historic-6-plus-complementary;1;18;48;7;21;23;14;;;;;;;1976-05-to-2008-10;loto.csv
1998103-2;1998103;2;1998-12-26;SA;historic-6-plus-complementary;15;18;30;21;39;34;46;;;;;;;1976-05-to-2008-10;loto.csv
1998104-1;1998104;1;1998-12-30;ME;historic-6-plus-complementary;23;43;42;21;25;18;12;;;;;;;1976-05-to-2008-10;loto.csv
1998104-2;1998104;2;1998-12-30;ME;historic-6-plus-complementary;15;33;18;23;13;48;45;;;;;;;1976-05-to-2008-10;loto.csv
1999001-1;1999001;1;1999-01-02;SA;historic-6-plus-complementary;14;28;25;2;12;15;18;;;;;;;1976-05-to-2008-10;loto.csv
1999001-2;1999001;2;1999-01-02;SA;historic-6-plus-complementary;16;27;2;42;32;5;19;;;;;;;1976-05-to-2008-10;loto.csv
1999002-1;1999002;1;1999-01-06;ME;historic-6-plus-complementary;45;30;22;10;28;32;2;;;;;;;1976-05-to-2008-10;loto.csv
1999002-2;1999002;2;1999-01-06;ME;historic-6-plus-complementary;19;28;33;3;10;42;25;;;;;;;1976-05-to-2008-10;loto.csv
1999003-1;1999003;1;1999-01-09;SA;historic-6-plus-complementary;15;44;16;38;3;23;34;;;;;;;1976-05-to-2008-10;loto.csv
1999003-2;1999003;2;1999-01-09;SA;historic-6-plus-complementary;25;14;41;35;23;13;16;;;;;;;1976-05-to-2008-10;loto.csv
1999004-1;1999004;1;1999-01-13;ME;historic-6-plus-complementary;6;42;13;49;43;32;15;;;;;;;1976-05-to-2008-10;loto.csv
1999004-2;1999004;2;1999-01-13;ME;historic-6-plus-complementary;8;22;11;6;49;43;35;;;;;;;1976-05-to-2008-10;loto.csv
1999005-1;1999005;1;1999-01-16;SA;historic-6-plus-complementary;15;42;37;30;47;19;14;;;;;;;1976-05-to-2008-10;loto.csv
1999005-2;1999005;2;1999-01-16;SA;historic-6-plus-complementary;19;48;34;21;15;40;13;;;;;;;1976-05-to-2008-10;loto.csv
1999006-1;1999006;1;1999-01-20;ME;historic-6-plus-complementary;3;22;13;45;25;7;29;;;;;;;1976-05-to-2008-10;loto.csv
1999006-2;1999006;2;1999-01-20;ME;historic-6-plus-complementary;34;4;46;36;3;7;2;;;;;;;1976-05-to-2008-10;loto.csv
1999007-1;1999007;1;1999-01-23;SA;historic-6-plus-complementary;14;9;1;49;30;3;15;;;;;;;1976-05-to-2008-10;loto.csv
1999007-2;1999007;2;1999-01-23;SA;historic-6-plus-complementary;35;4;29;18;1;28;8;;;;;;;1976-05-to-2008-10;loto.csv
1999008-1;1999008;1;1999-01-27;ME;historic-6-plus-complementary;32;42;38;3;34;27;33;;;;;;;1976-05-to-2008-10;loto.csv
1999008-2;1999008;2;1999-01-27;ME;historic-6-plus-complementary;40;1;38;2;47;4;39;;;;;;;1976-05-to-2008-10;loto.csv
1999009-1;1999009;1;1999-01-30;SA;historic-6-plus-complementary;1;33;41;8;39;38;18;;;;;;;1976-05-to-2008-10;loto.csv
1999009-2;1999009;2;1999-01-30;SA;historic-6-plus-complementary;19;15;33;16;7;11;6;;;;;;;1976-05-to-2008-10;loto.csv
1999010-1;1999010;1;1999-02-03;ME;historic-6-plus-complementary;11;32;39;16;23;28;22;;;;;;;1976-05-to-2008-10;loto.csv
1999010-2;1999010;2;1999-02-03;ME;historic-6-plus-complementary;21;45;38;20;15;12;26;;;;;;;1976-05-to-2008-10;loto.csv
1999011-1;1999011;1;1999-02-06;SA;historic-6-plus-complementary;36;42;20;9;47;29;6;;;;;;;1976-05-to-2008-10;loto.csv
1999011-2;1999011;2;1999-02-06;SA;historic-6-plus-complementary;27;41;6;34;39;46;4;;;;;;;1976-05-to-2008-10;loto.csv
1999012-1;1999012;1;1999-02-10;ME;historic-6-plus-complementary;20;12;4;38;39;21;25;;;;;;;1976-05-to-2008-10;loto.csv
1999012-2;1999012;2;1999-02-10;ME;historic-6-plus-complementary;12;3;27;11;13;26;35;;;;;;;1976-05-to-2008-10;loto.csv
1999013-1;1999013;1;1999-02-13;SA;historic-6-plus-complementary;34;7;9;22;10;37;16;;;;;;;1976-05-to-2008-10;loto.csv
1999013-2;1999013;2;1999-02-13;SA;historic-6-plus-complementary;3;10;45;20;27;46;1;;;;;;;1976-05-to-2008-10;loto.csv
1999014-1;1999014;1;1999-02-17;ME;historic-6-plus-complementary;4;29;20;10;32;37;17;;;;;;;1976-05-to-2008-10;loto.csv
1999014-2;1999014;2;1999-02-17;ME;historic-6-plus-complementary;39;9;36;20;1;24;27;;;;;;;1976-05-to-2008-10;loto.csv
1999015-1;1999015;1;1999-02-20;SA;historic-6-plus-complementary;19;33;3;35;37;27;31;;;;;;;1976-05-to-2008-10;loto.csv
1999015-2;1999015;2;1999-02-20;SA;historic-6-plus-complementary;39;27;43;16;45;29;23;;;;;;;1976-05-to-2008-10;loto.csv
1999016-1;1999016;1;1999-02-24;ME;historic-6-plus-complementary;35;3;38;32;23;18;2;;;;;;;1976-05-to-2008-10;loto.csv
1999016-2;1999016;2;1999-02-24;ME;historic-6-plus-complementary;16;12;13;11;29;45;3;;;;;;;1976-05-to-2008-10;loto.csv
1999017-1;1999017;1;1999-02-27;SA;historic-6-plus-complementary;24;36;12;40;30;43;22;;;;;;;1976-05-to-2008-10;loto.csv
1999017-2;1999017;2;1999-02-27;SA;historic-6-plus-complementary;31;19;36;6;15;4;25;;;;;;;1976-05-to-2008-10;loto.csv
1999018-1;1999018;1;1999-03-03;ME;historic-6-plus-complementary;23;20;44;5;32;30;41;;;;;;;1976-05-to-2008-10;loto.csv
1999018-2;1999018;2;1999-03-03;ME;historic-6-plus-complementary;38;17;1;35;16;29;36;;;;;;;1976-05-to-2008-10;loto.csv
1999019-1;1999019;1;1999-03-06;SA;historic-6-plus-complementary;26;34;3;16;30;38;31;;;;;;;1976-05-to-2008-10;loto.csv
1999019-2;1999019;2;1999-03-06;SA;historic-6-plus-complementary;21;26;30;24;44;42;39;;;;;;;1976-05-to-2008-10;loto.csv
1999020-1;1999020;1;1999-03-10;ME;historic-6-plus-complementary;40;21;6;26;15;8;10;;;;;;;1976-05-to-2008-10;loto.csv
1999020-2;1999020;2;1999-03-10;ME;historic-6-plus-complementary;6;23;33;1;4;36;11;;;;;;;1976-05-to-2008-10;loto.csv
1999021-1;1999021;1;1999-03-13;SA;historic-6-plus-complementary;30;19;34;3;32;13;24;;;;;;;1976-05-to-2008-10;loto.csv
1999021-2;1999021;2;1999-03-13;SA;historic-6-plus-complementary;38;25;17;34;12;13;44;;;;;;;1976-05-to-2008-10;loto.csv
1999022-1;1999022;1;1999-03-17;ME;historic-6-plus-complementary;48;45;49;6;13;29;42;;;;;;;1976-05-to-2008-10;loto.csv
1999022-2;1999022;2;1999-03-17;ME;historic-6-plus-complementary;14;36;31;47;23;45;35;;;;;;;1976-05-to-2008-10;loto.csv
1999023-1;1999023;1;1999-03-20;SA;historic-6-plus-complementary;22;25;39;24;5;18;8;;;;;;;1976-05-to-2008-10;loto.csv
1999023-2;1999023;2;1999-03-20;SA;historic-6-plus-complementary;38;14;13;48;42;7;11;;;;;;;1976-05-to-2008-10;loto.csv
1999024-1;1999024;1;1999-03-24;ME;historic-6-plus-complementary;1;28;7;11;48;33;49;;;;;;;1976-05-to-2008-10;loto.csv
1999024-2;1999024;2;1999-03-24;ME;historic-6-plus-complementary;31;12;11;41;9;23;14;;;;;;;1976-05-to-2008-10;loto.csv
1999025-1;1999025;1;1999-03-27;SA;historic-6-plus-complementary;16;14;15;1;40;27;33;;;;;;;1976-05-to-2008-10;loto.csv
1999025-2;1999025;2;1999-03-27;SA;historic-6-plus-complementary;14;17;8;28;19;10;12;;;;;;;1976-05-to-2008-10;loto.csv
1999026-1;1999026;1;1999-03-31;ME;historic-6-plus-complementary;43;25;47;41;10;29;40;;;;;;;1976-05-to-2008-10;loto.csv
1999026-2;1999026;2;1999-03-31;ME;historic-6-plus-complementary;26;4;39;25;9;48;21;;;;;;;1976-05-to-2008-10;loto.csv
1999027-1;1999027;1;1999-04-03;SA;historic-6-plus-complementary;24;38;10;5;23;41;1;;;;;;;1976-05-to-2008-10;loto.csv
1999027-2;1999027;2;1999-04-03;SA;historic-6-plus-complementary;18;42;28;13;31;34;26;;;;;;;1976-05-to-2008-10;loto.csv
1999028-1;1999028;1;1999-04-07;ME;historic-6-plus-complementary;5;11;49;22;41;24;3;;;;;;;1976-05-to-2008-10;loto.csv
1999028-2;1999028;2;1999-04-07;ME;historic-6-plus-complementary;10;17;28;16;9;33;41;;;;;;;1976-05-to-2008-10;loto.csv
1999029-1;1999029;1;1999-04-10;SA;historic-6-plus-complementary;7;35;44;29;20;41;33;;;;;;;1976-05-to-2008-10;loto.csv
1999029-2;1999029;2;1999-04-10;SA;historic-6-plus-complementary;40;14;30;39;37;28;25;;;;;;;1976-05-to-2008-10;loto.csv
1999030-1;1999030;1;1999-04-14;ME;historic-6-plus-complementary;39;34;33;32;21;23;5;;;;;;;1976-05-to-2008-10;loto.csv
1999030-2;1999030;2;1999-04-14;ME;historic-6-plus-complementary;29;32;39;23;30;17;44;;;;;;;1976-05-to-2008-10;loto.csv
1999031-1;1999031;1;1999-04-17;SA;historic-6-plus-complementary;20;15;21;26;9;48;30;;;;;;;1976-05-to-2008-10;loto.csv
1999031-2;1999031;2;1999-04-17;SA;historic-6-plus-complementary;26;37;18;34;28;22;5;;;;;;;1976-05-to-2008-10;loto.csv
1999032-1;1999032;1;1999-04-21;ME;historic-6-plus-complementary;9;4;16;12;38;29;19;;;;;;;1976-05-to-2008-10;loto.csv
1999032-2;1999032;2;1999-04-21;ME;historic-6-plus-complementary;33;7;12;42;27;6;34;;;;;;;1976-05-to-2008-10;loto.csv
1999033-1;1999033;1;1999-04-24;SA;historic-6-plus-complementary;21;12;15;30;16;31;3;;;;;;;1976-05-to-2008-10;loto.csv
1999033-2;1999033;2;1999-04-24;SA;historic-6-plus-complementary;16;32;9;13;3;46;14;;;;;;;1976-05-to-2008-10;loto.csv
1999034-1;1999034;1;1999-04-28;ME;historic-6-plus-complementary;5;15;35;47;42;27;3;;;;;;;1976-05-to-2008-10;loto.csv
1999034-2;1999034;2;1999-04-28;ME;historic-6-plus-complementary;19;9;6;15;24;31;23;;;;;;;1976-05-to-2008-10;loto.csv
1999035-1;1999035;1;1999-05-01;SA;historic-6-plus-complementary;20;27;21;31;42;36;37;;;;;;;1976-05-to-2008-10;loto.csv
1999035-2;1999035;2;1999-05-01;SA;historic-6-plus-complementary;4;41;29;19;18;23;21;;;;;;;1976-05-to-2008-10;loto.csv
1999036-1;1999036;1;1999-05-05;ME;historic-6-plus-complementary;37;26;36;16;35;12;9;;;;;;;1976-05-to-2008-10;loto.csv
1999036-2;1999036;2;1999-05-05;ME;historic-6-plus-complementary;30;41;12;28;19;4;2;;;;;;;1976-05-to-2008-10;loto.csv
1999037-1;1999037;1;1999-05-08;SA;historic-6-plus-complementary;43;13;4;2;23;36;41;;;;;;;1976-05-to-2008-10;loto.csv
1999037-2;1999037;2;1999-05-08;SA;historic-6-plus-complementary;49;24;47;22;23;20;27;;;;;;;1976-05-to-2008-10;loto.csv
1999038-1;1999038;1;1999-05-12;ME;historic-6-plus-complementary;46;34;47;19;35;4;18;;;;;;;1976-05-to-2008-10;loto.csv
1999038-2;1999038;2;1999-05-12;ME;historic-6-plus-complementary;11;17;45;4;26;20;22;;;;;;;1976-05-to-2008-10;loto.csv
1999039-1;1999039;1;1999-05-15;SA;historic-6-plus-complementary;25;37;44;35;42;19;38;;;;;;;1976-05-to-2008-10;loto.csv
1999039-2;1999039;2;1999-05-15;SA;historic-6-plus-complementary;40;43;2;27;39;33;32;;;;;;;1976-05-to-2008-10;loto.csv
1999040-1;1999040;1;1999-05-19;ME;historic-6-plus-complementary;1;20;29;47;44;21;19;;;;;;;1976-05-to-2008-10;loto.csv
1999040-2;1999040;2;1999-05-19;ME;historic-6-plus-complementary;22;32;47;26;37;8;5;;;;;;;1976-05-to-2008-10;loto.csv
1999041-1;1999041;1;1999-05-22;SA;historic-6-plus-complementary;45;1;10;23;11;25;15;;;;;;;1976-05-to-2008-10;loto.csv
1999041-2;1999041;2;1999-05-22;SA;historic-6-plus-complementary;7;5;20;43;21;41;46;;;;;;;1976-05-to-2008-10;loto.csv
1999042-1;1999042;1;1999-05-26;ME;historic-6-plus-complementary;44;22;46;19;14;41;24;;;;;;;1976-05-to-2008-10;loto.csv
1999042-2;1999042;2;1999-05-26;ME;historic-6-plus-complementary;38;40;37;1;10;6;18;;;;;;;1976-05-to-2008-10;loto.csv
1999043-1;1999043;1;1999-05-29;SA;historic-6-plus-complementary;26;18;25;5;46;16;11;;;;;;;1976-05-to-2008-10;loto.csv
1999043-2;1999043;2;1999-05-29;SA;historic-6-plus-complementary;4;48;13;36;47;16;20;;;;;;;1976-05-to-2008-10;loto.csv
1999044-1;1999044;1;1999-06-02;ME;historic-6-plus-complementary;23;20;4;40;2;7;3;;;;;;;1976-05-to-2008-10;loto.csv
1999044-2;1999044;2;1999-06-02;ME;historic-6-plus-complementary;29;22;38;2;37;16;33;;;;;;;1976-05-to-2008-10;loto.csv
1999045-1;1999045;1;1999-06-05;SA;historic-6-plus-complementary;44;42;19;16;22;39;25;;;;;;;1976-05-to-2008-10;loto.csv
1999045-2;1999045;2;1999-06-05;SA;historic-6-plus-complementary;6;39;35;17;36;31;18;;;;;;;1976-05-to-2008-10;loto.csv
1999046-1;1999046;1;1999-06-09;ME;historic-6-plus-complementary;17;5;22;3;35;41;48;;;;;;;1976-05-to-2008-10;loto.csv
1999046-2;1999046;2;1999-06-09;ME;historic-6-plus-complementary;18;9;14;49;12;11;30;;;;;;;1976-05-to-2008-10;loto.csv
1999047-1;1999047;1;1999-06-12;SA;historic-6-plus-complementary;18;20;46;14;27;15;22;;;;;;;1976-05-to-2008-10;loto.csv
1999047-2;1999047;2;1999-06-12;SA;historic-6-plus-complementary;11;24;49;6;38;35;37;;;;;;;1976-05-to-2008-10;loto.csv
1999048-1;1999048;1;1999-06-16;ME;historic-6-plus-complementary;3;5;37;39;46;2;22;;;;;;;1976-05-to-2008-10;loto.csv
1999048-2;1999048;2;1999-06-16;ME;historic-6-plus-complementary;46;37;31;36;15;39;24;;;;;;;1976-05-to-2008-10;loto.csv
1999049-1;1999049;1;1999-06-19;SA;historic-6-plus-complementary;2;40;19;8;45;1;31;;;;;;;1976-05-to-2008-10;loto.csv
1999049-2;1999049;2;1999-06-19;SA;historic-6-plus-complementary;34;20;35;40;30;28;5;;;;;;;1976-05-to-2008-10;loto.csv
1999050-1;1999050;1;1999-06-23;ME;historic-6-plus-complementary;26;20;14;33;23;7;38;;;;;;;1976-05-to-2008-10;loto.csv
1999050-2;1999050;2;1999-06-23;ME;historic-6-plus-complementary;42;19;10;16;8;13;47;;;;;;;1976-05-to-2008-10;loto.csv
1999051-1;1999051;1;1999-06-26;SA;historic-6-plus-complementary;30;47;37;35;36;29;21;;;;;;;1976-05-to-2008-10;loto.csv
1999051-2;1999051;2;1999-06-26;SA;historic-6-plus-complementary;46;9;2;22;5;11;25;;;;;;;1976-05-to-2008-10;loto.csv
1999052-1;1999052;1;1999-06-30;ME;historic-6-plus-complementary;42;5;22;39;46;34;47;;;;;;;1976-05-to-2008-10;loto.csv
1999052-2;1999052;2;1999-06-30;ME;historic-6-plus-complementary;20;26;6;21;34;30;5;;;;;;;1976-05-to-2008-10;loto.csv
1999053-1;1999053;1;1999-07-03;SA;historic-6-plus-complementary;32;23;24;37;3;47;29;;;;;;;1976-05-to-2008-10;loto.csv
1999053-2;1999053;2;1999-07-03;SA;historic-6-plus-complementary;38;19;32;31;15;24;23;;;;;;;1976-05-to-2008-10;loto.csv
1999054-1;1999054;1;1999-07-07;ME;historic-6-plus-complementary;3;29;19;27;30;37;14;;;;;;;1976-05-to-2008-10;loto.csv
1999054-2;1999054;2;1999-07-07;ME;historic-6-plus-complementary;27;22;14;24;37;7;3;;;;;;;1976-05-to-2008-10;loto.csv
1999055-1;1999055;1;1999-07-10;SA;historic-6-plus-complementary;3;48;7;15;23;18;45;;;;;;;1976-05-to-2008-10;loto.csv
1999055-2;1999055;2;1999-07-10;SA;historic-6-plus-complementary;28;6;34;22;20;18;24;;;;;;;1976-05-to-2008-10;loto.csv
1999056-1;1999056;1;1999-07-14;ME;historic-6-plus-complementary;16;17;8;29;14;42;31;;;;;;;1976-05-to-2008-10;loto.csv
1999056-2;1999056;2;1999-07-14;ME;historic-6-plus-complementary;48;44;42;28;1;6;18;;;;;;;1976-05-to-2008-10;loto.csv
1999057-1;1999057;1;1999-07-17;SA;historic-6-plus-complementary;25;7;11;27;24;18;19;;;;;;;1976-05-to-2008-10;loto.csv
1999057-2;1999057;2;1999-07-17;SA;historic-6-plus-complementary;7;8;34;38;29;41;11;;;;;;;1976-05-to-2008-10;loto.csv
1999058-1;1999058;1;1999-07-21;ME;historic-6-plus-complementary;36;40;20;19;28;14;11;;;;;;;1976-05-to-2008-10;loto.csv
1999058-2;1999058;2;1999-07-21;ME;historic-6-plus-complementary;34;20;27;13;5;45;44;;;;;;;1976-05-to-2008-10;loto.csv
1999059-1;1999059;1;1999-07-24;SA;historic-6-plus-complementary;20;10;2;41;26;34;13;;;;;;;1976-05-to-2008-10;loto.csv
1999059-2;1999059;2;1999-07-24;SA;historic-6-plus-complementary;49;9;15;37;36;2;38;;;;;;;1976-05-to-2008-10;loto.csv
1999060-1;1999060;1;1999-07-28;ME;historic-6-plus-complementary;20;9;37;39;6;3;40;;;;;;;1976-05-to-2008-10;loto.csv
1999060-2;1999060;2;1999-07-28;ME;historic-6-plus-complementary;47;24;34;48;21;40;42;;;;;;;1976-05-to-2008-10;loto.csv
1999061-1;1999061;1;1999-07-31;SA;historic-6-plus-complementary;40;45;32;47;16;8;23;;;;;;;1976-05-to-2008-10;loto.csv
1999061-2;1999061;2;1999-07-31;SA;historic-6-plus-complementary;7;18;31;28;10;15;3;;;;;;;1976-05-to-2008-10;loto.csv
1999062-1;1999062;1;1999-08-04;ME;historic-6-plus-complementary;23;4;41;12;26;2;3;;;;;;;1976-05-to-2008-10;loto.csv
1999062-2;1999062;2;1999-08-04;ME;historic-6-plus-complementary;40;28;22;30;29;49;32;;;;;;;1976-05-to-2008-10;loto.csv
1999063-1;1999063;1;1999-08-07;SA;historic-6-plus-complementary;31;20;40;30;3;29;5;;;;;;;1976-05-to-2008-10;loto.csv
1999063-2;1999063;2;1999-08-07;SA;historic-6-plus-complementary;31;14;32;7;11;24;9;;;;;;;1976-05-to-2008-10;loto.csv
1999064-1;1999064;1;1999-08-11;ME;historic-6-plus-complementary;15;24;47;38;28;45;44;;;;;;;1976-05-to-2008-10;loto.csv
1999064-2;1999064;2;1999-08-11;ME;historic-6-plus-complementary;11;31;1;47;32;4;43;;;;;;;1976-05-to-2008-10;loto.csv
1999065-1;1999065;1;1999-08-14;SA;historic-6-plus-complementary;44;5;33;1;39;22;41;;;;;;;1976-05-to-2008-10;loto.csv
1999065-2;1999065;2;1999-08-14;SA;historic-6-plus-complementary;15;33;35;9;19;40;22;;;;;;;1976-05-to-2008-10;loto.csv
1999066-1;1999066;1;1999-08-18;ME;historic-6-plus-complementary;21;46;33;15;7;22;16;;;;;;;1976-05-to-2008-10;loto.csv
1999066-2;1999066;2;1999-08-18;ME;historic-6-plus-complementary;17;4;20;44;49;6;11;;;;;;;1976-05-to-2008-10;loto.csv
1999067-1;1999067;1;1999-08-21;SA;historic-6-plus-complementary;41;11;46;34;26;9;28;;;;;;;1976-05-to-2008-10;loto.csv
1999067-2;1999067;2;1999-08-21;SA;historic-6-plus-complementary;10;1;31;34;14;36;4;;;;;;;1976-05-to-2008-10;loto.csv
1999068-1;1999068;1;1999-08-25;ME;historic-6-plus-complementary;8;48;6;12;15;41;11;;;;;;;1976-05-to-2008-10;loto.csv
1999068-2;1999068;2;1999-08-25;ME;historic-6-plus-complementary;47;7;20;9;23;2;24;;;;;;;1976-05-to-2008-10;loto.csv
1999069-1;1999069;1;1999-08-28;SA;historic-6-plus-complementary;7;17;44;25;47;37;2;;;;;;;1976-05-to-2008-10;loto.csv
1999069-2;1999069;2;1999-08-28;SA;historic-6-plus-complementary;7;1;40;5;2;20;44;;;;;;;1976-05-to-2008-10;loto.csv
1999070-1;1999070;1;1999-09-01;ME;historic-6-plus-complementary;26;9;4;19;11;46;30;;;;;;;1976-05-to-2008-10;loto.csv
1999070-2;1999070;2;1999-09-01;ME;historic-6-plus-complementary;11;18;6;7;28;42;21;;;;;;;1976-05-to-2008-10;loto.csv
1999071-1;1999071;1;1999-09-04;SA;historic-6-plus-complementary;3;47;36;26;39;32;40;;;;;;;1976-05-to-2008-10;loto.csv
1999071-2;1999071;2;1999-09-04;SA;historic-6-plus-complementary;15;47;41;38;6;29;28;;;;;;;1976-05-to-2008-10;loto.csv
1999072-1;1999072;1;1999-09-08;ME;historic-6-plus-complementary;42;6;40;45;7;28;10;;;;;;;1976-05-to-2008-10;loto.csv
1999072-2;1999072;2;1999-09-08;ME;historic-6-plus-complementary;33;25;49;31;48;45;37;;;;;;;1976-05-to-2008-10;loto.csv
1999073-1;1999073;1;1999-09-11;SA;historic-6-plus-complementary;3;49;9;23;48;8;26;;;;;;;1976-05-to-2008-10;loto.csv
1999073-2;1999073;2;1999-09-11;SA;historic-6-plus-complementary;10;24;18;17;4;26;15;;;;;;;1976-05-to-2008-10;loto.csv
1999074-1;1999074;1;1999-09-15;ME;historic-6-plus-complementary;3;30;13;37;43;11;45;;;;;;;1976-05-to-2008-10;loto.csv
1999074-2;1999074;2;1999-09-15;ME;historic-6-plus-complementary;1;8;42;3;45;4;33;;;;;;;1976-05-to-2008-10;loto.csv
1999075-1;1999075;1;1999-09-18;SA;historic-6-plus-complementary;33;26;15;35;22;44;16;;;;;;;1976-05-to-2008-10;loto.csv
1999075-2;1999075;2;1999-09-18;SA;historic-6-plus-complementary;12;9;11;35;7;37;48;;;;;;;1976-05-to-2008-10;loto.csv
1999076-1;1999076;1;1999-09-22;ME;historic-6-plus-complementary;6;8;14;31;20;32;13;;;;;;;1976-05-to-2008-10;loto.csv
1999076-2;1999076;2;1999-09-22;ME;historic-6-plus-complementary;30;37;17;25;46;10;27;;;;;;;1976-05-to-2008-10;loto.csv
1999077-1;1999077;1;1999-09-25;SA;historic-6-plus-complementary;45;22;49;48;12;6;46;;;;;;;1976-05-to-2008-10;loto.csv
1999077-2;1999077;2;1999-09-25;SA;historic-6-plus-complementary;10;5;11;2;15;18;24;;;;;;;1976-05-to-2008-10;loto.csv
1999078-1;1999078;1;1999-09-29;ME;historic-6-plus-complementary;3;11;13;22;28;34;14;;;;;;;1976-05-to-2008-10;loto.csv
1999078-2;1999078;2;1999-09-29;ME;historic-6-plus-complementary;30;38;2;12;1;3;41;;;;;;;1976-05-to-2008-10;loto.csv
1999079-1;1999079;1;1999-10-02;SA;historic-6-plus-complementary;45;27;2;3;21;25;39;;;;;;;1976-05-to-2008-10;loto.csv
1999079-2;1999079;2;1999-10-02;SA;historic-6-plus-complementary;45;12;7;33;23;22;38;;;;;;;1976-05-to-2008-10;loto.csv
1999080-1;1999080;1;1999-10-06;ME;historic-6-plus-complementary;49;35;39;25;46;14;3;;;;;;;1976-05-to-2008-10;loto.csv
1999080-2;1999080;2;1999-10-06;ME;historic-6-plus-complementary;38;5;39;20;42;37;33;;;;;;;1976-05-to-2008-10;loto.csv
1999081-1;1999081;1;1999-10-09;SA;historic-6-plus-complementary;42;29;20;33;30;47;13;;;;;;;1976-05-to-2008-10;loto.csv
1999081-2;1999081;2;1999-10-09;SA;historic-6-plus-complementary;49;27;21;34;5;16;41;;;;;;;1976-05-to-2008-10;loto.csv
1999082-1;1999082;1;1999-10-13;ME;historic-6-plus-complementary;10;26;12;9;30;17;23;;;;;;;1976-05-to-2008-10;loto.csv
1999082-2;1999082;2;1999-10-13;ME;historic-6-plus-complementary;32;35;2;36;44;26;15;;;;;;;1976-05-to-2008-10;loto.csv
1999083-1;1999083;1;1999-10-16;SA;historic-6-plus-complementary;47;2;15;5;11;8;9;;;;;;;1976-05-to-2008-10;loto.csv
1999083-2;1999083;2;1999-10-16;SA;historic-6-plus-complementary;33;26;42;13;6;41;32;;;;;;;1976-05-to-2008-10;loto.csv
1999084-1;1999084;1;1999-10-20;ME;historic-6-plus-complementary;28;21;18;14;7;37;47;;;;;;;1976-05-to-2008-10;loto.csv
1999084-2;1999084;2;1999-10-20;ME;historic-6-plus-complementary;7;23;12;38;39;10;32;;;;;;;1976-05-to-2008-10;loto.csv
1999085-1;1999085;1;1999-10-23;SA;historic-6-plus-complementary;3;32;1;13;16;46;21;;;;;;;1976-05-to-2008-10;loto.csv
1999085-2;1999085;2;1999-10-23;SA;historic-6-plus-complementary;12;28;23;26;49;16;5;;;;;;;1976-05-to-2008-10;loto.csv
1999086-1;1999086;1;1999-10-27;ME;historic-6-plus-complementary;12;23;48;3;38;15;10;;;;;;;1976-05-to-2008-10;loto.csv
1999086-2;1999086;2;1999-10-27;ME;historic-6-plus-complementary;33;3;31;25;34;7;44;;;;;;;1976-05-to-2008-10;loto.csv
1999087-1;1999087;1;1999-10-30;SA;historic-6-plus-complementary;27;17;10;49;5;3;33;;;;;;;1976-05-to-2008-10;loto.csv
1999087-2;1999087;2;1999-10-30;SA;historic-6-plus-complementary;2;24;23;6;1;10;39;;;;;;;1976-05-to-2008-10;loto.csv
1999088-1;1999088;1;1999-11-03;ME;historic-6-plus-complementary;32;43;8;25;35;28;40;;;;;;;1976-05-to-2008-10;loto.csv
1999088-2;1999088;2;1999-11-03;ME;historic-6-plus-complementary;20;24;29;21;15;18;22;;;;;;;1976-05-to-2008-10;loto.csv
1999089-1;1999089;1;1999-11-06;SA;historic-6-plus-complementary;17;29;3;39;12;47;22;;;;;;;1976-05-to-2008-10;loto.csv
1999089-2;1999089;2;1999-11-06;SA;historic-6-plus-complementary;38;36;7;45;12;16;20;;;;;;;1976-05-to-2008-10;loto.csv
1999090-1;1999090;1;1999-11-10;ME;historic-6-plus-complementary;36;10;21;29;47;5;46;;;;;;;1976-05-to-2008-10;loto.csv
1999090-2;1999090;2;1999-11-10;ME;historic-6-plus-complementary;33;9;40;23;1;41;3;;;;;;;1976-05-to-2008-10;loto.csv
1999091-1;1999091;1;1999-11-13;SA;historic-6-plus-complementary;11;38;12;31;4;6;1;;;;;;;1976-05-to-2008-10;loto.csv
1999091-2;1999091;2;1999-11-13;SA;historic-6-plus-complementary;11;35;20;49;23;38;48;;;;;;;1976-05-to-2008-10;loto.csv
1999092-1;1999092;1;1999-11-17;ME;historic-6-plus-complementary;36;35;20;8;24;10;18;;;;;;;1976-05-to-2008-10;loto.csv
1999092-2;1999092;2;1999-11-17;ME;historic-6-plus-complementary;49;2;19;34;29;11;47;;;;;;;1976-05-to-2008-10;loto.csv
1999093-1;1999093;1;1999-11-20;SA;historic-6-plus-complementary;1;41;2;25;48;49;24;;;;;;;1976-05-to-2008-10;loto.csv
1999093-2;1999093;2;1999-11-20;SA;historic-6-plus-complementary;19;45;2;25;10;46;8;;;;;;;1976-05-to-2008-10;loto.csv
1999094-1;1999094;1;1999-11-24;ME;historic-6-plus-complementary;6;31;47;44;40;10;39;;;;;;;1976-05-to-2008-10;loto.csv
1999094-2;1999094;2;1999-11-24;ME;historic-6-plus-complementary;14;30;37;13;49;44;5;;;;;;;1976-05-to-2008-10;loto.csv
1999095-1;1999095;1;1999-11-27;SA;historic-6-plus-complementary;31;48;33;4;5;43;19;;;;;;;1976-05-to-2008-10;loto.csv
1999095-2;1999095;2;1999-11-27;SA;historic-6-plus-complementary;40;42;6;35;19;10;38;;;;;;;1976-05-to-2008-10;loto.csv
1999096-1;1999096;1;1999-12-01;ME;historic-6-plus-complementary;4;1;49;23;26;9;2;;;;;;;1976-05-to-2008-10;loto.csv
1999096-2;1999096;2;1999-12-01;ME;historic-6-plus-complementary;49;14;21;4;24;2;15;;;;;;;1976-05-to-2008-10;loto.csv
1999097-1;1999097;1;1999-12-04;SA;historic-6-plus-complementary;48;45;21;43;16;38;33;;;;;;;1976-05-to-2008-10;loto.csv
1999097-2;1999097;2;1999-12-04;SA;historic-6-plus-complementary;1;19;31;43;4;35;37;;;;;;;1976-05-to-2008-10;loto.csv
1999098-1;1999098;1;1999-12-08;ME;historic-6-plus-complementary;45;46;1;32;9;11;34;;;;;;;1976-05-to-2008-10;loto.csv
1999098-2;1999098;2;1999-12-08;ME;historic-6-plus-complementary;24;20;12;5;7;35;19;;;;;;;1976-05-to-2008-10;loto.csv
1999099-1;1999099;1;1999-12-11;SA;historic-6-plus-complementary;11;48;45;35;46;31;21;;;;;;;1976-05-to-2008-10;loto.csv
1999099-2;1999099;2;1999-12-11;SA;historic-6-plus-complementary;28;40;22;2;37;31;24;;;;;;;1976-05-to-2008-10;loto.csv
1999100-1;1999100;1;1999-12-15;ME;historic-6-plus-complementary;34;4;27;49;6;36;15;;;;;;;1976-05-to-2008-10;loto.csv
1999100-2;1999100;2;1999-12-15;ME;historic-6-plus-complementary;45;43;35;2;12;29;39;;;;;;;1976-05-to-2008-10;loto.csv
1999101-1;1999101;1;1999-12-18;SA;historic-6-plus-complementary;19;45;37;9;2;31;44;;;;;;;1976-05-to-2008-10;loto.csv
1999101-2;1999101;2;1999-12-18;SA;historic-6-plus-complementary;30;38;39;19;37;10;23;;;;;;;1976-05-to-2008-10;loto.csv
1999102-1;1999102;1;1999-12-22;ME;historic-6-plus-complementary;28;21;27;6;31;8;38;;;;;;;1976-05-to-2008-10;loto.csv
1999102-2;1999102;2;1999-12-22;ME;historic-6-plus-complementary;8;41;43;33;44;15;42;;;;;;;1976-05-to-2008-10;loto.csv
1999103-1;1999103;1;1999-12-25;SA;historic-6-plus-complementary;37;14;36;41;1;11;3;;;;;;;1976-05-to-2008-10;loto.csv
1999103-2;1999103;2;1999-12-25;SA;historic-6-plus-complementary;23;8;49;11;47;44;18;;;;;;;1976-05-to-2008-10;loto.csv
1999104-1;1999104;1;1999-12-29;ME;historic-6-plus-complementary;45;25;11;39;38;37;43;;;;;;;1976-05-to-2008-10;loto.csv
1999104-2;1999104;2;1999-12-29;ME;historic-6-plus-complementary;15;26;19;47;27;35;34;;;;;;;1976-05-to-2008-10;loto.csv
2000001-1;2000001;1;2000-01-01;SA;historic-6-plus-complementary;43;35;49;12;2;7;44;;;;;;;1976-05-to-2008-10;loto.csv
2000001-2;2000001;2;2000-01-01;SA;historic-6-plus-complementary;35;28;27;39;30;33;41;;;;;;;1976-05-to-2008-10;loto.csv
2000002-1;2000002;1;2000-01-05;ME;historic-6-plus-complementary;15;22;13;21;27;7;35;;;;;;;1976-05-to-2008-10;loto.csv
2000002-2;2000002;2;2000-01-05;ME;historic-6-plus-complementary;6;47;42;11;3;40;41;;;;;;;1976-05-to-2008-10;loto.csv
2000003-1;2000003;1;2000-01-08;SA;historic-6-plus-complementary;29;31;40;21;44;1;20;;;;;;;1976-05-to-2008-10;loto.csv
2000003-2;2000003;2;2000-01-08;SA;historic-6-plus-complementary;23;31;36;14;35;47;7;;;;;;;1976-05-to-2008-10;loto.csv
2000004-1;2000004;1;2000-01-12;ME;historic-6-plus-complementary;7;29;36;30;18;47;15;;;;;;;1976-05-to-2008-10;loto.csv
2000004-2;2000004;2;2000-01-12;ME;historic-6-plus-complementary;25;22;7;4;26;31;6;;;;;;;1976-05-to-2008-10;loto.csv
2000005-1;2000005;1;2000-01-15;SA;historic-6-plus-complementary;42;16;7;46;30;26;41;;;;;;;1976-05-to-2008-10;loto.csv
2000005-2;2000005;2;2000-01-15;SA;historic-6-plus-complementary;43;8;14;12;7;17;9;;;;;;;1976-05-to-2008-10;loto.csv
2000006-1;2000006;1;2000-01-19;ME;historic-6-plus-complementary;22;39;25;10;41;20;27;;;;;;;1976-05-to-2008-10;loto.csv
2000006-2;2000006;2;2000-01-19;ME;historic-6-plus-complementary;40;5;1;10;49;25;8;;;;;;;1976-05-to-2008-10;loto.csv
2000007-1;2000007;1;2000-01-22;SA;historic-6-plus-complementary;14;28;37;16;7;2;24;;;;;;;1976-05-to-2008-10;loto.csv
2000007-2;2000007;2;2000-01-22;SA;historic-6-plus-complementary;18;23;9;4;28;40;2;;;;;;;1976-05-to-2008-10;loto.csv
2000008-1;2000008;1;2000-01-26;ME;historic-6-plus-complementary;19;12;25;48;47;4;28;;;;;;;1976-05-to-2008-10;loto.csv
2000008-2;2000008;2;2000-01-26;ME;historic-6-plus-complementary;4;22;48;15;11;8;18;;;;;;;1976-05-to-2008-10;loto.csv
2000009-1;2000009;1;2000-01-29;SA;historic-6-plus-complementary;45;43;37;28;44;16;23;;;;;;;1976-05-to-2008-10;loto.csv
2000009-2;2000009;2;2000-01-29;SA;historic-6-plus-complementary;12;7;32;9;3;29;13;;;;;;;1976-05-to-2008-10;loto.csv
2000010-1;2000010;1;2000-02-02;ME;historic-6-plus-complementary;12;16;6;7;41;46;32;;;;;;;1976-05-to-2008-10;loto.csv
2000010-2;2000010;2;2000-02-02;ME;historic-6-plus-complementary;9;47;4;7;44;46;32;;;;;;;1976-05-to-2008-10;loto.csv
2000011-1;2000011;1;2000-02-05;SA;historic-6-plus-complementary;28;41;22;33;49;6;4;;;;;;;1976-05-to-2008-10;loto.csv
2000011-2;2000011;2;2000-02-05;SA;historic-6-plus-complementary;45;21;48;25;33;38;15;;;;;;;1976-05-to-2008-10;loto.csv
2000012-1;2000012;1;2000-02-09;ME;historic-6-plus-complementary;41;38;20;49;40;21;34;;;;;;;1976-05-to-2008-10;loto.csv
2000012-2;2000012;2;2000-02-09;ME;historic-6-plus-complementary;14;10;49;19;5;11;18;;;;;;;1976-05-to-2008-10;loto.csv
2000013-1;2000013;1;2000-02-12;SA;historic-6-plus-complementary;22;15;7;17;18;19;42;;;;;;;1976-05-to-2008-10;loto.csv
2000013-2;2000013;2;2000-02-12;SA;historic-6-plus-complementary;31;44;3;9;34;27;29;;;;;;;1976-05-to-2008-10;loto.csv
2000014-1;2000014;1;2000-02-16;ME;historic-6-plus-complementary;3;8;29;31;18;46;33;;;;;;;1976-05-to-2008-10;loto.csv
2000014-2;2000014;2;2000-02-16;ME;historic-6-plus-complementary;22;33;40;18;23;6;16;;;;;;;1976-05-to-2008-10;loto.csv
2000015-1;2000015;1;2000-02-19;SA;historic-6-plus-complementary;21;17;48;4;39;31;13;;;;;;;1976-05-to-2008-10;loto.csv
2000015-2;2000015;2;2000-02-19;SA;historic-6-plus-complementary;43;12;8;3;7;36;30;;;;;;;1976-05-to-2008-10;loto.csv
2000016-1;2000016;1;2000-02-23;ME;historic-6-plus-complementary;30;17;2;12;39;18;42;;;;;;;1976-05-to-2008-10;loto.csv
2000016-2;2000016;2;2000-02-23;ME;historic-6-plus-complementary;37;1;10;5;44;38;2;;;;;;;1976-05-to-2008-10;loto.csv
2000017-1;2000017;1;2000-02-26;SA;historic-6-plus-complementary;11;12;17;29;30;49;5;;;;;;;1976-05-to-2008-10;loto.csv
2000017-2;2000017;2;2000-02-26;SA;historic-6-plus-complementary;11;33;3;43;9;16;25;;;;;;;1976-05-to-2008-10;loto.csv
2000018-1;2000018;1;2000-03-01;ME;historic-6-plus-complementary;42;24;3;18;28;10;32;;;;;;;1976-05-to-2008-10;loto.csv
2000018-2;2000018;2;2000-03-01;ME;historic-6-plus-complementary;5;27;7;28;32;45;19;;;;;;;1976-05-to-2008-10;loto.csv
2000019-1;2000019;1;2000-03-04;SA;historic-6-plus-complementary;48;24;18;11;42;49;5;;;;;;;1976-05-to-2008-10;loto.csv
2000019-2;2000019;2;2000-03-04;SA;historic-6-plus-complementary;16;6;44;4;33;15;7;;;;;;;1976-05-to-2008-10;loto.csv
2000020-1;2000020;1;2000-03-08;ME;historic-6-plus-complementary;21;31;4;48;42;44;6;;;;;;;1976-05-to-2008-10;loto.csv
2000020-2;2000020;2;2000-03-08;ME;historic-6-plus-complementary;5;33;23;36;27;12;19;;;;;;;1976-05-to-2008-10;loto.csv
2000021-1;2000021;1;2000-03-11;SA;historic-6-plus-complementary;45;15;18;44;14;42;25;;;;;;;1976-05-to-2008-10;loto.csv
2000021-2;2000021;2;2000-03-11;SA;historic-6-plus-complementary;47;45;26;17;43;3;46;;;;;;;1976-05-to-2008-10;loto.csv
2000022-1;2000022;1;2000-03-15;ME;historic-6-plus-complementary;12;30;2;47;48;21;46;;;;;;;1976-05-to-2008-10;loto.csv
2000022-2;2000022;2;2000-03-15;ME;historic-6-plus-complementary;36;25;41;39;24;32;12;;;;;;;1976-05-to-2008-10;loto.csv
2000023-1;2000023;1;2000-03-18;SA;historic-6-plus-complementary;4;13;38;43;31;10;23;;;;;;;1976-05-to-2008-10;loto.csv
2000023-2;2000023;2;2000-03-18;SA;historic-6-plus-complementary;11;15;32;47;24;40;19;;;;;;;1976-05-to-2008-10;loto.csv
2000024-1;2000024;1;2000-03-22;ME;historic-6-plus-complementary;46;33;3;11;43;6;1;;;;;;;1976-05-to-2008-10;loto.csv
2000024-2;2000024;2;2000-03-22;ME;historic-6-plus-complementary;6;44;28;19;21;18;30;;;;;;;1976-05-to-2008-10;loto.csv
2000025-1;2000025;1;2000-03-25;SA;historic-6-plus-complementary;26;43;45;4;10;1;49;;;;;;;1976-05-to-2008-10;loto.csv
2000025-2;2000025;2;2000-03-25;SA;historic-6-plus-complementary;7;46;30;37;47;42;11;;;;;;;1976-05-to-2008-10;loto.csv
2000026-1;2000026;1;2000-03-29;ME;historic-6-plus-complementary;36;27;47;35;39;44;33;;;;;;;1976-05-to-2008-10;loto.csv
2000026-2;2000026;2;2000-03-29;ME;historic-6-plus-complementary;32;12;1;17;26;43;37;;;;;;;1976-05-to-2008-10;loto.csv
2000027-1;2000027;1;2000-04-01;SA;historic-6-plus-complementary;44;31;35;18;37;49;32;;;;;;;1976-05-to-2008-10;loto.csv
2000027-2;2000027;2;2000-04-01;SA;historic-6-plus-complementary;47;36;32;44;26;8;14;;;;;;;1976-05-to-2008-10;loto.csv
2000028-1;2000028;1;2000-04-05;ME;historic-6-plus-complementary;24;44;41;47;15;42;18;;;;;;;1976-05-to-2008-10;loto.csv
2000028-2;2000028;2;2000-04-05;ME;historic-6-plus-complementary;42;20;29;43;31;30;41;;;;;;;1976-05-to-2008-10;loto.csv
2000029-1;2000029;1;2000-04-08;SA;historic-6-plus-complementary;23;1;24;31;44;48;46;;;;;;;1976-05-to-2008-10;loto.csv
2000029-2;2000029;2;2000-04-08;SA;historic-6-plus-complementary;8;4;47;44;6;9;35;;;;;;;1976-05-to-2008-10;loto.csv
2000030-1;2000030;1;2000-04-12;ME;historic-6-plus-complementary;48;14;36;21;46;6;13;;;;;;;1976-05-to-2008-10;loto.csv
2000030-2;2000030;2;2000-04-12;ME;historic-6-plus-complementary;7;33;15;37;34;17;30;;;;;;;1976-05-to-2008-10;loto.csv
2000031-1;2000031;1;2000-04-15;SA;historic-6-plus-complementary;46;47;24;17;45;18;36;;;;;;;1976-05-to-2008-10;loto.csv
2000031-2;2000031;2;2000-04-15;SA;historic-6-plus-complementary;41;24;13;22;42;2;3;;;;;;;1976-05-to-2008-10;loto.csv
2000032-1;2000032;1;2000-04-19;ME;historic-6-plus-complementary;46;30;12;5;42;37;36;;;;;;;1976-05-to-2008-10;loto.csv
2000032-2;2000032;2;2000-04-19;ME;historic-6-plus-complementary;32;19;43;20;34;46;1;;;;;;;1976-05-to-2008-10;loto.csv
2000033-1;2000033;1;2000-04-22;SA;historic-6-plus-complementary;18;48;44;6;28;43;14;;;;;;;1976-05-to-2008-10;loto.csv
2000033-2;2000033;2;2000-04-22;SA;historic-6-plus-complementary;10;47;4;1;18;46;27;;;;;;;1976-05-to-2008-10;loto.csv
2000034-1;2000034;1;2000-04-26;ME;historic-6-plus-complementary;10;42;31;35;20;28;47;;;;;;;1976-05-to-2008-10;loto.csv
2000034-2;2000034;2;2000-04-26;ME;historic-6-plus-complementary;9;14;13;33;30;46;15;;;;;;;1976-05-to-2008-10;loto.csv
2000035-1;2000035;1;2000-04-29;SA;historic-6-plus-complementary;25;6;38;49;29;7;39;;;;;;;1976-05-to-2008-10;loto.csv
2000035-2;2000035;2;2000-04-29;SA;historic-6-plus-complementary;4;30;44;15;34;36;37;;;;;;;1976-05-to-2008-10;loto.csv
2000036-1;2000036;1;2000-05-03;ME;historic-6-plus-complementary;27;28;36;48;8;18;30;;;;;;;1976-05-to-2008-10;loto.csv
2000036-2;2000036;2;2000-05-03;ME;historic-6-plus-complementary;39;34;35;30;45;24;14;;;;;;;1976-05-to-2008-10;loto.csv
2000037-1;2000037;1;2000-05-06;SA;historic-6-plus-complementary;1;15;39;19;30;8;43;;;;;;;1976-05-to-2008-10;loto.csv
2000037-2;2000037;2;2000-05-06;SA;historic-6-plus-complementary;11;48;21;26;17;4;13;;;;;;;1976-05-to-2008-10;loto.csv
2000038-1;2000038;1;2000-05-10;ME;historic-6-plus-complementary;46;30;19;45;41;11;47;;;;;;;1976-05-to-2008-10;loto.csv
2000038-2;2000038;2;2000-05-10;ME;historic-6-plus-complementary;42;46;21;31;2;24;3;;;;;;;1976-05-to-2008-10;loto.csv
2000039-1;2000039;1;2000-05-13;SA;historic-6-plus-complementary;24;10;18;47;41;46;5;;;;;;;1976-05-to-2008-10;loto.csv
2000039-2;2000039;2;2000-05-13;SA;historic-6-plus-complementary;5;32;13;21;37;22;8;;;;;;;1976-05-to-2008-10;loto.csv
2000040-1;2000040;1;2000-05-17;ME;historic-6-plus-complementary;35;21;49;14;40;29;33;;;;;;;1976-05-to-2008-10;loto.csv
2000040-2;2000040;2;2000-05-17;ME;historic-6-plus-complementary;5;39;32;49;34;12;11;;;;;;;1976-05-to-2008-10;loto.csv
2000041-1;2000041;1;2000-05-20;SA;historic-6-plus-complementary;46;36;8;7;15;12;30;;;;;;;1976-05-to-2008-10;loto.csv
2000041-2;2000041;2;2000-05-20;SA;historic-6-plus-complementary;49;31;26;48;13;35;17;;;;;;;1976-05-to-2008-10;loto.csv
2000042-1;2000042;1;2000-05-24;ME;historic-6-plus-complementary;42;39;17;4;33;8;20;;;;;;;1976-05-to-2008-10;loto.csv
2000042-2;2000042;2;2000-05-24;ME;historic-6-plus-complementary;34;14;6;30;11;7;5;;;;;;;1976-05-to-2008-10;loto.csv
2000043-1;2000043;1;2000-05-27;SA;historic-6-plus-complementary;9;6;27;13;28;25;10;;;;;;;1976-05-to-2008-10;loto.csv
2000043-2;2000043;2;2000-05-27;SA;historic-6-plus-complementary;10;15;23;40;47;46;13;;;;;;;1976-05-to-2008-10;loto.csv
2000044-1;2000044;1;2000-05-31;ME;historic-6-plus-complementary;17;15;24;41;20;49;6;;;;;;;1976-05-to-2008-10;loto.csv
2000044-2;2000044;2;2000-05-31;ME;historic-6-plus-complementary;13;41;15;34;46;42;47;;;;;;;1976-05-to-2008-10;loto.csv
2000045-1;2000045;1;2000-06-03;SA;historic-6-plus-complementary;4;34;23;26;21;44;11;;;;;;;1976-05-to-2008-10;loto.csv
2000045-2;2000045;2;2000-06-03;SA;historic-6-plus-complementary;35;44;49;12;36;31;11;;;;;;;1976-05-to-2008-10;loto.csv
2000046-1;2000046;1;2000-06-07;ME;historic-6-plus-complementary;37;3;31;25;43;10;7;;;;;;;1976-05-to-2008-10;loto.csv
2000046-2;2000046;2;2000-06-07;ME;historic-6-plus-complementary;39;7;47;10;30;26;44;;;;;;;1976-05-to-2008-10;loto.csv
2000047-1;2000047;1;2000-06-10;SA;historic-6-plus-complementary;45;18;42;7;34;25;1;;;;;;;1976-05-to-2008-10;loto.csv
2000047-2;2000047;2;2000-06-10;SA;historic-6-plus-complementary;39;42;5;3;33;41;11;;;;;;;1976-05-to-2008-10;loto.csv
2000048-1;2000048;1;2000-06-14;ME;historic-6-plus-complementary;34;39;15;25;37;9;33;;;;;;;1976-05-to-2008-10;loto.csv
2000048-2;2000048;2;2000-06-14;ME;historic-6-plus-complementary;38;24;39;16;17;6;9;;;;;;;1976-05-to-2008-10;loto.csv
2000049-1;2000049;1;2000-06-17;SA;historic-6-plus-complementary;2;4;25;9;23;13;33;;;;;;;1976-05-to-2008-10;loto.csv
2000049-2;2000049;2;2000-06-17;SA;historic-6-plus-complementary;48;41;44;29;4;39;5;;;;;;;1976-05-to-2008-10;loto.csv
2000050-1;2000050;1;2000-06-21;ME;historic-6-plus-complementary;28;37;1;22;13;4;12;;;;;;;1976-05-to-2008-10;loto.csv
2000050-2;2000050;2;2000-06-21;ME;historic-6-plus-complementary;17;47;2;21;33;4;9;;;;;;;1976-05-to-2008-10;loto.csv
2000051-1;2000051;1;2000-06-24;SA;historic-6-plus-complementary;30;29;24;13;2;7;33;;;;;;;1976-05-to-2008-10;loto.csv
2000051-2;2000051;2;2000-06-24;SA;historic-6-plus-complementary;22;3;38;21;49;32;30;;;;;;;1976-05-to-2008-10;loto.csv
2000052-1;2000052;1;2000-06-28;ME;historic-6-plus-complementary;31;12;30;22;28;16;2;;;;;;;1976-05-to-2008-10;loto.csv
2000052-2;2000052;2;2000-06-28;ME;historic-6-plus-complementary;22;20;10;4;25;44;2;;;;;;;1976-05-to-2008-10;loto.csv
2000053-1;2000053;1;2000-07-01;SA;historic-6-plus-complementary;2;17;8;9;34;36;40;;;;;;;1976-05-to-2008-10;loto.csv
2000053-2;2000053;2;2000-07-01;SA;historic-6-plus-complementary;44;24;4;14;38;33;22;;;;;;;1976-05-to-2008-10;loto.csv
2000054-1;2000054;1;2000-07-05;ME;historic-6-plus-complementary;39;8;35;44;33;6;40;;;;;;;1976-05-to-2008-10;loto.csv
2000054-2;2000054;2;2000-07-05;ME;historic-6-plus-complementary;37;3;24;41;40;19;32;;;;;;;1976-05-to-2008-10;loto.csv
2000055-1;2000055;1;2000-07-08;SA;historic-6-plus-complementary;36;44;32;34;17;6;35;;;;;;;1976-05-to-2008-10;loto.csv
2000055-2;2000055;2;2000-07-08;SA;historic-6-plus-complementary;19;40;6;46;34;8;27;;;;;;;1976-05-to-2008-10;loto.csv
2000056-1;2000056;1;2000-07-12;ME;historic-6-plus-complementary;10;44;20;47;13;22;48;;;;;;;1976-05-to-2008-10;loto.csv
2000056-2;2000056;2;2000-07-12;ME;historic-6-plus-complementary;45;41;2;9;12;11;32;;;;;;;1976-05-to-2008-10;loto.csv
2000057-1;2000057;1;2000-07-15;SA;historic-6-plus-complementary;40;43;9;2;1;19;26;;;;;;;1976-05-to-2008-10;loto.csv
2000057-2;2000057;2;2000-07-15;SA;historic-6-plus-complementary;10;37;22;29;46;43;9;;;;;;;1976-05-to-2008-10;loto.csv
2000058-1;2000058;1;2000-07-19;ME;historic-6-plus-complementary;41;4;47;44;42;13;16;;;;;;;1976-05-to-2008-10;loto.csv
2000058-2;2000058;2;2000-07-19;ME;historic-6-plus-complementary;25;30;1;44;23;24;26;;;;;;;1976-05-to-2008-10;loto.csv
2000059-1;2000059;1;2000-07-22;SA;historic-6-plus-complementary;29;2;11;6;12;33;22;;;;;;;1976-05-to-2008-10;loto.csv
2000059-2;2000059;2;2000-07-22;SA;historic-6-plus-complementary;44;36;45;28;37;30;25;;;;;;;1976-05-to-2008-10;loto.csv
2000060-1;2000060;1;2000-07-26;ME;historic-6-plus-complementary;44;16;9;45;7;18;20;;;;;;;1976-05-to-2008-10;loto.csv
2000060-2;2000060;2;2000-07-26;ME;historic-6-plus-complementary;30;10;27;1;3;43;15;;;;;;;1976-05-to-2008-10;loto.csv
2000061-1;2000061;1;2000-07-29;SA;historic-6-plus-complementary;7;8;10;27;46;11;38;;;;;;;1976-05-to-2008-10;loto.csv
2000061-2;2000061;2;2000-07-29;SA;historic-6-plus-complementary;23;13;36;17;37;43;16;;;;;;;1976-05-to-2008-10;loto.csv
2000062-1;2000062;1;2000-08-02;ME;historic-6-plus-complementary;4;49;27;41;18;31;14;;;;;;;1976-05-to-2008-10;loto.csv
2000062-2;2000062;2;2000-08-02;ME;historic-6-plus-complementary;14;28;17;46;34;26;29;;;;;;;1976-05-to-2008-10;loto.csv
2000063-1;2000063;1;2000-08-05;SA;historic-6-plus-complementary;34;49;7;19;38;47;36;;;;;;;1976-05-to-2008-10;loto.csv
2000063-2;2000063;2;2000-08-05;SA;historic-6-plus-complementary;27;24;5;33;29;4;9;;;;;;;1976-05-to-2008-10;loto.csv
2000064-1;2000064;1;2000-08-09;ME;historic-6-plus-complementary;9;38;39;34;49;36;33;;;;;;;1976-05-to-2008-10;loto.csv
2000064-2;2000064;2;2000-08-09;ME;historic-6-plus-complementary;8;1;16;26;45;35;9;;;;;;;1976-05-to-2008-10;loto.csv
2000065-1;2000065;1;2000-08-12;SA;historic-6-plus-complementary;47;34;49;42;35;48;40;;;;;;;1976-05-to-2008-10;loto.csv
2000065-2;2000065;2;2000-08-12;SA;historic-6-plus-complementary;15;43;22;19;23;41;2;;;;;;;1976-05-to-2008-10;loto.csv
2000066-1;2000066;1;2000-08-16;ME;historic-6-plus-complementary;40;5;36;35;30;20;18;;;;;;;1976-05-to-2008-10;loto.csv
2000066-2;2000066;2;2000-08-16;ME;historic-6-plus-complementary;33;2;28;8;14;24;38;;;;;;;1976-05-to-2008-10;loto.csv
2000067-1;2000067;1;2000-08-19;SA;historic-6-plus-complementary;40;9;43;7;6;4;1;;;;;;;1976-05-to-2008-10;loto.csv
2000067-2;2000067;2;2000-08-19;SA;historic-6-plus-complementary;2;45;49;22;3;18;29;;;;;;;1976-05-to-2008-10;loto.csv
2000068-1;2000068;1;2000-08-23;ME;historic-6-plus-complementary;41;6;18;13;17;42;12;;;;;;;1976-05-to-2008-10;loto.csv
2000068-2;2000068;2;2000-08-23;ME;historic-6-plus-complementary;41;44;27;37;29;43;46;;;;;;;1976-05-to-2008-10;loto.csv
2000069-1;2000069;1;2000-08-26;SA;historic-6-plus-complementary;47;18;12;33;34;44;48;;;;;;;1976-05-to-2008-10;loto.csv
2000069-2;2000069;2;2000-08-26;SA;historic-6-plus-complementary;45;49;30;37;11;1;36;;;;;;;1976-05-to-2008-10;loto.csv
2000070-1;2000070;1;2000-08-30;ME;historic-6-plus-complementary;7;2;1;20;37;33;21;;;;;;;1976-05-to-2008-10;loto.csv
2000070-2;2000070;2;2000-08-30;ME;historic-6-plus-complementary;10;9;13;19;34;7;32;;;;;;;1976-05-to-2008-10;loto.csv
2000071-1;2000071;1;2000-09-02;SA;historic-6-plus-complementary;6;3;20;41;26;15;44;;;;;;;1976-05-to-2008-10;loto.csv
2000071-2;2000071;2;2000-09-02;SA;historic-6-plus-complementary;23;19;11;41;40;44;6;;;;;;;1976-05-to-2008-10;loto.csv
2000072-1;2000072;1;2000-09-06;ME;historic-6-plus-complementary;19;25;41;23;16;39;2;;;;;;;1976-05-to-2008-10;loto.csv
2000072-2;2000072;2;2000-09-06;ME;historic-6-plus-complementary;14;42;4;47;29;37;41;;;;;;;1976-05-to-2008-10;loto.csv
2000073-1;2000073;1;2000-09-09;SA;historic-6-plus-complementary;5;24;19;18;45;12;36;;;;;;;1976-05-to-2008-10;loto.csv
2000073-2;2000073;2;2000-09-09;SA;historic-6-plus-complementary;14;49;17;16;48;41;40;;;;;;;1976-05-to-2008-10;loto.csv
2000074-1;2000074;1;2000-09-13;ME;historic-6-plus-complementary;34;31;20;22;14;27;23;;;;;;;1976-05-to-2008-10;loto.csv
2000074-2;2000074;2;2000-09-13;ME;historic-6-plus-complementary;10;26;31;34;41;45;46;;;;;;;1976-05-to-2008-10;loto.csv
2000075-1;2000075;1;2000-09-16;SA;historic-6-plus-complementary;39;23;48;2;9;19;17;;;;;;;1976-05-to-2008-10;loto.csv
2000075-2;2000075;2;2000-09-16;SA;historic-6-plus-complementary;48;9;7;35;23;4;11;;;;;;;1976-05-to-2008-10;loto.csv
2000076-1;2000076;1;2000-09-20;ME;historic-6-plus-complementary;13;45;32;46;8;23;49;;;;;;;1976-05-to-2008-10;loto.csv
2000076-2;2000076;2;2000-09-20;ME;historic-6-plus-complementary;35;40;4;33;29;7;17;;;;;;;1976-05-to-2008-10;loto.csv
2000077-1;2000077;1;2000-09-23;SA;historic-6-plus-complementary;28;9;13;18;42;19;46;;;;;;;1976-05-to-2008-10;loto.csv
2000077-2;2000077;2;2000-09-23;SA;historic-6-plus-complementary;24;34;35;27;42;45;32;;;;;;;1976-05-to-2008-10;loto.csv
2000078-1;2000078;1;2000-09-27;ME;historic-6-plus-complementary;12;19;23;15;37;35;28;;;;;;;1976-05-to-2008-10;loto.csv
2000078-2;2000078;2;2000-09-27;ME;historic-6-plus-complementary;2;38;22;46;33;25;19;;;;;;;1976-05-to-2008-10;loto.csv
2000079-1;2000079;1;2000-09-30;SA;historic-6-plus-complementary;16;12;14;4;5;47;21;;;;;;;1976-05-to-2008-10;loto.csv
2000079-2;2000079;2;2000-09-30;SA;historic-6-plus-complementary;37;16;24;32;13;27;36;;;;;;;1976-05-to-2008-10;loto.csv
2000080-1;2000080;1;2000-10-04;ME;historic-6-plus-complementary;43;8;13;16;1;42;17;;;;;;;1976-05-to-2008-10;loto.csv
2000080-2;2000080;2;2000-10-04;ME;historic-6-plus-complementary;44;30;47;9;11;35;5;;;;;;;1976-05-to-2008-10;loto.csv
2000081-1;2000081;1;2000-10-07;SA;historic-6-plus-complementary;18;46;48;32;30;10;31;;;;;;;1976-05-to-2008-10;loto.csv
2000081-2;2000081;2;2000-10-07;SA;historic-6-plus-complementary;45;33;24;17;10;1;4;;;;;;;1976-05-to-2008-10;loto.csv
2000082-1;2000082;1;2000-10-11;ME;historic-6-plus-complementary;9;42;40;31;44;49;33;;;;;;;1976-05-to-2008-10;loto.csv
2000082-2;2000082;2;2000-10-11;ME;historic-6-plus-complementary;24;48;44;12;39;21;17;;;;;;;1976-05-to-2008-10;loto.csv
2000083-1;2000083;1;2000-10-14;SA;historic-6-plus-complementary;29;27;17;11;18;20;9;;;;;;;1976-05-to-2008-10;loto.csv
2000083-2;2000083;2;2000-10-14;SA;historic-6-plus-complementary;42;36;13;30;5;40;49;;;;;;;1976-05-to-2008-10;loto.csv
2000084-1;2000084;1;2000-10-18;ME;historic-6-plus-complementary;18;38;19;22;23;15;43;;;;;;;1976-05-to-2008-10;loto.csv
2000084-2;2000084;2;2000-10-18;ME;historic-6-plus-complementary;45;41;34;19;8;44;33;;;;;;;1976-05-to-2008-10;loto.csv
2000085-1;2000085;1;2000-10-21;SA;historic-6-plus-complementary;43;28;37;19;42;7;41;;;;;;;1976-05-to-2008-10;loto.csv
2000085-2;2000085;2;2000-10-21;SA;historic-6-plus-complementary;29;21;45;20;13;12;4;;;;;;;1976-05-to-2008-10;loto.csv
2000086-1;2000086;1;2000-10-25;ME;historic-6-plus-complementary;17;33;5;46;8;24;4;;;;;;;1976-05-to-2008-10;loto.csv
2000086-2;2000086;2;2000-10-25;ME;historic-6-plus-complementary;20;29;34;36;16;5;13;;;;;;;1976-05-to-2008-10;loto.csv
2000087-1;2000087;1;2000-10-28;SA;historic-6-plus-complementary;3;31;34;4;26;6;13;;;;;;;1976-05-to-2008-10;loto.csv
2000087-2;2000087;2;2000-10-28;SA;historic-6-plus-complementary;6;23;7;28;24;26;25;;;;;;;1976-05-to-2008-10;loto.csv
2000088-1;2000088;1;2000-11-01;ME;historic-6-plus-complementary;17;32;24;48;26;47;37;;;;;;;1976-05-to-2008-10;loto.csv
2000088-2;2000088;2;2000-11-01;ME;historic-6-plus-complementary;15;16;10;23;30;5;48;;;;;;;1976-05-to-2008-10;loto.csv
2000089-1;2000089;1;2000-11-04;SA;historic-6-plus-complementary;37;23;1;30;34;8;17;;;;;;;1976-05-to-2008-10;loto.csv
2000089-2;2000089;2;2000-11-04;SA;historic-6-plus-complementary;41;16;22;8;24;44;9;;;;;;;1976-05-to-2008-10;loto.csv
2000090-1;2000090;1;2000-11-08;ME;historic-6-plus-complementary;27;1;3;23;33;17;43;;;;;;;1976-05-to-2008-10;loto.csv
2000090-2;2000090;2;2000-11-08;ME;historic-6-plus-complementary;43;28;20;30;26;33;24;;;;;;;1976-05-to-2008-10;loto.csv
2000091-1;2000091;1;2000-11-11;SA;historic-6-plus-complementary;16;44;31;38;14;45;4;;;;;;;1976-05-to-2008-10;loto.csv
2000091-2;2000091;2;2000-11-11;SA;historic-6-plus-complementary;27;20;22;2;47;33;45;;;;;;;1976-05-to-2008-10;loto.csv
2000092-1;2000092;1;2000-11-15;ME;historic-6-plus-complementary;7;2;46;34;3;10;47;;;;;;;1976-05-to-2008-10;loto.csv
2000092-2;2000092;2;2000-11-15;ME;historic-6-plus-complementary;10;31;12;8;48;1;42;;;;;;;1976-05-to-2008-10;loto.csv
2000093-1;2000093;1;2000-11-18;SA;historic-6-plus-complementary;36;9;17;16;25;18;6;;;;;;;1976-05-to-2008-10;loto.csv
2000093-2;2000093;2;2000-11-18;SA;historic-6-plus-complementary;35;25;39;46;38;23;37;;;;;;;1976-05-to-2008-10;loto.csv
2000094-1;2000094;1;2000-11-22;ME;historic-6-plus-complementary;45;11;25;31;14;4;23;;;;;;;1976-05-to-2008-10;loto.csv
2000094-2;2000094;2;2000-11-22;ME;historic-6-plus-complementary;22;45;14;46;32;6;12;;;;;;;1976-05-to-2008-10;loto.csv
2000095-1;2000095;1;2000-11-25;SA;historic-6-plus-complementary;46;2;5;15;16;30;11;;;;;;;1976-05-to-2008-10;loto.csv
2000095-2;2000095;2;2000-11-25;SA;historic-6-plus-complementary;3;31;27;23;49;32;39;;;;;;;1976-05-to-2008-10;loto.csv
2000096-1;2000096;1;2000-11-29;ME;historic-6-plus-complementary;1;31;46;2;14;28;23;;;;;;;1976-05-to-2008-10;loto.csv
2000096-2;2000096;2;2000-11-29;ME;historic-6-plus-complementary;3;17;15;30;10;47;2;;;;;;;1976-05-to-2008-10;loto.csv
2000097-1;2000097;1;2000-12-02;SA;historic-6-plus-complementary;9;48;1;15;44;7;45;;;;;;;1976-05-to-2008-10;loto.csv
2000097-2;2000097;2;2000-12-02;SA;historic-6-plus-complementary;15;11;34;23;33;18;37;;;;;;;1976-05-to-2008-10;loto.csv
2000098-1;2000098;1;2000-12-06;ME;historic-6-plus-complementary;22;23;1;31;4;29;24;;;;;;;1976-05-to-2008-10;loto.csv
2000098-2;2000098;2;2000-12-06;ME;historic-6-plus-complementary;13;2;21;22;18;27;32;;;;;;;1976-05-to-2008-10;loto.csv
2000099-1;2000099;1;2000-12-09;SA;historic-6-plus-complementary;21;18;19;49;44;24;35;;;;;;;1976-05-to-2008-10;loto.csv
2000099-2;2000099;2;2000-12-09;SA;historic-6-plus-complementary;38;32;18;42;35;34;11;;;;;;;1976-05-to-2008-10;loto.csv
2000100-1;2000100;1;2000-12-13;ME;historic-6-plus-complementary;21;24;29;4;44;25;48;;;;;;;1976-05-to-2008-10;loto.csv
2000100-2;2000100;2;2000-12-13;ME;historic-6-plus-complementary;7;34;27;47;2;32;36;;;;;;;1976-05-to-2008-10;loto.csv
2000101-1;2000101;1;2000-12-16;SA;historic-6-plus-complementary;41;34;20;8;48;3;16;;;;;;;1976-05-to-2008-10;loto.csv
2000101-2;2000101;2;2000-12-16;SA;historic-6-plus-complementary;35;41;32;11;33;6;18;;;;;;;1976-05-to-2008-10;loto.csv
2000102-1;2000102;1;2000-12-20;ME;historic-6-plus-complementary;1;35;41;40;9;7;31;;;;;;;1976-05-to-2008-10;loto.csv
2000102-2;2000102;2;2000-12-20;ME;historic-6-plus-complementary;36;28;21;24;7;25;11;;;;;;;1976-05-to-2008-10;loto.csv
2000103-1;2000103;1;2000-12-23;SA;historic-6-plus-complementary;30;19;39;31;8;5;20;;;;;;;1976-05-to-2008-10;loto.csv
2000103-2;2000103;2;2000-12-23;SA;historic-6-plus-complementary;35;15;47;49;9;12;4;;;;;;;1976-05-to-2008-10;loto.csv
2000104-1;2000104;1;2000-12-27;ME;historic-6-plus-complementary;3;31;13;39;44;9;17;;;;;;;1976-05-to-2008-10;loto.csv
2000104-2;2000104;2;2000-12-27;ME;historic-6-plus-complementary;31;26;10;15;37;16;18;;;;;;;1976-05-to-2008-10;loto.csv
2000105-1;2000105;1;2000-12-30;SA;historic-6-plus-complementary;18;22;29;49;21;9;40;;;;;;;1976-05-to-2008-10;loto.csv
2000105-2;2000105;2;2000-12-30;SA;historic-6-plus-complementary;1;13;6;33;22;37;7;;;;;;;1976-05-to-2008-10;loto.csv
2001001-1;2001001;1;2001-01-03;ME;historic-6-plus-complementary;35;23;43;37;17;45;47;;;;;;;1976-05-to-2008-10;loto.csv
2001001-2;2001001;2;2001-01-03;ME;historic-6-plus-complementary;30;35;1;44;49;46;26;;;;;;;1976-05-to-2008-10;loto.csv
2001002-1;2001002;1;2001-01-06;SA;historic-6-plus-complementary;45;19;34;26;16;4;8;;;;;;;1976-05-to-2008-10;loto.csv
2001002-2;2001002;2;2001-01-06;SA;historic-6-plus-complementary;45;29;19;26;9;8;12;;;;;;;1976-05-to-2008-10;loto.csv
2001003-1;2001003;1;2001-01-10;ME;historic-6-plus-complementary;27;2;48;47;35;8;1;;;;;;;1976-05-to-2008-10;loto.csv
2001003-2;2001003;2;2001-01-10;ME;historic-6-plus-complementary;22;25;19;11;20;2;39;;;;;;;1976-05-to-2008-10;loto.csv
2001004-1;2001004;1;2001-01-13;SA;historic-6-plus-complementary;22;23;42;43;28;14;29;;;;;;;1976-05-to-2008-10;loto.csv
2001004-2;2001004;2;2001-01-13;SA;historic-6-plus-complementary;3;46;45;28;18;41;2;;;;;;;1976-05-to-2008-10;loto.csv
2001005-1;2001005;1;2001-01-17;ME;historic-6-plus-complementary;18;21;27;1;37;34;3;;;;;;;1976-05-to-2008-10;loto.csv
2001005-2;2001005;2;2001-01-17;ME;historic-6-plus-complementary;32;43;49;15;36;29;42;;;;;;;1976-05-to-2008-10;loto.csv
2001006-1;2001006;1;2001-01-20;SA;historic-6-plus-complementary;11;40;6;39;30;10;17;;;;;;;1976-05-to-2008-10;loto.csv
2001006-2;2001006;2;2001-01-20;SA;historic-6-plus-complementary;12;32;16;14;45;43;41;;;;;;;1976-05-to-2008-10;loto.csv
2001007-1;2001007;1;2001-01-24;ME;historic-6-plus-complementary;49;36;25;18;44;10;5;;;;;;;1976-05-to-2008-10;loto.csv
2001007-2;2001007;2;2001-01-24;ME;historic-6-plus-complementary;20;33;46;17;1;27;7;;;;;;;1976-05-to-2008-10;loto.csv
2001008-1;2001008;1;2001-01-27;SA;historic-6-plus-complementary;11;32;46;28;1;21;43;;;;;;;1976-05-to-2008-10;loto.csv
2001008-2;2001008;2;2001-01-27;SA;historic-6-plus-complementary;10;2;18;48;42;29;36;;;;;;;1976-05-to-2008-10;loto.csv
2001009-1;2001009;1;2001-01-31;ME;historic-6-plus-complementary;47;1;39;37;5;40;28;;;;;;;1976-05-to-2008-10;loto.csv
2001009-2;2001009;2;2001-01-31;ME;historic-6-plus-complementary;29;33;43;27;44;46;26;;;;;;;1976-05-to-2008-10;loto.csv
2001010-1;2001010;1;2001-02-03;SA;historic-6-plus-complementary;43;19;15;32;1;23;13;;;;;;;1976-05-to-2008-10;loto.csv
2001010-2;2001010;2;2001-02-03;SA;historic-6-plus-complementary;15;11;38;9;49;18;33;;;;;;;1976-05-to-2008-10;loto.csv
2001011-1;2001011;1;2001-02-07;ME;historic-6-plus-complementary;33;45;48;40;36;19;17;;;;;;;1976-05-to-2008-10;loto.csv
2001011-2;2001011;2;2001-02-07;ME;historic-6-plus-complementary;32;16;9;10;34;14;49;;;;;;;1976-05-to-2008-10;loto.csv
2001012-1;2001012;1;2001-02-10;SA;historic-6-plus-complementary;43;14;26;7;17;30;35;;;;;;;1976-05-to-2008-10;loto.csv
2001012-2;2001012;2;2001-02-10;SA;historic-6-plus-complementary;23;42;20;46;11;38;6;;;;;;;1976-05-to-2008-10;loto.csv
2001013-1;2001013;1;2001-02-14;ME;historic-6-plus-complementary;4;27;23;3;48;12;38;;;;;;;1976-05-to-2008-10;loto.csv
2001013-2;2001013;2;2001-02-14;ME;historic-6-plus-complementary;46;23;38;48;19;16;41;;;;;;;1976-05-to-2008-10;loto.csv
2001014-1;2001014;1;2001-02-17;SA;historic-6-plus-complementary;28;35;46;1;22;45;24;;;;;;;1976-05-to-2008-10;loto.csv
2001014-2;2001014;2;2001-02-17;SA;historic-6-plus-complementary;28;11;40;18;48;12;1;;;;;;;1976-05-to-2008-10;loto.csv
2001015-1;2001015;1;2001-02-21;ME;historic-6-plus-complementary;6;46;32;20;8;39;30;;;;;;;1976-05-to-2008-10;loto.csv
2001015-2;2001015;2;2001-02-21;ME;historic-6-plus-complementary;39;11;12;10;5;46;43;;;;;;;1976-05-to-2008-10;loto.csv
2001016-1;2001016;1;2001-02-24;SA;historic-6-plus-complementary;16;35;28;25;18;9;40;;;;;;;1976-05-to-2008-10;loto.csv
2001016-2;2001016;2;2001-02-24;SA;historic-6-plus-complementary;49;18;23;31;14;46;47;;;;;;;1976-05-to-2008-10;loto.csv
2001017-1;2001017;1;2001-02-28;ME;historic-6-plus-complementary;21;15;12;36;41;29;33;;;;;;;1976-05-to-2008-10;loto.csv
2001017-2;2001017;2;2001-02-28;ME;historic-6-plus-complementary;1;25;11;24;41;10;46;;;;;;;1976-05-to-2008-10;loto.csv
2001018-1;2001018;1;2001-03-03;SA;historic-6-plus-complementary;25;34;36;1;4;33;42;;;;;;;1976-05-to-2008-10;loto.csv
2001018-2;2001018;2;2001-03-03;SA;historic-6-plus-complementary;35;26;46;24;22;25;32;;;;;;;1976-05-to-2008-10;loto.csv
2001019-1;2001019;1;2001-03-07;ME;historic-6-plus-complementary;11;1;6;27;14;47;13;;;;;;;1976-05-to-2008-10;loto.csv
2001019-2;2001019;2;2001-03-07;ME;historic-6-plus-complementary;26;28;42;9;40;10;5;;;;;;;1976-05-to-2008-10;loto.csv
2001020-1;2001020;1;2001-03-10;SA;historic-6-plus-complementary;2;37;46;42;27;19;8;;;;;;;1976-05-to-2008-10;loto.csv
2001020-2;2001020;2;2001-03-10;SA;historic-6-plus-complementary;32;14;27;22;12;39;26;;;;;;;1976-05-to-2008-10;loto.csv
2001021-1;2001021;1;2001-03-14;ME;historic-6-plus-complementary;40;34;36;6;42;7;24;;;;;;;1976-05-to-2008-10;loto.csv
2001021-2;2001021;2;2001-03-14;ME;historic-6-plus-complementary;31;29;4;15;47;36;17;;;;;;;1976-05-to-2008-10;loto.csv
2001022-1;2001022;1;2001-03-17;SA;historic-6-plus-complementary;28;47;16;49;29;23;7;;;;;;;1976-05-to-2008-10;loto.csv
2001022-2;2001022;2;2001-03-17;SA;historic-6-plus-complementary;39;22;29;3;33;44;37;;;;;;;1976-05-to-2008-10;loto.csv
2001023-1;2001023;1;2001-03-21;ME;historic-6-plus-complementary;20;3;42;23;2;6;36;;;;;;;1976-05-to-2008-10;loto.csv
2001023-2;2001023;2;2001-03-21;ME;historic-6-plus-complementary;3;13;16;46;23;7;6;;;;;;;1976-05-to-2008-10;loto.csv
2001024-1;2001024;1;2001-03-24;SA;historic-6-plus-complementary;49;35;48;9;44;33;45;;;;;;;1976-05-to-2008-10;loto.csv
2001024-2;2001024;2;2001-03-24;SA;historic-6-plus-complementary;32;12;7;10;34;48;22;;;;;;;1976-05-to-2008-10;loto.csv
2001025-1;2001025;1;2001-03-28;ME;historic-6-plus-complementary;31;8;24;45;36;11;7;;;;;;;1976-05-to-2008-10;loto.csv
2001025-2;2001025;2;2001-03-28;ME;historic-6-plus-complementary;14;30;20;46;31;28;10;;;;;;;1976-05-to-2008-10;loto.csv
2001026-1;2001026;1;2001-03-31;SA;historic-6-plus-complementary;20;33;42;44;1;31;6;;;;;;;1976-05-to-2008-10;loto.csv
2001026-2;2001026;2;2001-03-31;SA;historic-6-plus-complementary;18;8;17;41;21;33;5;;;;;;;1976-05-to-2008-10;loto.csv
2001027-1;2001027;1;2001-04-04;ME;historic-6-plus-complementary;40;33;47;23;16;39;3;;;;;;;1976-05-to-2008-10;loto.csv
2001027-2;2001027;2;2001-04-04;ME;historic-6-plus-complementary;16;2;43;42;9;49;39;;;;;;;1976-05-to-2008-10;loto.csv
2001028-1;2001028;1;2001-04-07;SA;historic-6-plus-complementary;35;2;24;27;5;46;26;;;;;;;1976-05-to-2008-10;loto.csv
2001028-2;2001028;2;2001-04-07;SA;historic-6-plus-complementary;11;42;15;34;13;4;39;;;;;;;1976-05-to-2008-10;loto.csv
2001029-1;2001029;1;2001-04-11;ME;historic-6-plus-complementary;45;48;41;29;32;20;16;;;;;;;1976-05-to-2008-10;loto.csv
2001029-2;2001029;2;2001-04-11;ME;historic-6-plus-complementary;35;9;29;40;38;20;48;;;;;;;1976-05-to-2008-10;loto.csv
2001030-1;2001030;1;2001-04-14;SA;historic-6-plus-complementary;19;17;20;2;26;48;23;;;;;;;1976-05-to-2008-10;loto.csv
2001030-2;2001030;2;2001-04-14;SA;historic-6-plus-complementary;39;10;43;47;2;49;8;;;;;;;1976-05-to-2008-10;loto.csv
2001031-1;2001031;1;2001-04-18;ME;historic-6-plus-complementary;12;20;24;29;48;33;40;;;;;;;1976-05-to-2008-10;loto.csv
2001031-2;2001031;2;2001-04-18;ME;historic-6-plus-complementary;20;29;27;48;10;24;1;;;;;;;1976-05-to-2008-10;loto.csv
2001032-1;2001032;1;2001-04-21;SA;historic-6-plus-complementary;33;27;13;30;14;44;24;;;;;;;1976-05-to-2008-10;loto.csv
2001032-2;2001032;2;2001-04-21;SA;historic-6-plus-complementary;31;43;26;15;6;25;4;;;;;;;1976-05-to-2008-10;loto.csv
2001033-1;2001033;1;2001-04-25;ME;historic-6-plus-complementary;48;41;49;43;42;21;12;;;;;;;1976-05-to-2008-10;loto.csv
2001033-2;2001033;2;2001-04-25;ME;historic-6-plus-complementary;6;49;10;46;33;2;36;;;;;;;1976-05-to-2008-10;loto.csv
2001034-1;2001034;1;2001-04-28;SA;historic-6-plus-complementary;9;14;30;20;26;40;22;;;;;;;1976-05-to-2008-10;loto.csv
2001034-2;2001034;2;2001-04-28;SA;historic-6-plus-complementary;34;39;30;8;42;21;44;;;;;;;1976-05-to-2008-10;loto.csv
2001035-1;2001035;1;2001-05-02;ME;historic-6-plus-complementary;4;7;18;15;44;26;23;;;;;;;1976-05-to-2008-10;loto.csv
2001035-2;2001035;2;2001-05-02;ME;historic-6-plus-complementary;30;41;49;23;24;2;46;;;;;;;1976-05-to-2008-10;loto.csv
2001036-1;2001036;1;2001-05-05;SA;historic-6-plus-complementary;29;49;33;28;10;38;45;;;;;;;1976-05-to-2008-10;loto.csv
2001036-2;2001036;2;2001-05-05;SA;historic-6-plus-complementary;36;2;12;17;7;4;33;;;;;;;1976-05-to-2008-10;loto.csv
2001037-1;2001037;1;2001-05-09;ME;historic-6-plus-complementary;34;38;10;2;24;35;37;;;;;;;1976-05-to-2008-10;loto.csv
2001037-2;2001037;2;2001-05-09;ME;historic-6-plus-complementary;12;48;18;23;42;45;14;;;;;;;1976-05-to-2008-10;loto.csv
2001038-1;2001038;1;2001-05-12;SA;historic-6-plus-complementary;21;27;1;8;33;44;14;;;;;;;1976-05-to-2008-10;loto.csv
2001038-2;2001038;2;2001-05-12;SA;historic-6-plus-complementary;38;43;12;37;22;47;45;;;;;;;1976-05-to-2008-10;loto.csv
2001039-1;2001039;1;2001-05-16;ME;historic-6-plus-complementary;23;2;27;18;48;14;47;;;;;;;1976-05-to-2008-10;loto.csv
2001039-2;2001039;2;2001-05-16;ME;historic-6-plus-complementary;31;39;42;30;4;35;25;;;;;;;1976-05-to-2008-10;loto.csv
2001040-1;2001040;1;2001-05-19;SA;historic-6-plus-complementary;23;11;36;32;42;15;1;;;;;;;1976-05-to-2008-10;loto.csv
2001040-2;2001040;2;2001-05-19;SA;historic-6-plus-complementary;8;40;16;46;23;5;34;;;;;;;1976-05-to-2008-10;loto.csv
2001041-1;2001041;1;2001-05-23;ME;historic-6-plus-complementary;6;25;16;21;38;1;46;;;;;;;1976-05-to-2008-10;loto.csv
2001041-2;2001041;2;2001-05-23;ME;historic-6-plus-complementary;5;49;44;9;13;25;34;;;;;;;1976-05-to-2008-10;loto.csv
2001042-1;2001042;1;2001-05-26;SA;historic-6-plus-complementary;11;41;45;8;37;38;31;;;;;;;1976-05-to-2008-10;loto.csv
2001042-2;2001042;2;2001-05-26;SA;historic-6-plus-complementary;34;21;35;5;47;22;38;;;;;;;1976-05-to-2008-10;loto.csv
2001043-1;2001043;1;2001-05-30;ME;historic-6-plus-complementary;19;17;32;28;23;1;25;;;;;;;1976-05-to-2008-10;loto.csv
2001043-2;2001043;2;2001-05-30;ME;historic-6-plus-complementary;14;33;21;3;8;24;43;;;;;;;1976-05-to-2008-10;loto.csv
2001044-1;2001044;1;2001-06-02;SA;historic-6-plus-complementary;4;18;30;19;45;21;2;;;;;;;1976-05-to-2008-10;loto.csv
2001044-2;2001044;2;2001-06-02;SA;historic-6-plus-complementary;30;32;10;41;8;1;23;;;;;;;1976-05-to-2008-10;loto.csv
2001045-1;2001045;1;2001-06-06;ME;historic-6-plus-complementary;18;36;46;28;5;10;45;;;;;;;1976-05-to-2008-10;loto.csv
2001045-2;2001045;2;2001-06-06;ME;historic-6-plus-complementary;11;39;2;48;3;20;46;;;;;;;1976-05-to-2008-10;loto.csv
2001046-1;2001046;1;2001-06-09;SA;historic-6-plus-complementary;11;49;48;15;6;47;43;;;;;;;1976-05-to-2008-10;loto.csv
2001046-2;2001046;2;2001-06-09;SA;historic-6-plus-complementary;5;30;33;21;3;2;19;;;;;;;1976-05-to-2008-10;loto.csv
2001047-1;2001047;1;2001-06-13;ME;historic-6-plus-complementary;20;32;1;22;35;17;11;;;;;;;1976-05-to-2008-10;loto.csv
2001047-2;2001047;2;2001-06-13;ME;historic-6-plus-complementary;26;31;27;29;43;2;41;;;;;;;1976-05-to-2008-10;loto.csv
2001048-1;2001048;1;2001-06-16;SA;historic-6-plus-complementary;46;16;23;27;14;45;5;;;;;;;1976-05-to-2008-10;loto.csv
2001048-2;2001048;2;2001-06-16;SA;historic-6-plus-complementary;4;18;20;15;47;28;46;;;;;;;1976-05-to-2008-10;loto.csv
2001049-1;2001049;1;2001-06-20;ME;historic-6-plus-complementary;36;3;1;23;8;48;42;;;;;;;1976-05-to-2008-10;loto.csv
2001049-2;2001049;2;2001-06-20;ME;historic-6-plus-complementary;27;16;30;36;10;41;31;;;;;;;1976-05-to-2008-10;loto.csv
2001050-1;2001050;1;2001-06-23;SA;historic-6-plus-complementary;4;11;12;10;41;35;47;;;;;;;1976-05-to-2008-10;loto.csv
2001050-2;2001050;2;2001-06-23;SA;historic-6-plus-complementary;32;27;9;4;22;38;37;;;;;;;1976-05-to-2008-10;loto.csv
2001051-1;2001051;1;2001-06-27;ME;historic-6-plus-complementary;14;43;49;12;5;18;46;;;;;;;1976-05-to-2008-10;loto.csv
2001051-2;2001051;2;2001-06-27;ME;historic-6-plus-complementary;38;37;45;21;31;46;4;;;;;;;1976-05-to-2008-10;loto.csv
2001052-1;2001052;1;2001-06-30;SA;historic-6-plus-complementary;30;27;23;11;35;36;33;;;;;;;1976-05-to-2008-10;loto.csv
2001052-2;2001052;2;2001-06-30;SA;historic-6-plus-complementary;16;49;25;20;14;9;32;;;;;;;1976-05-to-2008-10;loto.csv
2001053-1;2001053;1;2001-07-04;ME;historic-6-plus-complementary;44;4;26;3;9;12;25;;;;;;;1976-05-to-2008-10;loto.csv
2001053-2;2001053;2;2001-07-04;ME;historic-6-plus-complementary;19;36;4;5;23;13;20;;;;;;;1976-05-to-2008-10;loto.csv
2001054-1;2001054;1;2001-07-07;SA;historic-6-plus-complementary;34;39;9;27;35;22;41;;;;;;;1976-05-to-2008-10;loto.csv
2001054-2;2001054;2;2001-07-07;SA;historic-6-plus-complementary;46;21;44;6;38;17;30;;;;;;;1976-05-to-2008-10;loto.csv
2001055-1;2001055;1;2001-07-11;ME;historic-6-plus-complementary;49;12;17;47;46;43;27;;;;;;;1976-05-to-2008-10;loto.csv
2001055-2;2001055;2;2001-07-11;ME;historic-6-plus-complementary;29;49;23;16;22;25;7;;;;;;;1976-05-to-2008-10;loto.csv
2001056-1;2001056;1;2001-07-14;SA;historic-6-plus-complementary;40;41;16;44;3;45;5;;;;;;;1976-05-to-2008-10;loto.csv
2001056-2;2001056;2;2001-07-14;SA;historic-6-plus-complementary;39;31;41;36;22;47;28;;;;;;;1976-05-to-2008-10;loto.csv
2001057-1;2001057;1;2001-07-18;ME;historic-6-plus-complementary;25;9;21;13;29;43;42;;;;;;;1976-05-to-2008-10;loto.csv
2001057-2;2001057;2;2001-07-18;ME;historic-6-plus-complementary;40;48;17;29;23;5;36;;;;;;;1976-05-to-2008-10;loto.csv
2001058-1;2001058;1;2001-07-21;SA;historic-6-plus-complementary;9;10;41;29;3;17;6;;;;;;;1976-05-to-2008-10;loto.csv
2001058-2;2001058;2;2001-07-21;SA;historic-6-plus-complementary;37;3;43;47;23;25;40;;;;;;;1976-05-to-2008-10;loto.csv
2001059-1;2001059;1;2001-07-25;ME;historic-6-plus-complementary;14;2;6;37;1;16;25;;;;;;;1976-05-to-2008-10;loto.csv
2001059-2;2001059;2;2001-07-25;ME;historic-6-plus-complementary;7;44;2;17;15;27;40;;;;;;;1976-05-to-2008-10;loto.csv
2001060-1;2001060;1;2001-07-28;SA;historic-6-plus-complementary;35;15;23;6;20;39;30;;;;;;;1976-05-to-2008-10;loto.csv
2001060-2;2001060;2;2001-07-28;SA;historic-6-plus-complementary;10;20;39;2;5;22;17;;;;;;;1976-05-to-2008-10;loto.csv
2001061-1;2001061;1;2001-08-01;ME;historic-6-plus-complementary;23;40;20;9;19;18;47;;;;;;;1976-05-to-2008-10;loto.csv
2001061-2;2001061;2;2001-08-01;ME;historic-6-plus-complementary;4;6;19;13;30;33;22;;;;;;;1976-05-to-2008-10;loto.csv
2001062-1;2001062;1;2001-08-04;SA;historic-6-plus-complementary;30;10;32;49;42;29;41;;;;;;;1976-05-to-2008-10;loto.csv
2001062-2;2001062;2;2001-08-04;SA;historic-6-plus-complementary;46;23;1;36;15;22;13;;;;;;;1976-05-to-2008-10;loto.csv
2001063-1;2001063;1;2001-08-08;ME;historic-6-plus-complementary;15;7;13;20;24;27;6;;;;;;;1976-05-to-2008-10;loto.csv
2001063-2;2001063;2;2001-08-08;ME;historic-6-plus-complementary;18;6;27;38;49;46;21;;;;;;;1976-05-to-2008-10;loto.csv
2001064-1;2001064;1;2001-08-11;SA;historic-6-plus-complementary;6;43;45;41;10;28;3;;;;;;;1976-05-to-2008-10;loto.csv
2001064-2;2001064;2;2001-08-11;SA;historic-6-plus-complementary;27;34;10;37;45;39;35;;;;;;;1976-05-to-2008-10;loto.csv
2001065-1;2001065;1;2001-08-15;ME;historic-6-plus-complementary;34;39;37;36;19;42;18;;;;;;;1976-05-to-2008-10;loto.csv
2001065-2;2001065;2;2001-08-15;ME;historic-6-plus-complementary;32;3;49;22;29;14;33;;;;;;;1976-05-to-2008-10;loto.csv
2001066-1;2001066;1;2001-08-18;SA;historic-6-plus-complementary;46;6;25;32;7;4;16;;;;;;;1976-05-to-2008-10;loto.csv
2001066-2;2001066;2;2001-08-18;SA;historic-6-plus-complementary;21;19;24;27;2;29;16;;;;;;;1976-05-to-2008-10;loto.csv
2001067-1;2001067;1;2001-08-22;ME;historic-6-plus-complementary;15;9;24;25;36;21;16;;;;;;;1976-05-to-2008-10;loto.csv
2001067-2;2001067;2;2001-08-22;ME;historic-6-plus-complementary;18;19;36;13;6;11;16;;;;;;;1976-05-to-2008-10;loto.csv
2001068-1;2001068;1;2001-08-25;SA;historic-6-plus-complementary;25;36;4;1;47;22;42;;;;;;;1976-05-to-2008-10;loto.csv
2001068-2;2001068;2;2001-08-25;SA;historic-6-plus-complementary;36;34;7;29;31;18;44;;;;;;;1976-05-to-2008-10;loto.csv
2001069-1;2001069;1;2001-08-29;ME;historic-6-plus-complementary;30;35;27;39;8;28;13;;;;;;;1976-05-to-2008-10;loto.csv
2001069-2;2001069;2;2001-08-29;ME;historic-6-plus-complementary;31;48;23;15;37;19;10;;;;;;;1976-05-to-2008-10;loto.csv
2001070-1;2001070;1;2001-09-01;SA;historic-6-plus-complementary;32;31;16;36;30;41;33;;;;;;;1976-05-to-2008-10;loto.csv
2001070-2;2001070;2;2001-09-01;SA;historic-6-plus-complementary;2;43;20;27;3;45;17;;;;;;;1976-05-to-2008-10;loto.csv
2001071-1;2001071;1;2001-09-05;ME;historic-6-plus-complementary;48;39;19;47;23;40;14;;;;;;;1976-05-to-2008-10;loto.csv
2001071-2;2001071;2;2001-09-05;ME;historic-6-plus-complementary;15;7;31;11;27;1;41;;;;;;;1976-05-to-2008-10;loto.csv
2001072-1;2001072;1;2001-09-08;SA;historic-6-plus-complementary;15;25;2;48;38;6;1;;;;;;;1976-05-to-2008-10;loto.csv
2001072-2;2001072;2;2001-09-08;SA;historic-6-plus-complementary;45;49;44;9;16;25;6;;;;;;;1976-05-to-2008-10;loto.csv
2001073-1;2001073;1;2001-09-12;ME;historic-6-plus-complementary;34;35;13;23;12;14;7;;;;;;;1976-05-to-2008-10;loto.csv
2001073-2;2001073;2;2001-09-12;ME;historic-6-plus-complementary;46;47;15;30;43;3;31;;;;;;;1976-05-to-2008-10;loto.csv
2001074-1;2001074;1;2001-09-15;SA;historic-6-plus-complementary;22;30;48;13;20;17;36;;;;;;;1976-05-to-2008-10;loto.csv
2001074-2;2001074;2;2001-09-15;SA;historic-6-plus-complementary;46;37;47;22;6;45;44;;;;;;;1976-05-to-2008-10;loto.csv
2001075-1;2001075;1;2001-09-19;ME;historic-6-plus-complementary;12;6;35;42;34;3;10;;;;;;;1976-05-to-2008-10;loto.csv
2001075-2;2001075;2;2001-09-19;ME;historic-6-plus-complementary;37;10;31;13;32;29;2;;;;;;;1976-05-to-2008-10;loto.csv
2001076-1;2001076;1;2001-09-22;SA;historic-6-plus-complementary;38;40;24;35;48;27;19;;;;;;;1976-05-to-2008-10;loto.csv
2001076-2;2001076;2;2001-09-22;SA;historic-6-plus-complementary;39;16;17;37;27;40;20;;;;;;;1976-05-to-2008-10;loto.csv
2001077-1;2001077;1;2001-09-26;ME;historic-6-plus-complementary;39;19;45;30;35;33;46;;;;;;;1976-05-to-2008-10;loto.csv
2001077-2;2001077;2;2001-09-26;ME;historic-6-plus-complementary;1;26;10;41;30;21;18;;;;;;;1976-05-to-2008-10;loto.csv
2001078-1;2001078;1;2001-09-29;SA;historic-6-plus-complementary;27;49;22;3;18;26;39;;;;;;;1976-05-to-2008-10;loto.csv
2001078-2;2001078;2;2001-09-29;SA;historic-6-plus-complementary;48;14;23;38;39;34;32;;;;;;;1976-05-to-2008-10;loto.csv
2001079-1;2001079;1;2001-10-03;ME;historic-6-plus-complementary;44;32;33;42;43;29;17;;;;;;;1976-05-to-2008-10;loto.csv
2001079-2;2001079;2;2001-10-03;ME;historic-6-plus-complementary;5;49;12;22;10;30;4;;;;;;;1976-05-to-2008-10;loto.csv
2001080-1;2001080;1;2001-10-06;SA;historic-6-plus-complementary;41;38;36;30;27;45;39;;;;;;;1976-05-to-2008-10;loto.csv
2001080-2;2001080;2;2001-10-06;SA;historic-6-plus-complementary;6;20;27;39;4;33;37;;;;;;;1976-05-to-2008-10;loto.csv
2001081-1;2001081;1;2001-10-10;ME;historic-6-plus-complementary;19;14;26;16;22;45;24;;;;;;;1976-05-to-2008-10;loto.csv
2001081-2;2001081;2;2001-10-10;ME;historic-6-plus-complementary;17;38;1;48;23;7;46;;;;;;;1976-05-to-2008-10;loto.csv
2001082-1;2001082;1;2001-10-13;SA;historic-6-plus-complementary;1;30;21;12;20;48;10;;;;;;;1976-05-to-2008-10;loto.csv
2001082-2;2001082;2;2001-10-13;SA;historic-6-plus-complementary;37;2;36;28;33;6;49;;;;;;;1976-05-to-2008-10;loto.csv
2001083-1;2001083;1;2001-10-17;ME;historic-6-plus-complementary;43;12;4;9;18;10;40;;;;;;;1976-05-to-2008-10;loto.csv
2001083-2;2001083;2;2001-10-17;ME;historic-6-plus-complementary;8;17;26;35;44;21;27;;;;;;;1976-05-to-2008-10;loto.csv
2001084-1;2001084;1;2001-10-20;SA;historic-6-plus-complementary;44;36;30;24;23;40;11;;;;;;;1976-05-to-2008-10;loto.csv
2001084-2;2001084;2;2001-10-20;SA;historic-6-plus-complementary;35;24;3;38;23;10;12;;;;;;;1976-05-to-2008-10;loto.csv
2001085-1;2001085;1;2001-10-24;ME;historic-6-plus-complementary;15;35;6;4;11;9;13;;;;;;;1976-05-to-2008-10;loto.csv
2001085-2;2001085;2;2001-10-24;ME;historic-6-plus-complementary;34;1;45;39;35;12;32;;;;;;;1976-05-to-2008-10;loto.csv
2001086-1;2001086;1;2001-10-27;SA;historic-6-plus-complementary;37;32;28;6;26;34;2;;;;;;;1976-05-to-2008-10;loto.csv
2001086-2;2001086;2;2001-10-27;SA;historic-6-plus-complementary;6;2;27;46;10;9;4;;;;;;;1976-05-to-2008-10;loto.csv
2001087-1;2001087;1;2001-10-31;ME;historic-6-plus-complementary;45;9;25;29;47;15;49;;;;;;;1976-05-to-2008-10;loto.csv
2001087-2;2001087;2;2001-10-31;ME;historic-6-plus-complementary;11;28;32;40;38;24;34;;;;;;;1976-05-to-2008-10;loto.csv
2001088-1;2001088;1;2001-11-03;SA;historic-6-plus-complementary;5;10;9;30;42;28;36;;;;;;;1976-05-to-2008-10;loto.csv
2001088-2;2001088;2;2001-11-03;SA;historic-6-plus-complementary;8;25;36;12;22;6;42;;;;;;;1976-05-to-2008-10;loto.csv
2001089-1;2001089;1;2001-11-07;ME;historic-6-plus-complementary;31;24;22;46;35;37;29;;;;;;;1976-05-to-2008-10;loto.csv
2001089-2;2001089;2;2001-11-07;ME;historic-6-plus-complementary;19;32;40;20;37;28;9;;;;;;;1976-05-to-2008-10;loto.csv
2001090-1;2001090;1;2001-11-10;SA;historic-6-plus-complementary;34;41;11;44;5;47;28;;;;;;;1976-05-to-2008-10;loto.csv
2001090-2;2001090;2;2001-11-10;SA;historic-6-plus-complementary;1;27;18;26;16;14;24;;;;;;;1976-05-to-2008-10;loto.csv
2001091-1;2001091;1;2001-11-14;ME;historic-6-plus-complementary;5;45;34;31;28;37;3;;;;;;;1976-05-to-2008-10;loto.csv
2001091-2;2001091;2;2001-11-14;ME;historic-6-plus-complementary;6;44;9;45;37;41;27;;;;;;;1976-05-to-2008-10;loto.csv
2001092-1;2001092;1;2001-11-17;SA;historic-6-plus-complementary;4;6;10;39;31;21;23;;;;;;;1976-05-to-2008-10;loto.csv
2001092-2;2001092;2;2001-11-17;SA;historic-6-plus-complementary;28;36;31;34;7;2;40;;;;;;;1976-05-to-2008-10;loto.csv
2001093-1;2001093;1;2001-11-21;ME;historic-6-plus-complementary;35;4;5;49;3;2;46;;;;;;;1976-05-to-2008-10;loto.csv
2001093-2;2001093;2;2001-11-21;ME;historic-6-plus-complementary;33;47;16;42;37;35;41;;;;;;;1976-05-to-2008-10;loto.csv
2001094-1;2001094;1;2001-11-24;SA;historic-6-plus-complementary;41;27;9;8;32;10;39;;;;;;;1976-05-to-2008-10;loto.csv
2001094-2;2001094;2;2001-11-24;SA;historic-6-plus-complementary;24;16;27;1;37;25;13;;;;;;;1976-05-to-2008-10;loto.csv
2001095-1;2001095;1;2001-11-28;ME;historic-6-plus-complementary;23;21;7;11;31;27;29;;;;;;;1976-05-to-2008-10;loto.csv
2001095-2;2001095;2;2001-11-28;ME;historic-6-plus-complementary;36;25;31;29;32;37;17;;;;;;;1976-05-to-2008-10;loto.csv
2001096-1;2001096;1;2001-12-01;SA;historic-6-plus-complementary;38;39;26;41;45;36;20;;;;;;;1976-05-to-2008-10;loto.csv
2001096-2;2001096;2;2001-12-01;SA;historic-6-plus-complementary;19;1;25;20;22;39;48;;;;;;;1976-05-to-2008-10;loto.csv
2001097-1;2001097;1;2001-12-05;ME;historic-6-plus-complementary;8;37;49;29;24;35;14;;;;;;;1976-05-to-2008-10;loto.csv
2001097-2;2001097;2;2001-12-05;ME;historic-6-plus-complementary;35;36;19;28;7;15;10;;;;;;;1976-05-to-2008-10;loto.csv
2001098-1;2001098;1;2001-12-08;SA;historic-6-plus-complementary;45;9;41;6;39;20;5;;;;;;;1976-05-to-2008-10;loto.csv
2001098-2;2001098;2;2001-12-08;SA;historic-6-plus-complementary;42;17;34;14;48;10;3;;;;;;;1976-05-to-2008-10;loto.csv
2001099-1;2001099;1;2001-12-12;ME;historic-6-plus-complementary;28;2;19;43;41;23;22;;;;;;;1976-05-to-2008-10;loto.csv
2001099-2;2001099;2;2001-12-12;ME;historic-6-plus-complementary;5;35;44;17;37;23;15;;;;;;;1976-05-to-2008-10;loto.csv
2001100-1;2001100;1;2001-12-15;SA;historic-6-plus-complementary;26;21;45;24;2;35;1;;;;;;;1976-05-to-2008-10;loto.csv
2001100-2;2001100;2;2001-12-15;SA;historic-6-plus-complementary;16;14;11;40;27;4;47;;;;;;;1976-05-to-2008-10;loto.csv
2001101-1;2001101;1;2001-12-19;ME;historic-6-plus-complementary;48;1;5;9;24;27;29;;;;;;;1976-05-to-2008-10;loto.csv
2001101-2;2001101;2;2001-12-19;ME;historic-6-plus-complementary;49;20;35;16;47;25;36;;;;;;;1976-05-to-2008-10;loto.csv
2001102-1;2001102;1;2001-12-22;SA;historic-6-plus-complementary;13;21;36;23;16;5;43;;;;;;;1976-05-to-2008-10;loto.csv
2001102-2;2001102;2;2001-12-22;SA;historic-6-plus-complementary;31;36;38;22;2;4;40;;;;;;;1976-05-to-2008-10;loto.csv
2001103-1;2001103;1;2001-12-26;ME;historic-6-plus-complementary;8;7;37;34;44;28;32;;;;;;;1976-05-to-2008-10;loto.csv
2001103-2;2001103;2;2001-12-26;ME;historic-6-plus-complementary;40;1;36;41;28;26;25;;;;;;;1976-05-to-2008-10;loto.csv
2001104-1;2001104;1;2001-12-29;SA;historic-6-plus-complementary;37;24;44;35;46;12;17;;;;;;;1976-05-to-2008-10;loto.csv
2001104-2;2001104;2;2001-12-29;SA;historic-6-plus-complementary;17;40;28;37;44;30;15;;;;;;;1976-05-to-2008-10;loto.csv
2002001-1;2002001;1;2002-01-02;ME;historic-6-plus-complementary;5;39;7;28;18;43;24;;;;;;;1976-05-to-2008-10;loto.csv
2002001-2;2002001;2;2002-01-02;ME;historic-6-plus-complementary;9;16;34;17;36;3;33;;;;;;;1976-05-to-2008-10;loto.csv
2002002-1;2002002;1;2002-01-05;SA;historic-6-plus-complementary;9;34;13;25;7;45;28;;;;;;;1976-05-to-2008-10;loto.csv
2002002-2;2002002;2;2002-01-05;SA;historic-6-plus-complementary;3;19;27;16;24;14;26;;;;;;;1976-05-to-2008-10;loto.csv
2002003-1;2002003;1;2002-01-09;ME;historic-6-plus-complementary;8;12;48;19;2;45;46;;;;;;;1976-05-to-2008-10;loto.csv
2002003-2;2002003;2;2002-01-09;ME;historic-6-plus-complementary;21;10;44;7;5;36;22;;;;;;;1976-05-to-2008-10;loto.csv
2002004-1;2002004;1;2002-01-12;SA;historic-6-plus-complementary;42;12;3;45;26;47;2;;;;;;;1976-05-to-2008-10;loto.csv
2002004-2;2002004;2;2002-01-12;SA;historic-6-plus-complementary;20;29;31;48;17;34;16;;;;;;;1976-05-to-2008-10;loto.csv
2002005-1;2002005;1;2002-01-16;ME;historic-6-plus-complementary;13;26;48;41;30;29;37;;;;;;;1976-05-to-2008-10;loto.csv
2002005-2;2002005;2;2002-01-16;ME;historic-6-plus-complementary;35;26;18;14;17;42;5;;;;;;;1976-05-to-2008-10;loto.csv
2002006-1;2002006;1;2002-01-19;SA;historic-6-plus-complementary;46;3;17;44;25;37;2;;;;;;;1976-05-to-2008-10;loto.csv
2002006-2;2002006;2;2002-01-19;SA;historic-6-plus-complementary;29;1;27;45;17;40;21;;;;;;;1976-05-to-2008-10;loto.csv
2002007-1;2002007;1;2002-01-23;ME;historic-6-plus-complementary;5;32;19;45;34;13;36;;;;;;;1976-05-to-2008-10;loto.csv
2002007-2;2002007;2;2002-01-23;ME;historic-6-plus-complementary;34;44;4;43;45;3;9;;;;;;;1976-05-to-2008-10;loto.csv
2002008-1;2002008;1;2002-01-26;SA;historic-6-plus-complementary;23;40;33;10;14;3;4;;;;;;;1976-05-to-2008-10;loto.csv
2002008-2;2002008;2;2002-01-26;SA;historic-6-plus-complementary;18;24;7;41;27;47;44;;;;;;;1976-05-to-2008-10;loto.csv
2002009-1;2002009;1;2002-01-30;ME;historic-6-plus-complementary;25;5;46;22;21;1;33;;;;;;;1976-05-to-2008-10;loto.csv
2002009-2;2002009;2;2002-01-30;ME;historic-6-plus-complementary;14;10;26;21;19;40;37;;;;;;;1976-05-to-2008-10;loto.csv
2002010-1;2002010;1;2002-02-02;SA;historic-6-plus-complementary;48;14;5;45;6;29;42;;;;;;;1976-05-to-2008-10;loto.csv
2002010-2;2002010;2;2002-02-02;SA;historic-6-plus-complementary;47;19;4;10;30;44;36;;;;;;;1976-05-to-2008-10;loto.csv
2002011-1;2002011;1;2002-02-06;ME;historic-6-plus-complementary;33;18;14;10;7;3;36;;;;;;;1976-05-to-2008-10;loto.csv
2002011-2;2002011;2;2002-02-06;ME;historic-6-plus-complementary;2;45;12;43;38;41;30;;;;;;;1976-05-to-2008-10;loto.csv
2002012-1;2002012;1;2002-02-09;SA;historic-6-plus-complementary;41;4;46;31;32;43;29;;;;;;;1976-05-to-2008-10;loto.csv
2002012-2;2002012;2;2002-02-09;SA;historic-6-plus-complementary;9;7;3;31;4;49;6;;;;;;;1976-05-to-2008-10;loto.csv
2002013-1;2002013;1;2002-02-13;ME;historic-6-plus-complementary;44;12;37;31;24;2;45;;;;;;;1976-05-to-2008-10;loto.csv
2002013-2;2002013;2;2002-02-13;ME;historic-6-plus-complementary;2;39;23;38;17;13;37;;;;;;;1976-05-to-2008-10;loto.csv
2002014-1;2002014;1;2002-02-16;SA;historic-6-plus-complementary;47;21;23;7;37;46;35;;;;;;;1976-05-to-2008-10;loto.csv
2002014-2;2002014;2;2002-02-16;SA;historic-6-plus-complementary;35;47;31;42;4;34;17;;;;;;;1976-05-to-2008-10;loto.csv
2002015-1;2002015;1;2002-02-20;ME;historic-6-plus-complementary;6;46;4;19;8;42;40;;;;;;;1976-05-to-2008-10;loto.csv
2002015-2;2002015;2;2002-02-20;ME;historic-6-plus-complementary;16;2;24;4;45;44;37;;;;;;;1976-05-to-2008-10;loto.csv
2002016-1;2002016;1;2002-02-23;SA;historic-6-plus-complementary;3;49;17;43;11;1;2;;;;;;;1976-05-to-2008-10;loto.csv
2002016-2;2002016;2;2002-02-23;SA;historic-6-plus-complementary;39;20;11;23;3;27;32;;;;;;;1976-05-to-2008-10;loto.csv
2002017-1;2002017;1;2002-02-27;ME;historic-6-plus-complementary;43;29;45;6;32;24;25;;;;;;;1976-05-to-2008-10;loto.csv
2002017-2;2002017;2;2002-02-27;ME;historic-6-plus-complementary;18;4;37;42;46;23;14;;;;;;;1976-05-to-2008-10;loto.csv
2002018-1;2002018;1;2002-03-02;SA;historic-6-plus-complementary;10;39;1;37;40;48;29;;;;;;;1976-05-to-2008-10;loto.csv
2002018-2;2002018;2;2002-03-02;SA;historic-6-plus-complementary;32;29;49;23;45;22;30;;;;;;;1976-05-to-2008-10;loto.csv
2002019-1;2002019;1;2002-03-06;ME;historic-6-plus-complementary;16;3;1;33;10;32;19;;;;;;;1976-05-to-2008-10;loto.csv
2002019-2;2002019;2;2002-03-06;ME;historic-6-plus-complementary;34;49;9;17;22;30;18;;;;;;;1976-05-to-2008-10;loto.csv
2002020-1;2002020;1;2002-03-09;SA;historic-6-plus-complementary;22;30;38;15;25;20;48;;;;;;;1976-05-to-2008-10;loto.csv
2002020-2;2002020;2;2002-03-09;SA;historic-6-plus-complementary;8;21;25;48;34;31;39;;;;;;;1976-05-to-2008-10;loto.csv
2002021-1;2002021;1;2002-03-13;ME;historic-6-plus-complementary;26;21;45;25;6;38;33;;;;;;;1976-05-to-2008-10;loto.csv
2002021-2;2002021;2;2002-03-13;ME;historic-6-plus-complementary;39;18;42;11;8;25;22;;;;;;;1976-05-to-2008-10;loto.csv
2002022-1;2002022;1;2002-03-16;SA;historic-6-plus-complementary;12;34;39;17;40;15;44;;;;;;;1976-05-to-2008-10;loto.csv
2002022-2;2002022;2;2002-03-16;SA;historic-6-plus-complementary;31;33;26;40;3;37;18;;;;;;;1976-05-to-2008-10;loto.csv
2002023-1;2002023;1;2002-03-20;ME;historic-6-plus-complementary;14;17;27;16;37;39;8;;;;;;;1976-05-to-2008-10;loto.csv
2002023-2;2002023;2;2002-03-20;ME;historic-6-plus-complementary;43;48;38;14;49;21;9;;;;;;;1976-05-to-2008-10;loto.csv
2002024-1;2002024;1;2002-03-23;SA;historic-6-plus-complementary;2;47;39;13;36;9;12;;;;;;;1976-05-to-2008-10;loto.csv
2002024-2;2002024;2;2002-03-23;SA;historic-6-plus-complementary;10;8;42;3;46;5;1;;;;;;;1976-05-to-2008-10;loto.csv
2002025-1;2002025;1;2002-03-27;ME;historic-6-plus-complementary;47;35;21;30;49;14;12;;;;;;;1976-05-to-2008-10;loto.csv
2002025-2;2002025;2;2002-03-27;ME;historic-6-plus-complementary;23;32;19;16;26;7;47;;;;;;;1976-05-to-2008-10;loto.csv
2002026-1;2002026;1;2002-03-30;SA;historic-6-plus-complementary;48;25;40;13;24;16;4;;;;;;;1976-05-to-2008-10;loto.csv
2002026-2;2002026;2;2002-03-30;SA;historic-6-plus-complementary;10;2;1;4;9;36;22;;;;;;;1976-05-to-2008-10;loto.csv
2002027-1;2002027;1;2002-04-03;ME;historic-6-plus-complementary;15;38;29;18;43;6;36;;;;;;;1976-05-to-2008-10;loto.csv
2002027-2;2002027;2;2002-04-03;ME;historic-6-plus-complementary;36;24;33;38;15;7;25;;;;;;;1976-05-to-2008-10;loto.csv
2002028-1;2002028;1;2002-04-06;SA;historic-6-plus-complementary;16;25;19;9;4;2;34;;;;;;;1976-05-to-2008-10;loto.csv
2002028-2;2002028;2;2002-04-06;SA;historic-6-plus-complementary;15;10;2;8;13;28;25;;;;;;;1976-05-to-2008-10;loto.csv
2002029-1;2002029;1;2002-04-10;ME;historic-6-plus-complementary;4;13;12;47;35;42;21;;;;;;;1976-05-to-2008-10;loto.csv
2002029-2;2002029;2;2002-04-10;ME;historic-6-plus-complementary;27;9;36;22;46;23;20;;;;;;;1976-05-to-2008-10;loto.csv
2002030-1;2002030;1;2002-04-13;SA;historic-6-plus-complementary;12;24;30;1;38;11;2;;;;;;;1976-05-to-2008-10;loto.csv
2002030-2;2002030;2;2002-04-13;SA;historic-6-plus-complementary;34;15;8;18;22;33;23;;;;;;;1976-05-to-2008-10;loto.csv
2002031-1;2002031;1;2002-04-17;ME;historic-6-plus-complementary;15;31;11;7;27;44;28;;;;;;;1976-05-to-2008-10;loto.csv
2002031-2;2002031;2;2002-04-17;ME;historic-6-plus-complementary;15;27;6;33;26;24;23;;;;;;;1976-05-to-2008-10;loto.csv
2002032-1;2002032;1;2002-04-20;SA;historic-6-plus-complementary;46;34;11;20;16;5;39;;;;;;;1976-05-to-2008-10;loto.csv
2002032-2;2002032;2;2002-04-20;SA;historic-6-plus-complementary;33;3;20;41;11;6;25;;;;;;;1976-05-to-2008-10;loto.csv
2002033-1;2002033;1;2002-04-24;ME;historic-6-plus-complementary;36;25;10;26;41;16;39;;;;;;;1976-05-to-2008-10;loto.csv
2002033-2;2002033;2;2002-04-24;ME;historic-6-plus-complementary;44;13;32;16;49;33;23;;;;;;;1976-05-to-2008-10;loto.csv
2002034-1;2002034;1;2002-04-27;SA;historic-6-plus-complementary;12;44;24;37;20;11;10;;;;;;;1976-05-to-2008-10;loto.csv
2002034-2;2002034;2;2002-04-27;SA;historic-6-plus-complementary;12;29;2;16;4;48;33;;;;;;;1976-05-to-2008-10;loto.csv
2002035-1;2002035;1;2002-05-01;ME;historic-6-plus-complementary;12;38;17;16;18;14;5;;;;;;;1976-05-to-2008-10;loto.csv
2002035-2;2002035;2;2002-05-01;ME;historic-6-plus-complementary;11;39;4;34;16;3;46;;;;;;;1976-05-to-2008-10;loto.csv
2002036-1;2002036;1;2002-05-04;SA;historic-6-plus-complementary;22;13;38;7;46;34;19;;;;;;;1976-05-to-2008-10;loto.csv
2002036-2;2002036;2;2002-05-04;SA;historic-6-plus-complementary;39;31;15;5;34;6;20;;;;;;;1976-05-to-2008-10;loto.csv
2002037-1;2002037;1;2002-05-08;ME;historic-6-plus-complementary;35;10;31;23;6;33;14;;;;;;;1976-05-to-2008-10;loto.csv
2002037-2;2002037;2;2002-05-08;ME;historic-6-plus-complementary;8;42;44;32;22;27;41;;;;;;;1976-05-to-2008-10;loto.csv
2002038-1;2002038;1;2002-05-11;SA;historic-6-plus-complementary;23;38;44;48;47;9;40;;;;;;;1976-05-to-2008-10;loto.csv
2002038-2;2002038;2;2002-05-11;SA;historic-6-plus-complementary;14;22;35;46;23;45;12;;;;;;;1976-05-to-2008-10;loto.csv
2002039-1;2002039;1;2002-05-15;ME;historic-6-plus-complementary;32;18;39;22;30;1;12;;;;;;;1976-05-to-2008-10;loto.csv
2002039-2;2002039;2;2002-05-15;ME;historic-6-plus-complementary;47;36;45;22;39;42;3;;;;;;;1976-05-to-2008-10;loto.csv
2002040-1;2002040;1;2002-05-18;SA;historic-6-plus-complementary;11;48;30;13;31;37;32;;;;;;;1976-05-to-2008-10;loto.csv
2002040-2;2002040;2;2002-05-18;SA;historic-6-plus-complementary;25;34;1;46;6;24;41;;;;;;;1976-05-to-2008-10;loto.csv
2002041-1;2002041;1;2002-05-22;ME;historic-6-plus-complementary;34;19;42;49;46;28;41;;;;;;;1976-05-to-2008-10;loto.csv
2002041-2;2002041;2;2002-05-22;ME;historic-6-plus-complementary;39;31;9;36;22;43;46;;;;;;;1976-05-to-2008-10;loto.csv
2002042-1;2002042;1;2002-05-25;SA;historic-6-plus-complementary;6;8;32;27;29;24;18;;;;;;;1976-05-to-2008-10;loto.csv
2002042-2;2002042;2;2002-05-25;SA;historic-6-plus-complementary;38;31;5;4;20;33;34;;;;;;;1976-05-to-2008-10;loto.csv
2002043-1;2002043;1;2002-05-29;ME;historic-6-plus-complementary;21;5;39;32;38;36;22;;;;;;;1976-05-to-2008-10;loto.csv
2002043-2;2002043;2;2002-05-29;ME;historic-6-plus-complementary;5;10;8;9;11;20;39;;;;;;;1976-05-to-2008-10;loto.csv
2002044-1;2002044;1;2002-06-01;SA;historic-6-plus-complementary;38;1;28;8;19;4;45;;;;;;;1976-05-to-2008-10;loto.csv
2002044-2;2002044;2;2002-06-01;SA;historic-6-plus-complementary;46;5;40;1;47;27;33;;;;;;;1976-05-to-2008-10;loto.csv
2002045-1;2002045;1;2002-06-05;ME;historic-6-plus-complementary;32;12;8;34;28;30;36;;;;;;;1976-05-to-2008-10;loto.csv
2002045-2;2002045;2;2002-06-05;ME;historic-6-plus-complementary;34;12;20;8;13;9;15;;;;;;;1976-05-to-2008-10;loto.csv
2002046-1;2002046;1;2002-06-08;SA;historic-6-plus-complementary;34;42;49;1;19;6;7;;;;;;;1976-05-to-2008-10;loto.csv
2002046-2;2002046;2;2002-06-08;SA;historic-6-plus-complementary;35;13;26;11;5;15;8;;;;;;;1976-05-to-2008-10;loto.csv
2002047-1;2002047;1;2002-06-12;ME;historic-6-plus-complementary;29;36;1;2;35;41;48;;;;;;;1976-05-to-2008-10;loto.csv
2002047-2;2002047;2;2002-06-12;ME;historic-6-plus-complementary;35;21;37;27;43;30;42;;;;;;;1976-05-to-2008-10;loto.csv
2002048-1;2002048;1;2002-06-15;SA;historic-6-plus-complementary;21;30;34;2;42;45;15;;;;;;;1976-05-to-2008-10;loto.csv
2002048-2;2002048;2;2002-06-15;SA;historic-6-plus-complementary;40;42;45;33;28;23;21;;;;;;;1976-05-to-2008-10;loto.csv
2002049-1;2002049;1;2002-06-19;ME;historic-6-plus-complementary;32;34;2;7;29;13;41;;;;;;;1976-05-to-2008-10;loto.csv
2002049-2;2002049;2;2002-06-19;ME;historic-6-plus-complementary;14;36;13;27;17;8;19;;;;;;;1976-05-to-2008-10;loto.csv
2002050-1;2002050;1;2002-06-22;SA;historic-6-plus-complementary;37;13;7;31;35;3;9;;;;;;;1976-05-to-2008-10;loto.csv
2002050-2;2002050;2;2002-06-22;SA;historic-6-plus-complementary;25;2;10;26;23;44;47;;;;;;;1976-05-to-2008-10;loto.csv
2002051-1;2002051;1;2002-06-26;ME;historic-6-plus-complementary;3;9;37;19;10;32;12;;;;;;;1976-05-to-2008-10;loto.csv
2002051-2;2002051;2;2002-06-26;ME;historic-6-plus-complementary;38;25;12;20;43;26;34;;;;;;;1976-05-to-2008-10;loto.csv
2002052-1;2002052;1;2002-06-29;SA;historic-6-plus-complementary;34;38;39;45;9;42;15;;;;;;;1976-05-to-2008-10;loto.csv
2002052-2;2002052;2;2002-06-29;SA;historic-6-plus-complementary;25;2;44;12;13;10;35;;;;;;;1976-05-to-2008-10;loto.csv
2002053-1;2002053;1;2002-07-03;ME;historic-6-plus-complementary;33;31;19;9;1;39;2;;;;;;;1976-05-to-2008-10;loto.csv
2002053-2;2002053;2;2002-07-03;ME;historic-6-plus-complementary;40;22;32;13;19;37;11;;;;;;;1976-05-to-2008-10;loto.csv
2002054-1;2002054;1;2002-07-06;SA;historic-6-plus-complementary;15;9;17;34;27;22;7;;;;;;;1976-05-to-2008-10;loto.csv
2002054-2;2002054;2;2002-07-06;SA;historic-6-plus-complementary;10;29;22;2;35;41;48;;;;;;;1976-05-to-2008-10;loto.csv
2002055-1;2002055;1;2002-07-10;ME;historic-6-plus-complementary;7;38;8;11;26;22;37;;;;;;;1976-05-to-2008-10;loto.csv
2002055-2;2002055;2;2002-07-10;ME;historic-6-plus-complementary;2;34;16;40;8;10;15;;;;;;;1976-05-to-2008-10;loto.csv
2002056-1;2002056;1;2002-07-13;SA;historic-6-plus-complementary;25;4;41;2;22;48;15;;;;;;;1976-05-to-2008-10;loto.csv
2002056-2;2002056;2;2002-07-13;SA;historic-6-plus-complementary;13;46;29;43;45;17;49;;;;;;;1976-05-to-2008-10;loto.csv
2002057-1;2002057;1;2002-07-17;ME;historic-6-plus-complementary;7;3;28;22;44;23;16;;;;;;;1976-05-to-2008-10;loto.csv
2002057-2;2002057;2;2002-07-17;ME;historic-6-plus-complementary;12;7;23;25;32;47;49;;;;;;;1976-05-to-2008-10;loto.csv
2002058-1;2002058;1;2002-07-20;SA;historic-6-plus-complementary;12;48;20;25;10;2;11;;;;;;;1976-05-to-2008-10;loto.csv
2002058-2;2002058;2;2002-07-20;SA;historic-6-plus-complementary;9;13;47;38;16;12;10;;;;;;;1976-05-to-2008-10;loto.csv
2002059-1;2002059;1;2002-07-24;ME;historic-6-plus-complementary;24;7;49;19;21;46;11;;;;;;;1976-05-to-2008-10;loto.csv
2002059-2;2002059;2;2002-07-24;ME;historic-6-plus-complementary;19;33;6;18;16;4;48;;;;;;;1976-05-to-2008-10;loto.csv
2002060-1;2002060;1;2002-07-27;SA;historic-6-plus-complementary;29;33;19;46;44;21;11;;;;;;;1976-05-to-2008-10;loto.csv
2002060-2;2002060;2;2002-07-27;SA;historic-6-plus-complementary;42;45;47;9;18;20;28;;;;;;;1976-05-to-2008-10;loto.csv
2002061-1;2002061;1;2002-07-31;ME;historic-6-plus-complementary;17;6;39;11;16;46;22;;;;;;;1976-05-to-2008-10;loto.csv
2002061-2;2002061;2;2002-07-31;ME;historic-6-plus-complementary;38;45;31;42;21;41;44;;;;;;;1976-05-to-2008-10;loto.csv
2002062-1;2002062;1;2002-08-03;SA;historic-6-plus-complementary;45;1;25;30;48;14;28;;;;;;;1976-05-to-2008-10;loto.csv
2002062-2;2002062;2;2002-08-03;SA;historic-6-plus-complementary;21;18;40;31;45;48;43;;;;;;;1976-05-to-2008-10;loto.csv
2002063-1;2002063;1;2002-08-07;ME;historic-6-plus-complementary;7;22;20;13;49;31;24;;;;;;;1976-05-to-2008-10;loto.csv
2002063-2;2002063;2;2002-08-07;ME;historic-6-plus-complementary;43;32;29;7;19;25;8;;;;;;;1976-05-to-2008-10;loto.csv
2002064-1;2002064;1;2002-08-10;SA;historic-6-plus-complementary;6;47;30;10;41;5;4;;;;;;;1976-05-to-2008-10;loto.csv
2002064-2;2002064;2;2002-08-10;SA;historic-6-plus-complementary;13;34;11;49;45;8;28;;;;;;;1976-05-to-2008-10;loto.csv
2002065-1;2002065;1;2002-08-14;ME;historic-6-plus-complementary;6;24;35;11;13;34;7;;;;;;;1976-05-to-2008-10;loto.csv
2002065-2;2002065;2;2002-08-14;ME;historic-6-plus-complementary;7;47;48;26;9;38;18;;;;;;;1976-05-to-2008-10;loto.csv
2002066-1;2002066;1;2002-08-17;SA;historic-6-plus-complementary;42;35;30;2;36;26;44;;;;;;;1976-05-to-2008-10;loto.csv
2002066-2;2002066;2;2002-08-17;SA;historic-6-plus-complementary;15;26;28;32;30;20;33;;;;;;;1976-05-to-2008-10;loto.csv
2002067-1;2002067;1;2002-08-21;ME;historic-6-plus-complementary;19;46;1;8;29;16;40;;;;;;;1976-05-to-2008-10;loto.csv
2002067-2;2002067;2;2002-08-21;ME;historic-6-plus-complementary;23;24;39;47;9;21;41;;;;;;;1976-05-to-2008-10;loto.csv
2002068-1;2002068;1;2002-08-24;SA;historic-6-plus-complementary;46;2;26;37;16;43;19;;;;;;;1976-05-to-2008-10;loto.csv
2002068-2;2002068;2;2002-08-24;SA;historic-6-plus-complementary;1;8;28;34;45;39;32;;;;;;;1976-05-to-2008-10;loto.csv
2002069-1;2002069;1;2002-08-28;ME;historic-6-plus-complementary;8;14;2;1;12;38;48;;;;;;;1976-05-to-2008-10;loto.csv
2002069-2;2002069;2;2002-08-28;ME;historic-6-plus-complementary;34;27;30;11;5;2;44;;;;;;;1976-05-to-2008-10;loto.csv
2002070-1;2002070;1;2002-08-31;SA;historic-6-plus-complementary;21;28;45;16;34;35;31;;;;;;;1976-05-to-2008-10;loto.csv
2002070-2;2002070;2;2002-08-31;SA;historic-6-plus-complementary;45;12;14;32;46;34;9;;;;;;;1976-05-to-2008-10;loto.csv
2002071-1;2002071;1;2002-09-04;ME;historic-6-plus-complementary;7;22;45;16;13;48;2;;;;;;;1976-05-to-2008-10;loto.csv
2002071-2;2002071;2;2002-09-04;ME;historic-6-plus-complementary;26;8;36;40;5;33;29;;;;;;;1976-05-to-2008-10;loto.csv
2002072-1;2002072;1;2002-09-07;SA;historic-6-plus-complementary;4;36;28;20;42;6;45;;;;;;;1976-05-to-2008-10;loto.csv
2002072-2;2002072;2;2002-09-07;SA;historic-6-plus-complementary;11;20;44;43;22;25;32;;;;;;;1976-05-to-2008-10;loto.csv
2002073-1;2002073;1;2002-09-11;ME;historic-6-plus-complementary;45;37;32;29;15;49;46;;;;;;;1976-05-to-2008-10;loto.csv
2002073-2;2002073;2;2002-09-11;ME;historic-6-plus-complementary;38;7;47;43;41;14;29;;;;;;;1976-05-to-2008-10;loto.csv
2002074-1;2002074;1;2002-09-14;SA;historic-6-plus-complementary;3;2;33;49;32;6;40;;;;;;;1976-05-to-2008-10;loto.csv
2002074-2;2002074;2;2002-09-14;SA;historic-6-plus-complementary;4;19;12;23;37;9;17;;;;;;;1976-05-to-2008-10;loto.csv
2002075-1;2002075;1;2002-09-18;ME;historic-6-plus-complementary;21;42;38;17;7;16;1;;;;;;;1976-05-to-2008-10;loto.csv
2002075-2;2002075;2;2002-09-18;ME;historic-6-plus-complementary;14;22;49;15;12;10;19;;;;;;;1976-05-to-2008-10;loto.csv
2002076-1;2002076;1;2002-09-21;SA;historic-6-plus-complementary;9;15;45;37;17;34;2;;;;;;;1976-05-to-2008-10;loto.csv
2002076-2;2002076;2;2002-09-21;SA;historic-6-plus-complementary;48;21;25;1;15;42;9;;;;;;;1976-05-to-2008-10;loto.csv
2002077-1;2002077;1;2002-09-25;ME;historic-6-plus-complementary;10;5;19;6;24;11;30;;;;;;;1976-05-to-2008-10;loto.csv
2002077-2;2002077;2;2002-09-25;ME;historic-6-plus-complementary;36;5;26;20;4;33;40;;;;;;;1976-05-to-2008-10;loto.csv
2002078-1;2002078;1;2002-09-28;SA;historic-6-plus-complementary;6;49;36;13;8;43;31;;;;;;;1976-05-to-2008-10;loto.csv
2002078-2;2002078;2;2002-09-28;SA;historic-6-plus-complementary;49;19;20;31;9;33;37;;;;;;;1976-05-to-2008-10;loto.csv
2002079-1;2002079;1;2002-10-02;ME;historic-6-plus-complementary;34;31;49;27;24;4;32;;;;;;;1976-05-to-2008-10;loto.csv
2002079-2;2002079;2;2002-10-02;ME;historic-6-plus-complementary;16;39;21;41;24;44;48;;;;;;;1976-05-to-2008-10;loto.csv
2002080-1;2002080;1;2002-10-05;SA;historic-6-plus-complementary;29;42;36;12;47;45;16;;;;;;;1976-05-to-2008-10;loto.csv
2002080-2;2002080;2;2002-10-05;SA;historic-6-plus-complementary;48;19;41;34;14;17;10;;;;;;;1976-05-to-2008-10;loto.csv
2002081-1;2002081;1;2002-10-09;ME;historic-6-plus-complementary;38;16;8;29;24;19;27;;;;;;;1976-05-to-2008-10;loto.csv
2002081-2;2002081;2;2002-10-09;ME;historic-6-plus-complementary;39;38;33;8;42;46;11;;;;;;;1976-05-to-2008-10;loto.csv
2002082-1;2002082;1;2002-10-12;SA;historic-6-plus-complementary;43;42;47;15;31;24;30;;;;;;;1976-05-to-2008-10;loto.csv
2002082-2;2002082;2;2002-10-12;SA;historic-6-plus-complementary;29;15;20;23;39;35;12;;;;;;;1976-05-to-2008-10;loto.csv
2002083-1;2002083;1;2002-10-16;ME;historic-6-plus-complementary;9;39;43;4;21;31;49;;;;;;;1976-05-to-2008-10;loto.csv
2002083-2;2002083;2;2002-10-16;ME;historic-6-plus-complementary;33;39;36;14;44;31;15;;;;;;;1976-05-to-2008-10;loto.csv
2002084-1;2002084;1;2002-10-19;SA;historic-6-plus-complementary;48;21;49;3;14;41;24;;;;;;;1976-05-to-2008-10;loto.csv
2002084-2;2002084;2;2002-10-19;SA;historic-6-plus-complementary;8;3;17;7;18;10;30;;;;;;;1976-05-to-2008-10;loto.csv
2002085-1;2002085;1;2002-10-23;ME;historic-6-plus-complementary;22;4;13;5;20;29;25;;;;;;;1976-05-to-2008-10;loto.csv
2002085-2;2002085;2;2002-10-23;ME;historic-6-plus-complementary;17;20;36;6;42;3;24;;;;;;;1976-05-to-2008-10;loto.csv
2002086-1;2002086;1;2002-10-26;SA;historic-6-plus-complementary;31;46;20;16;7;26;39;;;;;;;1976-05-to-2008-10;loto.csv
2002086-2;2002086;2;2002-10-26;SA;historic-6-plus-complementary;47;24;9;19;36;22;29;;;;;;;1976-05-to-2008-10;loto.csv
2002087-1;2002087;1;2002-10-30;ME;historic-6-plus-complementary;28;47;22;11;26;17;4;;;;;;;1976-05-to-2008-10;loto.csv
2002087-2;2002087;2;2002-10-30;ME;historic-6-plus-complementary;6;42;20;27;1;5;18;;;;;;;1976-05-to-2008-10;loto.csv
2002088-1;2002088;1;2002-11-02;SA;historic-6-plus-complementary;39;49;29;9;12;20;28;;;;;;;1976-05-to-2008-10;loto.csv
2002088-2;2002088;2;2002-11-02;SA;historic-6-plus-complementary;15;24;44;16;45;18;14;;;;;;;1976-05-to-2008-10;loto.csv
2002089-1;2002089;1;2002-11-06;ME;historic-6-plus-complementary;30;28;29;31;10;47;38;;;;;;;1976-05-to-2008-10;loto.csv
2002089-2;2002089;2;2002-11-06;ME;historic-6-plus-complementary;46;45;44;3;10;32;41;;;;;;;1976-05-to-2008-10;loto.csv
2002090-1;2002090;1;2002-11-09;SA;historic-6-plus-complementary;28;26;4;14;49;2;15;;;;;;;1976-05-to-2008-10;loto.csv
2002090-2;2002090;2;2002-11-09;SA;historic-6-plus-complementary;16;14;7;25;21;17;45;;;;;;;1976-05-to-2008-10;loto.csv
2002091-1;2002091;1;2002-11-13;ME;historic-6-plus-complementary;30;44;12;29;33;45;20;;;;;;;1976-05-to-2008-10;loto.csv
2002091-2;2002091;2;2002-11-13;ME;historic-6-plus-complementary;40;33;12;27;5;24;37;;;;;;;1976-05-to-2008-10;loto.csv
2002092-1;2002092;1;2002-11-16;SA;historic-6-plus-complementary;49;43;9;28;6;1;16;;;;;;;1976-05-to-2008-10;loto.csv
2002092-2;2002092;2;2002-11-16;SA;historic-6-plus-complementary;26;27;20;8;18;7;11;;;;;;;1976-05-to-2008-10;loto.csv
2002093-1;2002093;1;2002-11-20;ME;historic-6-plus-complementary;20;13;22;19;37;5;40;;;;;;;1976-05-to-2008-10;loto.csv
2002093-2;2002093;2;2002-11-20;ME;historic-6-plus-complementary;16;41;40;22;13;39;5;;;;;;;1976-05-to-2008-10;loto.csv
2002094-1;2002094;1;2002-11-23;SA;historic-6-plus-complementary;14;18;46;35;33;6;27;;;;;;;1976-05-to-2008-10;loto.csv
2002094-2;2002094;2;2002-11-23;SA;historic-6-plus-complementary;14;11;43;40;32;4;31;;;;;;;1976-05-to-2008-10;loto.csv
2002095-1;2002095;1;2002-11-27;ME;historic-6-plus-complementary;42;24;9;20;17;26;5;;;;;;;1976-05-to-2008-10;loto.csv
2002095-2;2002095;2;2002-11-27;ME;historic-6-plus-complementary;5;22;38;1;29;9;41;;;;;;;1976-05-to-2008-10;loto.csv
2002096-1;2002096;1;2002-11-30;SA;historic-6-plus-complementary;45;40;7;2;17;13;47;;;;;;;1976-05-to-2008-10;loto.csv
2002096-2;2002096;2;2002-11-30;SA;historic-6-plus-complementary;7;30;28;41;15;37;42;;;;;;;1976-05-to-2008-10;loto.csv
2002097-1;2002097;1;2002-12-04;ME;historic-6-plus-complementary;32;14;23;22;2;44;45;;;;;;;1976-05-to-2008-10;loto.csv
2002097-2;2002097;2;2002-12-04;ME;historic-6-plus-complementary;25;20;12;26;14;18;33;;;;;;;1976-05-to-2008-10;loto.csv
2002098-1;2002098;1;2002-12-07;SA;historic-6-plus-complementary;22;16;1;2;8;45;13;;;;;;;1976-05-to-2008-10;loto.csv
2002098-2;2002098;2;2002-12-07;SA;historic-6-plus-complementary;25;19;18;24;48;46;17;;;;;;;1976-05-to-2008-10;loto.csv
2002099-1;2002099;1;2002-12-11;ME;historic-6-plus-complementary;4;18;11;46;24;42;40;;;;;;;1976-05-to-2008-10;loto.csv
2002099-2;2002099;2;2002-12-11;ME;historic-6-plus-complementary;20;31;30;9;4;32;40;;;;;;;1976-05-to-2008-10;loto.csv
2002100-1;2002100;1;2002-12-14;SA;historic-6-plus-complementary;11;23;43;31;26;1;19;;;;;;;1976-05-to-2008-10;loto.csv
2002100-2;2002100;2;2002-12-14;SA;historic-6-plus-complementary;24;15;11;28;6;1;43;;;;;;;1976-05-to-2008-10;loto.csv
2002101-1;2002101;1;2002-12-18;ME;historic-6-plus-complementary;40;1;49;37;43;34;13;;;;;;;1976-05-to-2008-10;loto.csv
2002101-2;2002101;2;2002-12-18;ME;historic-6-plus-complementary;24;49;6;9;38;45;44;;;;;;;1976-05-to-2008-10;loto.csv
2002102-1;2002102;1;2002-12-21;SA;historic-6-plus-complementary;32;20;9;12;46;44;8;;;;;;;1976-05-to-2008-10;loto.csv
2002102-2;2002102;2;2002-12-21;SA;historic-6-plus-complementary;15;23;21;1;13;41;29;;;;;;;1976-05-to-2008-10;loto.csv
2002103-1;2002103;1;2002-12-25;ME;historic-6-plus-complementary;13;48;45;2;40;27;4;;;;;;;1976-05-to-2008-10;loto.csv
2002103-2;2002103;2;2002-12-25;ME;historic-6-plus-complementary;42;37;19;15;28;4;38;;;;;;;1976-05-to-2008-10;loto.csv
2002104-1;2002104;1;2002-12-28;SA;historic-6-plus-complementary;45;12;17;46;16;1;8;;;;;;;1976-05-to-2008-10;loto.csv
2002104-2;2002104;2;2002-12-28;SA;historic-6-plus-complementary;13;29;1;31;37;2;35;;;;;;;1976-05-to-2008-10;loto.csv
2003001-1;2003001;1;2003-01-01;ME;historic-6-plus-complementary;42;20;9;23;17;31;41;;;;;;;1976-05-to-2008-10;loto.csv
2003001-2;2003001;2;2003-01-01;ME;historic-6-plus-complementary;5;18;43;17;10;14;40;;;;;;;1976-05-to-2008-10;loto.csv
2003002-1;2003002;1;2003-01-04;SA;historic-6-plus-complementary;17;37;18;42;36;7;22;;;;;;;1976-05-to-2008-10;loto.csv
2003002-2;2003002;2;2003-01-04;SA;historic-6-plus-complementary;26;46;47;39;40;18;23;;;;;;;1976-05-to-2008-10;loto.csv
2003003-1;2003003;1;2003-01-08;ME;historic-6-plus-complementary;34;12;24;33;28;39;10;;;;;;;1976-05-to-2008-10;loto.csv
2003003-2;2003003;2;2003-01-08;ME;historic-6-plus-complementary;11;32;16;42;49;47;48;;;;;;;1976-05-to-2008-10;loto.csv
2003004-1;2003004;1;2003-01-11;SA;historic-6-plus-complementary;43;6;35;27;48;11;46;;;;;;;1976-05-to-2008-10;loto.csv
2003004-2;2003004;2;2003-01-11;SA;historic-6-plus-complementary;22;13;39;35;6;34;21;;;;;;;1976-05-to-2008-10;loto.csv
2003005-1;2003005;1;2003-01-15;ME;historic-6-plus-complementary;16;12;1;5;28;34;9;;;;;;;1976-05-to-2008-10;loto.csv
2003005-2;2003005;2;2003-01-15;ME;historic-6-plus-complementary;10;36;37;3;15;30;41;;;;;;;1976-05-to-2008-10;loto.csv
2003006-1;2003006;1;2003-01-18;SA;historic-6-plus-complementary;49;37;20;44;5;34;7;;;;;;;1976-05-to-2008-10;loto.csv
2003006-2;2003006;2;2003-01-18;SA;historic-6-plus-complementary;49;14;29;4;15;38;18;;;;;;;1976-05-to-2008-10;loto.csv
2003007-1;2003007;1;2003-01-22;ME;historic-6-plus-complementary;28;15;27;26;46;35;22;;;;;;;1976-05-to-2008-10;loto.csv
2003007-2;2003007;2;2003-01-22;ME;historic-6-plus-complementary;45;26;29;49;1;47;35;;;;;;;1976-05-to-2008-10;loto.csv
2003008-1;2003008;1;2003-01-25;SA;historic-6-plus-complementary;20;25;46;34;17;41;28;;;;;;;1976-05-to-2008-10;loto.csv
2003008-2;2003008;2;2003-01-25;SA;historic-6-plus-complementary;38;8;42;47;1;26;12;;;;;;;1976-05-to-2008-10;loto.csv
2003009-1;2003009;1;2003-01-29;ME;historic-6-plus-complementary;37;48;34;40;3;36;46;;;;;;;1976-05-to-2008-10;loto.csv
2003009-2;2003009;2;2003-01-29;ME;historic-6-plus-complementary;19;32;40;30;35;48;4;;;;;;;1976-05-to-2008-10;loto.csv
2003010-1;2003010;1;2003-02-01;SA;historic-6-plus-complementary;43;17;45;14;38;42;35;;;;;;;1976-05-to-2008-10;loto.csv
2003010-2;2003010;2;2003-02-01;SA;historic-6-plus-complementary;15;46;42;34;8;16;10;;;;;;;1976-05-to-2008-10;loto.csv
2003011-1;2003011;1;2003-02-05;ME;historic-6-plus-complementary;38;20;10;19;49;22;39;;;;;;;1976-05-to-2008-10;loto.csv
2003011-2;2003011;2;2003-02-05;ME;historic-6-plus-complementary;26;30;27;35;47;44;3;;;;;;;1976-05-to-2008-10;loto.csv
2003012-1;2003012;1;2003-02-08;SA;historic-6-plus-complementary;31;36;12;26;18;10;1;;;;;;;1976-05-to-2008-10;loto.csv
2003012-2;2003012;2;2003-02-08;SA;historic-6-plus-complementary;45;39;34;28;48;25;42;;;;;;;1976-05-to-2008-10;loto.csv
2003013-1;2003013;1;2003-02-12;ME;historic-6-plus-complementary;41;12;31;28;16;7;18;;;;;;;1976-05-to-2008-10;loto.csv
2003013-2;2003013;2;2003-02-12;ME;historic-6-plus-complementary;1;2;39;24;20;30;7;;;;;;;1976-05-to-2008-10;loto.csv
2003014-1;2003014;1;2003-02-15;SA;historic-6-plus-complementary;49;26;31;28;11;1;19;;;;;;;1976-05-to-2008-10;loto.csv
2003014-2;2003014;2;2003-02-15;SA;historic-6-plus-complementary;12;48;22;18;19;40;42;;;;;;;1976-05-to-2008-10;loto.csv
2003015-1;2003015;1;2003-02-19;ME;historic-6-plus-complementary;16;40;31;20;35;23;4;;;;;;;1976-05-to-2008-10;loto.csv
2003015-2;2003015;2;2003-02-19;ME;historic-6-plus-complementary;1;35;32;8;33;45;46;;;;;;;1976-05-to-2008-10;loto.csv
2003016-1;2003016;1;2003-02-22;SA;historic-6-plus-complementary;27;36;9;46;44;24;45;;;;;;;1976-05-to-2008-10;loto.csv
2003016-2;2003016;2;2003-02-22;SA;historic-6-plus-complementary;27;18;11;6;2;35;13;;;;;;;1976-05-to-2008-10;loto.csv
2003017-1;2003017;1;2003-02-26;ME;historic-6-plus-complementary;23;40;13;7;22;31;36;;;;;;;1976-05-to-2008-10;loto.csv
2003017-2;2003017;2;2003-02-26;ME;historic-6-plus-complementary;42;6;19;34;16;45;33;;;;;;;1976-05-to-2008-10;loto.csv
2003018-1;2003018;1;2003-03-01;SA;historic-6-plus-complementary;1;8;44;39;33;4;47;;;;;;;1976-05-to-2008-10;loto.csv
2003018-2;2003018;2;2003-03-01;SA;historic-6-plus-complementary;11;47;13;40;45;5;18;;;;;;;1976-05-to-2008-10;loto.csv
2003019-1;2003019;1;2003-03-05;ME;historic-6-plus-complementary;33;27;9;21;49;12;25;;;;;;;1976-05-to-2008-10;loto.csv
2003019-2;2003019;2;2003-03-05;ME;historic-6-plus-complementary;21;12;17;37;27;7;30;;;;;;;1976-05-to-2008-10;loto.csv
2003020-1;2003020;1;2003-03-08;SA;historic-6-plus-complementary;6;44;49;46;30;42;34;;;;;;;1976-05-to-2008-10;loto.csv
2003020-2;2003020;2;2003-03-08;SA;historic-6-plus-complementary;9;14;11;17;30;29;21;;;;;;;1976-05-to-2008-10;loto.csv
2003021-1;2003021;1;2003-03-12;ME;historic-6-plus-complementary;11;26;32;4;47;8;36;;;;;;;1976-05-to-2008-10;loto.csv
2003021-2;2003021;2;2003-03-12;ME;historic-6-plus-complementary;35;21;42;36;3;13;40;;;;;;;1976-05-to-2008-10;loto.csv
2003022-1;2003022;1;2003-03-15;SA;historic-6-plus-complementary;26;16;21;49;46;28;9;;;;;;;1976-05-to-2008-10;loto.csv
2003022-2;2003022;2;2003-03-15;SA;historic-6-plus-complementary;46;6;14;4;31;8;29;;;;;;;1976-05-to-2008-10;loto.csv
2003023-1;2003023;1;2003-03-19;ME;historic-6-plus-complementary;40;49;36;44;2;25;8;;;;;;;1976-05-to-2008-10;loto.csv
2003023-2;2003023;2;2003-03-19;ME;historic-6-plus-complementary;48;23;34;2;21;5;39;;;;;;;1976-05-to-2008-10;loto.csv
2003024-1;2003024;1;2003-03-22;SA;historic-6-plus-complementary;42;33;9;37;27;40;28;;;;;;;1976-05-to-2008-10;loto.csv
2003024-2;2003024;2;2003-03-22;SA;historic-6-plus-complementary;7;8;34;41;19;5;31;;;;;;;1976-05-to-2008-10;loto.csv
2003025-1;2003025;1;2003-03-26;ME;historic-6-plus-complementary;29;2;23;22;42;16;46;;;;;;;1976-05-to-2008-10;loto.csv
2003025-2;2003025;2;2003-03-26;ME;historic-6-plus-complementary;15;10;5;29;48;17;2;;;;;;;1976-05-to-2008-10;loto.csv
2003026-1;2003026;1;2003-03-29;SA;historic-6-plus-complementary;39;36;18;14;37;5;22;;;;;;;1976-05-to-2008-10;loto.csv
2003026-2;2003026;2;2003-03-29;SA;historic-6-plus-complementary;45;27;32;48;33;15;21;;;;;;;1976-05-to-2008-10;loto.csv
2003027-1;2003027;1;2003-04-02;ME;historic-6-plus-complementary;37;13;47;26;44;42;19;;;;;;;1976-05-to-2008-10;loto.csv
2003027-2;2003027;2;2003-04-02;ME;historic-6-plus-complementary;27;24;19;41;5;49;43;;;;;;;1976-05-to-2008-10;loto.csv
2003028-1;2003028;1;2003-04-05;SA;historic-6-plus-complementary;9;32;4;6;12;39;1;;;;;;;1976-05-to-2008-10;loto.csv
2003028-2;2003028;2;2003-04-05;SA;historic-6-plus-complementary;18;37;25;47;17;21;7;;;;;;;1976-05-to-2008-10;loto.csv
2003029-1;2003029;1;2003-04-09;ME;historic-6-plus-complementary;24;48;45;7;13;35;4;;;;;;;1976-05-to-2008-10;loto.csv
2003029-2;2003029;2;2003-04-09;ME;historic-6-plus-complementary;41;15;37;24;46;8;38;;;;;;;1976-05-to-2008-10;loto.csv
2003030-1;2003030;1;2003-04-12;SA;historic-6-plus-complementary;13;35;6;42;37;48;36;;;;;;;1976-05-to-2008-10;loto.csv
2003030-2;2003030;2;2003-04-12;SA;historic-6-plus-complementary;34;17;13;41;40;10;8;;;;;;;1976-05-to-2008-10;loto.csv
2003031-1;2003031;1;2003-04-16;ME;historic-6-plus-complementary;44;2;12;14;16;28;41;;;;;;;1976-05-to-2008-10;loto.csv
2003031-2;2003031;2;2003-04-16;ME;historic-6-plus-complementary;42;15;49;6;4;21;46;;;;;;;1976-05-to-2008-10;loto.csv
2003032-1;2003032;1;2003-04-19;SA;historic-6-plus-complementary;21;4;41;26;49;2;11;;;;;;;1976-05-to-2008-10;loto.csv
2003032-2;2003032;2;2003-04-19;SA;historic-6-plus-complementary;1;9;23;5;31;16;27;;;;;;;1976-05-to-2008-10;loto.csv
2003033-1;2003033;1;2003-04-23;ME;historic-6-plus-complementary;45;5;24;35;42;49;1;;;;;;;1976-05-to-2008-10;loto.csv
2003033-2;2003033;2;2003-04-23;ME;historic-6-plus-complementary;40;30;34;29;26;46;33;;;;;;;1976-05-to-2008-10;loto.csv
2003034-1;2003034;1;2003-04-26;SA;historic-6-plus-complementary;44;45;49;29;20;24;9;;;;;;;1976-05-to-2008-10;loto.csv
2003034-2;2003034;2;2003-04-26;SA;historic-6-plus-complementary;38;24;48;14;13;17;36;;;;;;;1976-05-to-2008-10;loto.csv
2003035-1;2003035;1;2003-04-30;ME;historic-6-plus-complementary;38;1;6;4;49;44;37;;;;;;;1976-05-to-2008-10;loto.csv
2003035-2;2003035;2;2003-04-30;ME;historic-6-plus-complementary;9;5;47;6;16;30;39;;;;;;;1976-05-to-2008-10;loto.csv
2003036-1;2003036;1;2003-05-03;SA;historic-6-plus-complementary;6;10;20;17;30;45;16;;;;;;;1976-05-to-2008-10;loto.csv
2003036-2;2003036;2;2003-05-03;SA;historic-6-plus-complementary;15;25;3;7;40;19;47;;;;;;;1976-05-to-2008-10;loto.csv
2003037-1;2003037;1;2003-05-07;ME;historic-6-plus-complementary;36;7;17;43;47;26;11;;;;;;;1976-05-to-2008-10;loto.csv
2003037-2;2003037;2;2003-05-07;ME;historic-6-plus-complementary;40;49;34;9;23;24;12;;;;;;;1976-05-to-2008-10;loto.csv
2003038-1;2003038;1;2003-05-10;SA;historic-6-plus-complementary;44;29;34;37;40;3;48;;;;;;;1976-05-to-2008-10;loto.csv
2003038-2;2003038;2;2003-05-10;SA;historic-6-plus-complementary;44;30;1;12;10;21;7;;;;;;;1976-05-to-2008-10;loto.csv
2003039-1;2003039;1;2003-05-14;ME;historic-6-plus-complementary;46;9;44;14;24;18;5;;;;;;;1976-05-to-2008-10;loto.csv
2003039-2;2003039;2;2003-05-14;ME;historic-6-plus-complementary;41;47;10;2;48;27;33;;;;;;;1976-05-to-2008-10;loto.csv
2003040-1;2003040;1;2003-05-17;SA;historic-6-plus-complementary;28;37;42;17;46;20;4;;;;;;;1976-05-to-2008-10;loto.csv
2003040-2;2003040;2;2003-05-17;SA;historic-6-plus-complementary;42;27;39;47;11;43;46;;;;;;;1976-05-to-2008-10;loto.csv
2003041-1;2003041;1;2003-05-21;ME;historic-6-plus-complementary;31;4;6;46;32;16;36;;;;;;;1976-05-to-2008-10;loto.csv
2003041-2;2003041;2;2003-05-21;ME;historic-6-plus-complementary;24;8;45;17;27;33;42;;;;;;;1976-05-to-2008-10;loto.csv
2003042-1;2003042;1;2003-05-24;SA;historic-6-plus-complementary;20;22;41;6;13;49;1;;;;;;;1976-05-to-2008-10;loto.csv
2003042-2;2003042;2;2003-05-24;SA;historic-6-plus-complementary;37;23;42;47;10;6;18;;;;;;;1976-05-to-2008-10;loto.csv
2003043-1;2003043;1;2003-05-28;ME;historic-6-plus-complementary;38;43;32;49;2;39;20;;;;;;;1976-05-to-2008-10;loto.csv
2003043-2;2003043;2;2003-05-28;ME;historic-6-plus-complementary;4;15;19;35;3;38;16;;;;;;;1976-05-to-2008-10;loto.csv
2003044-1;2003044;1;2003-05-31;SA;historic-6-plus-complementary;27;9;30;24;12;29;22;;;;;;;1976-05-to-2008-10;loto.csv
2003044-2;2003044;2;2003-05-31;SA;historic-6-plus-complementary;17;39;22;41;9;42;19;;;;;;;1976-05-to-2008-10;loto.csv
2003045-1;2003045;1;2003-06-04;ME;historic-6-plus-complementary;34;30;45;43;24;44;13;;;;;;;1976-05-to-2008-10;loto.csv
2003045-2;2003045;2;2003-06-04;ME;historic-6-plus-complementary;3;30;18;34;38;12;28;;;;;;;1976-05-to-2008-10;loto.csv
2003046-1;2003046;1;2003-06-07;SA;historic-6-plus-complementary;13;25;12;40;22;26;36;;;;;;;1976-05-to-2008-10;loto.csv
2003046-2;2003046;2;2003-06-07;SA;historic-6-plus-complementary;23;16;12;6;37;42;11;;;;;;;1976-05-to-2008-10;loto.csv
2003047-1;2003047;1;2003-06-11;ME;historic-6-plus-complementary;20;9;16;19;22;49;18;;;;;;;1976-05-to-2008-10;loto.csv
2003047-2;2003047;2;2003-06-11;ME;historic-6-plus-complementary;38;18;28;14;10;3;27;;;;;;;1976-05-to-2008-10;loto.csv
2003048-1;2003048;1;2003-06-14;SA;historic-6-plus-complementary;48;44;3;18;4;42;31;;;;;;;1976-05-to-2008-10;loto.csv
2003048-2;2003048;2;2003-06-14;SA;historic-6-plus-complementary;2;46;28;49;35;19;12;;;;;;;1976-05-to-2008-10;loto.csv
2003049-1;2003049;1;2003-06-18;ME;historic-6-plus-complementary;27;29;19;42;32;10;44;;;;;;;1976-05-to-2008-10;loto.csv
2003049-2;2003049;2;2003-06-18;ME;historic-6-plus-complementary;15;46;28;33;23;26;40;;;;;;;1976-05-to-2008-10;loto.csv
2003050-1;2003050;1;2003-06-21;SA;historic-6-plus-complementary;14;26;47;15;33;1;11;;;;;;;1976-05-to-2008-10;loto.csv
2003050-2;2003050;2;2003-06-21;SA;historic-6-plus-complementary;46;26;36;31;29;43;34;;;;;;;1976-05-to-2008-10;loto.csv
2003051-1;2003051;1;2003-06-25;ME;historic-6-plus-complementary;25;27;33;13;42;36;41;;;;;;;1976-05-to-2008-10;loto.csv
2003051-2;2003051;2;2003-06-25;ME;historic-6-plus-complementary;48;34;45;42;7;3;16;;;;;;;1976-05-to-2008-10;loto.csv
2003052-1;2003052;1;2003-06-28;SA;historic-6-plus-complementary;47;46;34;11;12;23;33;;;;;;;1976-05-to-2008-10;loto.csv
2003052-2;2003052;2;2003-06-28;SA;historic-6-plus-complementary;7;24;12;25;15;31;27;;;;;;;1976-05-to-2008-10;loto.csv
2003053-1;2003053;1;2003-07-02;ME;historic-6-plus-complementary;41;39;40;11;22;6;4;;;;;;;1976-05-to-2008-10;loto.csv
2003053-2;2003053;2;2003-07-02;ME;historic-6-plus-complementary;34;10;36;35;18;37;16;;;;;;;1976-05-to-2008-10;loto.csv
2003054-1;2003054;1;2003-07-05;SA;historic-6-plus-complementary;31;48;35;43;49;9;17;;;;;;;1976-05-to-2008-10;loto.csv
2003054-2;2003054;2;2003-07-05;SA;historic-6-plus-complementary;21;8;47;13;16;29;24;;;;;;;1976-05-to-2008-10;loto.csv
2003055-1;2003055;1;2003-07-09;ME;historic-6-plus-complementary;6;36;5;13;41;18;44;;;;;;;1976-05-to-2008-10;loto.csv
2003055-2;2003055;2;2003-07-09;ME;historic-6-plus-complementary;18;4;30;17;21;44;41;;;;;;;1976-05-to-2008-10;loto.csv
2003056-1;2003056;1;2003-07-12;SA;historic-6-plus-complementary;18;35;46;44;36;12;34;;;;;;;1976-05-to-2008-10;loto.csv
2003056-2;2003056;2;2003-07-12;SA;historic-6-plus-complementary;10;20;1;24;23;9;31;;;;;;;1976-05-to-2008-10;loto.csv
2003057-1;2003057;1;2003-07-16;ME;historic-6-plus-complementary;21;13;22;34;5;29;32;;;;;;;1976-05-to-2008-10;loto.csv
2003057-2;2003057;2;2003-07-16;ME;historic-6-plus-complementary;10;3;26;23;27;17;13;;;;;;;1976-05-to-2008-10;loto.csv
2003058-1;2003058;1;2003-07-19;SA;historic-6-plus-complementary;8;13;4;10;20;19;41;;;;;;;1976-05-to-2008-10;loto.csv
2003058-2;2003058;2;2003-07-19;SA;historic-6-plus-complementary;37;35;39;44;10;3;5;;;;;;;1976-05-to-2008-10;loto.csv
2003059-1;2003059;1;2003-07-23;ME;historic-6-plus-complementary;6;46;5;38;9;40;1;;;;;;;1976-05-to-2008-10;loto.csv
2003059-2;2003059;2;2003-07-23;ME;historic-6-plus-complementary;33;11;41;15;14;34;25;;;;;;;1976-05-to-2008-10;loto.csv
2003060-1;2003060;1;2003-07-26;SA;historic-6-plus-complementary;41;5;35;42;16;1;14;;;;;;;1976-05-to-2008-10;loto.csv
2003060-2;2003060;2;2003-07-26;SA;historic-6-plus-complementary;35;33;38;25;47;30;12;;;;;;;1976-05-to-2008-10;loto.csv
2003061-1;2003061;1;2003-07-30;ME;historic-6-plus-complementary;18;1;14;42;4;38;44;;;;;;;1976-05-to-2008-10;loto.csv
2003061-2;2003061;2;2003-07-30;ME;historic-6-plus-complementary;10;15;20;1;7;19;47;;;;;;;1976-05-to-2008-10;loto.csv
2003062-1;2003062;1;2003-08-02;SA;historic-6-plus-complementary;3;20;9;19;17;4;10;;;;;;;1976-05-to-2008-10;loto.csv
2003062-2;2003062;2;2003-08-02;SA;historic-6-plus-complementary;12;24;38;18;2;25;40;;;;;;;1976-05-to-2008-10;loto.csv
2003063-1;2003063;1;2003-08-06;ME;historic-6-plus-complementary;31;16;28;36;29;21;19;;;;;;;1976-05-to-2008-10;loto.csv
2003063-2;2003063;2;2003-08-06;ME;historic-6-plus-complementary;3;26;35;34;1;27;39;;;;;;;1976-05-to-2008-10;loto.csv
2003064-1;2003064;1;2003-08-09;SA;historic-6-plus-complementary;39;3;19;30;21;10;32;;;;;;;1976-05-to-2008-10;loto.csv
2003064-2;2003064;2;2003-08-09;SA;historic-6-plus-complementary;8;40;10;34;24;1;7;;;;;;;1976-05-to-2008-10;loto.csv
2003065-1;2003065;1;2003-08-13;ME;historic-6-plus-complementary;12;37;45;28;1;34;17;;;;;;;1976-05-to-2008-10;loto.csv
2003065-2;2003065;2;2003-08-13;ME;historic-6-plus-complementary;32;23;7;29;10;31;42;;;;;;;1976-05-to-2008-10;loto.csv
2003066-1;2003066;1;2003-08-16;SA;historic-6-plus-complementary;7;38;10;20;11;40;6;;;;;;;1976-05-to-2008-10;loto.csv
2003066-2;2003066;2;2003-08-16;SA;historic-6-plus-complementary;5;46;37;27;33;26;49;;;;;;;1976-05-to-2008-10;loto.csv
2003067-1;2003067;1;2003-08-20;ME;historic-6-plus-complementary;34;8;4;44;23;42;20;;;;;;;1976-05-to-2008-10;loto.csv
2003067-2;2003067;2;2003-08-20;ME;historic-6-plus-complementary;38;1;34;5;10;41;45;;;;;;;1976-05-to-2008-10;loto.csv
2003068-1;2003068;1;2003-08-23;SA;historic-6-plus-complementary;32;11;43;25;9;2;34;;;;;;;1976-05-to-2008-10;loto.csv
2003068-2;2003068;2;2003-08-23;SA;historic-6-plus-complementary;49;12;17;10;26;16;42;;;;;;;1976-05-to-2008-10;loto.csv
2003069-1;2003069;1;2003-08-27;ME;historic-6-plus-complementary;3;42;33;31;26;4;45;;;;;;;1976-05-to-2008-10;loto.csv
2003069-2;2003069;2;2003-08-27;ME;historic-6-plus-complementary;10;31;7;38;28;21;1;;;;;;;1976-05-to-2008-10;loto.csv
2003070-1;2003070;1;2003-08-30;SA;historic-6-plus-complementary;25;2;32;18;11;7;49;;;;;;;1976-05-to-2008-10;loto.csv
2003070-2;2003070;2;2003-08-30;SA;historic-6-plus-complementary;39;24;44;17;11;45;48;;;;;;;1976-05-to-2008-10;loto.csv
2003071-1;2003071;1;2003-09-03;ME;historic-6-plus-complementary;15;42;13;17;16;38;6;;;;;;;1976-05-to-2008-10;loto.csv
2003071-2;2003071;2;2003-09-03;ME;historic-6-plus-complementary;23;24;26;41;40;34;32;;;;;;;1976-05-to-2008-10;loto.csv
2003072-1;2003072;1;2003-09-06;SA;historic-6-plus-complementary;2;1;20;49;47;10;18;;;;;;;1976-05-to-2008-10;loto.csv
2003072-2;2003072;2;2003-09-06;SA;historic-6-plus-complementary;37;44;27;9;10;49;31;;;;;;;1976-05-to-2008-10;loto.csv
2003073-1;2003073;1;2003-09-10;ME;historic-6-plus-complementary;37;31;15;24;44;27;48;;;;;;;1976-05-to-2008-10;loto.csv
2003073-2;2003073;2;2003-09-10;ME;historic-6-plus-complementary;44;49;27;13;23;16;41;;;;;;;1976-05-to-2008-10;loto.csv
2003074-1;2003074;1;2003-09-13;SA;historic-6-plus-complementary;38;41;26;33;43;20;27;;;;;;;1976-05-to-2008-10;loto.csv
2003074-2;2003074;2;2003-09-13;SA;historic-6-plus-complementary;22;11;42;19;43;31;16;;;;;;;1976-05-to-2008-10;loto.csv
2003075-1;2003075;1;2003-09-17;ME;historic-6-plus-complementary;15;13;7;20;21;35;48;;;;;;;1976-05-to-2008-10;loto.csv
2003075-2;2003075;2;2003-09-17;ME;historic-6-plus-complementary;8;48;3;29;23;6;7;;;;;;;1976-05-to-2008-10;loto.csv
2003076-1;2003076;1;2003-09-20;SA;historic-6-plus-complementary;25;1;48;20;12;18;43;;;;;;;1976-05-to-2008-10;loto.csv
2003076-2;2003076;2;2003-09-20;SA;historic-6-plus-complementary;5;46;26;33;35;6;36;;;;;;;1976-05-to-2008-10;loto.csv
2003077-1;2003077;1;2003-09-24;ME;historic-6-plus-complementary;11;36;33;6;17;20;28;;;;;;;1976-05-to-2008-10;loto.csv
2003077-2;2003077;2;2003-09-24;ME;historic-6-plus-complementary;10;33;18;19;13;2;6;;;;;;;1976-05-to-2008-10;loto.csv
2003078-1;2003078;1;2003-09-27;SA;historic-6-plus-complementary;12;40;8;29;49;11;3;;;;;;;1976-05-to-2008-10;loto.csv
2003078-2;2003078;2;2003-09-27;SA;historic-6-plus-complementary;33;34;5;25;6;26;2;;;;;;;1976-05-to-2008-10;loto.csv
2003079-1;2003079;1;2003-10-01;ME;historic-6-plus-complementary;49;23;1;7;17;30;35;;;;;;;1976-05-to-2008-10;loto.csv
2003079-2;2003079;2;2003-10-01;ME;historic-6-plus-complementary;40;5;17;43;29;1;30;;;;;;;1976-05-to-2008-10;loto.csv
2003080-1;2003080;1;2003-10-04;SA;historic-6-plus-complementary;31;32;10;38;6;27;33;;;;;;;1976-05-to-2008-10;loto.csv
2003080-2;2003080;2;2003-10-04;SA;historic-6-plus-complementary;7;48;40;44;45;34;37;;;;;;;1976-05-to-2008-10;loto.csv
2003081-1;2003081;1;2003-10-08;ME;historic-6-plus-complementary;6;34;2;12;4;42;24;;;;;;;1976-05-to-2008-10;loto.csv
2003081-2;2003081;2;2003-10-08;ME;historic-6-plus-complementary;18;42;23;7;14;6;25;;;;;;;1976-05-to-2008-10;loto.csv
2003082-1;2003082;1;2003-10-11;SA;historic-6-plus-complementary;32;27;14;2;25;47;18;;;;;;;1976-05-to-2008-10;loto.csv
2003082-2;2003082;2;2003-10-11;SA;historic-6-plus-complementary;38;17;35;10;48;23;29;;;;;;;1976-05-to-2008-10;loto.csv
2003083-1;2003083;1;2003-10-15;ME;historic-6-plus-complementary;18;7;44;49;25;47;29;;;;;;;1976-05-to-2008-10;loto.csv
2003083-2;2003083;2;2003-10-15;ME;historic-6-plus-complementary;12;2;31;17;48;35;44;;;;;;;1976-05-to-2008-10;loto.csv
2003084-1;2003084;1;2003-10-18;SA;historic-6-plus-complementary;6;13;40;30;11;36;18;;;;;;;1976-05-to-2008-10;loto.csv
2003084-2;2003084;2;2003-10-18;SA;historic-6-plus-complementary;8;39;41;27;33;17;13;;;;;;;1976-05-to-2008-10;loto.csv
2003085-1;2003085;1;2003-10-22;ME;historic-6-plus-complementary;17;7;34;9;8;35;49;;;;;;;1976-05-to-2008-10;loto.csv
2003085-2;2003085;2;2003-10-22;ME;historic-6-plus-complementary;6;43;27;15;22;10;7;;;;;;;1976-05-to-2008-10;loto.csv
2003086-1;2003086;1;2003-10-25;SA;historic-6-plus-complementary;10;34;12;27;28;21;46;;;;;;;1976-05-to-2008-10;loto.csv
2003086-2;2003086;2;2003-10-25;SA;historic-6-plus-complementary;28;11;43;4;3;48;36;;;;;;;1976-05-to-2008-10;loto.csv
2003087-1;2003087;1;2003-10-29;ME;historic-6-plus-complementary;14;7;31;10;4;1;28;;;;;;;1976-05-to-2008-10;loto.csv
2003087-2;2003087;2;2003-10-29;ME;historic-6-plus-complementary;7;17;34;19;27;40;47;;;;;;;1976-05-to-2008-10;loto.csv
2003088-1;2003088;1;2003-11-01;SA;historic-6-plus-complementary;26;38;28;20;27;23;6;;;;;;;1976-05-to-2008-10;loto.csv
2003088-2;2003088;2;2003-11-01;SA;historic-6-plus-complementary;7;9;40;36;24;38;32;;;;;;;1976-05-to-2008-10;loto.csv
2003089-1;2003089;1;2003-11-05;ME;historic-6-plus-complementary;49;48;33;47;12;28;30;;;;;;;1976-05-to-2008-10;loto.csv
2003089-2;2003089;2;2003-11-05;ME;historic-6-plus-complementary;48;49;17;27;28;6;30;;;;;;;1976-05-to-2008-10;loto.csv
2003090-1;2003090;1;2003-11-08;SA;historic-6-plus-complementary;20;23;31;22;35;15;28;;;;;;;1976-05-to-2008-10;loto.csv
2003090-2;2003090;2;2003-11-08;SA;historic-6-plus-complementary;19;33;48;28;49;20;5;;;;;;;1976-05-to-2008-10;loto.csv
2003091-1;2003091;1;2003-11-12;ME;historic-6-plus-complementary;27;4;46;14;6;44;29;;;;;;;1976-05-to-2008-10;loto.csv
2003091-2;2003091;2;2003-11-12;ME;historic-6-plus-complementary;31;40;29;21;30;4;22;;;;;;;1976-05-to-2008-10;loto.csv
2003092-1;2003092;1;2003-11-15;SA;historic-6-plus-complementary;27;17;10;18;32;33;4;;;;;;;1976-05-to-2008-10;loto.csv
2003092-2;2003092;2;2003-11-15;SA;historic-6-plus-complementary;8;48;6;14;13;32;23;;;;;;;1976-05-to-2008-10;loto.csv
2003093-1;2003093;1;2003-11-19;ME;historic-6-plus-complementary;38;33;5;16;28;45;21;;;;;;;1976-05-to-2008-10;loto.csv
2003093-2;2003093;2;2003-11-19;ME;historic-6-plus-complementary;41;24;34;6;8;32;38;;;;;;;1976-05-to-2008-10;loto.csv
2003094-1;2003094;1;2003-11-22;SA;historic-6-plus-complementary;13;9;20;28;10;1;35;;;;;;;1976-05-to-2008-10;loto.csv
2003094-2;2003094;2;2003-11-22;SA;historic-6-plus-complementary;15;40;26;32;29;27;16;;;;;;;1976-05-to-2008-10;loto.csv
2003095-1;2003095;1;2003-11-26;ME;historic-6-plus-complementary;8;47;22;14;33;31;5;;;;;;;1976-05-to-2008-10;loto.csv
2003095-2;2003095;2;2003-11-26;ME;historic-6-plus-complementary;26;39;13;7;28;18;42;;;;;;;1976-05-to-2008-10;loto.csv
2003096-1;2003096;1;2003-11-29;SA;historic-6-plus-complementary;34;15;47;3;46;6;39;;;;;;;1976-05-to-2008-10;loto.csv
2003096-2;2003096;2;2003-11-29;SA;historic-6-plus-complementary;39;21;43;25;40;46;24;;;;;;;1976-05-to-2008-10;loto.csv
2003097-1;2003097;1;2003-12-03;ME;historic-6-plus-complementary;33;32;37;9;1;5;3;;;;;;;1976-05-to-2008-10;loto.csv
2003097-2;2003097;2;2003-12-03;ME;historic-6-plus-complementary;30;16;19;39;34;8;27;;;;;;;1976-05-to-2008-10;loto.csv
2003098-1;2003098;1;2003-12-06;SA;historic-6-plus-complementary;40;16;20;6;30;9;7;;;;;;;1976-05-to-2008-10;loto.csv
2003098-2;2003098;2;2003-12-06;SA;historic-6-plus-complementary;46;9;10;31;32;22;15;;;;;;;1976-05-to-2008-10;loto.csv
2003099-1;2003099;1;2003-12-10;ME;historic-6-plus-complementary;17;25;5;41;48;39;37;;;;;;;1976-05-to-2008-10;loto.csv
2003099-2;2003099;2;2003-12-10;ME;historic-6-plus-complementary;2;19;5;32;11;30;3;;;;;;;1976-05-to-2008-10;loto.csv
2003100-1;2003100;1;2003-12-13;SA;historic-6-plus-complementary;29;28;26;38;47;34;37;;;;;;;1976-05-to-2008-10;loto.csv
2003100-2;2003100;2;2003-12-13;SA;historic-6-plus-complementary;23;12;22;46;16;44;3;;;;;;;1976-05-to-2008-10;loto.csv
2003101-1;2003101;1;2003-12-17;ME;historic-6-plus-complementary;32;18;4;19;31;7;8;;;;;;;1976-05-to-2008-10;loto.csv
2003101-2;2003101;2;2003-12-17;ME;historic-6-plus-complementary;49;39;23;22;9;17;47;;;;;;;1976-05-to-2008-10;loto.csv
2003102-1;2003102;1;2003-12-20;SA;historic-6-plus-complementary;26;48;14;39;28;30;31;;;;;;;1976-05-to-2008-10;loto.csv
2003102-2;2003102;2;2003-12-20;SA;historic-6-plus-complementary;48;19;21;40;49;41;11;;;;;;;1976-05-to-2008-10;loto.csv
2003103-1;2003103;1;2003-12-24;ME;historic-6-plus-complementary;35;19;40;37;34;27;13;;;;;;;1976-05-to-2008-10;loto.csv
2003103-2;2003103;2;2003-12-24;ME;historic-6-plus-complementary;30;27;38;19;13;20;10;;;;;;;1976-05-to-2008-10;loto.csv
2003104-1;2003104;1;2003-12-27;SA;historic-6-plus-complementary;17;11;33;32;37;31;28;;;;;;;1976-05-to-2008-10;loto.csv
2003104-2;2003104;2;2003-12-27;SA;historic-6-plus-complementary;43;9;36;2;22;27;47;;;;;;;1976-05-to-2008-10;loto.csv
2003105-1;2003105;1;2003-12-31;ME;historic-6-plus-complementary;26;11;24;32;46;33;38;;;;;;;1976-05-to-2008-10;loto.csv
2003105-2;2003105;2;2003-12-31;ME;historic-6-plus-complementary;5;34;16;47;30;40;27;;;;;;;1976-05-to-2008-10;loto.csv
2004001-1;2004001;1;2004-01-03;SA;historic-6-plus-complementary;16;38;3;43;18;35;39;;;;;;;1976-05-to-2008-10;loto.csv
2004001-2;2004001;2;2004-01-03;SA;historic-6-plus-complementary;13;17;3;49;43;26;44;;;;;;;1976-05-to-2008-10;loto.csv
2004002-1;2004002;1;2004-01-07;ME;historic-6-plus-complementary;28;3;13;4;47;6;27;;;;;;;1976-05-to-2008-10;loto.csv
2004002-2;2004002;2;2004-01-07;ME;historic-6-plus-complementary;42;21;8;20;45;22;15;;;;;;;1976-05-to-2008-10;loto.csv
2004003-1;2004003;1;2004-01-10;SA;historic-6-plus-complementary;23;32;18;21;15;10;4;;;;;;;1976-05-to-2008-10;loto.csv
2004003-2;2004003;2;2004-01-10;SA;historic-6-plus-complementary;38;12;26;32;6;45;19;;;;;;;1976-05-to-2008-10;loto.csv
2004004-1;2004004;1;2004-01-14;ME;historic-6-plus-complementary;33;38;11;14;32;28;25;;;;;;;1976-05-to-2008-10;loto.csv
2004004-2;2004004;2;2004-01-14;ME;historic-6-plus-complementary;18;6;40;48;12;31;10;;;;;;;1976-05-to-2008-10;loto.csv
2004005-1;2004005;1;2004-01-17;SA;historic-6-plus-complementary;43;45;20;29;15;26;38;;;;;;;1976-05-to-2008-10;loto.csv
2004005-2;2004005;2;2004-01-17;SA;historic-6-plus-complementary;29;44;32;36;31;26;20;;;;;;;1976-05-to-2008-10;loto.csv
2004006-1;2004006;1;2004-01-21;ME;historic-6-plus-complementary;8;19;28;21;36;30;12;;;;;;;1976-05-to-2008-10;loto.csv
2004006-2;2004006;2;2004-01-21;ME;historic-6-plus-complementary;28;21;19;25;15;12;34;;;;;;;1976-05-to-2008-10;loto.csv
2004007-1;2004007;1;2004-01-24;SA;historic-6-plus-complementary;5;8;2;42;40;38;20;;;;;;;1976-05-to-2008-10;loto.csv
2004007-2;2004007;2;2004-01-24;SA;historic-6-plus-complementary;12;18;46;8;28;10;31;;;;;;;1976-05-to-2008-10;loto.csv
2004008-1;2004008;1;2004-01-28;ME;historic-6-plus-complementary;21;43;4;3;31;16;39;;;;;;;1976-05-to-2008-10;loto.csv
2004008-2;2004008;2;2004-01-28;ME;historic-6-plus-complementary;39;47;16;27;44;28;37;;;;;;;1976-05-to-2008-10;loto.csv
2004009-1;2004009;1;2004-01-31;SA;historic-6-plus-complementary;33;25;20;39;13;38;46;;;;;;;1976-05-to-2008-10;loto.csv
2004009-2;2004009;2;2004-01-31;SA;historic-6-plus-complementary;12;43;20;10;26;36;35;;;;;;;1976-05-to-2008-10;loto.csv
2004010-1;2004010;1;2004-02-04;ME;historic-6-plus-complementary;13;40;17;32;21;16;47;;;;;;;1976-05-to-2008-10;loto.csv
2004010-2;2004010;2;2004-02-04;ME;historic-6-plus-complementary;45;13;8;33;7;22;42;;;;;;;1976-05-to-2008-10;loto.csv
2004011-1;2004011;1;2004-02-07;SA;historic-6-plus-complementary;8;2;27;48;15;14;33;;;;;;;1976-05-to-2008-10;loto.csv
2004011-2;2004011;2;2004-02-07;SA;historic-6-plus-complementary;34;1;29;40;22;30;5;;;;;;;1976-05-to-2008-10;loto.csv
2004012-1;2004012;1;2004-02-11;ME;historic-6-plus-complementary;23;47;10;45;24;1;20;;;;;;;1976-05-to-2008-10;loto.csv
2004012-2;2004012;2;2004-02-11;ME;historic-6-plus-complementary;47;32;48;36;44;31;27;;;;;;;1976-05-to-2008-10;loto.csv
2004013-1;2004013;1;2004-02-14;SA;historic-6-plus-complementary;11;30;12;32;44;36;24;;;;;;;1976-05-to-2008-10;loto.csv
2004013-2;2004013;2;2004-02-14;SA;historic-6-plus-complementary;44;9;5;2;10;1;29;;;;;;;1976-05-to-2008-10;loto.csv
2004014-1;2004014;1;2004-02-18;ME;historic-6-plus-complementary;12;5;35;43;23;8;13;;;;;;;1976-05-to-2008-10;loto.csv
2004014-2;2004014;2;2004-02-18;ME;historic-6-plus-complementary;35;49;17;1;37;18;5;;;;;;;1976-05-to-2008-10;loto.csv
2004015-1;2004015;1;2004-02-21;SA;historic-6-plus-complementary;20;3;18;24;28;31;7;;;;;;;1976-05-to-2008-10;loto.csv
2004015-2;2004015;2;2004-02-21;SA;historic-6-plus-complementary;25;44;7;9;37;47;41;;;;;;;1976-05-to-2008-10;loto.csv
2004016-1;2004016;1;2004-02-25;ME;historic-6-plus-complementary;28;13;18;19;41;20;46;;;;;;;1976-05-to-2008-10;loto.csv
2004016-2;2004016;2;2004-02-25;ME;historic-6-plus-complementary;21;14;37;18;43;11;29;;;;;;;1976-05-to-2008-10;loto.csv
2004017-1;2004017;1;2004-02-28;SA;historic-6-plus-complementary;23;18;47;39;33;9;42;;;;;;;1976-05-to-2008-10;loto.csv
2004017-2;2004017;2;2004-02-28;SA;historic-6-plus-complementary;7;32;43;38;21;9;6;;;;;;;1976-05-to-2008-10;loto.csv
2004018-1;2004018;1;2004-03-03;ME;historic-6-plus-complementary;33;27;44;45;47;34;1;;;;;;;1976-05-to-2008-10;loto.csv
2004018-2;2004018;2;2004-03-03;ME;historic-6-plus-complementary;34;36;44;10;18;42;47;;;;;;;1976-05-to-2008-10;loto.csv
2004019-1;2004019;1;2004-03-06;SA;historic-6-plus-complementary;16;44;24;39;25;47;32;;;;;;;1976-05-to-2008-10;loto.csv
2004019-2;2004019;2;2004-03-06;SA;historic-6-plus-complementary;38;8;35;46;18;40;12;;;;;;;1976-05-to-2008-10;loto.csv
2004020-1;2004020;1;2004-03-10;ME;historic-6-plus-complementary;8;22;6;26;42;20;10;;;;;;;1976-05-to-2008-10;loto.csv
2004020-2;2004020;2;2004-03-10;ME;historic-6-plus-complementary;19;21;37;36;3;28;6;;;;;;;1976-05-to-2008-10;loto.csv
2004021-1;2004021;1;2004-03-13;SA;historic-6-plus-complementary;46;26;30;34;37;48;8;;;;;;;1976-05-to-2008-10;loto.csv
2004021-2;2004021;2;2004-03-13;SA;historic-6-plus-complementary;49;38;14;29;5;35;13;;;;;;;1976-05-to-2008-10;loto.csv
2004022-1;2004022;1;2004-03-17;ME;historic-6-plus-complementary;30;37;31;6;38;9;29;;;;;;;1976-05-to-2008-10;loto.csv
2004022-2;2004022;2;2004-03-17;ME;historic-6-plus-complementary;28;3;49;19;48;26;37;;;;;;;1976-05-to-2008-10;loto.csv
2004023-1;2004023;1;2004-03-20;SA;historic-6-plus-complementary;37;20;38;36;30;24;11;;;;;;;1976-05-to-2008-10;loto.csv
2004023-2;2004023;2;2004-03-20;SA;historic-6-plus-complementary;5;25;15;44;38;21;14;;;;;;;1976-05-to-2008-10;loto.csv
2004024-1;2004024;1;2004-03-24;ME;historic-6-plus-complementary;3;44;14;38;34;33;25;;;;;;;1976-05-to-2008-10;loto.csv
2004024-2;2004024;2;2004-03-24;ME;historic-6-plus-complementary;27;33;43;12;5;32;1;;;;;;;1976-05-to-2008-10;loto.csv
2004025-1;2004025;1;2004-03-27;SA;historic-6-plus-complementary;12;44;2;37;45;32;35;;;;;;;1976-05-to-2008-10;loto.csv
2004025-2;2004025;2;2004-03-27;SA;historic-6-plus-complementary;4;28;30;42;43;29;36;;;;;;;1976-05-to-2008-10;loto.csv
2004026-1;2004026;1;2004-03-31;ME;historic-6-plus-complementary;40;13;19;45;46;41;23;;;;;;;1976-05-to-2008-10;loto.csv
2004026-2;2004026;2;2004-03-31;ME;historic-6-plus-complementary;7;26;29;48;16;9;5;;;;;;;1976-05-to-2008-10;loto.csv
2004027-1;2004027;1;2004-04-03;SA;historic-6-plus-complementary;15;31;33;5;14;26;35;;;;;;;1976-05-to-2008-10;loto.csv
2004027-2;2004027;2;2004-04-03;SA;historic-6-plus-complementary;26;13;22;21;36;32;48;;;;;;;1976-05-to-2008-10;loto.csv
2004028-1;2004028;1;2004-04-07;ME;historic-6-plus-complementary;11;32;25;33;1;42;16;;;;;;;1976-05-to-2008-10;loto.csv
2004028-2;2004028;2;2004-04-07;ME;historic-6-plus-complementary;36;29;21;2;24;12;28;;;;;;;1976-05-to-2008-10;loto.csv
2004029-1;2004029;1;2004-04-10;SA;historic-6-plus-complementary;38;20;27;48;29;22;21;;;;;;;1976-05-to-2008-10;loto.csv
2004029-2;2004029;2;2004-04-10;SA;historic-6-plus-complementary;14;30;48;31;13;2;27;;;;;;;1976-05-to-2008-10;loto.csv
2004030-1;2004030;1;2004-04-14;ME;historic-6-plus-complementary;38;43;4;44;35;7;32;;;;;;;1976-05-to-2008-10;loto.csv
2004030-2;2004030;2;2004-04-14;ME;historic-6-plus-complementary;21;34;29;38;13;44;15;;;;;;;1976-05-to-2008-10;loto.csv
2004031-1;2004031;1;2004-04-17;SA;historic-6-plus-complementary;32;3;43;20;21;12;44;;;;;;;1976-05-to-2008-10;loto.csv
2004031-2;2004031;2;2004-04-17;SA;historic-6-plus-complementary;43;5;20;47;34;36;6;;;;;;;1976-05-to-2008-10;loto.csv
2004032-1;2004032;1;2004-04-21;ME;historic-6-plus-complementary;25;6;39;45;15;33;9;;;;;;;1976-05-to-2008-10;loto.csv
2004032-2;2004032;2;2004-04-21;ME;historic-6-plus-complementary;4;36;42;28;41;47;20;;;;;;;1976-05-to-2008-10;loto.csv
2004033-1;2004033;1;2004-04-24;SA;historic-6-plus-complementary;47;44;24;29;45;5;10;;;;;;;1976-05-to-2008-10;loto.csv
2004033-2;2004033;2;2004-04-24;SA;historic-6-plus-complementary;9;24;16;43;30;21;3;;;;;;;1976-05-to-2008-10;loto.csv
2004034-1;2004034;1;2004-04-28;ME;historic-6-plus-complementary;31;14;43;25;6;13;10;;;;;;;1976-05-to-2008-10;loto.csv
2004034-2;2004034;2;2004-04-28;ME;historic-6-plus-complementary;1;45;36;21;48;46;15;;;;;;;1976-05-to-2008-10;loto.csv
2004035-1;2004035;1;2004-05-01;SA;historic-6-plus-complementary;17;18;11;16;48;41;6;;;;;;;1976-05-to-2008-10;loto.csv
2004035-2;2004035;2;2004-05-01;SA;historic-6-plus-complementary;40;25;46;30;39;31;34;;;;;;;1976-05-to-2008-10;loto.csv
2004036-1;2004036;1;2004-05-05;ME;historic-6-plus-complementary;34;32;15;22;31;1;8;;;;;;;1976-05-to-2008-10;loto.csv
2004036-2;2004036;2;2004-05-05;ME;historic-6-plus-complementary;3;47;43;23;14;8;38;;;;;;;1976-05-to-2008-10;loto.csv
2004037-1;2004037;1;2004-05-08;SA;historic-6-plus-complementary;13;16;31;25;4;26;37;;;;;;;1976-05-to-2008-10;loto.csv
2004037-2;2004037;2;2004-05-08;SA;historic-6-plus-complementary;18;12;23;36;44;38;41;;;;;;;1976-05-to-2008-10;loto.csv
2004038-1;2004038;1;2004-05-12;ME;historic-6-plus-complementary;5;27;30;45;44;42;3;;;;;;;1976-05-to-2008-10;loto.csv
2004038-2;2004038;2;2004-05-12;ME;historic-6-plus-complementary;26;16;24;31;38;30;25;;;;;;;1976-05-to-2008-10;loto.csv
2004039-1;2004039;1;2004-05-15;SA;historic-6-plus-complementary;21;29;25;20;39;48;16;;;;;;;1976-05-to-2008-10;loto.csv
2004039-2;2004039;2;2004-05-15;SA;historic-6-plus-complementary;17;30;27;14;16;45;1;;;;;;;1976-05-to-2008-10;loto.csv
2004040-1;2004040;1;2004-05-19;ME;historic-6-plus-complementary;47;2;43;12;22;13;19;;;;;;;1976-05-to-2008-10;loto.csv
2004040-2;2004040;2;2004-05-19;ME;historic-6-plus-complementary;48;35;42;14;36;16;32;;;;;;;1976-05-to-2008-10;loto.csv
2004041-1;2004041;1;2004-05-22;SA;historic-6-plus-complementary;9;23;20;11;27;46;16;;;;;;;1976-05-to-2008-10;loto.csv
2004041-2;2004041;2;2004-05-22;SA;historic-6-plus-complementary;26;39;7;19;8;21;13;;;;;;;1976-05-to-2008-10;loto.csv
2004042-1;2004042;1;2004-05-26;ME;historic-6-plus-complementary;36;13;8;15;34;41;49;;;;;;;1976-05-to-2008-10;loto.csv
2004042-2;2004042;2;2004-05-26;ME;historic-6-plus-complementary;38;14;2;34;22;3;5;;;;;;;1976-05-to-2008-10;loto.csv
2004043-1;2004043;1;2004-05-29;SA;historic-6-plus-complementary;10;20;43;26;46;39;41;;;;;;;1976-05-to-2008-10;loto.csv
2004043-2;2004043;2;2004-05-29;SA;historic-6-plus-complementary;23;9;44;17;5;35;11;;;;;;;1976-05-to-2008-10;loto.csv
2004044-1;2004044;1;2004-06-02;ME;historic-6-plus-complementary;41;34;8;7;42;14;36;;;;;;;1976-05-to-2008-10;loto.csv
2004044-2;2004044;2;2004-06-02;ME;historic-6-plus-complementary;7;47;14;45;8;32;35;;;;;;;1976-05-to-2008-10;loto.csv
2004045-1;2004045;1;2004-06-05;SA;historic-6-plus-complementary;43;24;20;35;38;46;14;;;;;;;1976-05-to-2008-10;loto.csv
2004045-2;2004045;2;2004-06-05;SA;historic-6-plus-complementary;46;41;38;47;43;27;48;;;;;;;1976-05-to-2008-10;loto.csv
2004046-1;2004046;1;2004-06-09;ME;historic-6-plus-complementary;31;18;23;32;9;40;8;;;;;;;1976-05-to-2008-10;loto.csv
2004046-2;2004046;2;2004-06-09;ME;historic-6-plus-complementary;3;21;35;41;43;40;36;;;;;;;1976-05-to-2008-10;loto.csv
2004047-1;2004047;1;2004-06-12;SA;historic-6-plus-complementary;4;6;43;46;45;12;38;;;;;;;1976-05-to-2008-10;loto.csv
2004047-2;2004047;2;2004-06-12;SA;historic-6-plus-complementary;21;39;19;10;17;35;43;;;;;;;1976-05-to-2008-10;loto.csv
2004048-1;2004048;1;2004-06-16;ME;historic-6-plus-complementary;16;41;21;34;13;38;12;;;;;;;1976-05-to-2008-10;loto.csv
2004048-2;2004048;2;2004-06-16;ME;historic-6-plus-complementary;43;31;6;15;11;18;34;;;;;;;1976-05-to-2008-10;loto.csv
2004049-1;2004049;1;2004-06-19;SA;historic-6-plus-complementary;41;27;44;46;12;40;26;;;;;;;1976-05-to-2008-10;loto.csv
2004049-2;2004049;2;2004-06-19;SA;historic-6-plus-complementary;20;21;40;28;19;14;35;;;;;;;1976-05-to-2008-10;loto.csv
2004050-1;2004050;1;2004-06-23;ME;historic-6-plus-complementary;13;9;10;4;15;25;32;;;;;;;1976-05-to-2008-10;loto.csv
2004050-2;2004050;2;2004-06-23;ME;historic-6-plus-complementary;5;40;2;3;7;30;34;;;;;;;1976-05-to-2008-10;loto.csv
2004051-1;2004051;1;2004-06-26;SA;historic-6-plus-complementary;1;46;22;9;39;12;42;;;;;;;1976-05-to-2008-10;loto.csv
2004051-2;2004051;2;2004-06-26;SA;historic-6-plus-complementary;37;38;33;7;27;16;2;;;;;;;1976-05-to-2008-10;loto.csv
2004052-1;2004052;1;2004-06-30;ME;historic-6-plus-complementary;4;44;47;22;20;8;38;;;;;;;1976-05-to-2008-10;loto.csv
2004052-2;2004052;2;2004-06-30;ME;historic-6-plus-complementary;1;16;38;42;29;15;2;;;;;;;1976-05-to-2008-10;loto.csv
2004053-1;2004053;1;2004-07-03;SA;historic-6-plus-complementary;33;43;30;45;12;48;18;;;;;;;1976-05-to-2008-10;loto.csv
2004053-2;2004053;2;2004-07-03;SA;historic-6-plus-complementary;2;45;44;9;15;13;30;;;;;;;1976-05-to-2008-10;loto.csv
2004054-1;2004054;1;2004-07-07;ME;historic-6-plus-complementary;46;8;6;32;36;5;9;;;;;;;1976-05-to-2008-10;loto.csv
2004054-2;2004054;2;2004-07-07;ME;historic-6-plus-complementary;29;38;10;12;45;14;3;;;;;;;1976-05-to-2008-10;loto.csv
2004055-1;2004055;1;2004-07-10;SA;historic-6-plus-complementary;29;6;33;36;12;41;39;;;;;;;1976-05-to-2008-10;loto.csv
2004055-2;2004055;2;2004-07-10;SA;historic-6-plus-complementary;44;33;15;5;27;34;39;;;;;;;1976-05-to-2008-10;loto.csv
2004056-1;2004056;1;2004-07-14;ME;historic-6-plus-complementary;14;34;5;12;29;10;16;;;;;;;1976-05-to-2008-10;loto.csv
2004056-2;2004056;2;2004-07-14;ME;historic-6-plus-complementary;10;29;32;25;26;41;40;;;;;;;1976-05-to-2008-10;loto.csv
2004057-1;2004057;1;2004-07-17;SA;historic-6-plus-complementary;26;11;18;13;31;27;33;;;;;;;1976-05-to-2008-10;loto.csv
2004057-2;2004057;2;2004-07-17;SA;historic-6-plus-complementary;32;11;47;35;36;28;40;;;;;;;1976-05-to-2008-10;loto.csv
2004058-1;2004058;1;2004-07-21;ME;historic-6-plus-complementary;34;19;29;36;45;2;39;;;;;;;1976-05-to-2008-10;loto.csv
2004058-2;2004058;2;2004-07-21;ME;historic-6-plus-complementary;17;46;19;40;35;37;26;;;;;;;1976-05-to-2008-10;loto.csv
2004059-1;2004059;1;2004-07-24;SA;historic-6-plus-complementary;22;31;6;1;20;5;49;;;;;;;1976-05-to-2008-10;loto.csv
2004059-2;2004059;2;2004-07-24;SA;historic-6-plus-complementary;34;1;11;4;10;28;5;;;;;;;1976-05-to-2008-10;loto.csv
2004060-1;2004060;1;2004-07-28;ME;historic-6-plus-complementary;35;23;45;40;2;39;32;;;;;;;1976-05-to-2008-10;loto.csv
2004060-2;2004060;2;2004-07-28;ME;historic-6-plus-complementary;32;9;22;14;24;18;34;;;;;;;1976-05-to-2008-10;loto.csv
2004061-1;2004061;1;2004-07-31;SA;historic-6-plus-complementary;19;3;37;47;34;17;29;;;;;;;1976-05-to-2008-10;loto.csv
2004061-2;2004061;2;2004-07-31;SA;historic-6-plus-complementary;38;42;2;12;37;7;9;;;;;;;1976-05-to-2008-10;loto.csv
2004062-1;2004062;1;2004-08-04;ME;historic-6-plus-complementary;26;22;43;1;49;47;48;;;;;;;1976-05-to-2008-10;loto.csv
2004062-2;2004062;2;2004-08-04;ME;historic-6-plus-complementary;42;35;1;7;49;3;11;;;;;;;1976-05-to-2008-10;loto.csv
2004063-1;2004063;1;2004-08-07;SA;historic-6-plus-complementary;30;43;39;26;24;25;48;;;;;;;1976-05-to-2008-10;loto.csv
2004063-2;2004063;2;2004-08-07;SA;historic-6-plus-complementary;21;22;43;37;19;16;31;;;;;;;1976-05-to-2008-10;loto.csv
2004064-1;2004064;1;2004-08-11;ME;historic-6-plus-complementary;35;6;5;10;30;24;38;;;;;;;1976-05-to-2008-10;loto.csv
2004064-2;2004064;2;2004-08-11;ME;historic-6-plus-complementary;19;35;29;16;25;10;12;;;;;;;1976-05-to-2008-10;loto.csv
2004065-1;2004065;1;2004-08-14;SA;historic-6-plus-complementary;8;49;45;10;25;28;42;;;;;;;1976-05-to-2008-10;loto.csv
2004065-2;2004065;2;2004-08-14;SA;historic-6-plus-complementary;30;31;36;2;9;32;22;;;;;;;1976-05-to-2008-10;loto.csv
2004066-1;2004066;1;2004-08-18;ME;historic-6-plus-complementary;31;41;46;35;25;15;45;;;;;;;1976-05-to-2008-10;loto.csv
2004066-2;2004066;2;2004-08-18;ME;historic-6-plus-complementary;30;22;6;34;40;35;23;;;;;;;1976-05-to-2008-10;loto.csv
2004067-1;2004067;1;2004-08-21;SA;historic-6-plus-complementary;13;31;14;39;16;30;15;;;;;;;1976-05-to-2008-10;loto.csv
2004067-2;2004067;2;2004-08-21;SA;historic-6-plus-complementary;39;23;24;29;45;22;17;;;;;;;1976-05-to-2008-10;loto.csv
2004068-1;2004068;1;2004-08-25;ME;historic-6-plus-complementary;37;25;16;3;14;18;10;;;;;;;1976-05-to-2008-10;loto.csv
2004068-2;2004068;2;2004-08-25;ME;historic-6-plus-complementary;30;15;25;46;35;33;20;;;;;;;1976-05-to-2008-10;loto.csv
2004069-1;2004069;1;2004-08-28;SA;historic-6-plus-complementary;20;23;4;14;25;46;21;;;;;;;1976-05-to-2008-10;loto.csv
2004069-2;2004069;2;2004-08-28;SA;historic-6-plus-complementary;2;3;1;39;41;36;22;;;;;;;1976-05-to-2008-10;loto.csv
2004070-1;2004070;1;2004-09-01;ME;historic-6-plus-complementary;34;36;47;14;9;23;40;;;;;;;1976-05-to-2008-10;loto.csv
2004070-2;2004070;2;2004-09-01;ME;historic-6-plus-complementary;20;32;28;4;3;8;38;;;;;;;1976-05-to-2008-10;loto.csv
2004071-1;2004071;1;2004-09-04;SA;historic-6-plus-complementary;22;48;14;7;9;11;42;;;;;;;1976-05-to-2008-10;loto.csv
2004071-2;2004071;2;2004-09-04;SA;historic-6-plus-complementary;37;3;24;38;19;11;28;;;;;;;1976-05-to-2008-10;loto.csv
2004072-1;2004072;1;2004-09-08;ME;historic-6-plus-complementary;39;15;47;38;37;11;19;;;;;;;1976-05-to-2008-10;loto.csv
2004072-2;2004072;2;2004-09-08;ME;historic-6-plus-complementary;15;22;41;10;11;45;1;;;;;;;1976-05-to-2008-10;loto.csv
2004073-1;2004073;1;2004-09-11;SA;historic-6-plus-complementary;36;37;34;47;5;8;49;;;;;;;1976-05-to-2008-10;loto.csv
2004073-2;2004073;2;2004-09-11;SA;historic-6-plus-complementary;26;13;27;18;10;11;31;;;;;;;1976-05-to-2008-10;loto.csv
2004074-1;2004074;1;2004-09-15;ME;historic-6-plus-complementary;28;6;38;31;17;41;30;;;;;;;1976-05-to-2008-10;loto.csv
2004074-2;2004074;2;2004-09-15;ME;historic-6-plus-complementary;46;48;1;41;49;21;30;;;;;;;1976-05-to-2008-10;loto.csv
2004075-1;2004075;1;2004-09-18;SA;historic-6-plus-complementary;26;1;25;9;3;20;41;;;;;;;1976-05-to-2008-10;loto.csv
2004075-2;2004075;2;2004-09-18;SA;historic-6-plus-complementary;46;11;40;10;42;23;6;;;;;;;1976-05-to-2008-10;loto.csv
2004076-1;2004076;1;2004-09-22;ME;historic-6-plus-complementary;5;25;20;27;26;45;46;;;;;;;1976-05-to-2008-10;loto.csv
2004076-2;2004076;2;2004-09-22;ME;historic-6-plus-complementary;37;11;21;10;35;7;19;;;;;;;1976-05-to-2008-10;loto.csv
2004077-1;2004077;1;2004-09-25;SA;historic-6-plus-complementary;41;49;19;15;8;21;38;;;;;;;1976-05-to-2008-10;loto.csv
2004077-2;2004077;2;2004-09-25;SA;historic-6-plus-complementary;37;20;39;36;28;45;15;;;;;;;1976-05-to-2008-10;loto.csv
2004078-1;2004078;1;2004-09-29;ME;historic-6-plus-complementary;24;1;17;39;26;47;16;;;;;;;1976-05-to-2008-10;loto.csv
2004078-2;2004078;2;2004-09-29;ME;historic-6-plus-complementary;47;27;19;40;44;11;33;;;;;;;1976-05-to-2008-10;loto.csv
2004079-1;2004079;1;2004-10-02;SA;historic-6-plus-complementary;1;42;47;29;18;12;35;;;;;;;1976-05-to-2008-10;loto.csv
2004079-2;2004079;2;2004-10-02;SA;historic-6-plus-complementary;11;6;10;47;22;7;30;;;;;;;1976-05-to-2008-10;loto.csv
2004080-1;2004080;1;2004-10-06;ME;historic-6-plus-complementary;34;43;6;37;26;1;36;;;;;;;1976-05-to-2008-10;loto.csv
2004080-2;2004080;2;2004-10-06;ME;historic-6-plus-complementary;19;1;10;48;18;37;34;;;;;;;1976-05-to-2008-10;loto.csv
2004081-1;2004081;1;2004-10-09;SA;historic-6-plus-complementary;22;26;5;7;11;3;1;;;;;;;1976-05-to-2008-10;loto.csv
2004081-2;2004081;2;2004-10-09;SA;historic-6-plus-complementary;14;26;28;4;9;44;16;;;;;;;1976-05-to-2008-10;loto.csv
2004082-1;2004082;1;2004-10-13;ME;historic-6-plus-complementary;29;10;46;18;14;31;15;;;;;;;1976-05-to-2008-10;loto.csv
2004082-2;2004082;2;2004-10-13;ME;historic-6-plus-complementary;35;2;33;48;30;38;14;;;;;;;1976-05-to-2008-10;loto.csv
2004083-1;2004083;1;2004-10-16;SA;historic-6-plus-complementary;21;34;2;44;13;46;28;;;;;;;1976-05-to-2008-10;loto.csv
2004083-2;2004083;2;2004-10-16;SA;historic-6-plus-complementary;6;16;47;15;20;4;36;;;;;;;1976-05-to-2008-10;loto.csv
2004084-1;2004084;1;2004-10-20;ME;historic-6-plus-complementary;29;6;5;38;14;17;32;;;;;;;1976-05-to-2008-10;loto.csv
2004084-2;2004084;2;2004-10-20;ME;historic-6-plus-complementary;1;12;7;35;23;42;17;;;;;;;1976-05-to-2008-10;loto.csv
2004085-1;2004085;1;2004-10-23;SA;historic-6-plus-complementary;6;37;34;45;14;20;39;;;;;;;1976-05-to-2008-10;loto.csv
2004085-2;2004085;2;2004-10-23;SA;historic-6-plus-complementary;36;26;47;48;3;19;22;;;;;;;1976-05-to-2008-10;loto.csv
2004086-1;2004086;1;2004-10-27;ME;historic-6-plus-complementary;45;23;2;38;27;17;24;;;;;;;1976-05-to-2008-10;loto.csv
2004086-2;2004086;2;2004-10-27;ME;historic-6-plus-complementary;26;6;35;2;1;3;44;;;;;;;1976-05-to-2008-10;loto.csv
2004087-1;2004087;1;2004-10-30;SA;historic-6-plus-complementary;9;19;8;30;14;39;34;;;;;;;1976-05-to-2008-10;loto.csv
2004087-2;2004087;2;2004-10-30;SA;historic-6-plus-complementary;45;25;48;49;4;28;23;;;;;;;1976-05-to-2008-10;loto.csv
2004088-1;2004088;1;2004-11-03;ME;historic-6-plus-complementary;5;44;34;42;15;26;40;;;;;;;1976-05-to-2008-10;loto.csv
2004088-2;2004088;2;2004-11-03;ME;historic-6-plus-complementary;25;30;31;44;41;47;49;;;;;;;1976-05-to-2008-10;loto.csv
2004089-1;2004089;1;2004-11-06;SA;historic-6-plus-complementary;38;4;16;7;21;45;13;;;;;;;1976-05-to-2008-10;loto.csv
2004089-2;2004089;2;2004-11-06;SA;historic-6-plus-complementary;14;47;26;4;39;29;19;;;;;;;1976-05-to-2008-10;loto.csv
2004090-1;2004090;1;2004-11-10;ME;historic-6-plus-complementary;14;12;30;17;48;6;10;;;;;;;1976-05-to-2008-10;loto.csv
2004090-2;2004090;2;2004-11-10;ME;historic-6-plus-complementary;14;28;30;46;40;45;33;;;;;;;1976-05-to-2008-10;loto.csv
2004091-1;2004091;1;2004-11-13;SA;historic-6-plus-complementary;40;28;48;45;1;22;39;;;;;;;1976-05-to-2008-10;loto.csv
2004091-2;2004091;2;2004-11-13;SA;historic-6-plus-complementary;8;48;6;9;47;21;20;;;;;;;1976-05-to-2008-10;loto.csv
2004092-1;2004092;1;2004-11-17;ME;historic-6-plus-complementary;7;41;27;8;15;10;26;;;;;;;1976-05-to-2008-10;loto.csv
2004092-2;2004092;2;2004-11-17;ME;historic-6-plus-complementary;43;4;25;24;26;49;27;;;;;;;1976-05-to-2008-10;loto.csv
2004093-1;2004093;1;2004-11-20;SA;historic-6-plus-complementary;9;27;3;30;47;31;43;;;;;;;1976-05-to-2008-10;loto.csv
2004093-2;2004093;2;2004-11-20;SA;historic-6-plus-complementary;45;47;2;24;35;20;6;;;;;;;1976-05-to-2008-10;loto.csv
2004094-1;2004094;1;2004-11-24;ME;historic-6-plus-complementary;2;44;35;49;4;26;14;;;;;;;1976-05-to-2008-10;loto.csv
2004094-2;2004094;2;2004-11-24;ME;historic-6-plus-complementary;20;11;7;9;40;22;33;;;;;;;1976-05-to-2008-10;loto.csv
2004095-1;2004095;1;2004-11-27;SA;historic-6-plus-complementary;35;5;38;25;6;18;26;;;;;;;1976-05-to-2008-10;loto.csv
2004095-2;2004095;2;2004-11-27;SA;historic-6-plus-complementary;34;33;26;15;24;7;43;;;;;;;1976-05-to-2008-10;loto.csv
2004096-1;2004096;1;2004-12-01;ME;historic-6-plus-complementary;32;35;29;27;21;19;47;;;;;;;1976-05-to-2008-10;loto.csv
2004096-2;2004096;2;2004-12-01;ME;historic-6-plus-complementary;2;21;45;29;43;8;32;;;;;;;1976-05-to-2008-10;loto.csv
2004097-1;2004097;1;2004-12-04;SA;historic-6-plus-complementary;25;45;13;7;10;2;8;;;;;;;1976-05-to-2008-10;loto.csv
2004097-2;2004097;2;2004-12-04;SA;historic-6-plus-complementary;17;42;19;23;43;44;8;;;;;;;1976-05-to-2008-10;loto.csv
2004098-1;2004098;1;2004-12-08;ME;historic-6-plus-complementary;41;15;20;43;48;11;34;;;;;;;1976-05-to-2008-10;loto.csv
2004098-2;2004098;2;2004-12-08;ME;historic-6-plus-complementary;17;21;12;49;38;30;43;;;;;;;1976-05-to-2008-10;loto.csv
2004099-1;2004099;1;2004-12-11;SA;historic-6-plus-complementary;35;26;7;38;39;28;14;;;;;;;1976-05-to-2008-10;loto.csv
2004099-2;2004099;2;2004-12-11;SA;historic-6-plus-complementary;47;32;15;21;33;23;49;;;;;;;1976-05-to-2008-10;loto.csv
2004100-1;2004100;1;2004-12-15;ME;historic-6-plus-complementary;15;1;29;34;38;41;31;;;;;;;1976-05-to-2008-10;loto.csv
2004100-2;2004100;2;2004-12-15;ME;historic-6-plus-complementary;4;13;9;30;19;26;22;;;;;;;1976-05-to-2008-10;loto.csv
2004101-1;2004101;1;2004-12-18;SA;historic-6-plus-complementary;44;27;24;10;45;38;20;;;;;;;1976-05-to-2008-10;loto.csv
2004101-2;2004101;2;2004-12-18;SA;historic-6-plus-complementary;25;40;39;44;33;41;17;;;;;;;1976-05-to-2008-10;loto.csv
2004102-1;2004102;1;2004-12-22;ME;historic-6-plus-complementary;16;22;33;8;2;48;7;;;;;;;1976-05-to-2008-10;loto.csv
2004102-2;2004102;2;2004-12-22;ME;historic-6-plus-complementary;15;30;45;46;18;6;31;;;;;;;1976-05-to-2008-10;loto.csv
2004103-1;2004103;1;2004-12-25;SA;historic-6-plus-complementary;42;32;20;10;41;36;19;;;;;;;1976-05-to-2008-10;loto.csv
2004103-2;2004103;2;2004-12-25;SA;historic-6-plus-complementary;8;41;20;38;24;31;6;;;;;;;1976-05-to-2008-10;loto.csv
2004104-1;2004104;1;2004-12-29;ME;historic-6-plus-complementary;33;32;25;11;43;28;30;;;;;;;1976-05-to-2008-10;loto.csv
2004104-2;2004104;2;2004-12-29;ME;historic-6-plus-complementary;37;40;22;9;42;33;34;;;;;;;1976-05-to-2008-10;loto.csv
2005001-1;2005001;1;2005-01-01;SA;historic-6-plus-complementary;46;32;34;31;30;13;22;;;;;;;1976-05-to-2008-10;loto.csv
2005001-2;2005001;2;2005-01-01;SA;historic-6-plus-complementary;3;6;31;39;44;13;16;;;;;;;1976-05-to-2008-10;loto.csv
2005002-1;2005002;1;2005-01-05;ME;historic-6-plus-complementary;49;33;36;43;25;7;48;;;;;;;1976-05-to-2008-10;loto.csv
2005002-2;2005002;2;2005-01-05;ME;historic-6-plus-complementary;46;18;25;13;45;29;37;;;;;;;1976-05-to-2008-10;loto.csv
2005003-1;2005003;1;2005-01-08;SA;historic-6-plus-complementary;9;13;14;28;7;26;3;;;;;;;1976-05-to-2008-10;loto.csv
2005003-2;2005003;2;2005-01-08;SA;historic-6-plus-complementary;37;23;35;40;48;2;38;;;;;;;1976-05-to-2008-10;loto.csv
2005004-1;2005004;1;2005-01-12;ME;historic-6-plus-complementary;27;39;1;35;14;6;26;;;;;;;1976-05-to-2008-10;loto.csv
2005004-2;2005004;2;2005-01-12;ME;historic-6-plus-complementary;2;47;39;27;37;1;49;;;;;;;1976-05-to-2008-10;loto.csv
2005005-1;2005005;1;2005-01-15;SA;historic-6-plus-complementary;16;11;19;6;4;10;15;;;;;;;1976-05-to-2008-10;loto.csv
2005005-2;2005005;2;2005-01-15;SA;historic-6-plus-complementary;28;46;42;39;31;36;3;;;;;;;1976-05-to-2008-10;loto.csv
2005006-1;2005006;1;2005-01-19;ME;historic-6-plus-complementary;35;25;1;11;41;40;45;;;;;;;1976-05-to-2008-10;loto.csv
2005006-2;2005006;2;2005-01-19;ME;historic-6-plus-complementary;39;7;41;26;16;23;34;;;;;;;1976-05-to-2008-10;loto.csv
2005007-1;2005007;1;2005-01-22;SA;historic-6-plus-complementary;26;18;23;40;31;1;32;;;;;;;1976-05-to-2008-10;loto.csv
2005007-2;2005007;2;2005-01-22;SA;historic-6-plus-complementary;36;35;15;24;19;17;45;;;;;;;1976-05-to-2008-10;loto.csv
2005008-1;2005008;1;2005-01-26;ME;historic-6-plus-complementary;19;8;36;24;28;47;46;;;;;;;1976-05-to-2008-10;loto.csv
2005008-2;2005008;2;2005-01-26;ME;historic-6-plus-complementary;4;16;11;33;41;27;6;;;;;;;1976-05-to-2008-10;loto.csv
2005009-1;2005009;1;2005-01-29;SA;historic-6-plus-complementary;33;21;19;13;1;29;15;;;;;;;1976-05-to-2008-10;loto.csv
2005009-2;2005009;2;2005-01-29;SA;historic-6-plus-complementary;4;43;40;29;38;6;21;;;;;;;1976-05-to-2008-10;loto.csv
2005010-1;2005010;1;2005-02-02;ME;historic-6-plus-complementary;4;35;45;13;15;37;2;;;;;;;1976-05-to-2008-10;loto.csv
2005010-2;2005010;2;2005-02-02;ME;historic-6-plus-complementary;41;34;18;48;6;16;45;;;;;;;1976-05-to-2008-10;loto.csv
2005011-1;2005011;1;2005-02-05;SA;historic-6-plus-complementary;27;13;49;18;44;41;24;;;;;;;1976-05-to-2008-10;loto.csv
2005011-2;2005011;2;2005-02-05;SA;historic-6-plus-complementary;35;41;23;5;22;42;30;;;;;;;1976-05-to-2008-10;loto.csv
2005012-1;2005012;1;2005-02-09;ME;historic-6-plus-complementary;49;23;33;44;26;28;34;;;;;;;1976-05-to-2008-10;loto.csv
2005012-2;2005012;2;2005-02-09;ME;historic-6-plus-complementary;38;46;33;8;1;43;31;;;;;;;1976-05-to-2008-10;loto.csv
2005013-1;2005013;1;2005-02-12;SA;historic-6-plus-complementary;4;31;20;36;7;32;37;;;;;;;1976-05-to-2008-10;loto.csv
2005013-2;2005013;2;2005-02-12;SA;historic-6-plus-complementary;14;3;26;9;23;32;34;;;;;;;1976-05-to-2008-10;loto.csv
2005014-1;2005014;1;2005-02-16;ME;historic-6-plus-complementary;24;48;8;38;30;27;1;;;;;;;1976-05-to-2008-10;loto.csv
2005014-2;2005014;2;2005-02-16;ME;historic-6-plus-complementary;4;1;31;8;6;22;5;;;;;;;1976-05-to-2008-10;loto.csv
2005015-1;2005015;1;2005-02-19;SA;historic-6-plus-complementary;19;12;47;1;11;38;33;;;;;;;1976-05-to-2008-10;loto.csv
2005015-2;2005015;2;2005-02-19;SA;historic-6-plus-complementary;27;26;23;7;38;5;9;;;;;;;1976-05-to-2008-10;loto.csv
2005016-1;2005016;1;2005-02-23;ME;historic-6-plus-complementary;23;36;28;16;22;38;39;;;;;;;1976-05-to-2008-10;loto.csv
2005016-2;2005016;2;2005-02-23;ME;historic-6-plus-complementary;35;40;15;14;33;6;46;;;;;;;1976-05-to-2008-10;loto.csv
2005017-1;2005017;1;2005-02-26;SA;historic-6-plus-complementary;47;29;48;1;27;37;49;;;;;;;1976-05-to-2008-10;loto.csv
2005017-2;2005017;2;2005-02-26;SA;historic-6-plus-complementary;3;25;15;34;27;32;28;;;;;;;1976-05-to-2008-10;loto.csv
2005018-1;2005018;1;2005-03-02;ME;historic-6-plus-complementary;4;34;8;21;30;42;17;;;;;;;1976-05-to-2008-10;loto.csv
2005018-2;2005018;2;2005-03-02;ME;historic-6-plus-complementary;39;42;16;26;46;24;48;;;;;;;1976-05-to-2008-10;loto.csv
2005019-1;2005019;1;2005-03-05;SA;historic-6-plus-complementary;24;25;9;47;43;45;36;;;;;;;1976-05-to-2008-10;loto.csv
2005019-2;2005019;2;2005-03-05;SA;historic-6-plus-complementary;10;8;40;44;48;18;9;;;;;;;1976-05-to-2008-10;loto.csv
2005020-1;2005020;1;2005-03-09;ME;historic-6-plus-complementary;34;31;45;42;33;30;28;;;;;;;1976-05-to-2008-10;loto.csv
2005020-2;2005020;2;2005-03-09;ME;historic-6-plus-complementary;17;39;32;12;42;38;6;;;;;;;1976-05-to-2008-10;loto.csv
2005021-1;2005021;1;2005-03-12;SA;historic-6-plus-complementary;26;25;11;16;6;13;36;;;;;;;1976-05-to-2008-10;loto.csv
2005021-2;2005021;2;2005-03-12;SA;historic-6-plus-complementary;27;42;16;48;39;9;7;;;;;;;1976-05-to-2008-10;loto.csv
2005022-1;2005022;1;2005-03-16;ME;historic-6-plus-complementary;8;12;17;26;5;30;40;;;;;;;1976-05-to-2008-10;loto.csv
2005022-2;2005022;2;2005-03-16;ME;historic-6-plus-complementary;40;14;47;35;32;21;5;;;;;;;1976-05-to-2008-10;loto.csv
2005023-1;2005023;1;2005-03-19;SA;historic-6-plus-complementary;37;28;11;8;5;6;48;;;;;;;1976-05-to-2008-10;loto.csv
2005023-2;2005023;2;2005-03-19;SA;historic-6-plus-complementary;6;30;38;20;21;9;18;;;;;;;1976-05-to-2008-10;loto.csv
2005024-1;2005024;1;2005-03-23;ME;historic-6-plus-complementary;34;40;49;38;45;17;47;;;;;;;1976-05-to-2008-10;loto.csv
2005024-2;2005024;2;2005-03-23;ME;historic-6-plus-complementary;35;27;42;9;8;5;45;;;;;;;1976-05-to-2008-10;loto.csv
2005025-1;2005025;1;2005-03-26;SA;historic-6-plus-complementary;45;41;40;32;9;17;4;;;;;;;1976-05-to-2008-10;loto.csv
2005025-2;2005025;2;2005-03-26;SA;historic-6-plus-complementary;31;47;49;2;15;27;45;;;;;;;1976-05-to-2008-10;loto.csv
2005026-1;2005026;1;2005-03-30;ME;historic-6-plus-complementary;24;35;22;31;10;5;28;;;;;;;1976-05-to-2008-10;loto.csv
2005026-2;2005026;2;2005-03-30;ME;historic-6-plus-complementary;19;5;41;23;43;13;20;;;;;;;1976-05-to-2008-10;loto.csv
2005027-1;2005027;1;2005-04-02;SA;historic-6-plus-complementary;31;2;21;18;42;23;15;;;;;;;1976-05-to-2008-10;loto.csv
2005027-2;2005027;2;2005-04-02;SA;historic-6-plus-complementary;3;27;1;21;13;34;4;;;;;;;1976-05-to-2008-10;loto.csv
2005028-1;2005028;1;2005-04-06;ME;historic-6-plus-complementary;47;45;40;36;25;24;1;;;;;;;1976-05-to-2008-10;loto.csv
2005028-2;2005028;2;2005-04-06;ME;historic-6-plus-complementary;5;20;4;35;46;6;12;;;;;;;1976-05-to-2008-10;loto.csv
2005029-1;2005029;1;2005-04-09;SA;historic-6-plus-complementary;9;14;27;2;36;33;20;;;;;;;1976-05-to-2008-10;loto.csv
2005029-2;2005029;2;2005-04-09;SA;historic-6-plus-complementary;26;36;45;37;18;12;47;;;;;;;1976-05-to-2008-10;loto.csv
2005030-1;2005030;1;2005-04-13;ME;historic-6-plus-complementary;13;6;19;20;3;49;45;;;;;;;1976-05-to-2008-10;loto.csv
2005030-2;2005030;2;2005-04-13;ME;historic-6-plus-complementary;34;42;41;38;40;47;14;;;;;;;1976-05-to-2008-10;loto.csv
2005031-1;2005031;1;2005-04-16;SA;historic-6-plus-complementary;47;3;16;15;36;45;6;;;;;;;1976-05-to-2008-10;loto.csv
2005031-2;2005031;2;2005-04-16;SA;historic-6-plus-complementary;27;37;17;46;45;41;30;;;;;;;1976-05-to-2008-10;loto.csv
2005032-1;2005032;1;2005-04-20;ME;historic-6-plus-complementary;44;37;4;19;1;21;47;;;;;;;1976-05-to-2008-10;loto.csv
2005032-2;2005032;2;2005-04-20;ME;historic-6-plus-complementary;25;45;15;37;18;9;24;;;;;;;1976-05-to-2008-10;loto.csv
2005033-1;2005033;1;2005-04-23;SA;historic-6-plus-complementary;23;4;5;21;11;15;27;;;;;;;1976-05-to-2008-10;loto.csv
2005033-2;2005033;2;2005-04-23;SA;historic-6-plus-complementary;24;15;11;27;14;32;13;;;;;;;1976-05-to-2008-10;loto.csv
2005034-1;2005034;1;2005-04-27;ME;historic-6-plus-complementary;23;26;5;32;14;19;45;;;;;;;1976-05-to-2008-10;loto.csv
2005034-2;2005034;2;2005-04-27;ME;historic-6-plus-complementary;3;38;36;5;23;15;25;;;;;;;1976-05-to-2008-10;loto.csv
2005035-1;2005035;1;2005-04-30;SA;historic-6-plus-complementary;2;41;6;36;12;34;27;;;;;;;1976-05-to-2008-10;loto.csv
2005035-2;2005035;2;2005-04-30;SA;historic-6-plus-complementary;36;32;9;22;39;42;33;;;;;;;1976-05-to-2008-10;loto.csv
2005036-1;2005036;1;2005-05-04;ME;historic-6-plus-complementary;10;18;29;37;24;1;31;;;;;;;1976-05-to-2008-10;loto.csv
2005036-2;2005036;2;2005-05-04;ME;historic-6-plus-complementary;45;9;46;27;36;8;10;;;;;;;1976-05-to-2008-10;loto.csv
2005037-1;2005037;1;2005-05-07;SA;historic-6-plus-complementary;14;16;33;24;40;44;11;;;;;;;1976-05-to-2008-10;loto.csv
2005037-2;2005037;2;2005-05-07;SA;historic-6-plus-complementary;32;7;3;16;29;4;39;;;;;;;1976-05-to-2008-10;loto.csv
2005038-1;2005038;1;2005-05-11;ME;historic-6-plus-complementary;17;27;35;36;7;49;39;;;;;;;1976-05-to-2008-10;loto.csv
2005038-2;2005038;2;2005-05-11;ME;historic-6-plus-complementary;16;38;41;11;7;44;39;;;;;;;1976-05-to-2008-10;loto.csv
2005039-1;2005039;1;2005-05-14;SA;historic-6-plus-complementary;8;1;37;36;2;16;33;;;;;;;1976-05-to-2008-10;loto.csv
2005039-2;2005039;2;2005-05-14;SA;historic-6-plus-complementary;11;13;41;7;25;26;44;;;;;;;1976-05-to-2008-10;loto.csv
2005040-1;2005040;1;2005-05-18;ME;historic-6-plus-complementary;27;4;8;18;29;5;3;;;;;;;1976-05-to-2008-10;loto.csv
2005040-2;2005040;2;2005-05-18;ME;historic-6-plus-complementary;44;47;3;41;13;39;7;;;;;;;1976-05-to-2008-10;loto.csv
2005041-1;2005041;1;2005-05-21;SA;historic-6-plus-complementary;11;37;16;34;13;19;9;;;;;;;1976-05-to-2008-10;loto.csv
2005041-2;2005041;2;2005-05-21;SA;historic-6-plus-complementary;5;41;12;29;2;42;23;;;;;;;1976-05-to-2008-10;loto.csv
2005042-1;2005042;1;2005-05-25;ME;historic-6-plus-complementary;15;5;22;3;8;29;17;;;;;;;1976-05-to-2008-10;loto.csv
2005042-2;2005042;2;2005-05-25;ME;historic-6-plus-complementary;8;6;14;12;22;2;37;;;;;;;1976-05-to-2008-10;loto.csv
2005043-1;2005043;1;2005-05-28;SA;historic-6-plus-complementary;19;17;10;16;46;28;15;;;;;;;1976-05-to-2008-10;loto.csv
2005043-2;2005043;2;2005-05-28;SA;historic-6-plus-complementary;11;39;1;14;36;45;48;;;;;;;1976-05-to-2008-10;loto.csv
2005044-1;2005044;1;2005-06-01;ME;historic-6-plus-complementary;15;34;30;39;8;33;11;;;;;;;1976-05-to-2008-10;loto.csv
2005044-2;2005044;2;2005-06-01;ME;historic-6-plus-complementary;16;23;48;38;41;45;8;;;;;;;1976-05-to-2008-10;loto.csv
2005045-1;2005045;1;2005-06-04;SA;historic-6-plus-complementary;10;19;23;14;48;31;30;;;;;;;1976-05-to-2008-10;loto.csv
2005045-2;2005045;2;2005-06-04;SA;historic-6-plus-complementary;3;32;4;17;37;15;6;;;;;;;1976-05-to-2008-10;loto.csv
2005046-1;2005046;1;2005-06-08;ME;historic-6-plus-complementary;41;26;6;5;13;8;48;;;;;;;1976-05-to-2008-10;loto.csv
2005046-2;2005046;2;2005-06-08;ME;historic-6-plus-complementary;10;22;35;41;39;5;24;;;;;;;1976-05-to-2008-10;loto.csv
2005047-1;2005047;1;2005-06-11;SA;historic-6-plus-complementary;30;33;35;34;43;4;8;;;;;;;1976-05-to-2008-10;loto.csv
2005047-2;2005047;2;2005-06-11;SA;historic-6-plus-complementary;48;27;10;17;41;38;7;;;;;;;1976-05-to-2008-10;loto.csv
2005048-1;2005048;1;2005-06-15;ME;historic-6-plus-complementary;2;22;37;36;9;34;29;;;;;;;1976-05-to-2008-10;loto.csv
2005048-2;2005048;2;2005-06-15;ME;historic-6-plus-complementary;42;45;17;33;23;37;3;;;;;;;1976-05-to-2008-10;loto.csv
2005049-1;2005049;1;2005-06-18;SA;historic-6-plus-complementary;30;49;34;10;42;38;18;;;;;;;1976-05-to-2008-10;loto.csv
2005049-2;2005049;2;2005-06-18;SA;historic-6-plus-complementary;41;11;38;19;1;25;37;;;;;;;1976-05-to-2008-10;loto.csv
2005050-1;2005050;1;2005-06-22;ME;historic-6-plus-complementary;43;11;40;17;29;8;30;;;;;;;1976-05-to-2008-10;loto.csv
2005050-2;2005050;2;2005-06-22;ME;historic-6-plus-complementary;28;46;48;14;9;36;41;;;;;;;1976-05-to-2008-10;loto.csv
2005051-1;2005051;1;2005-06-25;SA;historic-6-plus-complementary;15;21;29;16;3;32;44;;;;;;;1976-05-to-2008-10;loto.csv
2005051-2;2005051;2;2005-06-25;SA;historic-6-plus-complementary;20;8;29;12;7;5;15;;;;;;;1976-05-to-2008-10;loto.csv
2005052-1;2005052;1;2005-06-29;ME;historic-6-plus-complementary;24;37;43;9;14;40;45;;;;;;;1976-05-to-2008-10;loto.csv
2005052-2;2005052;2;2005-06-29;ME;historic-6-plus-complementary;24;39;31;14;16;46;29;;;;;;;1976-05-to-2008-10;loto.csv
2005053-1;2005053;1;2005-07-02;SA;historic-6-plus-complementary;12;20;17;33;23;41;16;;;;;;;1976-05-to-2008-10;loto.csv
2005053-2;2005053;2;2005-07-02;SA;historic-6-plus-complementary;41;34;46;17;22;19;12;;;;;;;1976-05-to-2008-10;loto.csv
2005054-1;2005054;1;2005-07-06;ME;historic-6-plus-complementary;13;46;17;29;49;11;18;;;;;;;1976-05-to-2008-10;loto.csv
2005054-2;2005054;2;2005-07-06;ME;historic-6-plus-complementary;47;44;40;1;25;24;26;;;;;;;1976-05-to-2008-10;loto.csv
2005055-1;2005055;1;2005-07-09;SA;historic-6-plus-complementary;37;30;5;2;24;15;18;;;;;;;1976-05-to-2008-10;loto.csv
2005055-2;2005055;2;2005-07-09;SA;historic-6-plus-complementary;34;9;5;4;18;41;32;;;;;;;1976-05-to-2008-10;loto.csv
2005056-1;2005056;1;2005-07-13;ME;historic-6-plus-complementary;40;44;49;7;32;2;39;;;;;;;1976-05-to-2008-10;loto.csv
2005056-2;2005056;2;2005-07-13;ME;historic-6-plus-complementary;22;29;30;49;20;35;41;;;;;;;1976-05-to-2008-10;loto.csv
2005057-1;2005057;1;2005-07-16;SA;historic-6-plus-complementary;7;12;31;26;1;32;15;;;;;;;1976-05-to-2008-10;loto.csv
2005057-2;2005057;2;2005-07-16;SA;historic-6-plus-complementary;39;27;43;29;35;45;12;;;;;;;1976-05-to-2008-10;loto.csv
2005058-1;2005058;1;2005-07-20;ME;historic-6-plus-complementary;38;2;13;39;40;15;22;;;;;;;1976-05-to-2008-10;loto.csv
2005058-2;2005058;2;2005-07-20;ME;historic-6-plus-complementary;14;10;48;38;7;3;46;;;;;;;1976-05-to-2008-10;loto.csv
2005059-1;2005059;1;2005-07-23;SA;historic-6-plus-complementary;13;27;5;32;29;12;8;;;;;;;1976-05-to-2008-10;loto.csv
2005059-2;2005059;2;2005-07-23;SA;historic-6-plus-complementary;8;45;44;21;25;27;16;;;;;;;1976-05-to-2008-10;loto.csv
2005060-1;2005060;1;2005-07-27;ME;historic-6-plus-complementary;4;28;26;23;16;3;14;;;;;;;1976-05-to-2008-10;loto.csv
2005060-2;2005060;2;2005-07-27;ME;historic-6-plus-complementary;29;45;5;28;6;34;40;;;;;;;1976-05-to-2008-10;loto.csv
2005061-1;2005061;1;2005-07-30;SA;historic-6-plus-complementary;9;18;11;19;47;33;32;;;;;;;1976-05-to-2008-10;loto.csv
2005061-2;2005061;2;2005-07-30;SA;historic-6-plus-complementary;33;24;32;31;7;16;25;;;;;;;1976-05-to-2008-10;loto.csv
2005062-1;2005062;1;2005-08-03;ME;historic-6-plus-complementary;6;42;2;20;29;10;5;;;;;;;1976-05-to-2008-10;loto.csv
2005062-2;2005062;2;2005-08-03;ME;historic-6-plus-complementary;9;20;49;4;32;11;28;;;;;;;1976-05-to-2008-10;loto.csv
2005063-1;2005063;1;2005-08-06;SA;historic-6-plus-complementary;4;13;12;49;42;25;5;;;;;;;1976-05-to-2008-10;loto.csv
2005063-2;2005063;2;2005-08-06;SA;historic-6-plus-complementary;19;1;47;32;24;28;2;;;;;;;1976-05-to-2008-10;loto.csv
2005064-1;2005064;1;2005-08-10;ME;historic-6-plus-complementary;29;17;3;20;16;15;6;;;;;;;1976-05-to-2008-10;loto.csv
2005064-2;2005064;2;2005-08-10;ME;historic-6-plus-complementary;18;44;5;25;28;35;26;;;;;;;1976-05-to-2008-10;loto.csv
2005065-1;2005065;1;2005-08-13;SA;historic-6-plus-complementary;28;4;1;13;30;48;45;;;;;;;1976-05-to-2008-10;loto.csv
2005065-2;2005065;2;2005-08-13;SA;historic-6-plus-complementary;16;19;12;8;21;49;3;;;;;;;1976-05-to-2008-10;loto.csv
2005066-1;2005066;1;2005-08-17;ME;historic-6-plus-complementary;28;39;35;12;13;3;4;;;;;;;1976-05-to-2008-10;loto.csv
2005066-2;2005066;2;2005-08-17;ME;historic-6-plus-complementary;24;42;28;35;9;32;34;;;;;;;1976-05-to-2008-10;loto.csv
2005067-1;2005067;1;2005-08-20;SA;historic-6-plus-complementary;24;4;22;16;2;6;25;;;;;;;1976-05-to-2008-10;loto.csv
2005067-2;2005067;2;2005-08-20;SA;historic-6-plus-complementary;7;20;35;47;5;3;1;;;;;;;1976-05-to-2008-10;loto.csv
2005068-1;2005068;1;2005-08-24;ME;historic-6-plus-complementary;23;29;43;11;49;22;15;;;;;;;1976-05-to-2008-10;loto.csv
2005068-2;2005068;2;2005-08-24;ME;historic-6-plus-complementary;31;10;41;35;38;25;45;;;;;;;1976-05-to-2008-10;loto.csv
2005069-1;2005069;1;2005-08-27;SA;historic-6-plus-complementary;30;33;15;29;44;39;18;;;;;;;1976-05-to-2008-10;loto.csv
2005069-2;2005069;2;2005-08-27;SA;historic-6-plus-complementary;14;7;28;8;19;35;16;;;;;;;1976-05-to-2008-10;loto.csv
2005070-1;2005070;1;2005-08-31;ME;historic-6-plus-complementary;47;15;40;43;33;41;23;;;;;;;1976-05-to-2008-10;loto.csv
2005070-2;2005070;2;2005-08-31;ME;historic-6-plus-complementary;11;29;18;48;10;40;25;;;;;;;1976-05-to-2008-10;loto.csv
2005071-1;2005071;1;2005-09-03;SA;historic-6-plus-complementary;1;22;24;25;12;37;47;;;;;;;1976-05-to-2008-10;loto.csv
2005071-2;2005071;2;2005-09-03;SA;historic-6-plus-complementary;19;9;29;36;43;30;45;;;;;;;1976-05-to-2008-10;loto.csv
2005072-1;2005072;1;2005-09-07;ME;historic-6-plus-complementary;8;12;46;18;44;29;7;;;;;;;1976-05-to-2008-10;loto.csv
2005072-2;2005072;2;2005-09-07;ME;historic-6-plus-complementary;12;20;37;29;33;36;4;;;;;;;1976-05-to-2008-10;loto.csv
2005073-1;2005073;1;2005-09-10;SA;historic-6-plus-complementary;11;3;26;35;42;49;5;;;;;;;1976-05-to-2008-10;loto.csv
2005073-2;2005073;2;2005-09-10;SA;historic-6-plus-complementary;4;2;8;11;5;38;28;;;;;;;1976-05-to-2008-10;loto.csv
2005074-1;2005074;1;2005-09-14;ME;historic-6-plus-complementary;17;49;5;1;31;14;4;;;;;;;1976-05-to-2008-10;loto.csv
2005074-2;2005074;2;2005-09-14;ME;historic-6-plus-complementary;39;46;16;5;1;45;40;;;;;;;1976-05-to-2008-10;loto.csv
2005075-1;2005075;1;2005-09-17;SA;historic-6-plus-complementary;29;20;6;21;11;17;40;;;;;;;1976-05-to-2008-10;loto.csv
2005075-2;2005075;2;2005-09-17;SA;historic-6-plus-complementary;16;20;10;45;26;3;22;;;;;;;1976-05-to-2008-10;loto.csv
2005076-1;2005076;1;2005-09-21;ME;historic-6-plus-complementary;1;23;13;16;5;21;26;;;;;;;1976-05-to-2008-10;loto.csv
2005076-2;2005076;2;2005-09-21;ME;historic-6-plus-complementary;9;26;14;31;46;24;10;;;;;;;1976-05-to-2008-10;loto.csv
2005077-1;2005077;1;2005-09-24;SA;historic-6-plus-complementary;21;41;4;10;42;19;49;;;;;;;1976-05-to-2008-10;loto.csv
2005077-2;2005077;2;2005-09-24;SA;historic-6-plus-complementary;15;17;24;4;25;38;39;;;;;;;1976-05-to-2008-10;loto.csv
2005078-1;2005078;1;2005-09-28;ME;historic-6-plus-complementary;3;27;5;8;10;29;19;;;;;;;1976-05-to-2008-10;loto.csv
2005078-2;2005078;2;2005-09-28;ME;historic-6-plus-complementary;33;42;36;18;16;11;22;;;;;;;1976-05-to-2008-10;loto.csv
2005079-1;2005079;1;2005-10-01;SA;historic-6-plus-complementary;2;37;39;23;40;22;35;;;;;;;1976-05-to-2008-10;loto.csv
2005079-2;2005079;2;2005-10-01;SA;historic-6-plus-complementary;20;24;47;22;25;31;23;;;;;;;1976-05-to-2008-10;loto.csv
2005080-1;2005080;1;2005-10-05;ME;historic-6-plus-complementary;39;1;25;19;6;46;8;;;;;;;1976-05-to-2008-10;loto.csv
2005080-2;2005080;2;2005-10-05;ME;historic-6-plus-complementary;20;3;29;18;5;43;2;;;;;;;1976-05-to-2008-10;loto.csv
2005081-1;2005081;1;2005-10-08;SA;historic-6-plus-complementary;37;21;29;40;11;44;22;;;;;;;1976-05-to-2008-10;loto.csv
2005081-2;2005081;2;2005-10-08;SA;historic-6-plus-complementary;48;30;34;13;45;16;18;;;;;;;1976-05-to-2008-10;loto.csv
2005082-1;2005082;1;2005-10-12;ME;historic-6-plus-complementary;1;6;27;26;34;45;20;;;;;;;1976-05-to-2008-10;loto.csv
2005082-2;2005082;2;2005-10-12;ME;historic-6-plus-complementary;20;18;8;27;16;45;3;;;;;;;1976-05-to-2008-10;loto.csv
2005083-1;2005083;1;2005-10-15;SA;historic-6-plus-complementary;25;20;23;21;39;40;43;;;;;;;1976-05-to-2008-10;loto.csv
2005083-2;2005083;2;2005-10-15;SA;historic-6-plus-complementary;16;45;2;31;38;37;48;;;;;;;1976-05-to-2008-10;loto.csv
2005084-1;2005084;1;2005-10-19;ME;historic-6-plus-complementary;34;22;25;45;18;19;26;;;;;;;1976-05-to-2008-10;loto.csv
2005084-2;2005084;2;2005-10-19;ME;historic-6-plus-complementary;37;38;24;20;32;21;7;;;;;;;1976-05-to-2008-10;loto.csv
2005085-1;2005085;1;2005-10-22;SA;historic-6-plus-complementary;44;15;27;7;28;14;30;;;;;;;1976-05-to-2008-10;loto.csv
2005085-2;2005085;2;2005-10-22;SA;historic-6-plus-complementary;4;34;20;38;11;37;41;;;;;;;1976-05-to-2008-10;loto.csv
2005086-1;2005086;1;2005-10-26;ME;historic-6-plus-complementary;32;49;21;14;1;37;24;;;;;;;1976-05-to-2008-10;loto.csv
2005086-2;2005086;2;2005-10-26;ME;historic-6-plus-complementary;37;38;29;33;9;16;40;;;;;;;1976-05-to-2008-10;loto.csv
2005087-1;2005087;1;2005-10-29;SA;historic-6-plus-complementary;33;9;43;8;4;22;28;;;;;;;1976-05-to-2008-10;loto.csv
2005087-2;2005087;2;2005-10-29;SA;historic-6-plus-complementary;31;13;23;24;8;19;37;;;;;;;1976-05-to-2008-10;loto.csv
2005088-1;2005088;1;2005-11-02;ME;historic-6-plus-complementary;43;20;40;16;26;27;45;;;;;;;1976-05-to-2008-10;loto.csv
2005088-2;2005088;2;2005-11-02;ME;historic-6-plus-complementary;43;38;17;19;14;21;31;;;;;;;1976-05-to-2008-10;loto.csv
2005089-1;2005089;1;2005-11-05;SA;historic-6-plus-complementary;4;42;25;17;26;6;28;;;;;;;1976-05-to-2008-10;loto.csv
2005089-2;2005089;2;2005-11-05;SA;historic-6-plus-complementary;20;43;21;7;13;31;40;;;;;;;1976-05-to-2008-10;loto.csv
2005090-1;2005090;1;2005-11-09;ME;historic-6-plus-complementary;2;5;42;49;3;27;41;;;;;;;1976-05-to-2008-10;loto.csv
2005090-2;2005090;2;2005-11-09;ME;historic-6-plus-complementary;45;49;43;4;39;2;47;;;;;;;1976-05-to-2008-10;loto.csv
2005091-1;2005091;1;2005-11-12;SA;historic-6-plus-complementary;1;13;45;29;20;41;18;;;;;;;1976-05-to-2008-10;loto.csv
2005091-2;2005091;2;2005-11-12;SA;historic-6-plus-complementary;47;3;14;21;6;32;17;;;;;;;1976-05-to-2008-10;loto.csv
2005092-1;2005092;1;2005-11-16;ME;historic-6-plus-complementary;13;31;23;42;26;40;37;;;;;;;1976-05-to-2008-10;loto.csv
2005092-2;2005092;2;2005-11-16;ME;historic-6-plus-complementary;4;1;16;36;19;3;44;;;;;;;1976-05-to-2008-10;loto.csv
2005093-1;2005093;1;2005-11-19;SA;historic-6-plus-complementary;25;11;12;44;13;16;33;;;;;;;1976-05-to-2008-10;loto.csv
2005093-2;2005093;2;2005-11-19;SA;historic-6-plus-complementary;34;9;4;6;24;15;19;;;;;;;1976-05-to-2008-10;loto.csv
2005094-1;2005094;1;2005-11-23;ME;historic-6-plus-complementary;47;20;8;28;21;19;4;;;;;;;1976-05-to-2008-10;loto.csv
2005094-2;2005094;2;2005-11-23;ME;historic-6-plus-complementary;19;34;16;37;41;46;38;;;;;;;1976-05-to-2008-10;loto.csv
2005095-1;2005095;1;2005-11-26;SA;historic-6-plus-complementary;48;5;39;21;35;41;19;;;;;;;1976-05-to-2008-10;loto.csv
2005095-2;2005095;2;2005-11-26;SA;historic-6-plus-complementary;8;3;49;48;29;31;38;;;;;;;1976-05-to-2008-10;loto.csv
2005096-1;2005096;1;2005-11-30;ME;historic-6-plus-complementary;38;32;34;23;25;33;37;;;;;;;1976-05-to-2008-10;loto.csv
2005096-2;2005096;2;2005-11-30;ME;historic-6-plus-complementary;41;11;49;48;10;7;16;;;;;;;1976-05-to-2008-10;loto.csv
2005097-1;2005097;1;2005-12-03;SA;historic-6-plus-complementary;19;40;8;26;25;42;36;;;;;;;1976-05-to-2008-10;loto.csv
2005097-2;2005097;2;2005-12-03;SA;historic-6-plus-complementary;32;46;30;43;44;35;16;;;;;;;1976-05-to-2008-10;loto.csv
2005098-1;2005098;1;2005-12-07;ME;historic-6-plus-complementary;27;9;20;7;5;25;3;;;;;;;1976-05-to-2008-10;loto.csv
2005098-2;2005098;2;2005-12-07;ME;historic-6-plus-complementary;11;37;28;16;46;41;29;;;;;;;1976-05-to-2008-10;loto.csv
2005099-1;2005099;1;2005-12-10;SA;historic-6-plus-complementary;7;34;26;17;2;8;48;;;;;;;1976-05-to-2008-10;loto.csv
2005099-2;2005099;2;2005-12-10;SA;historic-6-plus-complementary;3;7;2;28;37;4;6;;;;;;;1976-05-to-2008-10;loto.csv
2005100-1;2005100;1;2005-12-14;ME;historic-6-plus-complementary;7;36;12;10;8;30;2;;;;;;;1976-05-to-2008-10;loto.csv
2005100-2;2005100;2;2005-12-14;ME;historic-6-plus-complementary;10;14;23;22;42;49;17;;;;;;;1976-05-to-2008-10;loto.csv
2005101-1;2005101;1;2005-12-17;SA;historic-6-plus-complementary;8;31;25;34;39;14;23;;;;;;;1976-05-to-2008-10;loto.csv
2005101-2;2005101;2;2005-12-17;SA;historic-6-plus-complementary;13;29;23;2;8;41;3;;;;;;;1976-05-to-2008-10;loto.csv
2005102-1;2005102;1;2005-12-21;ME;historic-6-plus-complementary;40;7;6;32;10;9;11;;;;;;;1976-05-to-2008-10;loto.csv
2005102-2;2005102;2;2005-12-21;ME;historic-6-plus-complementary;22;29;34;28;48;25;35;;;;;;;1976-05-to-2008-10;loto.csv
2005103-1;2005103;1;2005-12-24;SA;historic-6-plus-complementary;33;5;48;27;12;38;25;;;;;;;1976-05-to-2008-10;loto.csv
2005103-2;2005103;2;2005-12-24;SA;historic-6-plus-complementary;14;40;25;13;49;22;4;;;;;;;1976-05-to-2008-10;loto.csv
2005104-1;2005104;1;2005-12-28;ME;historic-6-plus-complementary;17;40;5;31;43;41;32;;;;;;;1976-05-to-2008-10;loto.csv
2005104-2;2005104;2;2005-12-28;ME;historic-6-plus-complementary;13;22;3;21;11;31;29;;;;;;;1976-05-to-2008-10;loto.csv
2005105-1;2005105;1;2005-12-31;SA;historic-6-plus-complementary;31;49;48;26;36;3;14;;;;;;;1976-05-to-2008-10;loto.csv
2005105-2;2005105;2;2005-12-31;SA;historic-6-plus-complementary;42;37;33;24;36;19;1;;;;;;;1976-05-to-2008-10;loto.csv
2006001-1;2006001;1;2006-01-04;ME;historic-6-plus-complementary;15;42;27;44;35;29;34;;;;;;;1976-05-to-2008-10;loto.csv
2006001-2;2006001;2;2006-01-04;ME;historic-6-plus-complementary;49;5;36;16;14;6;38;;;;;;;1976-05-to-2008-10;loto.csv
2006002-1;2006002;1;2006-01-07;SA;historic-6-plus-complementary;22;47;44;33;46;34;43;;;;;;;1976-05-to-2008-10;loto.csv
2006002-2;2006002;2;2006-01-07;SA;historic-6-plus-complementary;33;27;8;30;7;19;48;;;;;;;1976-05-to-2008-10;loto.csv
2006003-1;2006003;1;2006-01-11;ME;historic-6-plus-complementary;27;31;28;38;16;45;48;;;;;;;1976-05-to-2008-10;loto.csv
2006003-2;2006003;2;2006-01-11;ME;historic-6-plus-complementary;7;2;26;24;32;8;23;;;;;;;1976-05-to-2008-10;loto.csv
2006004-1;2006004;1;2006-01-14;SA;historic-6-plus-complementary;42;47;36;45;34;48;33;;;;;;;1976-05-to-2008-10;loto.csv
2006004-2;2006004;2;2006-01-14;SA;historic-6-plus-complementary;40;24;39;12;36;23;41;;;;;;;1976-05-to-2008-10;loto.csv
2006005-1;2006005;1;2006-01-18;ME;historic-6-plus-complementary;28;38;19;36;1;33;34;;;;;;;1976-05-to-2008-10;loto.csv
2006005-2;2006005;2;2006-01-18;ME;historic-6-plus-complementary;45;37;32;9;40;31;35;;;;;;;1976-05-to-2008-10;loto.csv
2006006-1;2006006;1;2006-01-21;SA;historic-6-plus-complementary;42;15;20;48;46;8;19;;;;;;;1976-05-to-2008-10;loto.csv
2006006-2;2006006;2;2006-01-21;SA;historic-6-plus-complementary;38;47;44;48;3;36;29;;;;;;;1976-05-to-2008-10;loto.csv
2006007-1;2006007;1;2006-01-25;ME;historic-6-plus-complementary;33;42;49;45;3;5;24;;;;;;;1976-05-to-2008-10;loto.csv
2006007-2;2006007;2;2006-01-25;ME;historic-6-plus-complementary;36;24;16;10;23;42;11;;;;;;;1976-05-to-2008-10;loto.csv
2006008-1;2006008;1;2006-01-28;SA;historic-6-plus-complementary;9;3;11;35;13;12;39;;;;;;;1976-05-to-2008-10;loto.csv
2006008-2;2006008;2;2006-01-28;SA;historic-6-plus-complementary;4;33;40;5;10;37;18;;;;;;;1976-05-to-2008-10;loto.csv
2006009-1;2006009;1;2006-02-01;ME;historic-6-plus-complementary;30;45;28;49;6;35;22;;;;;;;1976-05-to-2008-10;loto.csv
2006009-2;2006009;2;2006-02-01;ME;historic-6-plus-complementary;11;29;44;14;21;37;31;;;;;;;1976-05-to-2008-10;loto.csv
2006010-1;2006010;1;2006-02-04;SA;historic-6-plus-complementary;39;22;43;2;26;32;38;;;;;;;1976-05-to-2008-10;loto.csv
2006010-2;2006010;2;2006-02-04;SA;historic-6-plus-complementary;47;44;30;23;2;42;31;;;;;;;1976-05-to-2008-10;loto.csv
2006011-1;2006011;1;2006-02-08;ME;historic-6-plus-complementary;41;49;16;43;35;37;36;;;;;;;1976-05-to-2008-10;loto.csv
2006011-2;2006011;2;2006-02-08;ME;historic-6-plus-complementary;2;36;16;17;24;39;7;;;;;;;1976-05-to-2008-10;loto.csv
2006012-1;2006012;1;2006-02-11;SA;historic-6-plus-complementary;47;48;11;37;33;42;23;;;;;;;1976-05-to-2008-10;loto.csv
2006012-2;2006012;2;2006-02-11;SA;historic-6-plus-complementary;35;27;43;3;30;42;46;;;;;;;1976-05-to-2008-10;loto.csv
2006013-1;2006013;1;2006-02-15;ME;historic-6-plus-complementary;42;35;20;28;4;38;24;;;;;;;1976-05-to-2008-10;loto.csv
2006013-2;2006013;2;2006-02-15;ME;historic-6-plus-complementary;1;44;18;30;39;13;4;;;;;;;1976-05-to-2008-10;loto.csv
2006014-1;2006014;1;2006-02-18;SA;historic-6-plus-complementary;47;36;4;39;24;13;1;;;;;;;1976-05-to-2008-10;loto.csv
2006014-2;2006014;2;2006-02-18;SA;historic-6-plus-complementary;39;5;15;3;34;40;37;;;;;;;1976-05-to-2008-10;loto.csv
2006015-1;2006015;1;2006-02-22;ME;historic-6-plus-complementary;14;30;5;45;22;7;3;;;;;;;1976-05-to-2008-10;loto.csv
2006015-2;2006015;2;2006-02-22;ME;historic-6-plus-complementary;34;36;46;39;10;32;11;;;;;;;1976-05-to-2008-10;loto.csv
2006016-1;2006016;1;2006-02-25;SA;historic-6-plus-complementary;43;6;1;14;15;24;5;;;;;;;1976-05-to-2008-10;loto.csv
2006016-2;2006016;2;2006-02-25;SA;historic-6-plus-complementary;22;41;25;33;38;30;34;;;;;;;1976-05-to-2008-10;loto.csv
2006017-1;2006017;1;2006-03-01;ME;historic-6-plus-complementary;32;34;49;46;19;25;39;;;;;;;1976-05-to-2008-10;loto.csv
2006017-2;2006017;2;2006-03-01;ME;historic-6-plus-complementary;45;32;34;26;31;44;4;;;;;;;1976-05-to-2008-10;loto.csv
2006018-1;2006018;1;2006-03-04;SA;historic-6-plus-complementary;15;13;28;5;14;37;6;;;;;;;1976-05-to-2008-10;loto.csv
2006018-2;2006018;2;2006-03-04;SA;historic-6-plus-complementary;4;18;1;14;23;30;7;;;;;;;1976-05-to-2008-10;loto.csv
2006019-1;2006019;1;2006-03-08;ME;historic-6-plus-complementary;15;49;1;8;23;19;30;;;;;;;1976-05-to-2008-10;loto.csv
2006019-2;2006019;2;2006-03-08;ME;historic-6-plus-complementary;3;31;15;9;34;11;30;;;;;;;1976-05-to-2008-10;loto.csv
2006020-1;2006020;1;2006-03-11;SA;historic-6-plus-complementary;4;21;44;6;43;5;19;;;;;;;1976-05-to-2008-10;loto.csv
2006020-2;2006020;2;2006-03-11;SA;historic-6-plus-complementary;13;6;43;18;27;39;11;;;;;;;1976-05-to-2008-10;loto.csv
2006021-1;2006021;1;2006-03-15;ME;historic-6-plus-complementary;41;25;34;30;45;46;19;;;;;;;1976-05-to-2008-10;loto.csv
2006021-2;2006021;2;2006-03-15;ME;historic-6-plus-complementary;21;40;48;15;18;13;25;;;;;;;1976-05-to-2008-10;loto.csv
2006022-1;2006022;1;2006-03-18;SA;historic-6-plus-complementary;25;19;32;30;21;2;39;;;;;;;1976-05-to-2008-10;loto.csv
2006022-2;2006022;2;2006-03-18;SA;historic-6-plus-complementary;8;19;27;47;31;33;5;;;;;;;1976-05-to-2008-10;loto.csv
2006023-1;2006023;1;2006-03-22;ME;historic-6-plus-complementary;28;49;14;36;12;19;21;;;;;;;1976-05-to-2008-10;loto.csv
2006023-2;2006023;2;2006-03-22;ME;historic-6-plus-complementary;18;4;47;35;9;46;31;;;;;;;1976-05-to-2008-10;loto.csv
2006024-1;2006024;1;2006-03-25;SA;historic-6-plus-complementary;29;45;10;15;16;25;18;;;;;;;1976-05-to-2008-10;loto.csv
2006024-2;2006024;2;2006-03-25;SA;historic-6-plus-complementary;26;17;32;33;44;10;27;;;;;;;1976-05-to-2008-10;loto.csv
2006025-1;2006025;1;2006-03-29;ME;historic-6-plus-complementary;5;20;33;9;13;48;6;;;;;;;1976-05-to-2008-10;loto.csv
2006025-2;2006025;2;2006-03-29;ME;historic-6-plus-complementary;43;45;12;29;46;7;8;;;;;;;1976-05-to-2008-10;loto.csv
2006026-1;2006026;1;2006-04-01;SA;historic-6-plus-complementary;49;12;6;46;5;7;32;;;;;;;1976-05-to-2008-10;loto.csv
2006026-2;2006026;2;2006-04-01;SA;historic-6-plus-complementary;28;21;24;40;30;17;7;;;;;;;1976-05-to-2008-10;loto.csv
2006027-1;2006027;1;2006-04-05;ME;historic-6-plus-complementary;10;46;30;29;44;4;12;;;;;;;1976-05-to-2008-10;loto.csv
2006027-2;2006027;2;2006-04-05;ME;historic-6-plus-complementary;8;15;48;40;30;42;2;;;;;;;1976-05-to-2008-10;loto.csv
2006028-1;2006028;1;2006-04-08;SA;historic-6-plus-complementary;42;41;39;13;21;11;46;;;;;;;1976-05-to-2008-10;loto.csv
2006028-2;2006028;2;2006-04-08;SA;historic-6-plus-complementary;3;41;29;13;44;43;36;;;;;;;1976-05-to-2008-10;loto.csv
2006029-1;2006029;1;2006-04-12;ME;historic-6-plus-complementary;45;11;18;47;26;27;46;;;;;;;1976-05-to-2008-10;loto.csv
2006029-2;2006029;2;2006-04-12;ME;historic-6-plus-complementary;20;31;6;4;39;37;29;;;;;;;1976-05-to-2008-10;loto.csv
2006030-1;2006030;1;2006-04-15;SA;historic-6-plus-complementary;24;9;34;26;40;4;16;;;;;;;1976-05-to-2008-10;loto.csv
2006030-2;2006030;2;2006-04-15;SA;historic-6-plus-complementary;48;27;13;18;31;28;46;;;;;;;1976-05-to-2008-10;loto.csv
2006031-1;2006031;1;2006-04-19;ME;historic-6-plus-complementary;48;20;36;11;37;32;9;;;;;;;1976-05-to-2008-10;loto.csv
2006031-2;2006031;2;2006-04-19;ME;historic-6-plus-complementary;11;20;28;9;35;12;42;;;;;;;1976-05-to-2008-10;loto.csv
2006032-1;2006032;1;2006-04-22;SA;historic-6-plus-complementary;32;30;39;10;11;33;8;;;;;;;1976-05-to-2008-10;loto.csv
2006032-2;2006032;2;2006-04-22;SA;historic-6-plus-complementary;23;5;17;30;28;43;46;;;;;;;1976-05-to-2008-10;loto.csv
2006033-1;2006033;1;2006-04-26;ME;historic-6-plus-complementary;16;2;48;27;36;7;45;;;;;;;1976-05-to-2008-10;loto.csv
2006033-2;2006033;2;2006-04-26;ME;historic-6-plus-complementary;30;29;23;45;11;10;49;;;;;;;1976-05-to-2008-10;loto.csv
2006034-1;2006034;1;2006-04-29;SA;historic-6-plus-complementary;36;22;41;9;35;19;2;;;;;;;1976-05-to-2008-10;loto.csv
2006034-2;2006034;2;2006-04-29;SA;historic-6-plus-complementary;42;35;43;21;18;2;33;;;;;;;1976-05-to-2008-10;loto.csv
2006035-1;2006035;1;2006-05-03;ME;historic-6-plus-complementary;30;8;37;9;24;34;29;;;;;;;1976-05-to-2008-10;loto.csv
2006035-2;2006035;2;2006-05-03;ME;historic-6-plus-complementary;3;4;13;15;11;19;8;;;;;;;1976-05-to-2008-10;loto.csv
2006036-1;2006036;1;2006-05-06;SA;historic-6-plus-complementary;34;18;48;38;46;14;26;;;;;;;1976-05-to-2008-10;loto.csv
2006036-2;2006036;2;2006-05-06;SA;historic-6-plus-complementary;17;1;46;5;25;30;28;;;;;;;1976-05-to-2008-10;loto.csv
2006037-1;2006037;1;2006-05-10;ME;historic-6-plus-complementary;38;22;4;47;30;31;42;;;;;;;1976-05-to-2008-10;loto.csv
2006037-2;2006037;2;2006-05-10;ME;historic-6-plus-complementary;4;37;38;48;41;7;29;;;;;;;1976-05-to-2008-10;loto.csv
2006038-1;2006038;1;2006-05-13;SA;historic-6-plus-complementary;41;14;10;47;16;9;18;;;;;;;1976-05-to-2008-10;loto.csv
2006038-2;2006038;2;2006-05-13;SA;historic-6-plus-complementary;17;47;34;35;16;48;26;;;;;;;1976-05-to-2008-10;loto.csv
2006039-1;2006039;1;2006-05-17;ME;historic-6-plus-complementary;44;13;30;24;11;41;35;;;;;;;1976-05-to-2008-10;loto.csv
2006039-2;2006039;2;2006-05-17;ME;historic-6-plus-complementary;31;21;37;29;15;5;49;;;;;;;1976-05-to-2008-10;loto.csv
2006040-1;2006040;1;2006-05-20;SA;historic-6-plus-complementary;30;40;32;46;44;16;47;;;;;;;1976-05-to-2008-10;loto.csv
2006040-2;2006040;2;2006-05-20;SA;historic-6-plus-complementary;32;8;7;26;19;4;29;;;;;;;1976-05-to-2008-10;loto.csv
2006041-1;2006041;1;2006-05-24;ME;historic-6-plus-complementary;7;4;12;25;20;48;31;;;;;;;1976-05-to-2008-10;loto.csv
2006041-2;2006041;2;2006-05-24;ME;historic-6-plus-complementary;26;1;15;47;23;35;33;;;;;;;1976-05-to-2008-10;loto.csv
2006042-1;2006042;1;2006-05-27;SA;historic-6-plus-complementary;5;31;28;16;35;6;20;;;;;;;1976-05-to-2008-10;loto.csv
2006042-2;2006042;2;2006-05-27;SA;historic-6-plus-complementary;1;25;14;38;24;4;6;;;;;;;1976-05-to-2008-10;loto.csv
2006043-1;2006043;1;2006-05-31;ME;historic-6-plus-complementary;16;25;1;3;7;45;8;;;;;;;1976-05-to-2008-10;loto.csv
2006043-2;2006043;2;2006-05-31;ME;historic-6-plus-complementary;23;31;11;44;5;43;14;;;;;;;1976-05-to-2008-10;loto.csv
2006044-1;2006044;1;2006-06-03;SA;historic-6-plus-complementary;39;10;36;41;16;24;47;;;;;;;1976-05-to-2008-10;loto.csv
2006044-2;2006044;2;2006-06-03;SA;historic-6-plus-complementary;48;1;47;36;2;16;32;;;;;;;1976-05-to-2008-10;loto.csv
2006045-1;2006045;1;2006-06-07;ME;historic-6-plus-complementary;34;9;14;30;25;16;21;;;;;;;1976-05-to-2008-10;loto.csv
2006045-2;2006045;2;2006-06-07;ME;historic-6-plus-complementary;8;10;4;26;9;28;24;;;;;;;1976-05-to-2008-10;loto.csv
2006046-1;2006046;1;2006-06-10;SA;historic-6-plus-complementary;10;29;25;35;1;8;45;;;;;;;1976-05-to-2008-10;loto.csv
2006046-2;2006046;2;2006-06-10;SA;historic-6-plus-complementary;28;24;35;19;44;29;11;;;;;;;1976-05-to-2008-10;loto.csv
2006047-1;2006047;1;2006-06-14;ME;historic-6-plus-complementary;42;20;30;28;41;39;49;;;;;;;1976-05-to-2008-10;loto.csv
2006047-2;2006047;2;2006-06-14;ME;historic-6-plus-complementary;45;17;9;36;10;26;24;;;;;;;1976-05-to-2008-10;loto.csv
2006048-1;2006048;1;2006-06-17;SA;historic-6-plus-complementary;38;41;13;9;10;15;14;;;;;;;1976-05-to-2008-10;loto.csv
2006048-2;2006048;2;2006-06-17;SA;historic-6-plus-complementary;46;18;12;40;21;8;32;;;;;;;1976-05-to-2008-10;loto.csv
2006049-1;2006049;1;2006-06-21;ME;historic-6-plus-complementary;17;10;44;5;42;26;36;;;;;;;1976-05-to-2008-10;loto.csv
2006049-2;2006049;2;2006-06-21;ME;historic-6-plus-complementary;16;11;23;3;8;7;24;;;;;;;1976-05-to-2008-10;loto.csv
2006050-1;2006050;1;2006-06-24;SA;historic-6-plus-complementary;34;10;3;15;5;37;30;;;;;;;1976-05-to-2008-10;loto.csv
2006050-2;2006050;2;2006-06-24;SA;historic-6-plus-complementary;13;8;32;3;36;37;38;;;;;;;1976-05-to-2008-10;loto.csv
2006051-1;2006051;1;2006-06-28;ME;historic-6-plus-complementary;43;22;5;2;19;25;7;;;;;;;1976-05-to-2008-10;loto.csv
2006051-2;2006051;2;2006-06-28;ME;historic-6-plus-complementary;8;43;20;19;1;12;38;;;;;;;1976-05-to-2008-10;loto.csv
2006052-1;2006052;1;2006-07-01;SA;historic-6-plus-complementary;3;17;47;4;44;36;7;;;;;;;1976-05-to-2008-10;loto.csv
2006052-2;2006052;2;2006-07-01;SA;historic-6-plus-complementary;38;44;2;29;7;10;23;;;;;;;1976-05-to-2008-10;loto.csv
2006053-1;2006053;1;2006-07-05;ME;historic-6-plus-complementary;25;19;33;2;17;40;39;;;;;;;1976-05-to-2008-10;loto.csv
2006053-2;2006053;2;2006-07-05;ME;historic-6-plus-complementary;37;39;28;5;46;49;32;;;;;;;1976-05-to-2008-10;loto.csv
2006054-1;2006054;1;2006-07-08;SA;historic-6-plus-complementary;18;39;4;15;1;35;33;;;;;;;1976-05-to-2008-10;loto.csv
2006054-2;2006054;2;2006-07-08;SA;historic-6-plus-complementary;35;44;38;43;6;24;41;;;;;;;1976-05-to-2008-10;loto.csv
2006055-1;2006055;1;2006-07-12;ME;historic-6-plus-complementary;1;31;22;7;21;36;3;;;;;;;1976-05-to-2008-10;loto.csv
2006055-2;2006055;2;2006-07-12;ME;historic-6-plus-complementary;15;10;26;41;34;35;13;;;;;;;1976-05-to-2008-10;loto.csv
2006056-1;2006056;1;2006-07-15;SA;historic-6-plus-complementary;35;37;16;33;14;10;22;;;;;;;1976-05-to-2008-10;loto.csv
2006056-2;2006056;2;2006-07-15;SA;historic-6-plus-complementary;16;49;22;27;19;24;17;;;;;;;1976-05-to-2008-10;loto.csv
2006057-1;2006057;1;2006-07-19;ME;historic-6-plus-complementary;32;23;12;16;36;38;33;;;;;;;1976-05-to-2008-10;loto.csv
2006057-2;2006057;2;2006-07-19;ME;historic-6-plus-complementary;31;14;35;24;44;4;21;;;;;;;1976-05-to-2008-10;loto.csv
2006058-1;2006058;1;2006-07-22;SA;historic-6-plus-complementary;40;21;28;41;27;43;33;;;;;;;1976-05-to-2008-10;loto.csv
2006058-2;2006058;2;2006-07-22;SA;historic-6-plus-complementary;44;43;13;18;45;28;35;;;;;;;1976-05-to-2008-10;loto.csv
2006059-1;2006059;1;2006-07-26;ME;historic-6-plus-complementary;3;20;45;8;27;41;32;;;;;;;1976-05-to-2008-10;loto.csv
2006059-2;2006059;2;2006-07-26;ME;historic-6-plus-complementary;15;33;34;30;42;46;48;;;;;;;1976-05-to-2008-10;loto.csv
2006060-1;2006060;1;2006-07-29;SA;historic-6-plus-complementary;15;34;35;4;44;28;21;;;;;;;1976-05-to-2008-10;loto.csv
2006060-2;2006060;2;2006-07-29;SA;historic-6-plus-complementary;39;1;26;27;21;49;38;;;;;;;1976-05-to-2008-10;loto.csv
2006061-1;2006061;1;2006-08-02;ME;historic-6-plus-complementary;49;9;41;24;36;37;19;;;;;;;1976-05-to-2008-10;loto.csv
2006061-2;2006061;2;2006-08-02;ME;historic-6-plus-complementary;43;46;30;36;13;38;39;;;;;;;1976-05-to-2008-10;loto.csv
2006062-1;2006062;1;2006-08-05;SA;historic-6-plus-complementary;2;30;37;22;14;8;42;;;;;;;1976-05-to-2008-10;loto.csv
2006062-2;2006062;2;2006-08-05;SA;historic-6-plus-complementary;36;46;32;41;43;35;4;;;;;;;1976-05-to-2008-10;loto.csv
2006063-1;2006063;1;2006-08-09;ME;historic-6-plus-complementary;19;49;27;3;39;9;20;;;;;;;1976-05-to-2008-10;loto.csv
2006063-2;2006063;2;2006-08-09;ME;historic-6-plus-complementary;31;12;7;24;43;41;44;;;;;;;1976-05-to-2008-10;loto.csv
2006064-1;2006064;1;2006-08-12;SA;historic-6-plus-complementary;43;4;14;26;16;47;20;;;;;;;1976-05-to-2008-10;loto.csv
2006064-2;2006064;2;2006-08-12;SA;historic-6-plus-complementary;4;20;27;16;9;34;6;;;;;;;1976-05-to-2008-10;loto.csv
2006065-1;2006065;1;2006-08-16;ME;historic-6-plus-complementary;30;3;15;33;13;4;11;;;;;;;1976-05-to-2008-10;loto.csv
2006065-2;2006065;2;2006-08-16;ME;historic-6-plus-complementary;46;26;8;23;38;1;34;;;;;;;1976-05-to-2008-10;loto.csv
2006066-1;2006066;1;2006-08-19;SA;historic-6-plus-complementary;15;22;32;49;41;20;21;;;;;;;1976-05-to-2008-10;loto.csv
2006066-2;2006066;2;2006-08-19;SA;historic-6-plus-complementary;13;22;42;11;40;47;4;;;;;;;1976-05-to-2008-10;loto.csv
2006067-1;2006067;1;2006-08-23;ME;historic-6-plus-complementary;21;46;10;38;36;12;2;;;;;;;1976-05-to-2008-10;loto.csv
2006067-2;2006067;2;2006-08-23;ME;historic-6-plus-complementary;28;25;33;11;12;8;45;;;;;;;1976-05-to-2008-10;loto.csv
2006068-1;2006068;1;2006-08-26;SA;historic-6-plus-complementary;11;30;45;36;25;29;10;;;;;;;1976-05-to-2008-10;loto.csv
2006068-2;2006068;2;2006-08-26;SA;historic-6-plus-complementary;34;41;9;44;48;3;30;;;;;;;1976-05-to-2008-10;loto.csv
2006069-1;2006069;1;2006-08-30;ME;historic-6-plus-complementary;27;43;35;13;11;36;48;;;;;;;1976-05-to-2008-10;loto.csv
2006069-2;2006069;2;2006-08-30;ME;historic-6-plus-complementary;3;24;6;36;2;25;22;;;;;;;1976-05-to-2008-10;loto.csv
2006070-1;2006070;1;2006-09-02;SA;historic-6-plus-complementary;11;4;21;49;34;14;24;;;;;;;1976-05-to-2008-10;loto.csv
2006070-2;2006070;2;2006-09-02;SA;historic-6-plus-complementary;2;27;49;25;3;12;24;;;;;;;1976-05-to-2008-10;loto.csv
2006071-1;2006071;1;2006-09-06;ME;historic-6-plus-complementary;23;10;22;28;5;41;19;;;;;;;1976-05-to-2008-10;loto.csv
2006071-2;2006071;2;2006-09-06;ME;historic-6-plus-complementary;45;47;15;12;22;18;20;;;;;;;1976-05-to-2008-10;loto.csv
2006072-1;2006072;1;2006-09-09;SA;historic-6-plus-complementary;26;15;39;12;48;37;31;;;;;;;1976-05-to-2008-10;loto.csv
2006072-2;2006072;2;2006-09-09;SA;historic-6-plus-complementary;49;20;13;46;4;10;29;;;;;;;1976-05-to-2008-10;loto.csv
2006073-1;2006073;1;2006-09-13;ME;historic-6-plus-complementary;5;44;8;31;22;37;7;;;;;;;1976-05-to-2008-10;loto.csv
2006073-2;2006073;2;2006-09-13;ME;historic-6-plus-complementary;11;49;15;4;41;37;17;;;;;;;1976-05-to-2008-10;loto.csv
2006074-1;2006074;1;2006-09-16;SA;historic-6-plus-complementary;18;12;31;26;37;21;44;;;;;;;1976-05-to-2008-10;loto.csv
2006074-2;2006074;2;2006-09-16;SA;historic-6-plus-complementary;40;32;17;15;34;42;20;;;;;;;1976-05-to-2008-10;loto.csv
2006075-1;2006075;1;2006-09-20;ME;historic-6-plus-complementary;30;29;11;21;44;5;47;;;;;;;1976-05-to-2008-10;loto.csv
2006075-2;2006075;2;2006-09-20;ME;historic-6-plus-complementary;30;4;8;15;49;41;34;;;;;;;1976-05-to-2008-10;loto.csv
2006076-1;2006076;1;2006-09-23;SA;historic-6-plus-complementary;22;48;44;25;47;21;23;;;;;;;1976-05-to-2008-10;loto.csv
2006076-2;2006076;2;2006-09-23;SA;historic-6-plus-complementary;31;23;29;40;15;9;5;;;;;;;1976-05-to-2008-10;loto.csv
2006077-1;2006077;1;2006-09-27;ME;historic-6-plus-complementary;26;33;9;8;23;5;3;;;;;;;1976-05-to-2008-10;loto.csv
2006077-2;2006077;2;2006-09-27;ME;historic-6-plus-complementary;46;4;36;25;31;34;22;;;;;;;1976-05-to-2008-10;loto.csv
2006078-1;2006078;1;2006-09-30;SA;historic-6-plus-complementary;2;35;8;49;44;33;13;;;;;;;1976-05-to-2008-10;loto.csv
2006078-2;2006078;2;2006-09-30;SA;historic-6-plus-complementary;17;30;24;5;35;44;14;;;;;;;1976-05-to-2008-10;loto.csv
2006079-1;2006079;1;2006-10-04;ME;historic-6-plus-complementary;11;47;3;28;14;38;21;;;;;;;1976-05-to-2008-10;loto.csv
2006079-2;2006079;2;2006-10-04;ME;historic-6-plus-complementary;33;34;48;8;14;1;11;;;;;;;1976-05-to-2008-10;loto.csv
2006080-1;2006080;1;2006-10-07;SA;historic-6-plus-complementary;2;5;38;32;21;40;48;;;;;;;1976-05-to-2008-10;loto.csv
2006080-2;2006080;2;2006-10-07;SA;historic-6-plus-complementary;2;48;26;7;4;49;38;;;;;;;1976-05-to-2008-10;loto.csv
2006081-1;2006081;1;2006-10-11;ME;historic-6-plus-complementary;7;45;37;20;16;5;44;;;;;;;1976-05-to-2008-10;loto.csv
2006081-2;2006081;2;2006-10-11;ME;historic-6-plus-complementary;31;6;7;45;15;3;23;;;;;;;1976-05-to-2008-10;loto.csv
2006082-1;2006082;1;2006-10-14;SA;historic-6-plus-complementary;26;3;35;14;46;34;22;;;;;;;1976-05-to-2008-10;loto.csv
2006082-2;2006082;2;2006-10-14;SA;historic-6-plus-complementary;33;8;18;3;30;15;17;;;;;;;1976-05-to-2008-10;loto.csv
2006083-1;2006083;1;2006-10-18;ME;historic-6-plus-complementary;37;10;21;17;22;20;1;;;;;;;1976-05-to-2008-10;loto.csv
2006083-2;2006083;2;2006-10-18;ME;historic-6-plus-complementary;44;8;32;41;43;39;35;;;;;;;1976-05-to-2008-10;loto.csv
2006084-1;2006084;1;2006-10-21;SA;historic-6-plus-complementary;9;16;26;3;40;21;12;;;;;;;1976-05-to-2008-10;loto.csv
2006084-2;2006084;2;2006-10-21;SA;historic-6-plus-complementary;2;18;40;14;27;13;49;;;;;;;1976-05-to-2008-10;loto.csv
2006085-1;2006085;1;2006-10-25;ME;historic-6-plus-complementary;12;38;18;27;43;22;5;;;;;;;1976-05-to-2008-10;loto.csv
2006085-2;2006085;2;2006-10-25;ME;historic-6-plus-complementary;45;39;18;38;16;11;35;;;;;;;1976-05-to-2008-10;loto.csv
2006086-1;2006086;1;2006-10-28;SA;historic-6-plus-complementary;13;25;10;18;20;26;44;;;;;;;1976-05-to-2008-10;loto.csv
2006086-2;2006086;2;2006-10-28;SA;historic-6-plus-complementary;33;25;30;40;10;35;15;;;;;;;1976-05-to-2008-10;loto.csv
2006087-1;2006087;1;2006-11-01;ME;historic-6-plus-complementary;6;36;16;21;33;48;43;;;;;;;1976-05-to-2008-10;loto.csv
2006087-2;2006087;2;2006-11-01;ME;historic-6-plus-complementary;42;47;3;30;15;43;5;;;;;;;1976-05-to-2008-10;loto.csv
2006088-1;2006088;1;2006-11-04;SA;historic-6-plus-complementary;7;14;25;43;39;24;34;;;;;;;1976-05-to-2008-10;loto.csv
2006088-2;2006088;2;2006-11-04;SA;historic-6-plus-complementary;27;4;48;46;23;33;7;;;;;;;1976-05-to-2008-10;loto.csv
2006089-1;2006089;1;2006-11-08;ME;historic-6-plus-complementary;1;48;28;12;11;45;10;;;;;;;1976-05-to-2008-10;loto.csv
2006089-2;2006089;2;2006-11-08;ME;historic-6-plus-complementary;38;43;2;36;25;30;7;;;;;;;1976-05-to-2008-10;loto.csv
2006090-1;2006090;1;2006-11-11;SA;historic-6-plus-complementary;24;9;11;26;2;20;16;;;;;;;1976-05-to-2008-10;loto.csv
2006090-2;2006090;2;2006-11-11;SA;historic-6-plus-complementary;17;47;10;25;13;27;34;;;;;;;1976-05-to-2008-10;loto.csv
2006091-1;2006091;1;2006-11-15;ME;historic-6-plus-complementary;37;25;16;17;45;39;32;;;;;;;1976-05-to-2008-10;loto.csv
2006091-2;2006091;2;2006-11-15;ME;historic-6-plus-complementary;19;44;22;48;8;38;30;;;;;;;1976-05-to-2008-10;loto.csv
2006092-1;2006092;1;2006-11-18;SA;historic-6-plus-complementary;43;22;17;32;1;7;34;;;;;;;1976-05-to-2008-10;loto.csv
2006092-2;2006092;2;2006-11-18;SA;historic-6-plus-complementary;26;27;2;38;16;42;13;;;;;;;1976-05-to-2008-10;loto.csv
2006093-1;2006093;1;2006-11-22;ME;historic-6-plus-complementary;33;8;45;34;41;21;14;;;;;;;1976-05-to-2008-10;loto.csv
2006093-2;2006093;2;2006-11-22;ME;historic-6-plus-complementary;25;28;24;27;45;32;13;;;;;;;1976-05-to-2008-10;loto.csv
2006094-1;2006094;1;2006-11-25;SA;historic-6-plus-complementary;4;39;21;2;13;32;14;;;;;;;1976-05-to-2008-10;loto.csv
2006094-2;2006094;2;2006-11-25;SA;historic-6-plus-complementary;17;14;43;5;31;30;44;;;;;;;1976-05-to-2008-10;loto.csv
2006095-1;2006095;1;2006-11-29;ME;historic-6-plus-complementary;21;46;23;44;10;43;36;;;;;;;1976-05-to-2008-10;loto.csv
2006095-2;2006095;2;2006-11-29;ME;historic-6-plus-complementary;5;7;10;36;49;13;21;;;;;;;1976-05-to-2008-10;loto.csv
2006096-1;2006096;1;2006-12-02;SA;historic-6-plus-complementary;19;16;22;29;30;39;43;;;;;;;1976-05-to-2008-10;loto.csv
2006096-2;2006096;2;2006-12-02;SA;historic-6-plus-complementary;4;35;17;14;20;18;7;;;;;;;1976-05-to-2008-10;loto.csv
2006097-1;2006097;1;2006-12-06;ME;historic-6-plus-complementary;31;44;35;19;9;41;48;;;;;;;1976-05-to-2008-10;loto.csv
2006097-2;2006097;2;2006-12-06;ME;historic-6-plus-complementary;15;41;8;40;36;6;44;;;;;;;1976-05-to-2008-10;loto.csv
2006098-1;2006098;1;2006-12-09;SA;historic-6-plus-complementary;40;30;15;47;5;36;46;;;;;;;1976-05-to-2008-10;loto.csv
2006098-2;2006098;2;2006-12-09;SA;historic-6-plus-complementary;39;20;30;12;33;36;32;;;;;;;1976-05-to-2008-10;loto.csv
2006099-1;2006099;1;2006-12-13;ME;historic-6-plus-complementary;42;49;32;4;37;36;29;;;;;;;1976-05-to-2008-10;loto.csv
2006099-2;2006099;2;2006-12-13;ME;historic-6-plus-complementary;39;29;31;6;10;27;3;;;;;;;1976-05-to-2008-10;loto.csv
2006100-1;2006100;1;2006-12-16;SA;historic-6-plus-complementary;48;20;10;13;43;5;24;;;;;;;1976-05-to-2008-10;loto.csv
2006100-2;2006100;2;2006-12-16;SA;historic-6-plus-complementary;10;17;32;48;37;4;38;;;;;;;1976-05-to-2008-10;loto.csv
2006101-1;2006101;1;2006-12-20;ME;historic-6-plus-complementary;5;24;45;32;20;9;44;;;;;;;1976-05-to-2008-10;loto.csv
2006101-2;2006101;2;2006-12-20;ME;historic-6-plus-complementary;29;49;9;44;25;7;20;;;;;;;1976-05-to-2008-10;loto.csv
2006102-1;2006102;1;2006-12-23;SA;historic-6-plus-complementary;48;2;37;36;33;5;3;;;;;;;1976-05-to-2008-10;loto.csv
2006102-2;2006102;2;2006-12-23;SA;historic-6-plus-complementary;39;11;3;8;6;29;13;;;;;;;1976-05-to-2008-10;loto.csv
2006103-1;2006103;1;2006-12-27;ME;historic-6-plus-complementary;14;46;3;35;2;29;48;;;;;;;1976-05-to-2008-10;loto.csv
2006103-2;2006103;2;2006-12-27;ME;historic-6-plus-complementary;26;20;17;7;47;29;10;;;;;;;1976-05-to-2008-10;loto.csv
2006104-1;2006104;1;2006-12-30;SA;historic-6-plus-complementary;26;6;23;20;33;31;21;;;;;;;1976-05-to-2008-10;loto.csv
2006104-2;2006104;2;2006-12-30;SA;historic-6-plus-complementary;23;1;36;32;28;3;30;;;;;;;1976-05-to-2008-10;loto.csv
2007001-1;2007001;1;2007-01-03;ME;historic-6-plus-complementary;46;20;29;41;49;12;11;;;;;;;1976-05-to-2008-10;loto.csv
2007001-2;2007001;2;2007-01-03;ME;historic-6-plus-complementary;39;33;49;1;45;40;31;;;;;;;1976-05-to-2008-10;loto.csv
2007002-1;2007002;1;2007-01-06;SA;historic-6-plus-complementary;20;4;21;48;40;17;41;;;;;;;1976-05-to-2008-10;loto.csv
2007002-2;2007002;2;2007-01-06;SA;historic-6-plus-complementary;7;1;38;34;27;6;37;;;;;;;1976-05-to-2008-10;loto.csv
2007003-1;2007003;1;2007-01-10;ME;historic-6-plus-complementary;38;49;37;36;32;31;44;;;;;;;1976-05-to-2008-10;loto.csv
2007003-2;2007003;2;2007-01-10;ME;historic-6-plus-complementary;42;45;34;7;24;20;36;;;;;;;1976-05-to-2008-10;loto.csv
2007004-1;2007004;1;2007-01-13;SA;historic-6-plus-complementary;16;47;35;21;22;1;8;;;;;;;1976-05-to-2008-10;loto.csv
2007004-2;2007004;2;2007-01-13;SA;historic-6-plus-complementary;6;20;5;17;39;1;30;;;;;;;1976-05-to-2008-10;loto.csv
2007005-1;2007005;1;2007-01-17;ME;historic-6-plus-complementary;26;44;25;33;12;35;1;;;;;;;1976-05-to-2008-10;loto.csv
2007005-2;2007005;2;2007-01-17;ME;historic-6-plus-complementary;39;43;22;30;6;41;26;;;;;;;1976-05-to-2008-10;loto.csv
2007006-1;2007006;1;2007-01-20;SA;historic-6-plus-complementary;19;46;16;11;10;26;2;;;;;;;1976-05-to-2008-10;loto.csv
2007006-2;2007006;2;2007-01-20;SA;historic-6-plus-complementary;19;49;43;47;42;2;5;;;;;;;1976-05-to-2008-10;loto.csv
2007007-1;2007007;1;2007-01-24;ME;historic-6-plus-complementary;40;5;37;13;32;36;4;;;;;;;1976-05-to-2008-10;loto.csv
2007007-2;2007007;2;2007-01-24;ME;historic-6-plus-complementary;21;42;49;26;13;15;28;;;;;;;1976-05-to-2008-10;loto.csv
2007008-1;2007008;1;2007-01-27;SA;historic-6-plus-complementary;47;29;11;44;42;24;43;;;;;;;1976-05-to-2008-10;loto.csv
2007008-2;2007008;2;2007-01-27;SA;historic-6-plus-complementary;38;19;30;24;42;21;46;;;;;;;1976-05-to-2008-10;loto.csv
2007009-1;2007009;1;2007-01-31;ME;historic-6-plus-complementary;27;20;12;5;43;41;1;;;;;;;1976-05-to-2008-10;loto.csv
2007009-2;2007009;2;2007-01-31;ME;historic-6-plus-complementary;31;47;10;42;26;43;21;;;;;;;1976-05-to-2008-10;loto.csv
2007010-1;2007010;1;2007-02-03;SA;historic-6-plus-complementary;31;33;44;34;46;38;10;;;;;;;1976-05-to-2008-10;loto.csv
2007010-2;2007010;2;2007-02-03;SA;historic-6-plus-complementary;10;11;44;40;45;47;20;;;;;;;1976-05-to-2008-10;loto.csv
2007011-1;2007011;1;2007-02-07;ME;historic-6-plus-complementary;27;32;24;13;44;21;6;;;;;;;1976-05-to-2008-10;loto.csv
2007011-2;2007011;2;2007-02-07;ME;historic-6-plus-complementary;34;40;37;5;30;36;16;;;;;;;1976-05-to-2008-10;loto.csv
2007012-1;2007012;1;2007-02-10;SA;historic-6-plus-complementary;11;15;8;41;49;27;26;;;;;;;1976-05-to-2008-10;loto.csv
2007012-2;2007012;2;2007-02-10;SA;historic-6-plus-complementary;46;2;29;10;20;11;13;;;;;;;1976-05-to-2008-10;loto.csv
2007013-1;2007013;1;2007-02-14;ME;historic-6-plus-complementary;19;43;4;30;42;31;18;;;;;;;1976-05-to-2008-10;loto.csv
2007013-2;2007013;2;2007-02-14;ME;historic-6-plus-complementary;38;1;15;26;28;18;16;;;;;;;1976-05-to-2008-10;loto.csv
2007014-1;2007014;1;2007-02-17;SA;historic-6-plus-complementary;2;22;29;21;3;20;17;;;;;;;1976-05-to-2008-10;loto.csv
2007014-2;2007014;2;2007-02-17;SA;historic-6-plus-complementary;10;46;35;9;40;27;12;;;;;;;1976-05-to-2008-10;loto.csv
2007015-1;2007015;1;2007-02-21;ME;historic-6-plus-complementary;17;4;26;46;23;15;49;;;;;;;1976-05-to-2008-10;loto.csv
2007015-2;2007015;2;2007-02-21;ME;historic-6-plus-complementary;16;41;24;5;26;31;4;;;;;;;1976-05-to-2008-10;loto.csv
2007016-1;2007016;1;2007-02-24;SA;historic-6-plus-complementary;23;27;14;36;35;33;47;;;;;;;1976-05-to-2008-10;loto.csv
2007016-2;2007016;2;2007-02-24;SA;historic-6-plus-complementary;23;34;13;38;30;44;17;;;;;;;1976-05-to-2008-10;loto.csv
2007017-1;2007017;1;2007-02-28;ME;historic-6-plus-complementary;11;6;24;36;25;30;12;;;;;;;1976-05-to-2008-10;loto.csv
2007017-2;2007017;2;2007-02-28;ME;historic-6-plus-complementary;18;12;49;20;25;15;30;;;;;;;1976-05-to-2008-10;loto.csv
2007018-1;2007018;1;2007-03-03;SA;historic-6-plus-complementary;27;37;42;26;38;34;35;;;;;;;1976-05-to-2008-10;loto.csv
2007018-2;2007018;2;2007-03-03;SA;historic-6-plus-complementary;36;10;4;9;19;15;8;;;;;;;1976-05-to-2008-10;loto.csv
2007019-1;2007019;1;2007-03-07;ME;historic-6-plus-complementary;36;35;14;49;38;48;18;;;;;;;1976-05-to-2008-10;loto.csv
2007019-2;2007019;2;2007-03-07;ME;historic-6-plus-complementary;14;8;35;33;38;47;45;;;;;;;1976-05-to-2008-10;loto.csv
2007020-1;2007020;1;2007-03-10;SA;historic-6-plus-complementary;10;42;24;28;15;36;12;;;;;;;1976-05-to-2008-10;loto.csv
2007020-2;2007020;2;2007-03-10;SA;historic-6-plus-complementary;10;46;12;21;8;9;15;;;;;;;1976-05-to-2008-10;loto.csv
2007021-1;2007021;1;2007-03-14;ME;historic-6-plus-complementary;2;17;8;27;26;28;4;;;;;;;1976-05-to-2008-10;loto.csv
2007021-2;2007021;2;2007-03-14;ME;historic-6-plus-complementary;31;29;33;35;12;46;45;;;;;;;1976-05-to-2008-10;loto.csv
2007022-1;2007022;1;2007-03-17;SA;historic-6-plus-complementary;32;44;48;9;27;12;10;;;;;;;1976-05-to-2008-10;loto.csv
2007022-2;2007022;2;2007-03-17;SA;historic-6-plus-complementary;6;48;41;10;34;46;31;;;;;;;1976-05-to-2008-10;loto.csv
2007023-1;2007023;1;2007-03-21;ME;historic-6-plus-complementary;23;46;15;34;20;26;19;;;;;;;1976-05-to-2008-10;loto.csv
2007023-2;2007023;2;2007-03-21;ME;historic-6-plus-complementary;9;39;38;48;12;15;1;;;;;;;1976-05-to-2008-10;loto.csv
2007024-1;2007024;1;2007-03-24;SA;historic-6-plus-complementary;15;3;10;30;17;48;5;;;;;;;1976-05-to-2008-10;loto.csv
2007024-2;2007024;2;2007-03-24;SA;historic-6-plus-complementary;34;17;45;36;42;7;22;;;;;;;1976-05-to-2008-10;loto.csv
2007025-1;2007025;1;2007-03-28;ME;historic-6-plus-complementary;34;39;46;19;44;45;9;;;;;;;1976-05-to-2008-10;loto.csv
2007025-2;2007025;2;2007-03-28;ME;historic-6-plus-complementary;36;25;18;19;21;44;2;;;;;;;1976-05-to-2008-10;loto.csv
2007026-1;2007026;1;2007-03-31;SA;historic-6-plus-complementary;17;46;36;3;21;30;22;;;;;;;1976-05-to-2008-10;loto.csv
2007026-2;2007026;2;2007-03-31;SA;historic-6-plus-complementary;16;4;30;11;24;13;22;;;;;;;1976-05-to-2008-10;loto.csv
2007027-1;2007027;1;2007-04-04;ME;historic-6-plus-complementary;26;7;41;44;5;25;30;;;;;;;1976-05-to-2008-10;loto.csv
2007027-2;2007027;2;2007-04-04;ME;historic-6-plus-complementary;20;33;5;35;26;34;17;;;;;;;1976-05-to-2008-10;loto.csv
2007028-1;2007028;1;2007-04-07;SA;historic-6-plus-complementary;46;39;17;13;9;23;45;;;;;;;1976-05-to-2008-10;loto.csv
2007028-2;2007028;2;2007-04-07;SA;historic-6-plus-complementary;42;20;28;10;24;12;36;;;;;;;1976-05-to-2008-10;loto.csv
2007029-1;2007029;1;2007-04-11;ME;historic-6-plus-complementary;37;28;20;7;47;2;19;;;;;;;1976-05-to-2008-10;loto.csv
2007029-2;2007029;2;2007-04-11;ME;historic-6-plus-complementary;44;8;33;36;34;11;7;;;;;;;1976-05-to-2008-10;loto.csv
2007030-1;2007030;1;2007-04-14;SA;historic-6-plus-complementary;49;23;44;36;7;5;45;;;;;;;1976-05-to-2008-10;loto.csv
2007030-2;2007030;2;2007-04-14;SA;historic-6-plus-complementary;36;2;26;7;17;42;4;;;;;;;1976-05-to-2008-10;loto.csv
2007031-1;2007031;1;2007-04-18;ME;historic-6-plus-complementary;26;12;5;21;8;46;24;;;;;;;1976-05-to-2008-10;loto.csv
2007031-2;2007031;2;2007-04-18;ME;historic-6-plus-complementary;39;38;44;9;11;6;1;;;;;;;1976-05-to-2008-10;loto.csv
2007032-1;2007032;1;2007-04-21;SA;historic-6-plus-complementary;41;49;10;44;15;23;18;;;;;;;1976-05-to-2008-10;loto.csv
2007032-2;2007032;2;2007-04-21;SA;historic-6-plus-complementary;10;25;48;3;33;41;32;;;;;;;1976-05-to-2008-10;loto.csv
2007033-1;2007033;1;2007-04-25;ME;historic-6-plus-complementary;8;16;27;29;18;17;41;;;;;;;1976-05-to-2008-10;loto.csv
2007033-2;2007033;2;2007-04-25;ME;historic-6-plus-complementary;14;19;2;3;40;9;37;;;;;;;1976-05-to-2008-10;loto.csv
2007034-1;2007034;1;2007-04-28;SA;historic-6-plus-complementary;42;25;37;28;46;33;12;;;;;;;1976-05-to-2008-10;loto.csv
2007034-2;2007034;2;2007-04-28;SA;historic-6-plus-complementary;13;47;4;26;23;27;30;;;;;;;1976-05-to-2008-10;loto.csv
2007035-1;2007035;1;2007-05-02;ME;historic-6-plus-complementary;1;15;3;31;19;42;23;;;;;;;1976-05-to-2008-10;loto.csv
2007035-2;2007035;2;2007-05-02;ME;historic-6-plus-complementary;6;15;48;19;32;49;10;;;;;;;1976-05-to-2008-10;loto.csv
2007036-1;2007036;1;2007-05-05;SA;historic-6-plus-complementary;27;2;40;3;36;23;4;;;;;;;1976-05-to-2008-10;loto.csv
2007036-2;2007036;2;2007-05-05;SA;historic-6-plus-complementary;21;4;20;1;48;36;39;;;;;;;1976-05-to-2008-10;loto.csv
2007037-1;2007037;1;2007-05-09;ME;historic-6-plus-complementary;3;16;21;22;35;32;7;;;;;;;1976-05-to-2008-10;loto.csv
2007037-2;2007037;2;2007-05-09;ME;historic-6-plus-complementary;8;27;36;12;49;35;9;;;;;;;1976-05-to-2008-10;loto.csv
2007038-1;2007038;1;2007-05-12;SA;historic-6-plus-complementary;35;12;39;31;26;5;34;;;;;;;1976-05-to-2008-10;loto.csv
2007038-2;2007038;2;2007-05-12;SA;historic-6-plus-complementary;26;3;39;38;2;21;13;;;;;;;1976-05-to-2008-10;loto.csv
2007039-1;2007039;1;2007-05-16;ME;historic-6-plus-complementary;8;32;47;36;30;27;4;;;;;;;1976-05-to-2008-10;loto.csv
2007039-2;2007039;2;2007-05-16;ME;historic-6-plus-complementary;22;49;19;4;41;23;16;;;;;;;1976-05-to-2008-10;loto.csv
2007040-1;2007040;1;2007-05-19;SA;historic-6-plus-complementary;9;2;48;43;41;20;5;;;;;;;1976-05-to-2008-10;loto.csv
2007040-2;2007040;2;2007-05-19;SA;historic-6-plus-complementary;10;46;34;21;35;48;27;;;;;;;1976-05-to-2008-10;loto.csv
2007041-1;2007041;1;2007-05-23;ME;historic-6-plus-complementary;47;3;15;40;7;26;18;;;;;;;1976-05-to-2008-10;loto.csv
2007041-2;2007041;2;2007-05-23;ME;historic-6-plus-complementary;36;27;1;5;8;31;29;;;;;;;1976-05-to-2008-10;loto.csv
2007042-1;2007042;1;2007-05-26;SA;historic-6-plus-complementary;2;29;16;22;21;35;20;;;;;;;1976-05-to-2008-10;loto.csv
2007042-2;2007042;2;2007-05-26;SA;historic-6-plus-complementary;30;43;6;34;46;7;37;;;;;;;1976-05-to-2008-10;loto.csv
2007043-1;2007043;1;2007-05-30;ME;historic-6-plus-complementary;9;32;10;22;15;1;27;;;;;;;1976-05-to-2008-10;loto.csv
2007043-2;2007043;2;2007-05-30;ME;historic-6-plus-complementary;25;39;49;23;11;45;13;;;;;;;1976-05-to-2008-10;loto.csv
2007044-1;2007044;1;2007-06-02;SA;historic-6-plus-complementary;17;15;27;48;28;3;2;;;;;;;1976-05-to-2008-10;loto.csv
2007044-2;2007044;2;2007-06-02;SA;historic-6-plus-complementary;14;27;49;24;47;44;33;;;;;;;1976-05-to-2008-10;loto.csv
2007045-1;2007045;1;2007-06-06;ME;historic-6-plus-complementary;35;41;16;22;47;23;28;;;;;;;1976-05-to-2008-10;loto.csv
2007045-2;2007045;2;2007-06-06;ME;historic-6-plus-complementary;31;9;33;29;46;38;47;;;;;;;1976-05-to-2008-10;loto.csv
2007046-1;2007046;1;2007-06-09;SA;historic-6-plus-complementary;28;4;26;22;35;31;5;;;;;;;1976-05-to-2008-10;loto.csv
2007046-2;2007046;2;2007-06-09;SA;historic-6-plus-complementary;17;3;10;46;35;13;28;;;;;;;1976-05-to-2008-10;loto.csv
2007047-1;2007047;1;2007-06-13;ME;historic-6-plus-complementary;8;3;13;40;22;17;38;;;;;;;1976-05-to-2008-10;loto.csv
2007047-2;2007047;2;2007-06-13;ME;historic-6-plus-complementary;15;40;3;41;34;16;39;;;;;;;1976-05-to-2008-10;loto.csv
2007048-1;2007048;1;2007-06-16;SA;historic-6-plus-complementary;32;40;26;12;3;34;31;;;;;;;1976-05-to-2008-10;loto.csv
2007048-2;2007048;2;2007-06-16;SA;historic-6-plus-complementary;20;40;38;31;37;29;47;;;;;;;1976-05-to-2008-10;loto.csv
2007049-1;2007049;1;2007-06-20;ME;historic-6-plus-complementary;14;10;2;42;5;48;41;;;;;;;1976-05-to-2008-10;loto.csv
2007049-2;2007049;2;2007-06-20;ME;historic-6-plus-complementary;12;33;45;14;15;3;43;;;;;;;1976-05-to-2008-10;loto.csv
2007050-1;2007050;1;2007-06-23;SA;historic-6-plus-complementary;43;13;28;7;45;18;39;;;;;;;1976-05-to-2008-10;loto.csv
2007050-2;2007050;2;2007-06-23;SA;historic-6-plus-complementary;47;15;37;5;11;29;7;;;;;;;1976-05-to-2008-10;loto.csv
2007051-1;2007051;1;2007-06-27;ME;historic-6-plus-complementary;42;6;29;13;12;5;45;;;;;;;1976-05-to-2008-10;loto.csv
2007051-2;2007051;2;2007-06-27;ME;historic-6-plus-complementary;8;37;34;20;39;29;26;;;;;;;1976-05-to-2008-10;loto.csv
2007052-1;2007052;1;2007-06-30;SA;historic-6-plus-complementary;35;29;11;9;24;5;48;;;;;;;1976-05-to-2008-10;loto.csv
2007052-2;2007052;2;2007-06-30;SA;historic-6-plus-complementary;6;28;33;29;43;37;45;;;;;;;1976-05-to-2008-10;loto.csv
2007053-1;2007053;1;2007-07-04;ME;historic-6-plus-complementary;45;44;36;33;20;18;27;;;;;;;1976-05-to-2008-10;loto.csv
2007053-2;2007053;2;2007-07-04;ME;historic-6-plus-complementary;8;24;38;20;34;31;46;;;;;;;1976-05-to-2008-10;loto.csv
2007054-1;2007054;1;2007-07-07;SA;historic-6-plus-complementary;36;14;22;2;35;31;48;;;;;;;1976-05-to-2008-10;loto.csv
2007054-2;2007054;2;2007-07-07;SA;historic-6-plus-complementary;17;4;24;21;27;34;30;;;;;;;1976-05-to-2008-10;loto.csv
2007055-1;2007055;1;2007-07-11;ME;historic-6-plus-complementary;35;2;23;21;3;17;16;;;;;;;1976-05-to-2008-10;loto.csv
2007055-2;2007055;2;2007-07-11;ME;historic-6-plus-complementary;23;46;15;2;20;47;37;;;;;;;1976-05-to-2008-10;loto.csv
2007056-1;2007056;1;2007-07-14;SA;historic-6-plus-complementary;10;39;4;20;24;15;43;;;;;;;1976-05-to-2008-10;loto.csv
2007056-2;2007056;2;2007-07-14;SA;historic-6-plus-complementary;23;26;16;25;33;45;48;;;;;;;1976-05-to-2008-10;loto.csv
2007057-1;2007057;1;2007-07-18;ME;historic-6-plus-complementary;21;6;31;1;13;11;22;;;;;;;1976-05-to-2008-10;loto.csv
2007057-2;2007057;2;2007-07-18;ME;historic-6-plus-complementary;12;14;38;17;28;45;40;;;;;;;1976-05-to-2008-10;loto.csv
2007058-1;2007058;1;2007-07-21;SA;historic-6-plus-complementary;31;27;13;29;34;11;35;;;;;;;1976-05-to-2008-10;loto.csv
2007058-2;2007058;2;2007-07-21;SA;historic-6-plus-complementary;3;22;15;4;33;23;36;;;;;;;1976-05-to-2008-10;loto.csv
2007059-1;2007059;1;2007-07-25;ME;historic-6-plus-complementary;21;31;6;12;17;11;5;;;;;;;1976-05-to-2008-10;loto.csv
2007059-2;2007059;2;2007-07-25;ME;historic-6-plus-complementary;8;30;33;47;6;46;32;;;;;;;1976-05-to-2008-10;loto.csv
2007060-1;2007060;1;2007-07-28;SA;historic-6-plus-complementary;22;40;36;3;20;39;37;;;;;;;1976-05-to-2008-10;loto.csv
2007060-2;2007060;2;2007-07-28;SA;historic-6-plus-complementary;39;20;48;8;33;24;15;;;;;;;1976-05-to-2008-10;loto.csv
2007061-1;2007061;1;2007-08-01;ME;historic-6-plus-complementary;24;2;41;38;42;23;27;;;;;;;1976-05-to-2008-10;loto.csv
2007061-2;2007061;2;2007-08-01;ME;historic-6-plus-complementary;41;24;29;6;33;4;25;;;;;;;1976-05-to-2008-10;loto.csv
2007062-1;2007062;1;2007-08-04;SA;historic-6-plus-complementary;32;20;26;40;49;38;3;;;;;;;1976-05-to-2008-10;loto.csv
2007062-2;2007062;2;2007-08-04;SA;historic-6-plus-complementary;8;34;32;36;46;44;29;;;;;;;1976-05-to-2008-10;loto.csv
2007063-1;2007063;1;2007-08-08;ME;historic-6-plus-complementary;21;13;46;45;32;38;11;;;;;;;1976-05-to-2008-10;loto.csv
2007063-2;2007063;2;2007-08-08;ME;historic-6-plus-complementary;47;13;35;41;19;29;43;;;;;;;1976-05-to-2008-10;loto.csv
2007064-1;2007064;1;2007-08-11;SA;historic-6-plus-complementary;12;25;46;23;38;19;9;;;;;;;1976-05-to-2008-10;loto.csv
2007064-2;2007064;2;2007-08-11;SA;historic-6-plus-complementary;18;35;36;38;13;31;2;;;;;;;1976-05-to-2008-10;loto.csv
2007065-1;2007065;1;2007-08-15;ME;historic-6-plus-complementary;9;32;44;8;33;31;3;;;;;;;1976-05-to-2008-10;loto.csv
2007065-2;2007065;2;2007-08-15;ME;historic-6-plus-complementary;7;32;38;30;36;35;8;;;;;;;1976-05-to-2008-10;loto.csv
2007066-1;2007066;1;2007-08-18;SA;historic-6-plus-complementary;29;31;30;17;10;41;43;;;;;;;1976-05-to-2008-10;loto.csv
2007066-2;2007066;2;2007-08-18;SA;historic-6-plus-complementary;39;35;13;48;8;41;1;;;;;;;1976-05-to-2008-10;loto.csv
2007067-1;2007067;1;2007-08-22;ME;historic-6-plus-complementary;14;13;48;29;30;46;37;;;;;;;1976-05-to-2008-10;loto.csv
2007067-2;2007067;2;2007-08-22;ME;historic-6-plus-complementary;7;14;34;40;36;44;24;;;;;;;1976-05-to-2008-10;loto.csv
2007068-1;2007068;1;2007-08-25;SA;historic-6-plus-complementary;22;13;12;19;8;15;5;;;;;;;1976-05-to-2008-10;loto.csv
2007068-2;2007068;2;2007-08-25;SA;historic-6-plus-complementary;44;37;45;16;3;2;18;;;;;;;1976-05-to-2008-10;loto.csv
2007069-1;2007069;1;2007-08-29;ME;historic-6-plus-complementary;39;14;32;19;20;26;5;;;;;;;1976-05-to-2008-10;loto.csv
2007069-2;2007069;2;2007-08-29;ME;historic-6-plus-complementary;17;3;14;36;11;43;44;;;;;;;1976-05-to-2008-10;loto.csv
2007070-1;2007070;1;2007-09-01;SA;historic-6-plus-complementary;45;27;39;31;18;1;34;;;;;;;1976-05-to-2008-10;loto.csv
2007070-2;2007070;2;2007-09-01;SA;historic-6-plus-complementary;46;37;16;48;9;18;20;;;;;;;1976-05-to-2008-10;loto.csv
2007071-1;2007071;1;2007-09-05;ME;historic-6-plus-complementary;31;12;43;49;18;25;13;;;;;;;1976-05-to-2008-10;loto.csv
2007071-2;2007071;2;2007-09-05;ME;historic-6-plus-complementary;38;10;5;12;35;49;28;;;;;;;1976-05-to-2008-10;loto.csv
2007072-1;2007072;1;2007-09-08;SA;historic-6-plus-complementary;26;40;28;12;43;47;5;;;;;;;1976-05-to-2008-10;loto.csv
2007072-2;2007072;2;2007-09-08;SA;historic-6-plus-complementary;4;5;19;1;17;20;48;;;;;;;1976-05-to-2008-10;loto.csv
2007073-1;2007073;1;2007-09-12;ME;historic-6-plus-complementary;45;49;23;48;6;33;11;;;;;;;1976-05-to-2008-10;loto.csv
2007073-2;2007073;2;2007-09-12;ME;historic-6-plus-complementary;7;41;21;39;2;17;3;;;;;;;1976-05-to-2008-10;loto.csv
2007074-1;2007074;1;2007-09-15;SA;historic-6-plus-complementary;47;21;30;10;28;39;12;;;;;;;1976-05-to-2008-10;loto.csv
2007074-2;2007074;2;2007-09-15;SA;historic-6-plus-complementary;18;15;23;25;41;2;27;;;;;;;1976-05-to-2008-10;loto.csv
2007075-1;2007075;1;2007-09-19;ME;historic-6-plus-complementary;8;10;28;20;33;45;38;;;;;;;1976-05-to-2008-10;loto.csv
2007075-2;2007075;2;2007-09-19;ME;historic-6-plus-complementary;10;8;41;39;46;2;21;;;;;;;1976-05-to-2008-10;loto.csv
2007076-1;2007076;1;2007-09-22;SA;historic-6-plus-complementary;24;36;27;31;8;34;21;;;;;;;1976-05-to-2008-10;loto.csv
2007076-2;2007076;2;2007-09-22;SA;historic-6-plus-complementary;38;1;25;49;2;22;9;;;;;;;1976-05-to-2008-10;loto.csv
2007077-1;2007077;1;2007-09-26;ME;historic-6-plus-complementary;8;16;31;10;34;26;48;;;;;;;1976-05-to-2008-10;loto.csv
2007077-2;2007077;2;2007-09-26;ME;historic-6-plus-complementary;18;4;5;11;48;31;27;;;;;;;1976-05-to-2008-10;loto.csv
2007078-1;2007078;1;2007-09-29;SA;historic-6-plus-complementary;1;34;29;49;33;24;42;;;;;;;1976-05-to-2008-10;loto.csv
2007078-2;2007078;2;2007-09-29;SA;historic-6-plus-complementary;23;25;30;6;24;8;21;;;;;;;1976-05-to-2008-10;loto.csv
2007079-1;2007079;1;2007-10-03;ME;historic-6-plus-complementary;2;6;30;5;15;18;19;;;;;;;1976-05-to-2008-10;loto.csv
2007079-2;2007079;2;2007-10-03;ME;historic-6-plus-complementary;42;18;40;30;21;3;44;;;;;;;1976-05-to-2008-10;loto.csv
2007080-1;2007080;1;2007-10-06;SA;historic-6-plus-complementary;31;36;28;40;14;35;17;;;;;;;1976-05-to-2008-10;loto.csv
2007080-2;2007080;2;2007-10-06;SA;historic-6-plus-complementary;38;8;5;39;1;28;33;;;;;;;1976-05-to-2008-10;loto.csv
2007081-1;2007081;1;2007-10-10;ME;historic-6-plus-complementary;15;24;34;42;40;12;26;;;;;;;1976-05-to-2008-10;loto.csv
2007081-2;2007081;2;2007-10-10;ME;historic-6-plus-complementary;21;25;2;4;46;1;8;;;;;;;1976-05-to-2008-10;loto.csv
2007082-1;2007082;1;2007-10-13;SA;historic-6-plus-complementary;30;47;39;11;40;38;44;;;;;;;1976-05-to-2008-10;loto.csv
2007082-2;2007082;2;2007-10-13;SA;historic-6-plus-complementary;25;23;11;49;3;24;9;;;;;;;1976-05-to-2008-10;loto.csv
2007083-1;2007083;1;2007-10-17;ME;historic-6-plus-complementary;45;38;14;19;9;18;17;;;;;;;1976-05-to-2008-10;loto.csv
2007083-2;2007083;2;2007-10-17;ME;historic-6-plus-complementary;2;47;28;40;13;42;49;;;;;;;1976-05-to-2008-10;loto.csv
2007084-1;2007084;1;2007-10-20;SA;historic-6-plus-complementary;5;39;37;34;9;18;2;;;;;;;1976-05-to-2008-10;loto.csv
2007084-2;2007084;2;2007-10-20;SA;historic-6-plus-complementary;31;6;48;15;4;11;29;;;;;;;1976-05-to-2008-10;loto.csv
2007085-1;2007085;1;2007-10-24;ME;historic-6-plus-complementary;27;33;6;36;17;5;10;;;;;;;1976-05-to-2008-10;loto.csv
2007085-2;2007085;2;2007-10-24;ME;historic-6-plus-complementary;36;38;29;21;3;28;25;;;;;;;1976-05-to-2008-10;loto.csv
2007086-1;2007086;1;2007-10-27;SA;historic-6-plus-complementary;25;28;8;42;37;46;31;;;;;;;1976-05-to-2008-10;loto.csv
2007086-2;2007086;2;2007-10-27;SA;historic-6-plus-complementary;39;21;26;48;28;11;49;;;;;;;1976-05-to-2008-10;loto.csv
2007087-1;2007087;1;2007-10-31;ME;historic-6-plus-complementary;39;40;19;30;7;34;43;;;;;;;1976-05-to-2008-10;loto.csv
2007087-2;2007087;2;2007-10-31;ME;historic-6-plus-complementary;16;46;24;19;23;30;41;;;;;;;1976-05-to-2008-10;loto.csv
2007088-1;2007088;1;2007-11-03;SA;historic-6-plus-complementary;4;33;3;45;28;1;27;;;;;;;1976-05-to-2008-10;loto.csv
2007088-2;2007088;2;2007-11-03;SA;historic-6-plus-complementary;11;41;6;20;39;47;4;;;;;;;1976-05-to-2008-10;loto.csv
2007089-1;2007089;1;2007-11-07;ME;historic-6-plus-complementary;45;40;42;21;8;35;44;;;;;;;1976-05-to-2008-10;loto.csv
2007089-2;2007089;2;2007-11-07;ME;historic-6-plus-complementary;9;28;44;40;42;11;7;;;;;;;1976-05-to-2008-10;loto.csv
2007090-1;2007090;1;2007-11-10;SA;historic-6-plus-complementary;30;31;41;42;19;28;25;;;;;;;1976-05-to-2008-10;loto.csv
2007090-2;2007090;2;2007-11-10;SA;historic-6-plus-complementary;46;25;11;33;48;28;35;;;;;;;1976-05-to-2008-10;loto.csv
2007091-1;2007091;1;2007-11-14;ME;historic-6-plus-complementary;7;44;41;39;32;29;12;;;;;;;1976-05-to-2008-10;loto.csv
2007091-2;2007091;2;2007-11-14;ME;historic-6-plus-complementary;43;18;34;16;17;20;15;;;;;;;1976-05-to-2008-10;loto.csv
2007092-1;2007092;1;2007-11-17;SA;historic-6-plus-complementary;23;11;1;16;40;15;34;;;;;;;1976-05-to-2008-10;loto.csv
2007092-2;2007092;2;2007-11-17;SA;historic-6-plus-complementary;22;33;8;31;34;13;38;;;;;;;1976-05-to-2008-10;loto.csv
2007093-1;2007093;1;2007-11-21;ME;historic-6-plus-complementary;20;32;6;38;27;14;42;;;;;;;1976-05-to-2008-10;loto.csv
2007093-2;2007093;2;2007-11-21;ME;historic-6-plus-complementary;8;33;22;43;17;30;35;;;;;;;1976-05-to-2008-10;loto.csv
2007094-1;2007094;1;2007-11-24;SA;historic-6-plus-complementary;19;29;16;48;9;2;13;;;;;;;1976-05-to-2008-10;loto.csv
2007094-2;2007094;2;2007-11-24;SA;historic-6-plus-complementary;44;29;17;26;27;22;3;;;;;;;1976-05-to-2008-10;loto.csv
2007095-1;2007095;1;2007-11-28;ME;historic-6-plus-complementary;36;17;30;23;42;38;33;;;;;;;1976-05-to-2008-10;loto.csv
2007095-2;2007095;2;2007-11-28;ME;historic-6-plus-complementary;35;16;34;2;29;24;37;;;;;;;1976-05-to-2008-10;loto.csv
2007096-1;2007096;1;2007-12-01;SA;historic-6-plus-complementary;34;30;23;19;48;47;38;;;;;;;1976-05-to-2008-10;loto.csv
2007096-2;2007096;2;2007-12-01;SA;historic-6-plus-complementary;2;20;15;4;39;44;11;;;;;;;1976-05-to-2008-10;loto.csv
2007097-1;2007097;1;2007-12-05;ME;historic-6-plus-complementary;39;25;37;33;32;17;2;;;;;;;1976-05-to-2008-10;loto.csv
2007097-2;2007097;2;2007-12-05;ME;historic-6-plus-complementary;28;24;20;46;49;42;39;;;;;;;1976-05-to-2008-10;loto.csv
2007098-1;2007098;1;2007-12-08;SA;historic-6-plus-complementary;43;19;3;2;42;28;13;;;;;;;1976-05-to-2008-10;loto.csv
2007098-2;2007098;2;2007-12-08;SA;historic-6-plus-complementary;44;14;25;3;15;34;8;;;;;;;1976-05-to-2008-10;loto.csv
2007099-1;2007099;1;2007-12-12;ME;historic-6-plus-complementary;17;10;38;44;4;27;30;;;;;;;1976-05-to-2008-10;loto.csv
2007099-2;2007099;2;2007-12-12;ME;historic-6-plus-complementary;45;28;22;15;21;41;23;;;;;;;1976-05-to-2008-10;loto.csv
2007100-1;2007100;1;2007-12-15;SA;historic-6-plus-complementary;21;47;15;4;40;25;30;;;;;;;1976-05-to-2008-10;loto.csv
2007100-2;2007100;2;2007-12-15;SA;historic-6-plus-complementary;46;42;37;31;7;44;17;;;;;;;1976-05-to-2008-10;loto.csv
2007101-1;2007101;1;2007-12-19;ME;historic-6-plus-complementary;45;19;48;3;30;32;29;;;;;;;1976-05-to-2008-10;loto.csv
2007101-2;2007101;2;2007-12-19;ME;historic-6-plus-complementary;20;27;14;1;15;43;17;;;;;;;1976-05-to-2008-10;loto.csv
2007102-1;2007102;1;2007-12-22;SA;historic-6-plus-complementary;31;14;25;15;11;28;35;;;;;;;1976-05-to-2008-10;loto.csv
2007102-2;2007102;2;2007-12-22;SA;historic-6-plus-complementary;17;33;43;32;28;41;45;;;;;;;1976-05-to-2008-10;loto.csv
2007103-1;2007103;1;2007-12-26;ME;historic-6-plus-complementary;41;39;27;14;35;33;43;;;;;;;1976-05-to-2008-10;loto.csv
2007103-2;2007103;2;2007-12-26;ME;historic-6-plus-complementary;9;8;16;11;40;28;22;;;;;;;1976-05-to-2008-10;loto.csv
2007104-1;2007104;1;2007-12-29;SA;historic-6-plus-complementary;32;48;31;26;25;49;29;;;;;;;1976-05-to-2008-10;loto.csv
2007104-2;2007104;2;2007-12-29;SA;historic-6-plus-complementary;27;10;13;8;41;35;48;;;;;;;1976-05-to-2008-10;loto.csv
2008001-1;2008001;1;2008-01-02;ME;historic-6-plus-complementary;6;3;19;8;37;22;18;;;;;;;1976-05-to-2008-10;loto.csv
2008001-2;2008001;2;2008-01-02;ME;historic-6-plus-complementary;29;7;37;5;31;8;38;;;;;;;1976-05-to-2008-10;loto.csv
2008002-1;2008002;1;2008-01-05;SA;historic-6-plus-complementary;3;25;46;11;5;37;33;;;;;;;1976-05-to-2008-10;loto.csv
2008002-2;2008002;2;2008-01-05;SA;historic-6-plus-complementary;20;7;40;16;47;37;8;;;;;;;1976-05-to-2008-10;loto.csv
2008003-1;2008003;1;2008-01-09;ME;historic-6-plus-complementary;16;3;11;29;5;12;43;;;;;;;1976-05-to-2008-10;loto.csv
2008003-2;2008003;2;2008-01-09;ME;historic-6-plus-complementary;26;9;39;33;44;42;11;;;;;;;1976-05-to-2008-10;loto.csv
2008004-1;2008004;1;2008-01-12;SA;historic-6-plus-complementary;5;21;24;36;19;9;47;;;;;;;1976-05-to-2008-10;loto.csv
2008004-2;2008004;2;2008-01-12;SA;historic-6-plus-complementary;34;26;39;35;37;17;22;;;;;;;1976-05-to-2008-10;loto.csv
2008005-1;2008005;1;2008-01-16;ME;historic-6-plus-complementary;38;31;1;14;26;16;43;;;;;;;1976-05-to-2008-10;loto.csv
2008005-2;2008005;2;2008-01-16;ME;historic-6-plus-complementary;2;41;33;14;34;37;36;;;;;;;1976-05-to-2008-10;loto.csv
2008006-1;2008006;1;2008-01-19;SA;historic-6-plus-complementary;34;17;24;39;37;35;27;;;;;;;1976-05-to-2008-10;loto.csv
2008006-2;2008006;2;2008-01-19;SA;historic-6-plus-complementary;15;24;44;34;16;13;7;;;;;;;1976-05-to-2008-10;loto.csv
2008007-1;2008007;1;2008-01-23;ME;historic-6-plus-complementary;28;24;10;7;25;38;11;;;;;;;1976-05-to-2008-10;loto.csv
2008007-2;2008007;2;2008-01-23;ME;historic-6-plus-complementary;38;25;45;44;31;17;35;;;;;;;1976-05-to-2008-10;loto.csv
2008008-1;2008008;1;2008-01-26;SA;historic-6-plus-complementary;42;46;22;20;48;34;39;;;;;;;1976-05-to-2008-10;loto.csv
2008008-2;2008008;2;2008-01-26;SA;historic-6-plus-complementary;33;31;38;45;47;10;35;;;;;;;1976-05-to-2008-10;loto.csv
2008009-1;2008009;1;2008-01-30;ME;historic-6-plus-complementary;3;33;38;9;48;2;28;;;;;;;1976-05-to-2008-10;loto.csv
2008009-2;2008009;2;2008-01-30;ME;historic-6-plus-complementary;19;8;35;4;34;6;17;;;;;;;1976-05-to-2008-10;loto.csv
2008010-1;2008010;1;2008-02-02;SA;historic-6-plus-complementary;31;15;32;5;30;34;35;;;;;;;1976-05-to-2008-10;loto.csv
2008010-2;2008010;2;2008-02-02;SA;historic-6-plus-complementary;39;26;19;5;6;18;42;;;;;;;1976-05-to-2008-10;loto.csv
2008011-1;2008011;1;2008-02-06;ME;historic-6-plus-complementary;8;22;46;2;10;16;7;;;;;;;1976-05-to-2008-10;loto.csv
2008011-2;2008011;2;2008-02-06;ME;historic-6-plus-complementary;2;47;3;17;44;31;39;;;;;;;1976-05-to-2008-10;loto.csv
2008012-1;2008012;1;2008-02-09;SA;historic-6-plus-complementary;38;45;13;27;12;41;21;;;;;;;1976-05-to-2008-10;loto.csv
2008012-2;2008012;2;2008-02-09;SA;historic-6-plus-complementary;37;40;14;8;18;31;35;;;;;;;1976-05-to-2008-10;loto.csv
2008013-1;2008013;1;2008-02-13;ME;historic-6-plus-complementary;13;15;6;29;33;1;47;;;;;;;1976-05-to-2008-10;loto.csv
2008013-2;2008013;2;2008-02-13;ME;historic-6-plus-complementary;7;32;31;42;23;46;34;;;;;;;1976-05-to-2008-10;loto.csv
2008014-1;2008014;1;2008-02-16;SA;historic-6-plus-complementary;5;41;47;33;46;17;32;;;;;;;1976-05-to-2008-10;loto.csv
2008014-2;2008014;2;2008-02-16;SA;historic-6-plus-complementary;49;35;27;8;39;38;32;;;;;;;1976-05-to-2008-10;loto.csv
2008015-1;2008015;1;2008-02-20;ME;historic-6-plus-complementary;40;39;31;20;29;4;13;;;;;;;1976-05-to-2008-10;loto.csv
2008015-2;2008015;2;2008-02-20;ME;historic-6-plus-complementary;13;30;14;10;19;38;41;;;;;;;1976-05-to-2008-10;loto.csv
2008016-1;2008016;1;2008-02-23;SA;historic-6-plus-complementary;26;3;8;46;19;25;39;;;;;;;1976-05-to-2008-10;loto.csv
2008016-2;2008016;2;2008-02-23;SA;historic-6-plus-complementary;22;41;17;30;3;1;40;;;;;;;1976-05-to-2008-10;loto.csv
2008017-1;2008017;1;2008-02-27;ME;historic-6-plus-complementary;23;37;39;41;21;26;14;;;;;;;1976-05-to-2008-10;loto.csv
2008017-2;2008017;2;2008-02-27;ME;historic-6-plus-complementary;3;40;12;37;46;42;5;;;;;;;1976-05-to-2008-10;loto.csv
2008018-1;2008018;1;2008-03-01;SA;historic-6-plus-complementary;23;16;44;38;4;41;30;;;;;;;1976-05-to-2008-10;loto.csv
2008018-2;2008018;2;2008-03-01;SA;historic-6-plus-complementary;2;32;40;33;34;47;43;;;;;;;1976-05-to-2008-10;loto.csv
2008019-1;2008019;1;2008-03-05;ME;historic-6-plus-complementary;1;37;9;12;11;10;34;;;;;;;1976-05-to-2008-10;loto.csv
2008019-2;2008019;2;2008-03-05;ME;historic-6-plus-complementary;41;30;28;46;42;19;35;;;;;;;1976-05-to-2008-10;loto.csv
2008020-1;2008020;1;2008-03-08;SA;historic-6-plus-complementary;18;11;12;43;10;34;13;;;;;;;1976-05-to-2008-10;loto.csv
2008020-2;2008020;2;2008-03-08;SA;historic-6-plus-complementary;24;36;11;3;42;35;8;;;;;;;1976-05-to-2008-10;loto.csv
2008021-1;2008021;1;2008-03-12;ME;historic-6-plus-complementary;32;44;8;24;14;2;20;;;;;;;1976-05-to-2008-10;loto.csv
2008021-2;2008021;2;2008-03-12;ME;historic-6-plus-complementary;19;1;31;22;39;9;45;;;;;;;1976-05-to-2008-10;loto.csv
2008022-1;2008022;1;2008-03-15;SA;historic-6-plus-complementary;17;38;23;45;9;21;41;;;;;;;1976-05-to-2008-10;loto.csv
2008022-2;2008022;2;2008-03-15;SA;historic-6-plus-complementary;44;5;6;22;30;33;17;;;;;;;1976-05-to-2008-10;loto.csv
2008023-1;2008023;1;2008-03-19;ME;historic-6-plus-complementary;36;6;33;26;42;38;27;;;;;;;1976-05-to-2008-10;loto.csv
2008023-2;2008023;2;2008-03-19;ME;historic-6-plus-complementary;20;34;37;25;1;16;18;;;;;;;1976-05-to-2008-10;loto.csv
2008024-1;2008024;1;2008-03-22;SA;historic-6-plus-complementary;43;8;31;9;10;35;29;;;;;;;1976-05-to-2008-10;loto.csv
2008024-2;2008024;2;2008-03-22;SA;historic-6-plus-complementary;11;35;38;28;44;15;19;;;;;;;1976-05-to-2008-10;loto.csv
2008025-1;2008025;1;2008-03-26;ME;historic-6-plus-complementary;49;6;21;10;17;7;3;;;;;;;1976-05-to-2008-10;loto.csv
2008025-2;2008025;2;2008-03-26;ME;historic-6-plus-complementary;4;46;34;5;18;49;6;;;;;;;1976-05-to-2008-10;loto.csv
2008026-1;2008026;1;2008-03-29;SA;historic-6-plus-complementary;7;3;10;11;38;17;35;;;;;;;1976-05-to-2008-10;loto.csv
2008026-2;2008026;2;2008-03-29;SA;historic-6-plus-complementary;36;19;4;21;18;41;39;;;;;;;1976-05-to-2008-10;loto.csv
2008027-1;2008027;1;2008-04-02;ME;historic-6-plus-complementary;7;28;41;9;2;40;45;;;;;;;1976-05-to-2008-10;loto.csv
2008027-2;2008027;2;2008-04-02;ME;historic-6-plus-complementary;14;43;27;46;42;20;10;;;;;;;1976-05-to-2008-10;loto.csv
2008028-1;2008028;1;2008-04-05;SA;historic-6-plus-complementary;10;2;32;44;20;49;16;;;;;;;1976-05-to-2008-10;loto.csv
2008028-2;2008028;2;2008-04-05;SA;historic-6-plus-complementary;21;27;6;47;30;5;37;;;;;;;1976-05-to-2008-10;loto.csv
2008029-1;2008029;1;2008-04-09;ME;historic-6-plus-complementary;8;41;19;37;3;32;7;;;;;;;1976-05-to-2008-10;loto.csv
2008029-2;2008029;2;2008-04-09;ME;historic-6-plus-complementary;32;14;9;5;48;3;13;;;;;;;1976-05-to-2008-10;loto.csv
2008030-1;2008030;1;2008-04-12;SA;historic-6-plus-complementary;44;49;27;48;24;32;34;;;;;;;1976-05-to-2008-10;loto.csv
2008030-2;2008030;2;2008-04-12;SA;historic-6-plus-complementary;45;17;18;8;24;20;25;;;;;;;1976-05-to-2008-10;loto.csv
2008031-1;2008031;1;2008-04-16;ME;historic-6-plus-complementary;37;13;31;48;25;28;39;;;;;;;1976-05-to-2008-10;loto.csv
2008031-2;2008031;2;2008-04-16;ME;historic-6-plus-complementary;41;2;44;5;47;19;42;;;;;;;1976-05-to-2008-10;loto.csv
2008032-1;2008032;1;2008-04-19;SA;historic-6-plus-complementary;10;49;26;11;34;2;43;;;;;;;1976-05-to-2008-10;loto.csv
2008032-2;2008032;2;2008-04-19;SA;historic-6-plus-complementary;10;2;8;21;15;31;29;;;;;;;1976-05-to-2008-10;loto.csv
2008033-1;2008033;1;2008-04-23;ME;historic-6-plus-complementary;23;33;3;45;39;11;37;;;;;;;1976-05-to-2008-10;loto.csv
2008033-2;2008033;2;2008-04-23;ME;historic-6-plus-complementary;14;36;3;17;25;22;31;;;;;;;1976-05-to-2008-10;loto.csv
2008034-1;2008034;1;2008-04-26;SA;historic-6-plus-complementary;15;28;27;11;37;3;2;;;;;;;1976-05-to-2008-10;loto.csv
2008034-2;2008034;2;2008-04-26;SA;historic-6-plus-complementary;34;49;37;14;3;42;21;;;;;;;1976-05-to-2008-10;loto.csv
2008035-1;2008035;1;2008-04-30;ME;historic-6-plus-complementary;42;16;29;13;35;40;37;;;;;;;1976-05-to-2008-10;loto.csv
2008035-2;2008035;2;2008-04-30;ME;historic-6-plus-complementary;49;31;27;40;38;20;22;;;;;;;1976-05-to-2008-10;loto.csv
2008036-1;2008036;1;2008-05-03;SA;historic-6-plus-complementary;41;13;16;48;14;38;47;;;;;;;1976-05-to-2008-10;loto.csv
2008036-2;2008036;2;2008-05-03;SA;historic-6-plus-complementary;41;18;16;4;34;7;26;;;;;;;1976-05-to-2008-10;loto.csv
2008037-1;2008037;1;2008-05-07;ME;historic-6-plus-complementary;45;43;37;25;47;46;9;;;;;;;1976-05-to-2008-10;loto.csv
2008037-2;2008037;2;2008-05-07;ME;historic-6-plus-complementary;21;35;14;24;12;3;41;;;;;;;1976-05-to-2008-10;loto.csv
2008038-1;2008038;1;2008-05-10;SA;historic-6-plus-complementary;17;42;14;23;15;35;16;;;;;;;1976-05-to-2008-10;loto.csv
2008038-2;2008038;2;2008-05-10;SA;historic-6-plus-complementary;47;20;40;21;7;34;28;;;;;;;1976-05-to-2008-10;loto.csv
2008039-1;2008039;1;2008-05-14;ME;historic-6-plus-complementary;39;14;18;16;10;42;30;;;;;;;1976-05-to-2008-10;loto.csv
2008039-2;2008039;2;2008-05-14;ME;historic-6-plus-complementary;12;13;5;17;31;38;43;;;;;;;1976-05-to-2008-10;loto.csv
2008040-1;2008040;1;2008-05-17;SA;historic-6-plus-complementary;10;37;25;4;36;5;12;;;;;;;1976-05-to-2008-10;loto.csv
2008040-2;2008040;2;2008-05-17;SA;historic-6-plus-complementary;20;35;28;13;1;45;38;;;;;;;1976-05-to-2008-10;loto.csv
2008041-1;2008041;1;2008-05-21;ME;historic-6-plus-complementary;5;34;17;35;13;24;1;;;;;;;1976-05-to-2008-10;loto.csv
2008041-2;2008041;2;2008-05-21;ME;historic-6-plus-complementary;14;17;33;1;7;37;4;;;;;;;1976-05-to-2008-10;loto.csv
2008042-1;2008042;1;2008-05-24;SA;historic-6-plus-complementary;32;8;39;7;1;40;35;;;;;;;1976-05-to-2008-10;loto.csv
2008042-2;2008042;2;2008-05-24;SA;historic-6-plus-complementary;33;48;32;5;16;18;6;;;;;;;1976-05-to-2008-10;loto.csv
2008043-1;2008043;1;2008-05-28;ME;historic-6-plus-complementary;14;18;29;30;32;27;40;;;;;;;1976-05-to-2008-10;loto.csv
2008043-2;2008043;2;2008-05-28;ME;historic-6-plus-complementary;24;12;17;46;14;30;21;;;;;;;1976-05-to-2008-10;loto.csv
2008044-1;2008044;1;2008-05-31;SA;historic-6-plus-complementary;23;2;46;42;32;38;29;;;;;;;1976-05-to-2008-10;loto.csv
2008044-2;2008044;2;2008-05-31;SA;historic-6-plus-complementary;43;19;48;1;3;7;36;;;;;;;1976-05-to-2008-10;loto.csv
2008045-1;2008045;1;2008-06-04;ME;historic-6-plus-complementary;39;27;30;19;13;49;45;;;;;;;1976-05-to-2008-10;loto.csv
2008045-2;2008045;2;2008-06-04;ME;historic-6-plus-complementary;46;15;11;40;8;3;35;;;;;;;1976-05-to-2008-10;loto.csv
2008046-1;2008046;1;2008-06-07;SA;historic-6-plus-complementary;20;15;40;13;2;23;46;;;;;;;1976-05-to-2008-10;loto.csv
2008046-2;2008046;2;2008-06-07;SA;historic-6-plus-complementary;30;3;1;33;9;2;25;;;;;;;1976-05-to-2008-10;loto.csv
2008047-1;2008047;1;2008-06-11;ME;historic-6-plus-complementary;6;7;35;46;45;9;1;;;;;;;1976-05-to-2008-10;loto.csv
2008047-2;2008047;2;2008-06-11;ME;historic-6-plus-complementary;22;47;45;26;35;25;31;;;;;;;1976-05-to-2008-10;loto.csv
2008048-1;2008048;1;2008-06-14;SA;historic-6-plus-complementary;24;39;1;16;35;15;30;;;;;;;1976-05-to-2008-10;loto.csv
2008048-2;2008048;2;2008-06-14;SA;historic-6-plus-complementary;1;27;11;24;20;37;45;;;;;;;1976-05-to-2008-10;loto.csv
2008049-1;2008049;1;2008-06-18;ME;historic-6-plus-complementary;49;29;21;11;48;7;1;;;;;;;1976-05-to-2008-10;loto.csv
2008049-2;2008049;2;2008-06-18;ME;historic-6-plus-complementary;46;1;39;11;32;21;33;;;;;;;1976-05-to-2008-10;loto.csv
2008050-1;2008050;1;2008-06-21;SA;historic-6-plus-complementary;29;14;41;17;28;12;25;;;;;;;1976-05-to-2008-10;loto.csv
2008050-2;2008050;2;2008-06-21;SA;historic-6-plus-complementary;30;19;2;10;22;37;44;;;;;;;1976-05-to-2008-10;loto.csv
2008051-1;2008051;1;2008-06-25;ME;historic-6-plus-complementary;12;36;2;1;30;31;25;;;;;;;1976-05-to-2008-10;loto.csv
2008051-2;2008051;2;2008-06-25;ME;historic-6-plus-complementary;5;27;44;3;35;9;16;;;;;;;1976-05-to-2008-10;loto.csv
2008052-1;2008052;1;2008-06-28;SA;historic-6-plus-complementary;30;18;17;7;22;47;4;;;;;;;1976-05-to-2008-10;loto.csv
2008052-2;2008052;2;2008-06-28;SA;historic-6-plus-complementary;44;7;16;29;26;28;25;;;;;;;1976-05-to-2008-10;loto.csv
2008053-1;2008053;1;2008-07-02;ME;historic-6-plus-complementary;43;33;38;14;27;39;34;;;;;;;1976-05-to-2008-10;loto.csv
2008053-2;2008053;2;2008-07-02;ME;historic-6-plus-complementary;34;26;3;17;4;14;43;;;;;;;1976-05-to-2008-10;loto.csv
2008054-1;2008054;1;2008-07-05;SA;historic-6-plus-complementary;18;26;17;23;12;1;45;;;;;;;1976-05-to-2008-10;loto.csv
2008054-2;2008054;2;2008-07-05;SA;historic-6-plus-complementary;35;36;44;39;13;25;43;;;;;;;1976-05-to-2008-10;loto.csv
2008055-1;2008055;1;2008-07-09;ME;historic-6-plus-complementary;46;25;36;4;16;28;40;;;;;;;1976-05-to-2008-10;loto.csv
2008055-2;2008055;2;2008-07-09;ME;historic-6-plus-complementary;45;34;39;21;13;30;28;;;;;;;1976-05-to-2008-10;loto.csv
2008056-1;2008056;1;2008-07-12;SA;historic-6-plus-complementary;26;27;4;18;20;42;25;;;;;;;1976-05-to-2008-10;loto.csv
2008056-2;2008056;2;2008-07-12;SA;historic-6-plus-complementary;6;9;7;43;8;49;30;;;;;;;1976-05-to-2008-10;loto.csv
2008057-1;2008057;1;2008-07-16;ME;historic-6-plus-complementary;47;17;10;1;16;35;40;;;;;;;1976-05-to-2008-10;loto.csv
2008057-2;2008057;2;2008-07-16;ME;historic-6-plus-complementary;23;29;34;47;21;41;24;;;;;;;1976-05-to-2008-10;loto.csv
2008058-1;2008058;1;2008-07-19;SA;historic-6-plus-complementary;41;1;11;46;19;48;12;;;;;;;1976-05-to-2008-10;loto.csv
2008058-2;2008058;2;2008-07-19;SA;historic-6-plus-complementary;3;47;10;25;40;26;30;;;;;;;1976-05-to-2008-10;loto.csv
2008059-1;2008059;1;2008-07-23;ME;historic-6-plus-complementary;16;48;6;22;5;1;45;;;;;;;1976-05-to-2008-10;loto.csv
2008059-2;2008059;2;2008-07-23;ME;historic-6-plus-complementary;29;4;35;23;17;24;8;;;;;;;1976-05-to-2008-10;loto.csv
2008060-1;2008060;1;2008-07-26;SA;historic-6-plus-complementary;41;13;27;18;42;6;3;;;;;;;1976-05-to-2008-10;loto.csv
2008060-2;2008060;2;2008-07-26;SA;historic-6-plus-complementary;45;20;48;44;31;49;2;;;;;;;1976-05-to-2008-10;loto.csv
2008061-1;2008061;1;2008-07-30;ME;historic-6-plus-complementary;32;33;7;35;36;30;5;;;;;;;1976-05-to-2008-10;loto.csv
2008061-2;2008061;2;2008-07-30;ME;historic-6-plus-complementary;44;7;48;32;40;18;25;;;;;;;1976-05-to-2008-10;loto.csv
2008062-1;2008062;1;2008-08-02;SA;historic-6-plus-complementary;34;32;15;16;17;29;24;;;;;;;1976-05-to-2008-10;loto.csv
2008062-2;2008062;2;2008-08-02;SA;historic-6-plus-complementary;11;9;27;18;46;26;1;;;;;;;1976-05-to-2008-10;loto.csv
2008063-1;2008063;1;2008-08-06;ME;historic-6-plus-complementary;13;26;35;30;47;43;36;;;;;;;1976-05-to-2008-10;loto.csv
2008063-2;2008063;2;2008-08-06;ME;historic-6-plus-complementary;16;40;46;39;43;37;1;;;;;;;1976-05-to-2008-10;loto.csv
2008064-1;2008064;1;2008-08-09;SA;historic-6-plus-complementary;24;48;47;6;2;39;14;;;;;;;1976-05-to-2008-10;loto.csv
2008064-2;2008064;2;2008-08-09;SA;historic-6-plus-complementary;19;29;25;24;6;38;7;;;;;;;1976-05-to-2008-10;loto.csv
2008065-1;2008065;1;2008-08-13;ME;historic-6-plus-complementary;23;49;29;11;38;37;36;;;;;;;1976-05-to-2008-10;loto.csv
2008065-2;2008065;2;2008-08-13;ME;historic-6-plus-complementary;41;43;25;23;4;18;32;;;;;;;1976-05-to-2008-10;loto.csv
2008066-1;2008066;1;2008-08-16;SA;historic-6-plus-complementary;42;21;41;29;24;31;30;;;;;;;1976-05-to-2008-10;loto.csv
2008066-2;2008066;2;2008-08-16;SA;historic-6-plus-complementary;5;25;34;12;20;14;45;;;;;;;1976-05-to-2008-10;loto.csv
2008067-1;2008067;1;2008-08-20;ME;historic-6-plus-complementary;5;44;10;41;11;14;31;;;;;;;1976-05-to-2008-10;loto.csv
2008067-2;2008067;2;2008-08-20;ME;historic-6-plus-complementary;15;17;26;32;12;18;35;;;;;;;1976-05-to-2008-10;loto.csv
2008068-1;2008068;1;2008-08-23;SA;historic-6-plus-complementary;37;39;3;7;26;27;20;;;;;;;1976-05-to-2008-10;loto.csv
2008068-2;2008068;2;2008-08-23;SA;historic-6-plus-complementary;12;40;43;8;31;48;41;;;;;;;1976-05-to-2008-10;loto.csv
2008069-1;2008069;1;2008-08-27;ME;historic-6-plus-complementary;39;25;8;7;43;40;13;;;;;;;1976-05-to-2008-10;loto.csv
2008069-2;2008069;2;2008-08-27;ME;historic-6-plus-complementary;49;34;21;19;32;4;44;;;;;;;1976-05-to-2008-10;loto.csv
2008070-1;2008070;1;2008-08-30;SA;historic-6-plus-complementary;47;21;5;20;37;41;42;;;;;;;1976-05-to-2008-10;loto.csv
2008070-2;2008070;2;2008-08-30;SA;historic-6-plus-complementary;6;32;23;19;47;1;40;;;;;;;1976-05-to-2008-10;loto.csv
2008071-1;2008071;1;2008-09-03;ME;historic-6-plus-complementary;28;15;26;42;14;43;45;;;;;;;1976-05-to-2008-10;loto.csv
2008071-2;2008071;2;2008-09-03;ME;historic-6-plus-complementary;29;12;27;4;2;11;25;;;;;;;1976-05-to-2008-10;loto.csv
2008072-1;2008072;1;2008-09-06;SA;historic-6-plus-complementary;22;40;12;46;29;10;35;;;;;;;1976-05-to-2008-10;loto.csv
2008072-2;2008072;2;2008-09-06;SA;historic-6-plus-complementary;20;34;49;21;46;43;30;;;;;;;1976-05-to-2008-10;loto.csv
2008073-1;2008073;1;2008-09-10;ME;historic-6-plus-complementary;38;36;19;5;39;7;48;;;;;;;1976-05-to-2008-10;loto.csv
2008073-2;2008073;2;2008-09-10;ME;historic-6-plus-complementary;7;24;6;12;2;14;15;;;;;;;1976-05-to-2008-10;loto.csv
2008074-1;2008074;1;2008-09-13;SA;historic-6-plus-complementary;28;40;8;9;17;47;7;;;;;;;1976-05-to-2008-10;loto.csv
2008074-2;2008074;2;2008-09-13;SA;historic-6-plus-complementary;11;36;34;14;35;42;17;;;;;;;1976-05-to-2008-10;loto.csv
2008075-1;2008075;1;2008-09-17;ME;historic-6-plus-complementary;26;43;49;40;48;38;47;;;;;;;1976-05-to-2008-10;loto.csv
2008075-2;2008075;2;2008-09-17;ME;historic-6-plus-complementary;31;49;9;30;29;26;27;;;;;;;1976-05-to-2008-10;loto.csv
2008076-1;2008076;1;2008-09-20;SA;historic-6-plus-complementary;31;26;47;10;12;48;39;;;;;;;1976-05-to-2008-10;loto.csv
2008076-2;2008076;2;2008-09-20;SA;historic-6-plus-complementary;24;40;13;9;47;25;14;;;;;;;1976-05-to-2008-10;loto.csv
2008077-1;2008077;1;2008-09-24;ME;historic-6-plus-complementary;9;19;32;21;20;17;40;;;;;;;1976-05-to-2008-10;loto.csv
2008077-2;2008077;2;2008-09-24;ME;historic-6-plus-complementary;2;33;34;28;8;23;47;;;;;;;1976-05-to-2008-10;loto.csv
2008078-1;2008078;1;2008-09-27;SA;historic-6-plus-complementary;28;7;24;35;32;23;33;;;;;;;1976-05-to-2008-10;loto.csv
2008078-2;2008078;2;2008-09-27;SA;historic-6-plus-complementary;24;47;39;42;45;35;46;;;;;;;1976-05-to-2008-10;loto.csv
2008079-1;2008079;1;2008-10-01;ME;historic-6-plus-complementary;29;28;3;1;6;37;11;;;;;;;1976-05-to-2008-10;loto.csv
2008079-2;2008079;2;2008-10-01;ME;historic-6-plus-complementary;41;16;14;18;10;21;24;;;;;;;1976-05-to-2008-10;loto.csv
2008080-1;2008080;1;2008-10-04;SA;historic-6-plus-complementary;36;9;16;27;25;12;48;;;;;;;1976-05-to-2008-10;loto.csv
2008080-2;2008080;2;2008-10-04;SA;historic-6-plus-complementary;33;32;42;16;15;49;37;;;;;;;1976-05-to-2008-10;loto.csv
