draw_id;draw_number;draw_sequence;date;day;rule_set;n1;n2;n3;n4;n5;n6;complementary;chance;second_n1;second_n2;second_n3;second_n4;second_n5;source_archive;source_entry
1976001-1;1976001;1;1976-05-19;ME;historic-6-plus-complementary;31;15;33;27;36;48;34;;;;;;;1976-05-to-2008-10;loto.csv
1976002-1;1976002;1;1976-06-03;JE;historic-6-plus-complementary;10;26;42;1;4;14;31;;;;;;;1976-05-to-2008-10;loto.csv
1976003-1;1976003;1;1976-06-10;JE;historic-6-plus-complementary;44;16;47;10;15;1;27;;;;;;;1976-05-to-2008-10;loto.csv
1976004-1;1976004;1;1976-06-16;ME;historic-6-plus-complementary;2;3;35;13;1;28;49;;;;;;;1976-05-to-2008-10;loto.csv
1976005-1;1976005;1;1976-06-23;ME;historic-6-plus-complementary;30;22;11;9;23;47;49;;;;;;;1976-05-to-2008-10;loto.csv
1976006-1;1976006;1;1976-06-30;ME;historic-6-plus-complementary;10;17;25;35;5;46;1;;;;;;;1976-05-to-2008-10;loto.csv
1976007-1;1976007;1;1976-07-07;ME;historic-6-plus-complementary;27;32;34;19;45;5;15;;;;;;;1976-05-to-2008-10;loto.csv
1976008-1;1976008;1;1976-07-15;JE;historic-6-plus-complementary;42;5;29;28;27;41;8;;;;;;;1976-05-to-2008-10;loto.csv
1976009-1;1976009;1;1976-07-21;ME;historic-6-plus-complementary;15;2;31;19;27;43;5;;;;;;;1976-05-to-2008-10;loto.csv
1976010-1;1976010;1;1976-07-28;ME;historic-6-plus-complementary;40;49;16;37;35;10;7;;;;;;;1976-05-to-2008-10;loto.csv
1976011-1;1976011;1;1976-08-05;JE;historic-6-plus-complementary;47;37;25;6;4;45;42;;;;;;;1976-05-to-2008-10;loto.csv
1976012-1;1976012;1;1976-08-11;ME;historic-6-plus-complementary;8;42;33;31;17;9;26;;;;;;;1976-05-to-2008-10;loto.csv
1976013-1;1976013;1;1976-08-18;ME;historic-6-plus-complementary;21;9;3;24;34;1;48;;;;;;;1976-05-to-2008-10;loto.csv
1976014-1;1976014;1;1976-08-25;ME;historic-6-plus-complementary;32;11;7;8;38;34;48;;;;;;;1976-05-to-2008-10;loto.csv
1976015-1;1976015;1;1976-09-01;ME;historic-6-plus-complementary;27;33;42;8;26;16;25;;;;;;;1976-05-to-2008-10;loto.csv
1976016-1;1976016;1;1976-09-08;ME;historic-6-plus-complementary;25;30;22;3;38;17;13;;;;;;;1976-05-to-2008-10;loto.csv
1976017-1;1976017;1;1976-09-15;ME;historic-6-plus-complementary;27;7;39;3;8;33;28;;;;;;;1976-05-to-2008-10;loto.csv
1976018-1;1976018;1;1976-09-22;ME;historic-6-plus-complementary;35;24;10;36;9;32;11;;;;;;;1976-05-to-2008-10;loto.csv
1976019-1;1976019;1;1976-09-29;ME;historic-6-plus-complementary;7;15;11;8;35;14;24;;;;;;;1976-05-to-2008-10;loto.csv
1976020-1;1976020;1;1976-10-06;ME;historic-6-plus-complementary;47;30;38;6;26;5;8;;;;;;;1976-05-to-2008-10;loto.csv
1976021-1;1976021;1;1976-10-13;ME;historic-6-plus-complementary;36;19;46;2;20;26;35;;;;;;;1976-05-to-2008-10;loto.csv
1976022-1;1976022;1;1976-10-20;ME;historic-6-plus-complementary;20;26;14;48;33;13;18;;;;;;;1976-05-to-2008-10;loto.csv
1976023-1;1976023;1;1976-10-27;ME;historic-6-plus-complementary;43;5;40;13;17;25;10;;;;;;;1976-05-to-2008-10;loto.csv
1976024-1;1976024;1;1976-11-04;JE;historic-6-plus-complementary;46;40;30;9;33;8;3;;;;;;;1976-05-to-2008-10;loto.csv
1976025-1;1976025;1;1976-11-10;ME;historic-6-plus-complementary;17;3;41;38;30;26;32;;;;;;;1976-05-to-2008-10;loto.csv
1976026-1;1976026;1;1976-11-17;ME;historic-6-plus-complementary;2;32;44;45;20;8;38;;;;;;;1976-05-to-2008-10;loto.csv
1976027-1;1976027;1;1976-11-24;ME;historic-6-plus-complementary;20;19;25;5;12;23;10;;;;;;;1976-05-to-2008-10;loto.csv
1976028-1;1976028;1;1976-12-01;ME;historic-6-plus-complementary;18;26;16;22;28;37;7;;;;;;;1976-05-to-2008-10;loto.csv
1976029-1;1976029;1;1976-12-08;ME;historic-6-plus-complementary;38;31;12;49;7;26;42;;;;;;;1976-05-to-2008-10;loto.csv
1976030-1;1976030;1;1976-12-15;ME;historic-6-plus-complementary;26;45;19;9;39;32;43;;;;;;;1976-05-to-2008-10;loto.csv
1976031-1;1976031;1;1976-12-22;ME;historic-6-plus-complementary;20;36;3;7;1;25;28;;;;;;;1976-05-to-2008-10;loto.csv
1976032-1;1976032;1;1976-12-29;ME;historic-6-plus-complementary;9;12;32;24;47;18;41;;;;;;;1976-05-to-2008-10;loto.csv
1977001-1;1977001;1;1977-01-05;ME;historic-6-plus-complementary;36;26;1;34;32;20;42;;;;;;;1976-05-to-2008-10;loto.csv
1977002-1;1977002;1;1977-01-12;ME;historic-6-plus-complementary;16;15;17;31;8;43;24;;;;;;;1976-05-to-2008-10;loto.csv
1977003-1;1977003;1;1977-01-19;ME;historic-6-plus-complementary;41;33;2;14;45;39;44;;;;;;;1976-05-to-2008-10;loto.csv
1977004-1;1977004;1;1977-01-26;ME;historic-6-plus-complementary;21;7;45;12;9;42;23;;;;;;;1976-05-to-2008-10;loto.csv
1977005-1;1977005;1;1977-02-02;ME;historic-6-plus-complementary;25;23;5;1;41;42;43;;;;;;;1976-05-to-2008-10;loto.csv
1977006-1;1977006;1;1977-02-09;ME;historic-6-plus-complementary;11;40;28;22;1;25;46;;;;;;;1976-05-to-2008-10;loto.csv
1977007-1;1977007;1;1977-02-16;ME;historic-6-plus-complementary;11;44;13;37;31;28;24;;;;;;;1976-05-to-2008-10;loto.csv
1977008-1;1977008;1;1977-02-23;ME;historic-6-plus-complementary;42;43;25;22;34;44;32;;;;;;;1976-05-to-2008-10;loto.csv
1977009-1;1977009;1;1977-03-02;ME;historic-6-plus-complementary;26;27;6;22;33;10;46;;;;;;;1976-05-to-2008-10;loto.csv
1977010-1;1977010;1;1977-03-09;ME;historic-6-plus-complementary;3;28;4;9;46;34;17;;;;;;;1976-05-to-2008-10;loto.csv
1977011-1;1977011;1;1977-03-16;ME;historic-6-plus-complementary;40;21;20;45;44;22;32;;;;;;;1976-05-to-2008-10;loto.csv
1977012-1;1977012;1;1977-03-23;ME;historic-6-plus-complementary;14;20;22;40;17;18;4;;;;;;;1976-05-to-2008-10;loto.csv
1977013-1;1977013;1;1977-03-30;ME;historic-6-plus-complementary;19;10;40;41;43;35;33;;;;;;;1976-05-to-2008-10;loto.csv
1977014-1;1977014;1;1977-04-06;ME;historic-6-plus-complementary;33;18;7;8;25;48;42;;;;;;;1976-05-to-2008-10;loto.csv
1977015-1;1977015;1;1977-04-14;JE;historic-6-plus-complementary;41;28;26;3;16;37;38;;;;;;;1976-05-to-2008-10;loto.csv
1977016-1;1977016;1;1977-04-20;ME;historic-6-plus-complementary;30;17;35;7;9;29;41;;;;;;;1976-05-to-2008-10;loto.csv
1977017-1;1977017;1;1977-04-27;ME;historic-6-plus-complementary;6;30;29;28;44;46;11;;;;;;;1976-05-to-2008-10;loto.csv
1977018-1;1977018;1;1977-05-04;ME;historic-6-plus-complementary;29;36;49;38;34;11;26;;;;;;;1976-05-to-2008-10;loto.csv
1977019-1;1977019;1;1977-05-11;ME;historic-6-plus-complementary;28;10;1;23;9;48;41;;;;;;;1976-05-to-2008-10;loto.csv
1977020-1;1977020;1;1977-05-18;ME;historic-6-plus-complementary;7;20;4;19;44;2;39;;;;;;;1976-05-to-2008-10;loto.csv
1977021-1;1977021;1;1977-05-25;ME;historic-6-plus-complementary;44;38;20;31;22;2;25;;;;;;;1976-05-to-2008-10;loto.csv
1977022-1;1977022;1;1977-06-01;ME;historic-6-plus-complementary;32;38;15;2;18;21;7;;;;;;;1976-05-to-2008-10;loto.csv
1977023-1;1977023;1;1977-06-08;ME;historic-6-plus-complementary;24;43;31;21;37;13;11;;;;;;;1976-05-to-2008-10;loto.csv
1977024-1;1977024;1;1977-06-15;ME;historic-6-plus-complementary;29;39;8;27;28;21;9;;;;;;;1976-05-to-2008-10;loto.csv
1977025-1;1977025;1;1977-06-22;ME;historic-6-plus-complementary;42;15;7;19;12;23;26;;;;;;;1976-05-to-2008-10;loto.csv
1977026-1;1977026;1;1977-06-29;ME;historic-6-plus-complementary;47;38;48;37;1;8;35;;;;;;;1976-05-to-2008-10;loto.csv
1977027-1;1977027;1;1977-07-06;ME;historic-6-plus-complementary;28;2;37;16;20;1;34;;;;;;;1976-05-to-2008-10;loto.csv
1977028-1;1977028;1;1977-07-13;ME;historic-6-plus-complementary;44;21;48;36;3;2;42;;;;;;;1976-05-to-2008-10;loto.csv
1977029-1;1977029;1;1977-07-20;ME;historic-6-plus-complementary;11;7;32;12;30;1;17;;;;;;;1976-05-to-2008-10;loto.csv
1977030-1;1977030;1;1977-07-27;ME;historic-6-plus-complementary;6;28;48;44;14;4;17;;;;;;;1976-05-to-2008-10;loto.csv
1977031-1;1977031;1;1977-08-03;ME;historic-6-plus-complementary;23;26;24;18;15;37;32;;;;;;;1976-05-to-2008-10;loto.csv
1977032-1;1977032;1;1977-08-10;ME;historic-6-plus-complementary;31;30;47;15;45;48;23;;;;;;;1976-05-to-2008-10;loto.csv
1977033-1;1977033;1;1977-08-18;JE;historic-6-plus-complementary;4;10;29;5;32;15;25;;;;;;;1976-05-to-2008-10;loto.csv
1977034-1;1977034;1;1977-08-24;ME;historic-6-plus-complementary;5;26;9;49;19;39;11;;;;;;;1976-05-to-2008-10;loto.csv
1977035-1;1977035;1;1977-08-31;ME;historic-6-plus-complementary;43;34;8;49;32;7;41;;;;;;;1976-05-to-2008-10;loto.csv
1977036-1;1977036;1;1977-09-07;ME;historic-6-plus-complementary;37;7;32;34;27;30;44;;;;;;;1976-05-to-2008-10;loto.csv
1977037-1;1977037;1;1977-09-14;ME;historic-6-plus-complementary;9;18;17;3;44;15;16;;;;;;;1976-05-to-2008-10;loto.csv
1977038-1;1977038;1;1977-09-21;ME;historic-6-plus-complementary;15;27;5;3;19;9;31;;;;;;;1976-05-to-2008-10;loto.csv
1977039-1;1977039;1;1977-09-28;ME;historic-6-plus-complementary;2;4;33;7;38;16;30;;;;;;;1976-05-to-2008-10;loto.csv
1977040-1;1977040;1;1977-10-05;ME;historic-6-plus-complementary;4;36;49;7;28;12;37;;;;;;;1976-05-to-2008-10;loto.csv
1977041-1;1977041;1;1977-10-12;ME;historic-6-plus-complementary;47;27;6;5;42;25;31;;;;;;;1976-05-to-2008-10;loto.csv
1977042-1;1977042;1;1977-10-19;ME;historic-6-plus-complementary;45;6;11;24;12;18;31;;;;;;;1976-05-to-2008-10;loto.csv
1977043-1;1977043;1;1977-10-26;ME;historic-6-plus-complementary;38;6;25;34;3;24;9;;;;;;;1976-05-to-2008-10;loto.csv
1977044-1;1977044;1;1977-11-03;JE;historic-6-plus-complementary;31;47;32;4;38;6;46;;;;;;;1976-05-to-2008-10;loto.csv
1977045-1;1977045;1;1977-11-09;ME;historic-6-plus-complementary;20;42;35;14;19;30;4;;;;;;;1976-05-to-2008-10;loto.csv
1977046-1;1977046;1;1977-11-16;ME;historic-6-plus-complementary;1;33;20;28;9;48;26;;;;;;;1976-05-to-2008-10;loto.csv
1977047-1;1977047;1;1977-11-23;ME;historic-6-plus-complementary;3;15;16;2;37;42;10;;;;;;;1976-05-to-2008-10;loto.csv
1977048-1;1977048;1;1977-11-30;ME;historic-6-plus-complementary;23;21;38;45;48;17;26;;;;;;;1976-05-to-2008-10;loto.csv
1977049-1;1977049;1;1977-12-07;ME;historic-6-plus-complementary;37;44;20;42;6;27;23;;;;;;;1976-05-to-2008-10;loto.csv
1977050-1;1977050;1;1977-12-14;ME;historic-6-plus-complementary;30;12;27;38;41;22;9;;;;;;;1976-05-to-2008-10;loto.csv
1977051-1;1977051;1;1977-12-21;ME;historic-6-plus-complementary;38;9;28;12;19;42;16;;;;;;;1976-05-to-2008-10;loto.csv
1977052-1;1977052;1;1977-12-28;ME;historic-6-plus-complementary;11;6;35;23;39;36;25;;;;;;;1976-05-to-2008-10;loto.csv
1978001-1;1978001;1;1978-01-04;ME;historic-6-plus-complementary;7;36;5;12;37;43;19;;;;;;;1976-05-to-2008-10;loto.csv
1978002-1;1978002;1;1978-01-11;ME;historic-6-plus-complementary;38;45;4;43;17;24;25;;;;;;;1976-05-to-2008-10;loto.csv
1978003-1;1978003;1;1978-01-18;ME;historic-6-plus-complementary;23;22;33;27;26;15;2;;;;;;;1976-05-to-2008-10;loto.csv
1978004-1;1978004;1;1978-01-25;ME;historic-6-plus-complementary;36;1;12;34;37;6;47;;;;;;;1976-05-to-2008-10;loto.csv
1978005-1;1978005;1;1978-02-01;ME;historic-6-plus-complementary;16;2;37;48;7;44;42;;;;;;;1976-05-to-2008-10;loto.csv
1978006-1;1978006;1;1978-02-08;ME;historic-6-plus-complementary;10;33;27;5;8;11;47;;;;;;;1976-05-to-2008-10;loto.csv
1978007-1;1978007;1;1978-02-15;ME;historic-6-plus-complementary;40;4;38;39;24;21;36;;;;;;;1976-05-to-2008-10;loto.csv
1978008-1;1978008;1;1978-02-22;ME;historic-6-plus-complementary;42;5;37;14;31;13;19;;;;;;;1976-05-to-2008-10;loto.csv
1978009-1;1978009;1;1978-03-01;ME;historic-6-plus-complementary;45;17;18;46;38;21;34;;;;;;;1976-05-to-2008-10;loto.csv
1978010-1;1978010;1;1978-03-08;ME;historic-6-plus-complementary;41;7;34;16;40;25;14;;;;;;;1976-05-to-2008-10;loto.csv
1978011-1;1978011;1;1978-03-15;ME;historic-6-plus-complementary;27;14;13;20;12;26;3;;;;;;;1976-05-to-2008-10;loto.csv
1978012-1;1978012;1;1978-03-22;ME;historic-6-plus-complementary;43;36;31;29;45;42;49;;;;;;;1976-05-to-2008-10;loto.csv
1978013-1;1978013;1;1978-03-30;JE;historic-6-plus-complementary;28;15;7;4;24;21;39;;;;;;;1976-05-to-2008-10;loto.csv
1978014-1;1978014;1;1978-04-05;ME;historic-6-plus-complementary;33;27;7;12;35;1;36;;;;;;;1976-05-to-2008-10;loto.csv
1978015-1;1978015;1;1978-04-12;ME;historic-6-plus-complementary;36;7;31;46;26;48;18;;;;;;;1976-05-to-2008-10;loto.csv
1978016-1;1978016;1;1978-04-19;ME;historic-6-plus-complementary;49;17;27;42;40;29;12;;;;;;;1976-05-to-2008-10;loto.csv
1978017-1;1978017;1;1978-04-26;ME;historic-6-plus-complementary;37;45;29;28;24;5;40;;;;;;;1976-05-to-2008-10;loto.csv
1978018-1;1978018;1;1978-05-03;ME;historic-6-plus-complementary;17;27;19;40;28;30;48;;;;;;;1976-05-to-2008-10;loto.csv
1978019-1;1978019;1;1978-05-10;ME;historic-6-plus-complementary;5;4;2;29;8;9;14;;;;;;;1976-05-to-2008-10;loto.csv
1978020-1;1978020;1;1978-05-18;JE;historic-6-plus-complementary;23;45;49;11;20;15;44;;;;;;;1976-05-to-2008-10;loto.csv
1978021-1;1978021;1;1978-05-24;ME;historic-6-plus-complementary;7;18;46;47;3;16;33;;;;;;;1976-05-to-2008-10;loto.csv
1978022-1;1978022;1;1978-05-31;ME;historic-6-plus-complementary;49;14;48;10;29;31;44;;;;;;;1976-05-to-2008-10;loto.csv
1978023-1;1978023;1;1978-06-07;ME;historic-6-plus-complementary;21;1;43;35;13;8;24;;;;;;;1976-05-to-2008-10;loto.csv
1978024-1;1978024;1;1978-06-14;ME;historic-6-plus-complementary;12;49;40;10;1;6;35;;;;;;;1976-05-to-2008-10;loto.csv
1978025-1;1978025;1;1978-06-21;ME;historic-6-plus-complementary;49;11;32;44;20;9;19;;;;;;;1976-05-to-2008-10;loto.csv
1978026-1;1978026;1;1978-06-28;ME;historic-6-plus-complementary;3;46;41;45;16;4;1;;;;;;;1976-05-to-2008-10;loto.csv
1978027-1;1978027;1;1978-07-05;ME;historic-6-plus-complementary;46;47;39;29;17;28;25;;;;;;;1976-05-to-2008-10;loto.csv
1978028-1;1978028;1;1978-07-12;ME;historic-6-plus-complementary;9;15;2;40;25;38;41;;;;;;;1976-05-to-2008-10;loto.csv
1978029-1;1978029;1;1978-07-19;ME;historic-6-plus-complementary;28;11;16;8;24;21;46;;;;;;;1976-05-to-2008-10;loto.csv
1978030-1;1978030;1;1978-07-26;ME;historic-6-plus-complementary;17;19;11;34;7;30;31;;;;;;;1976-05-to-2008-10;loto.csv
1978031-1;1978031;1;1978-08-02;ME;historic-6-plus-complementary;5;3;1;27;17;42;23;;;;;;;1976-05-to-2008-10;loto.csv
1978032-1;1978032;1;1978-08-09;ME;historic-6-plus-complementary;40;3;18;16;21;46;8;;;;;;;1976-05-to-2008-10;loto.csv
1978033-1;1978033;1;1978-08-17;JE;historic-6-plus-complementary;45;31;18;27;30;21;28;;;;;;;1976-05-to-2008-10;loto.csv
1978034-1;1978034;1;1978-08-23;ME;historic-6-plus-complementary;41;21;20;42;46;24;16;;;;;;;1976-05-to-2008-10;loto.csv
1978035-1;1978035;1;1978-08-30;ME;historic-6-plus-complementary;28;38;21;12;48;26;32;;;;;;;1976-05-to-2008-10;loto.csv
1978036-1;1978036;1;1978-09-06;ME;historic-6-plus-complementary;2;6;40;48;37;13;30;;;;;;;1976-05-to-2008-10;loto.csv
1978037-1;1978037;1;1978-09-13;ME;historic-6-plus-complementary;20;48;35;34;8;39;9;;;;;;;1976-05-to-2008-10;loto.csv
1978038-1;1978038;1;1978-09-20;ME;historic-6-plus-complementary;34;25;4;5;41;12;36;;;;;;;1976-05-to-2008-10;loto.csv
1978039-1;1978039;1;1978-09-27;ME;historic-6-plus-complementary;48;45;27;47;23;34;17;;;;;;;1976-05-to-2008-10;loto.csv
1978040-1;1978040;1;1978-10-04;ME;historic-6-plus-complementary;12;21;9;20;8;26;27;;;;;;;1976-05-to-2008-10;loto.csv
1978041-1;1978041;1;1978-10-11;ME;historic-6-plus-complementary;4;48;14;33;29;49;3;;;;;;;1976-05-to-2008-10;loto.csv
1978042-1;1978042;1;1978-10-18;ME;historic-6-plus-complementary;41;35;27;16;24;10;5;;;;;;;1976-05-to-2008-10;loto.csv
1978043-1;1978043;1;1978-10-25;ME;historic-6-plus-complementary;28;34;8;42;20;48;43;;;;;;;1976-05-to-2008-10;loto.csv
1978044-1;1978044;1;1978-11-02;JE;historic-6-plus-complementary;31;46;39;36;26;35;13;;;;;;;1976-05-to-2008-10;loto.csv
1978045-1;1978045;1;1978-11-08;ME;historic-6-plus-complementary;6;16;21;3;49;36;29;;;;;;;1976-05-to-2008-10;loto.csv
1978046-1;1978046;1;1978-11-15;ME;historic-6-plus-complementary;48;38;17;42;8;1;31;;;;;;;1976-05-to-2008-10;loto.csv
1978047-1;1978047;1;1978-11-22;ME;historic-6-plus-complementary;32;20;47;14;19;11;13;;;;;;;1976-05-to-2008-10;loto.csv
1978048-1;1978048;1;1978-11-29;ME;historic-6-plus-complementary;32;10;11;49;25;1;20;;;;;;;1976-05-to-2008-10;loto.csv
1978049-1;1978049;1;1978-12-06;ME;historic-6-plus-complementary;42;30;35;31;44;9;41;;;;;;;1976-05-to-2008-10;loto.csv
1978050-1;1978050;1;1978-12-13;ME;historic-6-plus-complementary;25;15;7;31;42;48;12;;;;;;;1976-05-to-2008-10;loto.csv
1978051-1;1978051;1;1978-12-20;ME;historic-6-plus-complementary;48;31;41;49;35;8;27;;;;;;;1976-05-to-2008-10;loto.csv
1978052-1;1978052;1;1978-12-28;JE;historic-6-plus-complementary;42;2;31;36;1;47;24;;;;;;;1976-05-to-2008-10;loto.csv
1979001-1;1979001;1;1979-01-04;JE;historic-6-plus-complementary;20;21;47;13;49;37;30;;;;;;;1976-05-to-2008-10;loto.csv
1979002-1;1979002;1;1979-01-10;ME;historic-6-plus-complementary;40;41;14;18;20;34;24;;;;;;;1976-05-to-2008-10;loto.csv
1979003-1;1979003;1;1979-01-17;ME;historic-6-plus-complementary;12;37;30;16;19;18;10;;;;;;;1976-05-to-2008-10;loto.csv
1979004-1;1979004;1;1979-01-24;ME;historic-6-plus-complementary;6;37;36;40;26;19;7;;;;;;;1976-05-to-2008-10;loto.csv
1979005-1;1979005;1;1979-01-31;ME;historic-6-plus-complementary;4;22;30;26;49;43;3;;;;;;;1976-05-to-2008-10;loto.csv
1979006-1;1979006;1;1979-02-07;ME;historic-6-plus-complementary;26;24;14;22;23;40;35;;;;;;;1976-05-to-2008-10;loto.csv
1979007-1;1979007;1;1979-02-14;ME;historic-6-plus-complementary;27;30;18;49;47;1;10;;;;;;;1976-05-to-2008-10;loto.csv
1979008-1;1979008;1;1979-02-21;ME;historic-6-plus-complementary;41;10;49;43;18;6;45;;;;;;;1976-05-to-2008-10;loto.csv
1979009-1;1979009;1;1979-02-28;ME;historic-6-plus-complementary;2;20;5;31;11;40;10;;;;;;;1976-05-to-2008-10;loto.csv
1979010-1;1979010;1;1979-03-07;ME;historic-6-plus-complementary;18;13;43;2;42;36;17;;;;;;;1976-05-to-2008-10;loto.csv
1979011-1;1979011;1;1979-03-14;ME;historic-6-plus-complementary;25;36;32;20;45;19;13;;;;;;;1976-05-to-2008-10;loto.csv
1979012-1;1979012;1;1979-03-21;ME;historic-6-plus-complementary;6;42;38;45;46;35;5;;;;;;;1976-05-to-2008-10;loto.csv
1979013-1;1979013;1;1979-03-28;ME;historic-6-plus-complementary;23;42;14;27;3;36;26;;;;;;;1976-05-to-2008-10;loto.csv
1979014-1;1979014;1;1979-04-04;ME;historic-6-plus-complementary;12;45;9;1;3;33;35;;;;;;;1976-05-to-2008-10;loto.csv
1979015-1;1979015;1;1979-04-11;ME;historic-6-plus-complementary;34;2;28;12;7;48;35;;;;;;;1976-05-to-2008-10;loto.csv
1979016-1;1979016;1;1979-04-19;JE;historic-6-plus-complementary;12;39;35;19;20;45;27;;;;;;;1976-05-to-2008-10;loto.csv
1979017-1;1979017;1;1979-04-25;ME;historic-6-plus-complementary;13;21;39;37;41;33;20;;;;;;;1976-05-to-2008-10;loto.csv
1979018-1;1979018;1;1979-05-03;JE;historic-6-plus-complementary;21;36;8;33;17;32;23;;;;;;;1976-05-to-2008-10;loto.csv
1979019-1;1979019;1;1979-05-09;ME;historic-6-plus-complementary;40;41;49;24;9;17;6;;;;;;;1976-05-to-2008-10;loto.csv
1979020-1;1979020;1;1979-05-16;ME;historic-6-plus-complementary;27;41;1;23;3;37;33;;;;;;;1976-05-to-2008-10;loto.csv
1979021-1;1979021;1;1979-05-23;ME;historic-6-plus-complementary;36;42;48;11;5;34;10;;;;;;;1976-05-to-2008-10;loto.csv
1979022-1;1979022;1;1979-05-30;ME;historic-6-plus-complementary;8;15;48;44;19;43;42;;;;;;;1976-05-to-2008-10;loto.csv
1979023-1;1979023;1;1979-06-07;JE;historic-6-plus-complementary;3;49;9;48;10;37;18;;;;;;;1976-05-to-2008-10;loto.csv
1979024-1;1979024;1;1979-06-13;ME;historic-6-plus-complementary;8;21;9;35;4;48;38;;;;;;;1976-05-to-2008-10;loto.csv
1979025-1;1979025;1;1979-06-20;ME;historic-6-plus-complementary;10;12;3;25;8;34;48;;;;;;;1976-05-to-2008-10;loto.csv
1979026-1;1979026;1;1979-06-27;ME;historic-6-plus-complementary;7;26;32;19;44;47;41;;;;;;;1976-05-to-2008-10;loto.csv
1979027-1;1979027;1;1979-07-04;ME;historic-6-plus-complementary;25;1;15;39;4;23;14;;;;;;;1976-05-to-2008-10;loto.csv
1979028-1;1979028;1;1979-07-11;ME;historic-6-plus-complementary;44;15;41;45;33;28;34;;;;;;;1976-05-to-2008-10;loto.csv
1979029-1;1979029;1;1979-07-18;ME;historic-6-plus-complementary;13;8;49;36;19;39;18;;;;;;;1976-05-to-2008-10;loto.csv
1979030-1;1979030;1;1979-07-25;ME;historic-6-plus-complementary;19;23;8;31;47;2;17;;;;;;;1976-05-to-2008-10;loto.csv
1979031-1;1979031;1;1979-08-01;ME;historic-6-plus-complementary;17;2;29;23;14;33;34;;;;;;;1976-05-to-2008-10;loto.csv
1979032-1;1979032;1;1979-08-08;ME;historic-6-plus-complementary;47;40;22;21;45;14;36;;;;;;;1976-05-to-2008-10;loto.csv
1979033-1;1979033;1;1979-08-16;JE;historic-6-plus-complementary;36;42;20;15;47;35;11;;;;;;;1976-05-to-2008-10;loto.csv
1979034-1;1979034;1;1979-08-22;ME;historic-6-plus-complementary;48;22;31;44;14;42;46;;;;;;;1976-05-to-2008-10;loto.csv
1979035-1;1979035;1;1979-08-29;ME;historic-6-plus-complementary;8;25;15;16;4;20;33;;;;;;;1976-05-to-2008-10;loto.csv
1979036-1;1979036;1;1979-09-05;ME;historic-6-plus-complementary;43;13;26;17;30;49;4;;;;;;;1976-05-to-2008-10;loto.csv
1979037-1;1979037;1;1979-09-12;ME;historic-6-plus-complementary;31;45;17;13;5;28;14;;;;;;;1976-05-to-2008-10;loto.csv
1979038-1;1979038;1;1979-09-19;ME;historic-6-plus-complementary;8;10;16;12;2;14;18;;;;;;;1976-05-to-2008-10;loto.csv
1979039-1;1979039;1;1979-09-26;ME;historic-6-plus-complementary;44;6;37;12;3;32;9;;;;;;;1976-05-to-2008-10;loto.csv
1979040-1;1979040;1;1979-10-03;ME;historic-6-plus-complementary;7;24;28;13;38;46;21;;;;;;;1976-05-to-2008-10;loto.csv
1979041-1;1979041;1;1979-10-10;ME;historic-6-plus-complementary;4;36;29;28;42;14;13;;;;;;;1976-05-to-2008-10;loto.csv
1979042-1;1979042;1;1979-10-17;ME;historic-6-plus-complementary;27;39;25;22;41;7;5;;;;;;;1976-05-to-2008-10;loto.csv
1979043-1;1979043;1;1979-10-24;ME;historic-6-plus-complementary;7;46;33;45;34;40;20;;;;;;;1976-05-to-2008-10;loto.csv
1979044-1;1979044;1;1979-10-31;ME;historic-6-plus-complementary;3;7;19;28;27;44;16;;;;;;;1976-05-to-2008-10;loto.csv
1979045-1;1979045;1;1979-11-07;ME;historic-6-plus-complementary;28;45;46;12;40;4;13;;;;;;;1976-05-to-2008-10;loto.csv
1979046-1;1979046;1;1979-11-14;ME;historic-6-plus-complementary;48;25;24;44;38;5;35;;;;;;;1976-05-to-2008-10;loto.csv
1979047-1;1979047;1;1979-11-21;ME;historic-6-plus-complementary;28;12;24;4;30;17;32;;;;;;;1976-05-to-2008-10;loto.csv
1979048-1;1979048;1;1979-11-28;ME;historic-6-plus-complementary;22;40;2;4;43;28;33;;;;;;;1976-05-to-2008-10;loto.csv
1979049-1;1979049;1;1979-12-05;ME;historic-6-plus-complementary;12;7;27;35;15;40;48;;;;;;;1976-05-to-2008-10;loto.csv
1979050-1;1979050;1;1979-12-12;ME;historic-6-plus-complementary;8;32;36;37;22;17;13;;;;;;;1976-05-to-2008-10;loto.csv
1979051-1;1979051;1;1979-12-19;ME;historic-6-plus-complementary;10;26;12;22;4;18;16;;;;;;;1976-05-to-2008-10;loto.csv
1979052-1;1979052;1;1979-12-28;VE;historic-6-plus-complementary;41;19;24;47;39;36;6;;;;;;;1976-05-to-2008-10;loto.csv
1980001-1;1980001;1;1980-01-03;JE;historic-6-plus-complementary;26;32;48;39;9;20;6;;;;;;;1976-05-to-2008-10;loto.csv
1980002-1;1980002;1;1980-01-09;ME;historic-6-plus-complementary;39;46;47;21;9;7;30;;;;;;;1976-05-to-2008-10;loto.csv
1980003-1;1980003;1;1980-01-16;ME;historic-6-plus-complementary;42;26;43;9;32;23;38;;;;;;;1976-05-to-2008-10;loto.csv
1980004-1;1980004;1;1980-01-23;ME;historic-6-plus-complementary;31;9;7;39;33;21;14;;;;;;;1976-05-to-2008-10;loto.csv
1980005-1;1980005;1;1980-01-30;ME;historic-6-plus-complementary;29;28;42;46;19;38;25;;;;;;;1976-05-to-2008-10;loto.csv
1980006-1;1980006;1;1980-02-06;ME;historic-6-plus-complementary;38;48;19;25;2;9;28;;;;;;;1976-05-to-2008-10;loto.csv
1980007-1;1980007;1;1980-02-13;ME;historic-6-plus-complementary;43;20;25;39;26;14;46;;;;;;;1976-05-to-2008-10;loto.csv
1980008-1;1980008;1;1980-02-20;ME;historic-6-plus-complementary;5;1;45;37;49;12;31;;;;;;;1976-05-to-2008-10;loto.csv
1980009-1;1980009;1;1980-02-27;ME;historic-6-plus-complementary;3;30;19;18;13;16;12;;;;;;;1976-05-to-2008-10;loto.csv
1980010-1;1980010;1;1980-03-05;ME;historic-6-plus-complementary;48;47;38;25;18;31;14;;;;;;;1976-05-to-2008-10;loto.csv
1980011-1;1980011;1;1980-03-12;ME;historic-6-plus-complementary;48;38;17;46;9;3;47;;;;;;;1976-05-to-2008-10;loto.csv
1980012-1;1980012;1;1980-03-19;ME;historic-6-plus-complementary;36;35;32;23;1;49;33;;;;;;;1976-05-to-2008-10;loto.csv
1980013-1;1980013;1;1980-03-26;ME;historic-6-plus-complementary;18;10;46;35;4;41;27;;;;;;;1976-05-to-2008-10;loto.csv
1980014-1;1980014;1;1980-04-02;ME;historic-6-plus-complementary;29;41;6;19;26;30;7;;;;;;;1976-05-to-2008-10;loto.csv
1980015-1;1980015;1;1980-04-09;ME;historic-6-plus-complementary;47;41;12;31;5;45;10;;;;;;;1976-05-to-2008-10;loto.csv
1980016-1;1980016;1;1980-04-16;ME;historic-6-plus-complementary;6;22;45;21;2;30;4;;;;;;;1976-05-to-2008-10;loto.csv
1980017-1;1980017;1;1980-04-23;ME;historic-6-plus-complementary;10;14;12;3;42;31;43;;;;;;;1976-05-to-2008-10;loto.csv
1980018-1;1980018;1;1980-04-30;ME;historic-6-plus-complementary;6;7;9;17;45;25;26;;;;;;;1976-05-to-2008-10;loto.csv
1980019-1;1980019;1;1980-05-07;ME;historic-6-plus-complementary;22;1;25;14;10;48;8;;;;;;;1976-05-to-2008-10;loto.csv
1980020-1;1980020;1;1980-05-14;ME;historic-6-plus-complementary;6;46;14;17;37;34;44;;;;;;;1976-05-to-2008-10;loto.csv
1980021-1;1980021;1;1980-05-21;ME;historic-6-plus-complementary;45;5;44;15;48;49;8;;;;;;;1976-05-to-2008-10;loto.csv
1980022-1;1980022;1;1980-05-29;JE;historic-6-plus-complementary;7;8;2;25;15;24;26;;;;;;;1976-05-to-2008-10;loto.csv
1980023-1;1980023;1;1980-06-04;ME;historic-6-plus-complementary;14;18;6;48;27;45;39;;;;;;;1976-05-to-2008-10;loto.csv
1980024-1;1980024;1;1980-06-11;ME;historic-6-plus-complementary;25;34;9;42;31;40;24;;;;;;;1976-05-to-2008-10;loto.csv
1980025-1;1980025;1;1980-06-18;ME;historic-6-plus-complementary;7;40;36;11;22;45;1;;;;;;;1976-05-to-2008-10;loto.csv
1980026-1;1980026;1;1980-06-25;ME;historic-6-plus-complementary;5;25;38;3;31;28;26;;;;;;;1976-05-to-2008-10;loto.csv
1980027-1;1980027;1;1980-07-02;ME;historic-6-plus-complementary;34;47;36;5;40;32;30;;;;;;;1976-05-to-2008-10;loto.csv
1980028-1;1980028;1;1980-07-09;ME;historic-6-plus-complementary;14;11;45;29;41;38;18;;;;;;;1976-05-to-2008-10;loto.csv
1980029-1;1980029;1;1980-07-17;JE;historic-6-plus-complementary;42;17;2;28;4;7;1;;;;;;;1976-05-to-2008-10;loto.csv
1980030-1;1980030;1;1980-07-23;ME;historic-6-plus-complementary;4;21;11;22;38;19;49;;;;;;;1976-05-to-2008-10;loto.csv
1980031-1;1980031;1;1980-07-30;ME;historic-6-plus-complementary;3;13;5;11;19;41;12;;;;;;;1976-05-to-2008-10;loto.csv
1980032-1;1980032;1;1980-08-06;ME;historic-6-plus-complementary;7;40;48;10;6;35;32;;;;;;;1976-05-to-2008-10;loto.csv
1980033-1;1980033;1;1980-08-13;ME;historic-6-plus-complementary;28;5;32;12;15;25;20;;;;;;;1976-05-to-2008-10;loto.csv
1980034-1;1980034;1;1980-08-20;ME;historic-6-plus-complementary;20;16;48;39;1;12;31;;;;;;;1976-05-to-2008-10;loto.csv
1980035-1;1980035;1;1980-08-27;ME;historic-6-plus-complementary;48;24;18;45;36;31;28;;;;;;;1976-05-to-2008-10;loto.csv
1980036-1;1980036;1;1980-09-03;ME;historic-6-plus-complementary;16;43;28;20;7;34;35;;;;;;;1976-05-to-2008-10;loto.csv
1980037-1;1980037;1;1980-09-10;ME;historic-6-plus-complementary;31;19;3;20;39;16;1;;;;;;;1976-05-to-2008-10;loto.csv
1980038-1;1980038;1;1980-09-17;ME;historic-6-plus-complementary;49;4;9;43;12;40;42;;;;;;;1976-05-to-2008-10;loto.csv
1980039-1;1980039;1;1980-09-24;ME;historic-6-plus-complementary;12;28;31;4;45;32;2;;;;;;;1976-05-to-2008-10;loto.csv
1980040-1;1980040;1;1980-10-01;ME;historic-6-plus-complementary;44;1;31;32;23;35;48;;;;;;;1976-05-to-2008-10;loto.csv
1980041-1;1980041;1;1980-10-08;ME;historic-6-plus-complementary;47;3;22;13;5;35;4;;;;;;;1976-05-to-2008-10;loto.csv
1980042-1;1980042;1;1980-10-15;ME;historic-6-plus-complementary;14;33;29;21;18;31;6;;;;;;;1976-05-to-2008-10;loto.csv
1980043-1;1980043;1;1980-10-22;ME;historic-6-plus-complementary;46;6;48;36;41;39;23;;;;;;;1976-05-to-2008-10;loto.csv
1980044-1;1980044;1;1980-10-29;ME;historic-6-plus-complementary;15;3;41;45;37;12;31;;;;;;;1976-05-to-2008-10;loto.csv
1980045-1;1980045;1;1980-11-05;ME;historic-6-plus-complementary;42;49;21;10;39;23;13;;;;;;;1976-05-to-2008-10;loto.csv
1980046-1;1980046;1;1980-11-13;JE;historic-6-plus-complementary;40;1;13;7;31;15;4;;;;;;;1976-05-to-2008-10;loto.csv
1980047-1;1980047;1;1980-11-19;ME;historic-6-plus-complementary;6;13;21;39;37;27;25;;;;;;;1976-05-to-2008-10;loto.csv
1980048-1;1980048;1;1980-11-26;ME;historic-6-plus-complementary;39;21;40;42;44;17;1;;;;;;;1976-05-to-2008-10;loto.csv
1980049-1;1980049;1;1980-12-03;ME;historic-6-plus-complementary;22;35;47;40;24;46;38;;;;;;;1976-05-to-2008-10;loto.csv
1980050-1;1980050;1;1980-12-10;ME;historic-6-plus-complementary;16;40;27;18;11;49;39;;;;;;;1976-05-to-2008-10;loto.csv
1980051-1;1980051;1;1980-12-17;ME;historic-6-plus-complementary;5;12;44;24;11;30;42;;;;;;;1976-05-to-2008-10;loto.csv
1980052-1;1980052;1;1980-12-24;ME;historic-6-plus-complementary;15;47;7;10;31;34;35;;;;;;;1976-05-to-2008-10;loto.csv
1980053-1;1980053;1;1980-12-31;ME;historic-6-plus-complementary;7;16;34;8;39;37;41;;;;;;;1976-05-to-2008-10;loto.csv
1981001-1;1981001;1;1981-01-07;ME;historic-6-plus-complementary;20;44;41;31;18;38;21;;;;;;;1976-05-to-2008-10;loto.csv
1981002-1;1981002;1;1981-01-14;ME;historic-6-plus-complementary;34;31;26;38;48;49;47;;;;;;;1976-05-to-2008-10;loto.csv
1981003-1;1981003;1;1981-01-21;ME;historic-6-plus-complementary;19;28;49;26;47;18;35;;;;;;;1976-05-to-2008-10;loto.csv
1981004-1;1981004;1;1981-01-28;ME;historic-6-plus-complementary;4;28;29;19;18;38;16;;;;;;;1976-05-to-2008-10;loto.csv
1981005-1;1981005;1;1981-02-04;ME;historic-6-plus-complementary;43;3;7;13;20;47;40;;;;;;;1976-05-to-2008-10;loto.csv
1981006-1;1981006;1;1981-02-11;ME;historic-6-plus-complementary;46;24;11;14;28;31;26;;;;;;;1976-05-to-2008-10;loto.csv
1981007-1;1981007;1;1981-02-18;ME;historic-6-plus-complementary;34;25;5;28;19;17;29;;;;;;;1976-05-to-2008-10;loto.csv
1981008-1;1981008;1;1981-02-25;ME;historic-6-plus-complementary;29;12;48;13;15;44;9;;;;;;;1976-05-to-2008-10;loto.csv
1981009-1;1981009;1;1981-03-04;ME;historic-6-plus-complementary;26;19;6;48;34;10;3;;;;;;;1976-05-to-2008-10;loto.csv
1981010-1;1981010;1;1981-03-11;ME;historic-6-plus-complementary;28;40;3;36;41;49;30;;;;;;;1976-05-to-2008-10;loto.csv
1981011-1;1981011;1;1981-03-18;ME;historic-6-plus-complementary;44;14;22;39;45;43;42;;;;;;;1976-05-to-2008-10;loto.csv
1981012-1;1981012;1;1981-03-25;ME;historic-6-plus-complementary;2;18;49;28;47;23;31;;;;;;;1976-05-to-2008-10;loto.csv
1981013-1;1981013;1;1981-04-01;ME;historic-6-plus-complementary;5;33;24;34;21;23;13;;;;;;;1976-05-to-2008-10;loto.csv
1981014-1;1981014;1;1981-04-08;ME;historic-6-plus-complementary;45;18;43;24;13;35;38;;;;;;;1976-05-to-2008-10;loto.csv
1981015-1;1981015;1;1981-04-15;ME;historic-6-plus-complementary;2;33;48;38;7;1;4;;;;;;;1976-05-to-2008-10;loto.csv
1981016-1;1981016;1;1981-04-23;JE;historic-6-plus-complementary;9;34;17;1;24;45;5;;;;;;;1976-05-to-2008-10;loto.csv
1981017-1;1981017;1;1981-04-29;ME;historic-6-plus-complementary;40;13;29;41;42;1;49;;;;;;;1976-05-to-2008-10;loto.csv
1981018-1;1981018;1;1981-05-06;ME;historic-6-plus-complementary;41;17;38;43;47;9;19;;;;;;;1976-05-to-2008-10;loto.csv
1981019-1;1981019;1;1981-05-13;ME;historic-6-plus-complementary;3;19;2;37;48;16;6;;;;;;;1976-05-to-2008-10;loto.csv
1981020-1;1981020;1;1981-05-20;ME;historic-6-plus-complementary;6;29;18;4;47;39;43;;;;;;;1976-05-to-2008-10;loto.csv
1981021-1;1981021;1;1981-05-27;ME;historic-6-plus-complementary;39;28;8;2;16;31;49;;;;;;;1976-05-to-2008-10;loto.csv
1981022-1;1981022;1;1981-06-03;ME;historic-6-plus-complementary;26;25;5;40;12;37;46;;;;;;;1976-05-to-2008-10;loto.csv
1981023-1;1981023;1;1981-06-11;JE;historic-6-plus-complementary;4;40;5;44;35;43;9;;;;;;;1976-05-to-2008-10;loto.csv
1981024-1;1981024;1;1981-06-17;ME;historic-6-plus-complementary;42;13;38;18;1;16;48;;;;;;;1976-05-to-2008-10;loto.csv
1981025-1;1981025;1;1981-06-24;ME;historic-6-plus-complementary;49;35;2;3;38;22;44;;;;;;;1976-05-to-2008-10;loto.csv
1981026-1;1981026;1;1981-07-01;ME;historic-6-plus-complementary;12;4;34;27;25;5;38;;;;;;;1976-05-to-2008-10;loto.csv
1981027-1;1981027;1;1981-07-08;ME;historic-6-plus-complementary;12;31;18;7;11;38;30;;;;;;;1976-05-to-2008-10;loto.csv
1981028-1;1981028;1;1981-07-16;JE;historic-6-plus-complementary;40;2;49;20;15;46;28;;;;;;;1976-05-to-2008-10;loto.csv
1981029-1;1981029;1;1981-07-22;ME;historic-6-plus-complementary;34;22;11;26;25;15;27;;;;;;;1976-05-to-2008-10;loto.csv
1981030-1;1981030;1;1981-07-29;ME;historic-6-plus-complementary;13;19;9;27;49;42;6;;;;;;;1976-05-to-2008-10;loto.csv
1981031-1;1981031;1;1981-08-05;ME;historic-6-plus-complementary;24;15;49;36;30;44;13;;;;;;;1976-05-to-2008-10;loto.csv
1981032-1;1981032;1;1981-08-12;ME;historic-6-plus-complementary;2;49;6;37;13;41;23;;;;;;;1976-05-to-2008-10;loto.csv
1981033-1;1981033;1;1981-08-19;ME;historic-6-plus-complementary;4;13;9;35;37;24;10;;;;;;;1976-05-to-2008-10;loto.csv
1981034-1;1981034;1;1981-08-26;ME;historic-6-plus-complementary;12;9;36;45;48;41;27;;;;;;;1976-05-to-2008-10;loto.csv
1981035-1;1981035;1;1981-09-02;ME;historic-6-plus-complementary;20;13;31;43;37;11;26;;;;;;;1976-05-to-2008-10;loto.csv
1981036-1;1981036;1;1981-09-09;ME;historic-6-plus-complementary;29;33;25;32;5;2;7;;;;;;;1976-05-to-2008-10;loto.csv
1981037-1;1981037;1;1981-09-16;ME;historic-6-plus-complementary;11;9;2;20;36;30;27;;;;;;;1976-05-to-2008-10;loto.csv
1981038-1;1981038;1;1981-09-23;ME;historic-6-plus-complementary;34;9;14;24;19;26;40;;;;;;;1976-05-to-2008-10;loto.csv
1981039-1;1981039;1;1981-09-30;ME;historic-6-plus-complementary;14;34;15;13;39;23;18;;;;;;;1976-05-to-2008-10;loto.csv
1981040-1;1981040;1;1981-10-07;ME;historic-6-plus-complementary;4;12;47;11;28;40;17;;;;;;;1976-05-to-2008-10;loto.csv
1981041-1;1981041;1;1981-10-14;ME;historic-6-plus-complementary;19;12;36;47;25;6;15;;;;;;;1976-05-to-2008-10;loto.csv
1981042-1;1981042;1;1981-10-21;ME;historic-6-plus-complementary;2;26;24;1;43;34;32;;;;;;;1976-05-to-2008-10;loto.csv
1981043-1;1981043;1;1981-10-28;ME;historic-6-plus-complementary;48;8;15;25;40;9;18;;;;;;;1976-05-to-2008-10;loto.csv
1981044-1;1981044;1;1981-11-04;ME;historic-6-plus-complementary;24;46;7;23;2;20;40;;;;;;;1976-05-to-2008-10;loto.csv
1981045-1;1981045;1;1981-11-12;JE;historic-6-plus-complementary;27;4;43;10;24;20;32;;;;;;;1976-05-to-2008-10;loto.csv
1981046-1;1981046;1;1981-11-18;ME;historic-6-plus-complementary;43;2;27;46;40;21;42;;;;;;;1976-05-to-2008-10;loto.csv
1981047-1;1981047;1;1981-11-25;ME;historic-6-plus-complementary;44;12;27;48;16;38;2;;;;;;;1976-05-to-2008-10;loto.csv
1981048-1;1981048;1;1981-12-02;ME;historic-6-plus-complementary;22;39;36;32;5;25;44;;;;;;;1976-05-to-2008-10;loto.csv
1981049-1;1981049;1;1981-12-09;ME;historic-6-plus-complementary;12;34;29;1;36;32;33;;;;;;;1976-05-to-2008-10;loto.csv
1981050-1;1981050;1;1981-12-16;ME;historic-6-plus-complementary;18;38;13;22;34;23;5;;;;;;;1976-05-to-2008-10;loto.csv
1981051-1;1981051;1;1981-12-23;ME;historic-6-plus-complementary;48;14;26;13;45;5;27;;;;;;;1976-05-to-2008-10;loto.csv
1981052-1;1981052;1;1981-12-30;ME;historic-6-plus-complementary;28;45;34;48;37;26;31;;;;;;;1976-05-to-2008-10;loto.csv
1982001-1;1982001;1;1982-01-06;ME;historic-6-plus-complementary;49;23;42;40;38;48;29;;;;;;;1976-05-to-2008-10;loto.csv
1982002-1;1982002;1;1982-01-13;ME;historic-6-plus-complementary;9;29;25;8;14;24;27;;;;;;;1976-05-to-2008-10;loto.csv
1982003-1;1982003;1;1982-01-20;ME;historic-6-plus-complementary;24;46;27;11;23;47;49;;;;;;;1976-05-to-2008-10;loto.csv
1982004-1;1982004;1;1982-01-27;ME;historic-6-plus-complementary;26;34;23;24;47;18;17;;;;;;;1976-05-to-2008-10;loto.csv
1982005-1;1982005;1;1982-02-03;ME;historic-6-plus-complementary;26;24;40;10;23;4;41;;;;;;;1976-05-to-2008-10;loto.csv
1982006-1;1982006;1;1982-02-10;ME;historic-6-plus-complementary;17;38;23;6;27;1;18;;;;;;;1976-05-to-2008-10;loto.csv
1982007-1;1982007;1;1982-02-17;ME;historic-6-plus-complementary;39;29;23;18;17;15;35;;;;;;;1976-05-to-2008-10;loto.csv
1982008-1;1982008;1;1982-02-24;ME;historic-6-plus-complementary;34;30;10;18;4;36;45;;;;;;;1976-05-to-2008-10;loto.csv
1982009-1;1982009;1;1982-03-03;ME;historic-6-plus-complementary;28;48;13;23;16;42;5;;;;;;;1976-05-to-2008-10;loto.csv
1982010-1;1982010;1;1982-03-10;ME;historic-6-plus-complementary;3;13;24;19;36;16;39;;;;;;;1976-05-to-2008-10;loto.csv
1982011-1;1982011;1;1982-03-17;ME;historic-6-plus-complementary;42;35;29;12;16;36;38;;;;;;;1976-05-to-2008-10;loto.csv
1982012-1;1982012;1;1982-03-24;ME;historic-6-plus-complementary;9;35;48;11;49;32;24;;;;;;;1976-05-to-2008-10;loto.csv
1982013-1;1982013;1;1982-03-31;ME;historic-6-plus-complementary;39;32;27;23;28;40;12;;;;;;;1976-05-to-2008-10;loto.csv
1982014-1;1982014;1;1982-04-07;ME;historic-6-plus-complementary;40;36;29;19;31;28;5;;;;;;;1976-05-to-2008-10;loto.csv
1982015-1;1982015;1;1982-04-15;JE;historic-6-plus-complementary;35;22;23;24;17;46;5;;;;;;;1976-05-to-2008-10;loto.csv
1982016-1;1982016;1;1982-04-21;ME;historic-6-plus-complementary;10;17;24;11;2;33;31;;;;;;;1976-05-to-2008-10;loto.csv
1982017-1;1982017;1;1982-04-28;ME;historic-6-plus-complementary;20;8;3;4;16;48;41;;;;;;;1976-05-to-2008-10;loto.csv
1982018-1;1982018;1;1982-05-05;ME;historic-6-plus-complementary;24;22;20;3;28;10;33;;;;;;;1976-05-to-2008-10;loto.csv
1982019-1;1982019;1;1982-05-12;ME;historic-6-plus-complementary;22;12;5;9;47;8;35;;;;;;;1976-05-to-2008-10;loto.csv
1982020-1;1982020;1;1982-05-19;ME;historic-6-plus-complementary;24;14;2;9;12;19;1;;;;;;;1976-05-to-2008-10;loto.csv
1982021-1;1982021;1;1982-05-26;ME;historic-6-plus-complementary;35;40;24;38;4;41;43;;;;;;;1976-05-to-2008-10;loto.csv
1982022-1;1982022;1;1982-06-03;JE;historic-6-plus-complementary;45;32;44;35;24;20;43;;;;;;;1976-05-to-2008-10;loto.csv
1982023-1;1982023;1;1982-06-09;ME;historic-6-plus-complementary;15;39;28;6;11;35;24;;;;;;;1976-05-to-2008-10;loto.csv
1982024-1;1982024;1;1982-06-16;ME;historic-6-plus-complementary;35;48;46;20;17;47;29;;;;;;;1976-05-to-2008-10;loto.csv
1982025-1;1982025;1;1982-06-23;ME;historic-6-plus-complementary;10;15;37;25;49;40;36;;;;;;;1976-05-to-2008-10;loto.csv
1982026-1;1982026;1;1982-06-30;ME;historic-6-plus-complementary;35;14;34;31;39;48;6;;;;;;;1976-05-to-2008-10;loto.csv
1982027-1;1982027;1;1982-07-07;ME;historic-6-plus-complementary;12;41;29;17;39;31;10;;;;;;;1976-05-to-2008-10;loto.csv
1982028-1;1982028;1;1982-07-15;JE;historic-6-plus-complementary;19;6;24;45;23;47;41;;;;;;;1976-05-to-2008-10;loto.csv
1982029-1;1982029;1;1982-07-21;ME;historic-6-plus-complementary;4;24;40;49;11;26;15;;;;;;;1976-05-to-2008-10;loto.csv
1982030-1;1982030;1;1982-07-28;ME;historic-6-plus-complementary;28;1;32;7;24;47;36;;;;;;;1976-05-to-2008-10;loto.csv
1982031-1;1982031;1;1982-08-04;ME;historic-6-plus-complementary;20;5;28;40;25;36;33;;;;;;;1976-05-to-2008-10;loto.csv
1982032-1;1982032;1;1982-08-11;ME;historic-6-plus-complementary;32;44;35;47;16;31;19;;;;;;;1976-05-to-2008-10;loto.csv
1982033-1;1982033;1;1982-08-18;ME;historic-6-plus-complementary;15;49;30;35;31;14;9;;;;;;;1976-05-to-2008-10;loto.csv
1982034-1;1982034;1;1982-08-25;ME;historic-6-plus-complementary;18;40;29;44;15;37;28;;;;;;;1976-05-to-2008-10;loto.csv
1982035-1;1982035;1;1982-09-01;ME;historic-6-plus-complementary;12;42;14;2;10;46;24;;;;;;;1976-05-to-2008-10;loto.csv
1982036-1;1982036;1;1982-09-08;ME;historic-6-plus-complementary;30;9;48;37;35;22;21;;;;;;;1976-05-to-2008-10;loto.csv
1982037-1;1982037;1;1982-09-15;ME;historic-6-plus-complementary;29;40;36;48;27;11;19;;;;;;;1976-05-to-2008-10;loto.csv
1982038-1;1982038;1;1982-09-22;ME;historic-6-plus-complementary;21;37;40;34;45;36;18;;;;;;;1976-05-to-2008-10;loto.csv
1982039-1;1982039;1;1982-09-29;ME;historic-6-plus-complementary;14;16;23;2;32;34;5;;;;;;;1976-05-to-2008-10;loto.csv
1982040-1;1982040;1;1982-10-06;ME;historic-6-plus-complementary;17;28;13;6;45;11;21;;;;;;;1976-05-to-2008-10;loto.csv
1982041-1;1982041;1;1982-10-13;ME;historic-6-plus-complementary;40;31;38;49;37;24;30;;;;;;;1976-05-to-2008-10;loto.csv
1982042-1;1982042;1;1982-10-20;ME;historic-6-plus-complementary;27;49;44;11;14;1;4;;;;;;;1976-05-to-2008-10;loto.csv
1982043-1;1982043;1;1982-10-27;ME;historic-6-plus-complementary;25;30;38;39;40;17;28;;;;;;;1976-05-to-2008-10;loto.csv
1982044-1;1982044;1;1982-11-04;JE;historic-6-plus-complementary;15;10;21;22;42;8;7;;;;;;;1976-05-to-2008-10;loto.csv
1982045-1;1982045;1;1982-11-10;ME;historic-6-plus-complementary;32;30;7;8;22;13;23;;;;;;;1976-05-to-2008-10;loto.csv
1982046-1;1982046;1;1982-11-17;ME;historic-6-plus-complementary;22;16;45;49;48;19;27;;;;;;;1976-05-to-2008-10;loto.csv
1982047-1;1982047;1;1982-11-24;ME;historic-6-plus-complementary;30;3;33;23;10;13;44;;;;;;;1976-05-to-2008-10;loto.csv
1982048-1;1982048;1;1982-12-01;ME;historic-6-plus-complementary;31;32;36;9;26;22;29;;;;;;;1976-05-to-2008-10;loto.csv
1982049-1;1982049;1;1982-12-08;ME;historic-6-plus-complementary;30;35;19;28;47;48;20;;;;;;;1976-05-to-2008-10;loto.csv
1982050-1;1982050;1;1982-12-15;ME;historic-6-plus-complementary;49;26;4;6;40;41;33;;;;;;;1976-05-to-2008-10;loto.csv
1982051-1;1982051;1;1982-12-22;ME;historic-6-plus-complementary;46;44;10;7;48;37;22;;;;;;;1976-05-to-2008-10;loto.csv
1982052-1;1982052;1;1982-12-29;ME;historic-6-plus-complementary;49;25;8;32;31;40;41;;;;;;;1976-05-to-2008-10;loto.csv
1983001-1;1983001;1;1983-01-05;ME;historic-6-plus-complementary;16;21;31;48;1;12;37;;;;;;;1976-05-to-2008-10;loto.csv
1983002-1;1983002;1;1983-01-12;ME;historic-6-plus-complementary;42;29;18;45;15;11;24;;;;;;;1976-05-to-2008-10;loto.csv
1983003-1;1983003;1;1983-01-19;ME;historic-6-plus-complementary;39;14;2;49;48;8;11;;;;;;;1976-05-to-2008-10;loto.csv
1983004-1;1983004;1;1983-01-26;ME;historic-6-plus-complementary;34;20;5;8;2;44;22;;;;;;;1976-05-to-2008-10;loto.csv
1983005-1;1983005;1;1983-02-02;ME;historic-6-plus-complementary;12;5;37;22;31;46;49;;;;;;;1976-05-to-2008-10;loto.csv
1983006-1;1983006;1;1983-02-09;ME;historic-6-plus-complementary;23;29;6;34;12;17;39;;;;;;;1976-05-to-2008-10;loto.csv
1983007-1;1983007;1;1983-02-16;ME;historic-6-plus-complementary;40;33;14;30;12;34;41;;;;;;;1976-05-to-2008-10;loto.csv
1983008-1;1983008;1;1983-02-23;ME;historic-6-plus-complementary;4;8;32;30;42;44;48;;;;;;;1976-05-to-2008-10;loto.csv
1983009-1;1983009;1;1983-03-02;ME;historic-6-plus-complementary;33;22;26;34;45;23;5;;;;;;;1976-05-to-2008-10;loto.csv
1983010-1;1983010;1;1983-03-09;ME;historic-6-plus-complementary;28;22;12;24;38;23;5;;;;;;;1976-05-to-2008-10;loto.csv
1983011-1;1983011;1;1983-03-16;ME;historic-6-plus-complementary;23;9;36;5;43;37;27;;;;;;;1976-05-to-2008-10;loto.csv
1983012-1;1983012;1;1983-03-23;ME;historic-6-plus-complementary;26;11;32;34;22;23;17;;;;;;;1976-05-to-2008-10;loto.csv
1983013-1;1983013;1;1983-03-30;ME;historic-6-plus-complementary;26;2;35;21;19;11;29;;;;;;;1976-05-to-2008-10;loto.csv
1983014-1;1983014;1;1983-04-07;JE;historic-6-plus-complementary;33;44;6;29;24;30;21;;;;;;;1976-05-to-2008-10;loto.csv
1983015-1;1983015;1;1983-04-13;ME;historic-6-plus-complementary;49;36;42;15;22;2;25;;;;;;;1976-05-to-2008-10;loto.csv
1983016-1;1983016;1;1983-04-20;ME;historic-6-plus-complementary;26;31;40;33;10;6;43;;;;;;;1976-05-to-2008-10;loto.csv
1983017-1;1983017;1;1983-04-27;ME;historic-6-plus-complementary;10;8;21;16;5;19;11;;;;;;;1976-05-to-2008-10;loto.csv
1983018-1;1983018;1;1983-05-04;ME;historic-6-plus-complementary;24;21;40;43;5;6;48;;;;;;;1976-05-to-2008-10;loto.csv
1983019-1;1983019;1;1983-05-11;ME;historic-6-plus-complementary;48;12;41;22;44;40;26;;;;;;;1976-05-to-2008-10;loto.csv
1983020-1;1983020;1;1983-05-18;ME;historic-6-plus-complementary;1;30;49;9;32;27;35;;;;;;;1976-05-to-2008-10;loto.csv
1983021-1;1983021;1;1983-05-26;JE;historic-6-plus-complementary;32;8;6;11;35;38;12;;;;;;;1976-05-to-2008-10;loto.csv
1983022-1;1983022;1;1983-06-01;ME;historic-6-plus-complementary;18;40;9;14;21;10;45;;;;;;;1976-05-to-2008-10;loto.csv
1983023-1;1983023;1;1983-06-08;ME;historic-6-plus-complementary;20;9;6;7;37;36;32;;;;;;;1976-05-to-2008-10;loto.csv
1983024-1;1983024;1;1983-06-15;ME;historic-6-plus-complementary;10;20;30;17;34;21;43;;;;;;;1976-05-to-2008-10;loto.csv
1983025-1;1983025;1;1983-06-22;ME;historic-6-plus-complementary;29;14;39;5;21;45;33;;;;;;;1976-05-to-2008-10;loto.csv
1983026-1;1983026;1;1983-06-29;ME;historic-6-plus-complementary;21;48;37;10;43;34;11;;;;;;;1976-05-to-2008-10;loto.csv
1983027-1;1983027;1;1983-07-06;ME;historic-6-plus-complementary;26;38;46;35;49;3;32;;;;;;;1976-05-to-2008-10;loto.csv
1983028-1;1983028;1;1983-07-13;ME;historic-6-plus-complementary;15;14;28;30;48;8;39;;;;;;;1976-05-to-2008-10;loto.csv
1983029-1;1983029;1;1983-07-20;ME;historic-6-plus-complementary;18;40;28;31;48;14;21;;;;;;;1976-05-to-2008-10;loto.csv
1983030-1;1983030;1;1983-07-27;ME;historic-6-plus-complementary;37;9;17;18;14;40;33;;;;;;;1976-05-to-2008-10;loto.csv
1983031-1;1983031;1;1983-08-03;ME;historic-6-plus-complementary;16;45;7;19;11;4;44;;;;;;;1976-05-to-2008-10;loto.csv
1983032-1;1983032;1;1983-08-10;ME;historic-6-plus-complementary;44;29;3;24;13;6;27;;;;;;;1976-05-to-2008-10;loto.csv
1983033-1;1983033;1;1983-08-18;JE;historic-6-plus-complementary;23;37;21;44;4;7;24;;;;;;;1976-05-to-2008-10;loto.csv
1983034-1;1983034;1;1983-08-24;ME;historic-6-plus-complementary;43;46;4;18;49;15;22;;;;;;;1976-05-to-2008-10;loto.csv
1983035-1;1983035;1;1983-08-31;ME;historic-6-plus-complementary;43;29;9;49;45;41;7;;;;;;;1976-05-to-2008-10;loto.csv
1983036-1;1983036;1;1983-09-07;ME;historic-6-plus-complementary;5;42;38;31;11;28;3;;;;;;;1976-05-to-2008-10;loto.csv
1983037-1;1983037;1;1983-09-14;ME;historic-6-plus-complementary;15;44;33;27;11;7;32;;;;;;;1976-05-to-2008-10;loto.csv
1983038-1;1983038;1;1983-09-21;ME;historic-6-plus-complementary;27;12;8;39;25;43;11;;;;;;;1976-05-to-2008-10;loto.csv
1983039-1;1983039;1;1983-09-28;ME;historic-6-plus-complementary;49;12;33;19;24;5;41;;;;;;;1976-05-to-2008-10;loto.csv
1983040-1;1983040;1;1983-10-05;ME;historic-6-plus-complementary;6;47;1;23;2;35;34;;;;;;;1976-05-to-2008-10;loto.csv
1983041-1;1983041;1;1983-10-12;ME;historic-6-plus-complementary;19;20;40;13;34;44;21;;;;;;;1976-05-to-2008-10;loto.csv
1983042-1;1983042;1;1983-10-19;ME;historic-6-plus-complementary;5;11;47;44;8;25;34;;;;;;;1976-05-to-2008-10;loto.csv
1983043-1;1983043;1;1983-10-26;ME;historic-6-plus-complementary;8;21;33;31;18;15;43;;;;;;;1976-05-to-2008-10;loto.csv
1983044-1;1983044;1;1983-11-03;JE;historic-6-plus-complementary;20;33;49;5;24;28;47;;;;;;;1976-05-to-2008-10;loto.csv
1983045-1;1983045;1;1983-11-09;ME;historic-6-plus-complementary;37;46;19;49;26;18;39;;;;;;;1976-05-to-2008-10;loto.csv
1983046-1;1983046;1;1983-11-16;ME;historic-6-plus-complementary;41;37;42;27;17;49;38;;;;;;;1976-05-to-2008-10;loto.csv
1983047-1;1983047;1;1983-11-23;ME;historic-6-plus-complementary;3;31;41;21;47;45;19;;;;;;;1976-05-to-2008-10;loto.csv
1983048-1;1983048;1;1983-11-30;ME;historic-6-plus-complementary;7;22;13;21;44;39;28;;;;;;;1976-05-to-2008-10;loto.csv
1983049-1;1983049;1;1983-12-07;ME;historic-6-plus-complementary;43;27;47;16;44;37;42;;;;;;;1976-05-to-2008-10;loto.csv
1983050-1;1983050;1;1983-12-14;ME;historic-6-plus-complementary;43;34;23;10;48;26;16;;;;;;;1976-05-to-2008-10;loto.csv
1983051-1;1983051;1;1983-12-21;ME;historic-6-plus-complementary;27;42;4;20;7;49;46;;;;;;;1976-05-to-2008-10;loto.csv
1983052-1;1983052;1;1983-12-28;ME;historic-6-plus-complementary;33;35;40;20;5;45;30;;;;;;;1976-05-to-2008-10;loto.csv
1984001-1;1984001;1;1984-01-04;ME;historic-6-plus-complementary;22;27;2;28;37;26;10;;;;;;;1976-05-to-2008-10;loto.csv
1984002-1;1984002;1;1984-01-11;ME;historic-6-plus-complementary;20;45;5;29;31;44;35;;;;;;;1976-05-to-2008-10;loto.csv
1984003-1;1984003;1;1984-01-18;ME;historic-6-plus-complementary;6;8;30;1;7;3;35;;;;;;;1976-05-to-2008-10;loto.csv
1984004-1;1984004;1;1984-01-25;ME;historic-6-plus-complementary;7;42;47;22;12;36;43;;;;;;;1976-05-to-2008-10;loto.csv
1984005-1;1984005;1;1984-02-01;ME;historic-6-plus-complementary;18;45;31;15;41;35;44;;;;;;;1976-05-to-2008-10;loto.csv
1984006-1;1984006;1;1984-02-08;ME;historic-6-plus-complementary;19;34;24;29;38;35;39;;;;;;;1976-05-to-2008-10;loto.csv
1984007-1;1984007;1;1984-02-15;ME;historic-6-plus-complementary;36;39;16;35;8;43;23;;;;;;;1976-05-to-2008-10;loto.csv
1984008-1;1984008;1;1984-02-22;ME;historic-6-plus-complementary;9;3;42;39;38;43;29;;;;;;;1976-05-to-2008-10;loto.csv
1984009-1;1984009;1;1984-02-29;ME;historic-6-plus-complementary;19;34;44;13;39;27;22;;;;;;;1976-05-to-2008-10;loto.csv
1984010-1;1984010;1;1984-03-07;ME;historic-6-plus-complementary;38;29;32;10;1;12;45;;;;;;;1976-05-to-2008-10;loto.csv
1984010-1;1984010;1;1984-03-10;SA;historic-6-plus-complementary;7;43;14;18;34;6;3;;;;;;;1976-05-to-2008-10;loto.csv
1984011-1;1984011;1;1984-03-14;ME;historic-6-plus-complementary;47;18;24;6;10;40;12;;;;;;;1976-05-to-2008-10;loto.csv
1984011-1;1984011;1;1984-03-17;SA;historic-6-plus-complementary;8;13;25;2;16;4;34;;;;;;;1976-05-to-2008-10;loto.csv
1984012-1;1984012;1;1984-03-21;ME;historic-6-plus-complementary;49;6;38;29;23;27;44;;;;;;;1976-05-to-2008-10;loto.csv
1984012-1;1984012;1;1984-03-24;SA;historic-6-plus-complementary;30;29;41;2;26;32;13;;;;;;;1976-05-to-2008-10;loto.csv
1984013-1;1984013;1;1984-03-28;ME;historic-6-plus-complementary;46;36;22;23;38;12;13;;;;;;;1976-05-to-2008-10;loto.csv
1984013-1;1984013;1;1984-03-31;SA;historic-6-plus-complementary;13;39;10;40;25;12;19;;;;;;;1976-05-to-2008-10;loto.csv
1984014-1;1984014;1;1984-04-04;ME;historic-6-plus-complementary;42;20;34;29;46;38;30;;;;;;;1976-05-to-2008-10;loto.csv
1984014-1;1984014;1;1984-04-07;SA;historic-6-plus-complementary;6;17;30;40;19;39;11;;;;;;;1976-05-to-2008-10;loto.csv
1984015-1;1984015;1;1984-04-11;ME;historic-6-plus-complementary;10;12;16;27;18;45;42;;;;;;;1976-05-to-2008-10;loto.csv
1984015-1;1984015;1;1984-04-14;SA;historic-6-plus-complementary;26;13;43;30;46;20;34;;;;;;;1976-05-to-2008-10;loto.csv
1984016-1;1984016;1;1984-04-18;ME;historic-6-plus-complementary;31;9;14;39;42;8;22;;;;;;;1976-05-to-2008-10;loto.csv
1984016-1;1984016;1;1984-04-21;SA;historic-6-plus-complementary;26;39;3;38;5;11;18;;;;;;;1976-05-to-2008-10;loto.csv
1984017-1;1984017;1;1984-04-25;ME;historic-6-plus-complementary;30;49;45;41;16;28;19;;;;;;;1976-05-to-2008-10;loto.csv
1984017-1;1984017;1;1984-04-28;SA;historic-6-plus-complementary;34;15;49;22;28;21;35;;;;;;;1976-05-to-2008-10;loto.csv
1984018-1;1984018;1;1984-05-02;ME;historic-6-plus-complementary;25;15;22;31;16;35;14;;;;;;;1976-05-to-2008-10;loto.csv
1984018-1;1984018;1;1984-05-05;SA;historic-6-plus-complementary;27;48;42;18;21;46;10;;;;;;;1976-05-to-2008-10;loto.csv
1984019-1;1984019;1;1984-05-09;ME;historic-6-plus-complementary;23;7;12;47;22;17;33;;;;;;;1976-05-to-2008-10;loto.csv
1984019-1;1984019;1;1984-05-12;SA;historic-6-plus-complementary;26;39;1;42;23;11;2;;;;;;;1976-05-to-2008-10;loto.csv
1984020-1;1984020;1;1984-05-16;ME;historic-6-plus-complementary;17;16;49;18;23;2;32;;;;;;;1976-05-to-2008-10;loto.csv
1984020-1;1984020;1;1984-05-19;SA;historic-6-plus-complementary;30;10;2;19;20;15;1;;;;;;;1976-05-to-2008-10;loto.csv
1984021-1;1984021;1;1984-05-23;ME;historic-6-plus-complementary;13;18;43;36;28;24;26;;;;;;;1976-05-to-2008-10;loto.csv
1984021-1;1984021;1;1984-05-26;SA;historic-6-plus-complementary;22;16;35;4;5;19;42;;;;;;;1976-05-to-2008-10;loto.csv
1984022-1;1984022;1;1984-05-30;ME;historic-6-plus-complementary;45;49;41;40;21;46;9;;;;;;;1976-05-to-2008-10;loto.csv
1984022-1;1984022;1;1984-06-02;SA;historic-6-plus-complementary;6;48;49;1;12;45;21;;;;;;;1976-05-to-2008-10;loto.csv
1984023-1;1984023;1;1984-06-06;ME;historic-6-plus-complementary;39;21;13;30;38;19;36;;;;;;;1976-05-to-2008-10;loto.csv
1984023-1;1984023;1;1984-06-09;SA;historic-6-plus-complementary;15;32;42;27;8;26;48;;;;;;;1976-05-to-2008-10;loto.csv
1984024-1;1984024;1;1984-06-13;ME;historic-6-plus-complementary;23;30;49;25;21;39;37;;;;;;;1976-05-to-2008-10;loto.csv
1984024-1;1984024;1;1984-06-16;SA;historic-6-plus-complementary;32;19;3;21;42;1;8;;;;;;;1976-05-to-2008-10;loto.csv
1984025-1;1984025;1;1984-06-20;ME;historic-6-plus-complementary;12;18;47;40;21;37;34;;;;;;;1976-05-to-2008-10;loto.csv
1984025-1;1984025;1;1984-06-23;SA;historic-6-plus-complementary;37;32;24;31;3;46;2;;;;;;;1976-05-to-2008-10;loto.csv
1984026-1;1984026;1;1984-06-27;ME;historic-6-plus-complementary;25;5;34;33;46;29;16;;;;;;;1976-05-to-2008-10;loto.csv
1984026-1;1984026;1;1984-06-30;SA;historic-6-plus-complementary;32;33;47;14;16;20;35;;;;;;;1976-05-to-2008-10;loto.csv
1984027-1;1984027;1;1984-07-04;ME;historic-6-plus-complementary;15;29;46;37;33;1;47;;;;;;;1976-05-to-2008-10;loto.csv
1984027-1;1984027;1;1984-07-07;SA;historic-6-plus-complementary;23;36;34;6;12;21;27;;;;;;;1976-05-to-2008-10;loto.csv
1984028-1;1984028;1;1984-07-11;ME;historic-6-plus-complementary;29;25;46;4;34;6;42;;;;;;;1976-05-to-2008-10;loto.csv
1984028-1;1984028;1;1984-07-14;SA;historic-6-plus-complementary;5;32;40;15;34;13;27;;;;;;;1976-05-to-2008-10;loto.csv
1984029-1;1984029;1;1984-07-18;ME;historic-6-plus-complementary;17;46;1;24;40;6;30;;;;;;;1976-05-to-2008-10;loto.csv
1984029-1;1984029;1;1984-07-21;SA;historic-6-plus-complementary;14;25;22;46;44;45;47;;;;;;;1976-05-to-2008-10;loto.csv
1984030-1;1984030;1;1984-07-25;ME;historic-6-plus-complementary;15;7;28;25;35;11;22;;;;;;;1976-05-to-2008-10;loto.csv
1984030-1;1984030;1;1984-07-28;SA;historic-6-plus-complementary;18;14;7;40;25;3;39;;;;;;;1976-05-to-2008-10;loto.csv
1984031-1;1984031;1;1984-08-01;ME;historic-6-plus-complementary;3;39;28;14;5;9;6;;;;;;;1976-05-to-2008-10;loto.csv
1984031-1;1984031;1;1984-08-04;SA;historic-6-plus-complementary;3;32;27;29;1;25;26;;;;;;;1976-05-to-2008-10;loto.csv
1984032-1;1984032;1;1984-08-08;ME;historic-6-plus-complementary;33;48;20;42;40;10;37;;;;;;;1976-05-to-2008-10;loto.csv
1984032-1;1984032;1;1984-08-11;SA;historic-6-plus-complementary;10;48;39;15;34;43;9;;;;;;;1976-05-to-2008-10;loto.csv
1984033-1;1984033;1;1984-08-15;ME;historic-6-plus-complementary;15;38;41;35;20;42;28;;;;;;;1976-05-to-2008-10;loto.csv
1984033-1;1984033;1;1984-08-18;SA;historic-6-plus-complementary;33;48;49;6;29;23;40;;;;;;;1976-05-to-2008-10;loto.csv
1984034-1;1984034;1;1984-08-22;ME;historic-6-plus-complementary;47;36;41;24;14;5;21;;;;;;;1976-05-to-2008-10;loto.csv
1984034-1;1984034;1;1984-08-25;SA;historic-6-plus-complementary;12;36;2;41;17;31;6;;;;;;;1976-05-to-2008-10;loto.csv
1984035-1;1984035;1;1984-08-29;ME;historic-6-plus-complementary;47;38;21;15;49;23;30;;;;;;;1976-05-to-2008-10;loto.csv
1984035-1;1984035;1;1984-09-01;SA;historic-6-plus-complementary;23;7;10;38;26;43;47;;;;;;;1976-05-to-2008-10;loto.csv
1984036-1;1984036;1;1984-09-05;ME;historic-6-plus-complementary;11;21;28;35;1;33;30;;;;;;;1976-05-to-2008-10;loto.csv
1984036-1;1984036;1;1984-09-08;SA;historic-6-plus-complementary;14;7;39;1;21;26;13;;;;;;;1976-05-to-2008-10;loto.csv
1984037-1;1984037;1;1984-09-12;ME;historic-6-plus-complementary;3;32;8;27;29;36;40;;;;;;;1976-05-to-2008-10;loto.csv
1984037-1;1984037;1;1984-09-15;SA;historic-6-plus-complementary;27;38;9;34;6;17;30;;;;;;;1976-05-to-2008-10;loto.csv
1984038-1;1984038;1;1984-09-19;ME;historic-6-plus-complementary;37;36;26;35;27;28;29;;;;;;;1976-05-to-2008-10;loto.csv
1984038-1;1984038;1;1984-09-22;SA;historic-6-plus-complementary;26;11;33;20;2;1;48;;;;;;;1976-05-to-2008-10;loto.csv
1984039-1;1984039;1;1984-09-26;ME;historic-6-plus-complementary;30;9;40;17;45;5;15;;;;;;;1976-05-to-2008-10;loto.csv
1984039-1;1984039;1;1984-09-29;SA;historic-6-plus-complementary;21;14;1;5;32;31;42;;;;;;;1976-05-to-2008-10;loto.csv
1984040-1;1984040;1;1984-10-03;ME;historic-6-plus-complementary;29;1;40;42;36;5;15;;;;;;;1976-05-to-2008-10;loto.csv
1984040-1;1984040;1;1984-10-06;SA;historic-6-plus-complementary;24;12;9;21;41;43;11;;;;;;;1976-05-to-2008-10;loto.csv
1984041-1;1984041;1;1984-10-10;ME;historic-6-plus-complementary;17;14;36;6;30;18;4;;;;;;;1976-05-to-2008-10;loto.csv
1984041-1;1984041;1;1984-10-13;SA;historic-6-plus-complementary;46;48;37;11;25;34;20;;;;;;;1976-05-to-2008-10;loto.csv
1984042-1;1984042;1;1984-10-17;ME;historic-6-plus-complementary;45;38;20;8;19;39;9;;;;;;;1976-05-to-2008-10;loto.csv
1984042-1;1984042;1;1984-10-20;SA;historic-6-plus-complementary;46;48;2;34;26;23;10;;;;;;;1976-05-to-2008-10;loto.csv
1984043-1;1984043;1;1984-10-24;ME;historic-6-plus-complementary;27;3;44;8;48;39;19;;;;;;;1976-05-to-2008-10;loto.csv
1984043-1;1984043;1;1984-10-27;SA;historic-6-plus-complementary;19;7;45;38;18;4;12;;;;;;;1976-05-to-2008-10;loto.csv
1984044-1;1984044;1;1984-10-31;ME;historic-6-plus-complementary;18;30;44;19;46;4;11;;;;;;;1976-05-to-2008-10;loto.csv
1984044-1;1984044;1;1984-11-03;SA;historic-6-plus-complementary;21;12;49;26;30;15;20;;;;;;;1976-05-to-2008-10;loto.csv
1984045-1;1984045;1;1984-11-07;ME;historic-6-plus-complementary;42;39;38;30;34;20;21;;;;;;;1976-05-to-2008-10;loto.csv
1984045-1;1984045;1;1984-11-10;SA;historic-6-plus-complementary;13;40;12;5;31;22;44;;;;;;;1976-05-to-2008-10;loto.csv
1984046-1;1984046;1;1984-11-14;ME;historic-6-plus-complementary;39;16;43;5;40;3;45;;;;;;;1976-05-to-2008-10;loto.csv
1984046-1;1984046;1;1984-11-17;SA;historic-6-plus-complementary;8;24;46;15;45;13;44;;;;;;;1976-05-to-2008-10;loto.csv
1984047-1;1984047;1;1984-11-21;ME;historic-6-plus-complementary;23;25;46;12;49;31;48;;;;;;;1976-05-to-2008-10;loto.csv
1984047-1;1984047;1;1984-11-24;SA;historic-6-plus-complementary;15;21;35;32;39;19;43;;;;;;;1976-05-to-2008-10;loto.csv
1984048-1;1984048;1;1984-11-28;ME;historic-6-plus-complementary;6;8;27;11;22;3;10;;;;;;;1976-05-to-2008-10;loto.csv
1984048-1;1984048;1;1984-12-01;SA;historic-6-plus-complementary;11;48;18;22;10;29;25;;;;;;;1976-05-to-2008-10;loto.csv
1984049-1;1984049;1;1984-12-05;ME;historic-6-plus-complementary;35;23;47;17;36;24;42;;;;;;;1976-05-to-2008-10;loto.csv
1984049-1;1984049;1;1984-12-08;SA;historic-6-plus-complementary;48;20;4;2;22;25;38;;;;;;;1976-05-to-2008-10;loto.csv
1984050-1;1984050;1;1984-12-12;ME;historic-6-plus-complementary;2;22;5;15;16;28;47;;;;;;;1976-05-to-2008-10;loto.csv
1984050-1;1984050;1;1984-12-15;SA;historic-6-plus-complementary;28;44;30;5;15;45;39;;;;;;;1976-05-to-2008-10;loto.csv
1984051-1;1984051;1;1984-12-19;ME;historic-6-plus-complementary;13;24;7;29;5;45;15;;;;;;;1976-05-to-2008-10;loto.csv
1984051-1;1984051;1;1984-12-22;SA;historic-6-plus-complementary;20;44;3;40;24;19;38;;;;;;;1976-05-to-2008-10;loto.csv
1984052-1;1984052;1;1984-12-26;ME;historic-6-plus-complementary;45;31;33;38;3;28;16;;;;;;;1976-05-to-2008-10;loto.csv
1984052-1;1984052;1;1984-12-29;SA;historic-6-plus-complementary;36;29;38;41;4;48;33;;;;;;;1976-05-to-2008-10;loto.csv
1985001-1;1985001;1;1985-01-02;ME;historic-6-plus-complementary;6;40;22;15;34;16;3;;;;;;;1976-05-to-2008-10;loto.csv
1985001-1;1985001;1;1985-01-05;SA;historic-6-plus-complementary;29;8;31;33;10;2;19;;;;;;;1976-05-to-2008-10;loto.csv
1985002-1;1985002;1;1985-01-09;ME;historic-6-plus-complementary;21;2;1;33;46;9;39;;;;;;;1976-05-to-2008-10;loto.csv
1985002-1;1985002;1;1985-01-12;SA;historic-6-plus-complementary;46;4;32;33;34;8;45;;;;;;;1976-05-to-2008-10;loto.csv
1985003-1;1985003;1;1985-01-16;ME;historic-6-plus-complementary;1;44;38;39;2;46;31;;;;;;;1976-05-to-2008-10;loto.csv
1985003-1;1985003;1;1985-01-19;SA;historic-6-plus-complementary;47;43;27;22;16;38;46;;;;;;;1976-05-to-2008-10;loto.csv
1985004-1;1985004;1;1985-01-23;ME;historic-6-plus-complementary;39;31;13;37;6;27;23;;;;;;;1976-05-to-2008-10;loto.csv
1985004-1;1985004;1;1985-01-26;SA;historic-6-plus-complementary;9;3;32;46;18;31;29;;;;;;;1976-05-to-2008-10;loto.csv
1985005-1;1985005;1;1985-01-30;ME;historic-6-plus-complementary;4;45;30;26;16;8;46;;;;;;;1976-05-to-2008-10;loto.csv
1985005-1;1985005;1;1985-02-02;SA;historic-6-plus-complementary;25;38;40;48;37;30;4;;;;;;;1976-05-to-2008-10;loto.csv
1985006-1;1985006;1;1985-02-06;ME;historic-6-plus-complementary;36;37;26;25;48;22;29;;;;;;;1976-05-to-2008-10;loto.csv
1985006-1;1985006;1;1985-02-09;SA;historic-6-plus-complementary;41;35;9;46;1;6;31;;;;;;;1976-05-to-2008-10;loto.csv
1985007-1;1985007;1;1985-02-13;ME;historic-6-plus-complementary;20;22;17;1;15;7;25;;;;;;;1976-05-to-2008-10;loto.csv
1985007-1;1985007;1;1985-02-16;SA;historic-6-plus-complementary;48;30;32;36;1;28;27;;;;;;;1976-05-to-2008-10;loto.csv
1985008-1;1985008;1;1985-02-20;ME;historic-6-plus-complementary;24;30;39;1;8;48;12;;;;;;;1976-05-to-2008-10;loto.csv
1985008-1;1985008;1;1985-02-23;SA;historic-6-plus-complementary;24;21;23;3;38;28;6;;;;;;;1976-05-to-2008-10;loto.csv
1985009-1;1985009;1;1985-02-27;ME;historic-6-plus-complementary;29;8;28;37;49;2;11;;;;;;;1976-05-to-2008-10;loto.csv
1985009-1;1985009;1;1985-03-02;SA;historic-6-plus-complementary;24;10;18;36;8;41;45;;;;;;;1976-05-to-2008-10;loto.csv
1985010-1;1985010;1;1985-03-06;ME;historic-6-plus-complementary;26;30;39;27;12;38;37;;;;;;;1976-05-to-2008-10;loto.csv
1985010-1;1985010;1;1985-03-09;SA;historic-6-plus-complementary;35;3;14;28;9;13;21;;;;;;;1976-05-to-2008-10;loto.csv
1985011-1;1985011;1;1985-03-13;ME;historic-6-plus-complementary;4;14;41;40;18;26;5;;;;;;;1976-05-to-2008-10;loto.csv
1985011-1;1985011;1;1985-03-16;SA;historic-6-plus-complementary;3;25;33;20;43;16;31;;;;;;;1976-05-to-2008-10;loto.csv
1985012-1;1985012;1;1985-03-20;ME;historic-6-plus-complementary;41;37;33;14;9;39;44;;;;;;;1976-05-to-2008-10;loto.csv
1985012-1;1985012;1;1985-03-23;SA;historic-6-plus-complementary;37;17;16;18;11;43;14;;;;;;;1976-05-to-2008-10;loto.csv
1985013-1;1985013;1;1985-03-27;ME;historic-6-plus-complementary;30;10;47;29;1;37;46;;;;;;;1976-05-to-2008-10;loto.csv
1985013-1;1985013;1;1985-03-30;SA;historic-6-plus-complementary;32;44;30;40;4;43;27;;;;;;;1976-05-to-2008-10;loto.csv
1985014-1;1985014;1;1985-04-03;ME;historic-6-plus-complementary;8;19;27;42;29;32;39;;;;;;;1976-05-to-2008-10;loto.csv
1985014-1;1985014;1;1985-04-06;SA;historic-6-plus-complementary;35;45;40;34;28;11;41;;;;;;;1976-05-to-2008-10;loto.csv
1985015-1;1985015;1;1985-04-10;ME;historic-6-plus-complementary;47;4;3;14;42;39;32;;;;;;;1976-05-to-2008-10;loto.csv
1985015-1;1985015;1;1985-04-13;SA;historic-6-plus-complementary;36;8;25;26;12;18;27;;;;;;;1976-05-to-2008-10;loto.csv
1985016-1;1985016;1;1985-04-17;ME;historic-6-plus-complementary;45;39;25;21;6;15;28;;;;;;;1976-05-to-2008-10;loto.csv
1985016-1;1985016;1;1985-04-20;SA;historic-6-plus-complementary;40;5;22;41;14;31;43;;;;;;;1976-05-to-2008-10;loto.csv
1985017-1;1985017;1;1985-04-24;ME;historic-6-plus-complementary;45;37;9;20;48;21;29;;;;;;;1976-05-to-2008-10;loto.csv
1985017-1;1985017;1;1985-04-27;SA;historic-6-plus-complementary;12;37;16;34;18;14;20;;;;;;;1976-05-to-2008-10;loto.csv
1985018-1;1985018;1;1985-05-01;ME;historic-6-plus-complementary;7;36;6;24;16;49;33;;;;;;;1976-05-to-2008-10;loto.csv
1985018-1;1985018;1;1985-05-04;SA;historic-6-plus-complementary;33;46;34;2;18;47;49;;;;;;;1976-05-to-2008-10;loto.csv
1985019-1;1985019;1;1985-05-08;ME;historic-6-plus-complementary;19;18;30;24;37;42;40;;;;;;;1976-05-to-2008-10;loto.csv
1985019-1;1985019;1;1985-05-11;SA;historic-6-plus-complementary;28;26;21;43;36;44;15;;;;;;;1976-05-to-2008-10;loto.csv
1985020-1;1985020;1;1985-05-15;ME;historic-6-plus-complementary;23;45;33;1;37;38;5;;;;;;;1976-05-to-2008-10;loto.csv
1985020-1;1985020;1;1985-05-18;SA;historic-6-plus-complementary;31;1;40;19;23;3;11;;;;;;;1976-05-to-2008-10;loto.csv
1985021-1;1985021;1;1985-05-22;ME;historic-6-plus-complementary;25;26;13;37;24;28;11;;;;;;;1976-05-to-2008-10;loto.csv
1985021-1;1985021;1;1985-05-25;SA;historic-6-plus-complementary;35;5;27;17;6;34;45;;;;;;;1976-05-to-2008-10;loto.csv
1985022-1;1985022;1;1985-05-29;ME;historic-6-plus-complementary;28;1;20;17;34;12;45;;;;;;;1976-05-to-2008-10;loto.csv
1985022-1;1985022;1;1985-06-01;SA;historic-6-plus-complementary;32;15;24;35;18;10;11;;;;;;;1976-05-to-2008-10;loto.csv
1985023-1;1985023;1;1985-06-05;ME;historic-6-plus-complementary;25;42;45;19;12;28;16;;;;;;;1976-05-to-2008-10;loto.csv
1985023-1;1985023;1;1985-06-08;SA;historic-6-plus-complementary;27;20;6;5;41;42;18;;;;;;;1976-05-to-2008-10;loto.csv
1985024-1;1985024;1;1985-06-12;ME;historic-6-plus-complementary;9;19;29;30;14;6;49;;;;;;;1976-05-to-2008-10;loto.csv
1985024-1;1985024;1;1985-06-15;SA;historic-6-plus-complementary;10;23;40;36;16;9;8;;;;;;;1976-05-to-2008-10;loto.csv
1985025-1;1985025;1;1985-06-19;ME;historic-6-plus-complementary;11;45;7;22;34;39;9;;;;;;;1976-05-to-2008-10;loto.csv
1985025-1;1985025;1;1985-06-22;SA;historic-6-plus-complementary;5;43;46;25;17;41;33;;;;;;;1976-05-to-2008-10;loto.csv
1985026-1;1985026;1;1985-06-26;ME;historic-6-plus-complementary;11;36;6;31;23;12;48;;;;;;;1976-05-to-2008-10;loto.csv
1985026-1;1985026;1;1985-06-29;SA;historic-6-plus-complementary;41;6;1;14;42;33;26;;;;;;;1976-05-to-2008-10;loto.csv
1985027-1;1985027;1;1985-07-03;ME;historic-6-plus-complementary;23;10;6;36;45;12;1;;;;;;;1976-05-to-2008-10;loto.csv
1985027-1;1985027;1;1985-07-06;SA;historic-6-plus-complementary;21;7;37;36;18;8;11;;;;;;;1976-05-to-2008-10;loto.csv
1985028-1;1985028;1;1985-07-10;ME;historic-6-plus-complementary;42;49;36;23;18;17;24;;;;;;;1976-05-to-2008-10;loto.csv
1985028-1;1985028;1;1985-07-13;SA;historic-6-plus-complementary;15;17;30;41;28;24;46;;;;;;;1976-05-to-2008-10;loto.csv
1985029-1;1985029;1;1985-07-17;ME;historic-6-plus-complementary;2;37;43;7;5;49;42;;;;;;;1976-05-to-2008-10;loto.csv
1985029-1;1985029;1;1985-07-20;SA;historic-6-plus-complementary;38;36;22;40;19;26;15;;;;;;;1976-05-to-2008-10;loto.csv
1985030-1;1985030;1;1985-07-24;ME;historic-6-plus-complementary;49;14;37;7;17;38;8;;;;;;;1976-05-to-2008-10;loto.csv
1985030-1;1985030;1;1985-07-27;SA;historic-6-plus-complementary;44;9;30;45;36;15;46;;;;;;;1976-05-to-2008-10;loto.csv
1985031-1;1985031;1;1985-07-31;ME;historic-6-plus-complementary;42;26;11;1;48;35;22;;;;;;;1976-05-to-2008-10;loto.csv
1985031-1;1985031;1;1985-08-03;SA;historic-6-plus-complementary;34;33;20;7;40;1;6;;;;;;;1976-05-to-2008-10;loto.csv
1985032-1;1985032;1;1985-08-07;ME;historic-6-plus-complementary;16;21;12;20;40;3;5;;;;;;;1976-05-to-2008-10;loto.csv
1985032-1;1985032;1;1985-08-10;SA;historic-6-plus-complementary;47;2;19;28;10;25;42;;;;;;;1976-05-to-2008-10;loto.csv
1985033-1;1985033;1;1985-08-14;ME;historic-6-plus-complementary;46;9;33;30;7;32;17;;;;;;;1976-05-to-2008-10;loto.csv
1985033-1;1985033;1;1985-08-17;SA;historic-6-plus-complementary;4;38;16;15;48;14;34;;;;;;;1976-05-to-2008-10;loto.csv
1985034-1;1985034;1;1985-08-21;ME;historic-6-plus-complementary;23;46;33;38;5;45;25;;;;;;;1976-05-to-2008-10;loto.csv
1985034-1;1985034;1;1985-08-24;SA;historic-6-plus-complementary;37;41;4;10;16;38;3;;;;;;;1976-05-to-2008-10;loto.csv
1985035-1;1985035;1;1985-08-28;ME;historic-6-plus-complementary;8;12;20;41;24;42;26;;;;;;;1976-05-to-2008-10;loto.csv
1985035-1;1985035;1;1985-08-31;SA;historic-6-plus-complementary;20;44;26;8;14;25;19;;;;;;;1976-05-to-2008-10;loto.csv
1985036-1;1985036;1;1985-09-04;ME;historic-6-plus-complementary;37;24;25;13;2;23;38;;;;;;;1976-05-to-2008-10;loto.csv
1985036-1;1985036;1;1985-09-07;SA;historic-6-plus-complementary;43;28;2;18;37;49;15;;;;;;;1976-05-to-2008-10;loto.csv
1985037-1;1985037;1;1985-09-11;ME;historic-6-plus-complementary;47;24;23;4;19;43;36;;;;;;;1976-05-to-2008-10;loto.csv
1985037-1;1985037;1;1985-09-14;SA;historic-6-plus-complementary;37;28;13;10;12;7;14;;;;;;;1976-05-to-2008-10;loto.csv
1985038-1;1985038;1;1985-09-18;ME;historic-6-plus-complementary;29;35;10;40;18;9;19;;;;;;;1976-05-to-2008-10;loto.csv
1985038-1;1985038;1;1985-09-21;SA;historic-6-plus-complementary;20;44;11;6;13;5;39;;;;;;;1976-05-to-2008-10;loto.csv
1985039-1;1985039;1;1985-09-25;ME;historic-6-plus-complementary;42;43;46;11;44;39;47;;;;;;;1976-05-to-2008-10;loto.csv
1985039-1;1985039;1;1985-09-28;SA;historic-6-plus-complementary;43;15;1;11;19;37;40;;;;;;;1976-05-to-2008-10;loto.csv
1985040-1;1985040;1;1985-10-02;ME;historic-6-plus-complementary;14;30;45;9;27;37;32;;;;;;;1976-05-to-2008-10;loto.csv
1985040-1;1985040;1;1985-10-05;SA;historic-6-plus-complementary;34;5;25;17;30;3;46;;;;;;;1976-05-to-2008-10;loto.csv
1985041-1;1985041;1;1985-10-09;ME;historic-6-plus-complementary;1;13;7;14;22;41;36;;;;;;;1976-05-to-2008-10;loto.csv
1985041-1;1985041;1;1985-10-12;SA;historic-6-plus-complementary;36;32;49;38;33;25;3;;;;;;;1976-05-to-2008-10;loto.csv
1985042-1;1985042;1;1985-10-16;ME;historic-6-plus-complementary;26;12;19;6;30;43;46;;;;;;;1976-05-to-2008-10;loto.csv
1985042-1;1985042;1;1985-10-19;SA;historic-6-plus-complementary;26;32;3;2;29;46;15;;;;;;;1976-05-to-2008-10;loto.csv
1985043-1;1985043;1;1985-10-23;ME;historic-6-plus-complementary;37;10;27;35;12;24;25;;;;;;;1976-05-to-2008-10;loto.csv
1985043-1;1985043;1;1985-10-26;SA;historic-6-plus-complementary;14;16;33;45;23;1;47;;;;;;;1976-05-to-2008-10;loto.csv
1985044-1;1985044;1;1985-10-30;ME;historic-6-plus-complementary;42;38;2;18;32;4;37;;;;;;;1976-05-to-2008-10;loto.csv
1985044-1;1985044;1;1985-11-02;SA;historic-6-plus-complementary;4;25;23;28;21;6;18;;;;;;;1976-05-to-2008-10;loto.csv
1985045-1;1985045;1;1985-11-06;ME;historic-6-plus-complementary;23;26;13;32;14;12;15;;;;;;;1976-05-to-2008-10;loto.csv
1985045-1;1985045;1;1985-11-09;SA;historic-6-plus-complementary;44;29;32;19;37;38;28;;;;;;;1976-05-to-2008-10;loto.csv
1985046-1;1985046;1;1985-11-13;ME;historic-6-plus-complementary;28;36;34;13;31;47;48;;;;;;;1976-05-to-2008-10;loto.csv
1985046-1;1985046;1;1985-11-16;SA;historic-6-plus-complementary;7;22;34;24;41;2;46;;;;;;;1976-05-to-2008-10;loto.csv
1985047-1;1985047;1;1985-11-20;ME;historic-6-plus-complementary;2;36;13;34;25;28;45;;;;;;;1976-05-to-2008-10;loto.csv
1985047-1;1985047;1;1985-11-23;SA;historic-6-plus-complementary;34;42;6;45;17;16;40;;;;;;;1976-05-to-2008-10;loto.csv
1985048-1;1985048;1;1985-11-27;ME;historic-6-plus-complementary;39;36;25;24;26;10;17;;;;;;;1976-05-to-2008-10;loto.csv
1985048-1;1985048;1;1985-11-30;SA;historic-6-plus-complementary;6;4;20;43;28;14;46;;;;;;;1976-05-to-2008-10;loto.csv
1985049-1;1985049;1;1985-12-04;ME;historic-6-plus-complementary;25;8;45;18;19;14;48;;;;;;;1976-05-to-2008-10;loto.csv
1985049-1;1985049;1;1985-12-07;SA;historic-6-plus-complementary;2;15;10;16;27;13;4;;;;;;;1976-05-to-2008-10;loto.csv
1985050-1;1985050;1;1985-12-11;ME;historic-6-plus-complementary;34;45;13;11;18;24;2;;;;;;;1976-05-to-2008-10;loto.csv
1985050-1;1985050;1;1985-12-14;SA;historic-6-plus-complementary;1;44;28;39;18;21;32;;;;;;;1976-05-to-2008-10;loto.csv
1985051-1;1985051;1;1985-12-18;ME;historic-6-plus-complementary;23;34;35;29;15;26;7;;;;;;;1976-05-to-2008-10;loto.csv
1985051-1;1985051;1;1985-12-21;SA;historic-6-plus-complementary;14;6;34;43;32;33;42;;;;;;;1976-05-to-2008-10;loto.csv
1985052-1;1985052;1;1985-12-25;ME;historic-6-plus-complementary;10;12;14;1;44;36;18;;;;;;;1976-05-to-2008-10;loto.csv
1985052-1;1985052;1;1985-12-28;SA;historic-6-plus-complementary;26;45;20;40;43;21;34;;;;;;;1976-05-to-2008-10;loto.csv
1986001-1;1986001;1;1986-01-01;ME;historic-6-plus-complementary;27;12;49;16;8;33;22;;;;;;;1976-05-to-2008-10;loto.csv
1986001-1;1986001;1;1986-01-04;SA;historic-6-plus-complementary;39;36;11;14;7;48;5;;;;;;;1976-05-to-2008-10;loto.csv
1986002-1;1986002;1;1986-01-08;ME;historic-6-plus-complementary;42;29;10;27;44;40;22;;;;;;;1976-05-to-2008-10;loto.csv
1986002-1;1986002;1;1986-01-11;SA;historic-6-plus-complementary;38;4;32;18;12;31;1;;;;;;;1976-05-to-2008-10;loto.csv
1986003-1;1986003;1;1986-01-15;ME;historic-6-plus-complementary;27;6;13;46;10;3;40;;;;;;;1976-05-to-2008-10;loto.csv
1986003-1;1986003;1;1986-01-18;SA;historic-6-plus-complementary;3;6;45;33;31;4;20;;;;;;;1976-05-to-2008-10;loto.csv
1986004-1;1986004;1;1986-01-22;ME;historic-6-plus-complementary;49;6;28;25;7;9;23;;;;;;;1976-05-to-2008-10;loto.csv
1986004-1;1986004;1;1986-01-25;SA;historic-6-plus-complementary;40;29;45;39;23;10;42;;;;;;;1976-05-to-2008-10;loto.csv
1986005-1;1986005;1;1986-01-29;ME;historic-6-plus-complementary;12;41;4;6;47;23;20;;;;;;;1976-05-to-2008-10;loto.csv
1986005-1;1986005;1;1986-02-01;SA;historic-6-plus-complementary;22;13;33;40;4;35;8;;;;;;;1976-05-to-2008-10;loto.csv
1986006-1;1986006;1;1986-02-05;ME;historic-6-plus-complementary;38;43;3;6;26;39;20;;;;;;;1976-05-to-2008-10;loto.csv
1986006-1;1986006;1;1986-02-08;SA;historic-6-plus-complementary;33;1;9;31;4;16;2;;;;;;;1976-05-to-2008-10;loto.csv
1986007-1;1986007;1;1986-02-12;ME;historic-6-plus-complementary;37;25;9;8;12;41;6;;;;;;;1976-05-to-2008-10;loto.csv
1986007-1;1986007;1;1986-02-15;SA;historic-6-plus-complementary;1;14;2;33;41;37;22;;;;;;;1976-05-to-2008-10;loto.csv
1986008-1;1986008;1;1986-02-19;ME;historic-6-plus-complementary;48;15;11;33;2;1;27;;;;;;;1976-05-to-2008-10;loto.csv
1986008-1;1986008;1;1986-02-22;SA;historic-6-plus-complementary;40;32;26;4;37;22;30;;;;;;;1976-05-to-2008-10;loto.csv
1986009-1;1986009;1;1986-02-26;ME;historic-6-plus-complementary;49;22;47;10;38;37;46;;;;;;;1976-05-to-2008-10;loto.csv
1986009-1;1986009;1;1986-03-01;SA;historic-6-plus-complementary;17;5;13;15;21;18;14;;;;;;;1976-05-to-2008-10;loto.csv
1986010-1;1986010;1;1986-03-05;ME;historic-6-plus-complementary;5;30;25;22;10;41;6;;;;;;;1976-05-to-2008-10;loto.csv
1986010-1;1986010;1;1986-03-08;SA;historic-6-plus-complementary;30;3;34;25;20;12;36;;;;;;;1976-05-to-2008-10;loto.csv
1986011-1;1986011;1;1986-03-12;ME;historic-6-plus-complementary;9;46;13;19;37;11;34;;;;;;;1976-05-to-2008-10;loto.csv
1986011-1;1986011;1;1986-03-15;SA;historic-6-plus-complementary;16;18;12;20;48;21;30;;;;;;;1976-05-to-2008-10;loto.csv
1986012-1;1986012;1;1986-03-19;ME;historic-6-plus-complementary;18;19;44;30;22;23;48;;;;;;;1976-05-to-2008-10;loto.csv
1986012-1;1986012;1;1986-03-22;SA;historic-6-plus-complementary;19;26;33;46;2;34;49;;;;;;;1976-05-to-2008-10;loto.csv
1986013-1;1986013;1;1986-03-26;ME;historic-6-plus-complementary;6;35;9;33;32;20;48;;;;;;;1976-05-to-2008-10;loto.csv
1986013-1;1986013;1;1986-03-29;SA;historic-6-plus-complementary;5;49;30;29;16;43;12;;;;;;;1976-05-to-2008-10;loto.csv
1986014-1;1986014;1;1986-04-02;ME;historic-6-plus-complementary;39;11;31;49;4;14;38;;;;;;;1976-05-to-2008-10;loto.csv
1986014-1;1986014;1;1986-04-05;SA;historic-6-plus-complementary;22;45;18;17;44;40;41;;;;;;;1976-05-to-2008-10;loto.csv
1986015-1;1986015;1;1986-04-09;ME;historic-6-plus-complementary;10;47;39;27;41;7;35;;;;;;;1976-05-to-2008-10;loto.csv
1986015-1;1986015;1;1986-04-12;SA;historic-6-plus-complementary;30;32;21;18;11;34;7;;;;;;;1976-05-to-2008-10;loto.csv
1986016-1;1986016;1;1986-04-16;ME;historic-6-plus-complementary;14;26;20;2;49;32;29;;;;;;;1976-05-to-2008-10;loto.csv
1986016-1;1986016;1;1986-04-19;SA;historic-6-plus-complementary;8;14;41;5;31;6;13;;;;;;;1976-05-to-2008-10;loto.csv
1986017-1;1986017;1;1986-04-23;ME;historic-6-plus-complementary;12;25;17;46;32;14;30;;;;;;;1976-05-to-2008-10;loto.csv
1986017-1;1986017;1;1986-04-26;SA;historic-6-plus-complementary;13;45;36;21;27;11;4;;;;;;;1976-05-to-2008-10;loto.csv
1986018-1;1986018;1;1986-04-30;ME;historic-6-plus-complementary;49;7;45;13;36;29;42;;;;;;;1976-05-to-2008-10;loto.csv
1986018-1;1986018;1;1986-05-03;SA;historic-6-plus-complementary;7;37;2;49;24;38;12;;;;;;;1976-05-to-2008-10;loto.csv
1986019-1;1986019;1;1986-05-07;ME;historic-6-plus-complementary;2;6;3;27;44;35;9;;;;;;;1976-05-to-2008-10;loto.csv
1986019-1;1986019;1;1986-05-10;SA;historic-6-plus-complementary;19;30;40;18;7;20;29;;;;;;;1976-05-to-2008-10;loto.csv
1986020-1;1986020;1;1986-05-14;ME;historic-6-plus-complementary;39;20;37;32;38;3;5;;;;;;;1976-05-to-2008-10;loto.csv
1986020-1;1986020;1;1986-05-17;SA;historic-6-plus-complementary;13;5;17;15;26;41;46;;;;;;;1976-05-to-2008-10;loto.csv
1986021-1;1986021;1;1986-05-21;ME;historic-6-plus-complementary;24;18;38;22;31;47;17;;;;;;;1976-05-to-2008-10;loto.csv
1986021-1;1986021;1;1986-05-24;SA;historic-6-plus-complementary;37;47;42;23;27;3;49;;;;;;;1976-05-to-2008-10;loto.csv
1986022-1;1986022;1;1986-05-28;ME;historic-6-plus-complementary;3;2;21;16;49;19;13;;;;;;;1976-05-to-2008-10;loto.csv
1986022-1;1986022;1;1986-05-31;SA;historic-6-plus-complementary;15;45;33;11;30;29;20;;;;;;;1976-05-to-2008-10;loto.csv
1986023-1;1986023;1;1986-06-04;ME;historic-6-plus-complementary;22;49;29;35;46;3;36;;;;;;;1976-05-to-2008-10;loto.csv
1986023-1;1986023;1;1986-06-07;SA;historic-6-plus-complementary;3;5;49;43;15;10;23;;;;;;;1976-05-to-2008-10;loto.csv
1986024-1;1986024;1;1986-06-11;ME;historic-6-plus-complementary;22;6;44;11;43;38;41;;;;;;;1976-05-to-2008-10;loto.csv
1986024-1;1986024;1;1986-06-14;SA;historic-6-plus-complementary;48;32;19;47;6;43;15;;;;;;;1976-05-to-2008-10;loto.csv
1986025-1;1986025;1;1986-06-18;ME;historic-6-plus-complementary;38;22;23;48;39;3;29;;;;;;;1976-05-to-2008-10;loto.csv
1986025-1;1986025;1;1986-06-21;SA;historic-6-plus-complementary;6;9;34;27;48;23;16;;;;;;;1976-05-to-2008-10;loto.csv
1986026-1;1986026;1;1986-06-25;ME;historic-6-plus-complementary;14;35;43;45;7;1;27;;;;;;;1976-05-to-2008-10;loto.csv
1986026-1;1986026;1;1986-06-28;SA;historic-6-plus-complementary;37;9;35;20;2;21;34;;;;;;;1976-05-to-2008-10;loto.csv
1986027-1;1986027;1;1986-07-02;ME;historic-6-plus-complementary;29;16;7;35;32;30;6;;;;;;;1976-05-to-2008-10;loto.csv
1986027-1;1986027;1;1986-07-05;SA;historic-6-plus-complementary;5;35;18;1;27;39;15;;;;;;;1976-05-to-2008-10;loto.csv
1986028-1;1986028;1;1986-07-09;ME;historic-6-plus-complementary;43;11;36;27;22;48;2;;;;;;;1976-05-to-2008-10;loto.csv
1986028-1;1986028;1;1986-07-12;SA;historic-6-plus-complementary;17;26;41;37;28;18;10;;;;;;;1976-05-to-2008-10;loto.csv
1986029-1;1986029;1;1986-07-16;ME;historic-6-plus-complementary;21;46;36;32;38;25;45;;;;;;;1976-05-to-2008-10;loto.csv
1986029-1;1986029;1;1986-07-19;SA;historic-6-plus-complementary;10;42;15;16;19;4;23;;;;;;;1976-05-to-2008-10;loto.csv
1986030-1;1986030;1;1986-07-23;ME;historic-6-plus-complementary;16;25;35;22;2;49;6;;;;;;;1976-05-to-2008-10;loto.csv
1986030-1;1986030;1;1986-07-26;SA;historic-6-plus-complementary;12;26;27;34;38;22;48;;;;;;;1976-05-to-2008-10;loto.csv
1986031-1;1986031;1;1986-07-30;ME;historic-6-plus-complementary;36;47;44;16;15;11;6;;;;;;;1976-05-to-2008-10;loto.csv
1986031-1;1986031;1;1986-08-02;SA;historic-6-plus-complementary;48;47;11;32;28;17;34;;;;;;;1976-05-to-2008-10;loto.csv
1986032-1;1986032;1;1986-08-06;ME;historic-6-plus-complementary;22;29;24;34;43;21;17;;;;;;;1976-05-to-2008-10;loto.csv
1986032-1;1986032;1;1986-08-09;SA;historic-6-plus-complementary;44;19;45;7;5;43;39;;;;;;;1976-05-to-2008-10;loto.csv
1986033-1;1986033;1;1986-08-13;ME;historic-6-plus-complementary;21;4;25;24;45;19;34;;;;;;;1976-05-to-2008-10;loto.csv
1986033-1;1986033;1;1986-08-16;SA;historic-6-plus-complementary;36;15;43;29;22;38;2;;;;;;;1976-05-to-2008-10;loto.csv
1986034-1;1986034;1;1986-08-20;ME;historic-6-plus-complementary;18;17;46;44;40;25;37;;;;;;;1976-05-to-2008-10;loto.csv
1986034-1;1986034;1;1986-08-23;SA;historic-6-plus-complementary;47;49;15;36;24;9;26;;;;;;;1976-05-to-2008-10;loto.csv
1986035-1;1986035;1;1986-08-27;ME;historic-6-plus-complementary;19;39;48;15;28;3;25;;;;;;;1976-05-to-2008-10;loto.csv
1986035-1;1986035;1;1986-08-30;SA;historic-6-plus-complementary;29;10;8;24;13;40;30;;;;;;;1976-05-to-2008-10;loto.csv
1986036-1;1986036;1;1986-09-03;ME;historic-6-plus-complementary;19;35;11;13;20;46;4;;;;;;;1976-05-to-2008-10;loto.csv
1986036-1;1986036;1;1986-09-06;SA;historic-6-plus-complementary;14;37;44;5;27;33;12;;;;;;;1976-05-to-2008-10;loto.csv
1986037-1;1986037;1;1986-09-10;ME;historic-6-plus-complementary;47;33;9;43;35;38;18;;;;;;;1976-05-to-2008-10;loto.csv
1986037-1;1986037;1;1986-09-13;SA;historic-6-plus-complementary;10;31;42;1;15;47;30;;;;;;;1976-05-to-2008-10;loto.csv
1986038-1;1986038;1;1986-09-17;ME;historic-6-plus-complementary;31;13;32;7;49;21;25;;;;;;;1976-05-to-2008-10;loto.csv
1986038-1;1986038;1;1986-09-20;SA;historic-6-plus-complementary;23;4;42;40;35;16;31;;;;;;;1976-05-to-2008-10;loto.csv
1986039-1;1986039;1;1986-09-24;ME;historic-6-plus-complementary;8;44;38;30;34;9;5;;;;;;;1976-05-to-2008-10;loto.csv
1986039-1;1986039;1;1986-09-27;SA;historic-6-plus-complementary;12;18;7;39;8;21;28;;;;;;;1976-05-to-2008-10;loto.csv
1986040-1;1986040;1;1986-10-01;ME;historic-6-plus-complementary;24;25;3;7;15;46;36;;;;;;;1976-05-to-2008-10;loto.csv
1986040-1;1986040;1;1986-10-04;SA;historic-6-plus-complementary;22;12;8;15;48;41;21;;;;;;;1976-05-to-2008-10;loto.csv
1986041-1;1986041;1;1986-10-08;ME;historic-6-plus-complementary;8;16;26;9;31;40;30;;;;;;;1976-05-to-2008-10;loto.csv
1986041-1;1986041;1;1986-10-11;SA;historic-6-plus-complementary;4;42;32;33;8;1;19;;;;;;;1976-05-to-2008-10;loto.csv
1986042-1;1986042;1;1986-10-15;ME;historic-6-plus-complementary;16;4;7;26;17;49;28;;;;;;;1976-05-to-2008-10;loto.csv
1986042-1;1986042;1;1986-10-18;SA;historic-6-plus-complementary;34;38;18;32;4;43;19;;;;;;;1976-05-to-2008-10;loto.csv
1986043-1;1986043;1;1986-10-22;ME;historic-6-plus-complementary;5;44;30;28;27;4;25;;;;;;;1976-05-to-2008-10;loto.csv
1986043-1;1986043;1;1986-10-25;SA;historic-6-plus-complementary;3;20;34;17;14;22;38;;;;;;;1976-05-to-2008-10;loto.csv
1986044-1;1986044;1;1986-10-29;ME;historic-6-plus-complementary;16;31;14;36;11;41;17;;;;;;;1976-05-to-2008-10;loto.csv
1986044-1;1986044;1;1986-11-01;SA;historic-6-plus-complementary;38;22;40;31;5;16;1;;;;;;;1976-05-to-2008-10;loto.csv
1986045-1;1986045;1;1986-11-05;ME;historic-6-plus-complementary;29;48;3;26;45;8;16;;;;;;;1976-05-to-2008-10;loto.csv
1986045-1;1986045;1;1986-11-08;SA;historic-6-plus-complementary;34;15;40;9;18;16;8;;;;;;;1976-05-to-2008-10;loto.csv
1986046-1;1986046;1;1986-11-12;ME;historic-6-plus-complementary;21;6;22;46;33;44;25;;;;;;;1976-05-to-2008-10;loto.csv
1986046-1;1986046;1;1986-11-15;SA;historic-6-plus-complementary;12;1;35;37;26;38;5;;;;;;;1976-05-to-2008-10;loto.csv
1986047-1;1986047;1;1986-11-19;ME;historic-6-plus-complementary;23;25;3;2;15;19;30;;;;;;;1976-05-to-2008-10;loto.csv
1986047-1;1986047;1;1986-11-22;SA;historic-6-plus-complementary;12;15;36;25;2;17;41;;;;;;;1976-05-to-2008-10;loto.csv
1986048-1;1986048;1;1986-11-26;ME;historic-6-plus-complementary;41;43;30;26;31;28;21;;;;;;;1976-05-to-2008-10;loto.csv
1986048-1;1986048;1;1986-11-29;SA;historic-6-plus-complementary;37;24;27;17;6;33;23;;;;;;;1976-05-to-2008-10;loto.csv
1986049-1;1986049;1;1986-12-03;ME;historic-6-plus-complementary;17;30;2;32;45;9;35;;;;;;;1976-05-to-2008-10;loto.csv
1986049-1;1986049;1;1986-12-06;SA;historic-6-plus-complementary;32;46;22;4;5;17;16;;;;;;;1976-05-to-2008-10;loto.csv
1986050-1;1986050;1;1986-12-10;ME;historic-6-plus-complementary;15;8;11;14;16;10;27;;;;;;;1976-05-to-2008-10;loto.csv
1986050-1;1986050;1;1986-12-13;SA;historic-6-plus-complementary;13;35;12;19;21;22;39;;;;;;;1976-05-to-2008-10;loto.csv
1986051-1;1986051;1;1986-12-17;ME;historic-6-plus-complementary;2;23;31;14;38;18;10;;;;;;;1976-05-to-2008-10;loto.csv
1986051-1;1986051;1;1986-12-20;SA;historic-6-plus-complementary;27;28;1;30;34;7;10;;;;;;;1976-05-to-2008-10;loto.csv
1986052-1;1986052;1;1986-12-24;ME;historic-6-plus-complementary;38;49;46;13;11;16;33;;;;;;;1976-05-to-2008-10;loto.csv
1986052-1;1986052;1;1986-12-27;SA;historic-6-plus-complementary;34;47;35;21;41;19;17;;;;;;;1976-05-to-2008-10;loto.csv
1986053-1;1986053;1;1986-12-31;ME;historic-6-plus-complementary;38;47;44;39;9;8;3;;;;;;;1976-05-to-2008-10;loto.csv
1986053-1;1986053;1;1987-01-03;SA;historic-6-plus-complementary;16;44;4;18;35;19;47;;;;;;;1976-05-to-2008-10;loto.csv
1987001-1;1987001;1;1987-01-07;ME;historic-6-plus-complementary;36;39;20;33;16;19;32;;;;;;;1976-05-to-2008-10;loto.csv
1987001-1;1987001;1;1987-01-10;SA;historic-6-plus-complementary;29;43;30;46;45;40;23;;;;;;;1976-05-to-2008-10;loto.csv
1987002-1;1987002;1;1987-01-14;ME;historic-6-plus-complementary;37;14;26;25;39;3;8;;;;;;;1976-05-to-2008-10;loto.csv
1987002-1;1987002;1;1987-01-17;SA;historic-6-plus-complementary;17;33;47;3;26;19;42;;;;;;;1976-05-to-2008-10;loto.csv
1987003-1;1987003;1;1987-01-21;ME;historic-6-plus-complementary;20;37;3;26;36;5;25;;;;;;;1976-05-to-2008-10;loto.csv
1987003-1;1987003;1;1987-01-24;SA;historic-6-plus-complementary;31;18;20;7;28;27;36;;;;;;;1976-05-to-2008-10;loto.csv
1987004-1;1987004;1;1987-01-28;ME;historic-6-plus-complementary;22;37;41;19;44;26;34;;;;;;;1976-05-to-2008-10;loto.csv
1987004-1;1987004;1;1987-01-31;SA;historic-6-plus-complementary;3;25;4;35;47;15;7;;;;;;;1976-05-to-2008-10;loto.csv
1987005-1;1987005;1;1987-02-04;ME;historic-6-plus-complementary;42;11;45;22;35;25;26;;;;;;;1976-05-to-2008-10;loto.csv
1987005-1;1987005;1;1987-02-07;SA;historic-6-plus-complementary;6;37;31;15;5;22;47;;;;;;;1976-05-to-2008-10;loto.csv
1987006-1;1987006;1;1987-02-11;ME;historic-6-plus-complementary;46;44;40;21;25;34;22;;;;;;;1976-05-to-2008-10;loto.csv
1987006-1;1987006;1;1987-02-14;SA;historic-6-plus-complementary;39;42;8;11;29;27;41;;;;;;;1976-05-to-2008-10;loto.csv
1987007-1;1987007;1;1987-02-18;ME;historic-6-plus-complementary;7;35;3;48;31;30;8;;;;;;;1976-05-to-2008-10;loto.csv
1987007-1;1987007;1;1987-02-21;SA;historic-6-plus-complementary;42;15;44;38;17;8;30;;;;;;;1976-05-to-2008-10;loto.csv
1987008-1;1987008;1;1987-02-25;ME;historic-6-plus-complementary;28;39;11;43;6;41;35;;;;;;;1976-05-to-2008-10;loto.csv
1987008-1;1987008;1;1987-02-28;SA;historic-6-plus-complementary;47;22;24;39;9;10;31;;;;;;;1976-05-to-2008-10;loto.csv
1987009-1;1987009;1;1987-03-04;ME;historic-6-plus-complementary;2;39;27;34;48;30;10;;;;;;;1976-05-to-2008-10;loto.csv
1987009-1;1987009;1;1987-03-07;SA;historic-6-plus-complementary;10;33;18;1;48;26;38;;;;;;;1976-05-to-2008-10;loto.csv
1987010-1;1987010;1;1987-03-11;ME;historic-6-plus-complementary;42;13;44;10;24;22;12;;;;;;;1976-05-to-2008-10;loto.csv
1987010-1;1987010;1;1987-03-14;SA;historic-6-plus-complementary;40;48;29;6;37;2;30;;;;;;;1976-05-to-2008-10;loto.csv
1987011-1;1987011;1;1987-03-18;ME;historic-6-plus-complementary;15;35;8;3;34;27;5;;;;;;;1976-05-to-2008-10;loto.csv
1987011-1;1987011;1;1987-03-21;SA;historic-6-plus-complementary;21;6;38;28;30;29;17;;;;;;;1976-05-to-2008-10;loto.csv
1987012-1;1987012;1;1987-03-25;ME;historic-6-plus-complementary;30;23;43;20;44;47;37;;;;;;;1976-05-to-2008-10;loto.csv
1987012-1;1987012;1;1987-03-28;SA;historic-6-plus-complementary;32;23;42;34;21;9;7;;;;;;;1976-05-to-2008-10;loto.csv
1987013-1;1987013;1;1987-04-01;ME;historic-6-plus-complementary;2;32;48;26;44;35;25;;;;;;;1976-05-to-2008-10;loto.csv
1987013-1;1987013;1;1987-04-04;SA;historic-6-plus-complementary;10;22;45;12;34;13;28;;;;;;;1976-05-to-2008-10;loto.csv
1987014-1;1987014;1;1987-04-08;ME;historic-6-plus-complementary;43;7;14;13;48;45;31;;;;;;;1976-05-to-2008-10;loto.csv
1987014-1;1987014;1;1987-04-11;SA;historic-6-plus-complementary;41;9;48;10;45;36;21;;;;;;;1976-05-to-2008-10;loto.csv
1987015-1;1987015;1;1987-04-15;ME;historic-6-plus-complementary;5;29;41;42;6;47;39;;;;;;;1976-05-to-2008-10;loto.csv
1987015-1;1987015;1;1987-04-18;SA;historic-6-plus-complementary;10;29;49;26;6;39;5;;;;;;;1976-05-to-2008-10;loto.csv
1987016-1;1987016;1;1987-04-22;ME;historic-6-plus-complementary;1;32;7;27;31;16;14;;;;;;;1976-05-to-2008-10;loto.csv
1987016-1;1987016;1;1987-04-25;SA;historic-6-plus-complementary;6;35;37;38;13;11;17;;;;;;;1976-05-to-2008-10;loto.csv
1987017-1;1987017;1;1987-04-29;ME;historic-6-plus-complementary;13;30;1;47;21;17;37;;;;;;;1976-05-to-2008-10;loto.csv
1987017-1;1987017;1;1987-05-02;SA;historic-6-plus-complementary;33;29;5;15;19;24;2;;;;;;;1976-05-to-2008-10;loto.csv
1987018-1;1987018;1;1987-05-06;ME;historic-6-plus-complementary;18;34;8;2;28;17;24;;;;;;;1976-05-to-2008-10;loto.csv
1987018-1;1987018;1;1987-05-09;SA;historic-6-plus-complementary;29;43;17;16;15;48;9;;;;;;;1976-05-to-2008-10;loto.csv
1987019-1;1987019;1;1987-05-13;ME;historic-6-plus-complementary;28;38;44;7;40;33;6;;;;;;;1976-05-to-2008-10;loto.csv
1987019-1;1987019;1;1987-05-16;SA;historic-6-plus-complementary;29;42;38;18;39;37;22;;;;;;;1976-05-to-2008-10;loto.csv
1987020-1;1987020;1;1987-05-20;ME;historic-6-plus-complementary;31;30;48;39;7;16;27;;;;;;;1976-05-to-2008-10;loto.csv
1987020-1;1987020;1;1987-05-23;SA;historic-6-plus-complementary;44;20;43;48;17;45;11;;;;;;;1976-05-to-2008-10;loto.csv
1987021-1;1987021;1;1987-05-27;ME;historic-6-plus-complementary;33;38;7;49;17;10;36;;;;;;;1976-05-to-2008-10;loto.csv
1987021-1;1987021;1;1987-05-30;SA;historic-6-plus-complementary;23;42;8;33;2;27;7;;;;;;;1976-05-to-2008-10;loto.csv
1987022-1;1987022;1;1987-06-03;ME;historic-6-plus-complementary;33;47;27;20;45;8;35;;;;;;;1976-05-to-2008-10;loto.csv
1987022-1;1987022;1;1987-06-06;SA;historic-6-plus-complementary;17;6;40;16;4;9;7;;;;;;;1976-05-to-2008-10;loto.csv
1987023-1;1987023;1;1987-06-10;ME;historic-6-plus-complementary;48;1;23;32;39;21;26;;;;;;;1976-05-to-2008-10;loto.csv
1987023-1;1987023;1;1987-06-13;SA;historic-6-plus-complementary;31;15;25;26;38;46;37;;;;;;;1976-05-to-2008-10;loto.csv
1987024-1;1987024;1;1987-06-17;ME;historic-6-plus-complementary;13;34;7;29;15;38;2;;;;;;;1976-05-to-2008-10;loto.csv
1987024-1;1987024;1;1987-06-20;SA;historic-6-plus-complementary;5;38;14;30;13;33;6;;;;;;;1976-05-to-2008-10;loto.csv
1987025-1;1987025;1;1987-06-24;ME;historic-6-plus-complementary;27;43;39;35;12;21;14;;;;;;;1976-05-to-2008-10;loto.csv
1987025-1;1987025;1;1987-06-27;SA;historic-6-plus-complementary;2;48;46;21;35;14;22;;;;;;;1976-05-to-2008-10;loto.csv
1987026-1;1987026;1;1987-07-01;ME;historic-6-plus-complementary;7;6;25;46;13;9;45;;;;;;;1976-05-to-2008-10;loto.csv
1987026-1;1987026;1;1987-07-04;SA;historic-6-plus-complementary;26;45;14;20;36;9;4;;;;;;;1976-05-to-2008-10;loto.csv
1987027-1;1987027;1;1987-07-08;ME;historic-6-plus-complementary;7;12;48;25;5;3;34;;;;;;;1976-05-to-2008-10;loto.csv
1987027-1;1987027;1;1987-07-11;SA;historic-6-plus-complementary;42;7;11;29;28;39;45;;;;;;;1976-05-to-2008-10;loto.csv
1987028-1;1987028;1;1987-07-15;ME;historic-6-plus-complementary;26;20;25;47;8;27;43;;;;;;;1976-05-to-2008-10;loto.csv
1987028-1;1987028;1;1987-07-18;SA;historic-6-plus-complementary;38;26;31;23;22;43;14;;;;;;;1976-05-to-2008-10;loto.csv
1987029-1;1987029;1;1987-07-22;ME;historic-6-plus-complementary;24;6;9;16;8;20;22;;;;;;;1976-05-to-2008-10;loto.csv
1987029-1;1987029;1;1987-07-25;SA;historic-6-plus-complementary;7;11;2;27;24;10;44;;;;;;;1976-05-to-2008-10;loto.csv
1987030-1;1987030;1;1987-07-29;ME;historic-6-plus-complementary;16;26;6;15;49;4;5;;;;;;;1976-05-to-2008-10;loto.csv
1987030-1;1987030;1;1987-08-01;SA;historic-6-plus-complementary;38;24;37;39;20;35;33;;;;;;;1976-05-to-2008-10;loto.csv
1987031-1;1987031;1;1987-08-05;ME;historic-6-plus-complementary;43;22;2;1;15;32;44;;;;;;;1976-05-to-2008-10;loto.csv
1987031-1;1987031;1;1987-08-08;SA;historic-6-plus-complementary;18;46;41;16;35;31;39;;;;;;;1976-05-to-2008-10;loto.csv
1987032-1;1987032;1;1987-08-12;ME;historic-6-plus-complementary;24;20;49;48;13;26;19;;;;;;;1976-05-to-2008-10;loto.csv
1987032-1;1987032;1;1987-08-15;SA;historic-6-plus-complementary;13;46;22;27;37;12;8;;;;;;;1976-05-to-2008-10;loto.csv
1987033-1;1987033;1;1987-08-19;ME;historic-6-plus-complementary;4;25;36;29;2;10;27;;;;;;;1976-05-to-2008-10;loto.csv
1987033-1;1987033;1;1987-08-22;SA;historic-6-plus-complementary;36;28;25;27;23;40;24;;;;;;;1976-05-to-2008-10;loto.csv
1987034-1;1987034;1;1987-08-26;ME;historic-6-plus-complementary;16;43;8;42;6;36;44;;;;;;;1976-05-to-2008-10;loto.csv
1987034-1;1987034;1;1987-08-29;SA;historic-6-plus-complementary;41;34;42;25;14;1;44;;;;;;;1976-05-to-2008-10;loto.csv
1987035-1;1987035;1;1987-09-02;ME;historic-6-plus-complementary;18;24;47;1;20;21;12;;;;;;;1976-05-to-2008-10;loto.csv
1987035-1;1987035;1;1987-09-05;SA;historic-6-plus-complementary;6;19;16;46;34;5;21;;;;;;;1976-05-to-2008-10;loto.csv
1987036-1;1987036;1;1987-09-09;ME;historic-6-plus-complementary;18;23;33;44;19;34;31;;;;;;;1976-05-to-2008-10;loto.csv
1987036-1;1987036;1;1987-09-12;SA;historic-6-plus-complementary;26;17;9;43;34;25;6;;;;;;;1976-05-to-2008-10;loto.csv
1987037-1;1987037;1;1987-09-16;ME;historic-6-plus-complementary;44;12;16;40;43;23;37;;;;;;;1976-05-to-2008-10;loto.csv
1987037-1;1987037;1;1987-09-19;SA;historic-6-plus-complementary;18;11;4;14;13;20;37;;;;;;;1976-05-to-2008-10;loto.csv
1987038-1;1987038;1;1987-09-23;ME;historic-6-plus-complementary;19;3;11;46;12;16;25;;;;;;;1976-05-to-2008-10;loto.csv
1987038-1;1987038;1;1987-09-26;SA;historic-6-plus-complementary;13;48;41;43;22;32;21;;;;;;;1976-05-to-2008-10;loto.csv
1987039-1;1987039;1;1987-09-30;ME;historic-6-plus-complementary;36;2;34;38;22;32;7;;;;;;;1976-05-to-2008-10;loto.csv
1987039-1;1987039;1;1987-10-03;SA;historic-6-plus-complementary;2;4;44;29;19;1;21;;;;;;;1976-05-to-2008-10;loto.csv
1987040-1;1987040;1;1987-10-07;ME;historic-6-plus-complementary;21;4;39;15;23;24;48;;;;;;;1976-05-to-2008-10;loto.csv
1987040-1;1987040;1;1987-10-10;SA;historic-6-plus-complementary;2;39;10;43;46;42;38;;;;;;;1976-05-to-2008-10;loto.csv
1987041-1;1987041;1;1987-10-14;ME;historic-6-plus-complementary;40;46;21;13;12;9;28;;;;;;;1976-05-to-2008-10;loto.csv
1987041-1;1987041;1;1987-10-17;SA;historic-6-plus-complementary;14;22;28;18;23;35;17;;;;;;;1976-05-to-2008-10;loto.csv
1987042-1;1987042;1;1987-10-21;ME;historic-6-plus-complementary;14;31;18;45;13;15;26;;;;;;;1976-05-to-2008-10;loto.csv
1987042-1;1987042;1;1987-10-24;SA;historic-6-plus-complementary;33;37;49;39;12;30;34;;;;;;;1976-05-to-2008-10;loto.csv
1987043-1;1987043;1;1987-10-28;ME;historic-6-plus-complementary;20;34;15;44;38;22;1;;;;;;;1976-05-to-2008-10;loto.csv
1987043-1;1987043;1;1987-10-31;SA;historic-6-plus-complementary;41;32;15;48;5;46;44;;;;;;;1976-05-to-2008-10;loto.csv
1987044-1;1987044;1;1987-11-04;ME;historic-6-plus-complementary;11;33;38;46;13;35;4;;;;;;;1976-05-to-2008-10;loto.csv
1987044-1;1987044;1;1987-11-07;SA;historic-6-plus-complementary;18;47;21;7;2;38;4;;;;;;;1976-05-to-2008-10;loto.csv
1987045-1;1987045;1;1987-11-11;ME;historic-6-plus-complementary;47;26;35;46;13;22;49;;;;;;;1976-05-to-2008-10;loto.csv
1987045-1;1987045;1;1987-11-14;SA;historic-6-plus-complementary;40;17;15;6;8;14;21;;;;;;;1976-05-to-2008-10;loto.csv
1987046-1;1987046;1;1987-11-18;ME;historic-6-plus-complementary;44;42;38;48;8;22;6;;;;;;;1976-05-to-2008-10;loto.csv
1987046-1;1987046;1;1987-11-21;SA;historic-6-plus-complementary;47;16;31;49;18;15;9;;;;;;;1976-05-to-2008-10;loto.csv
1987047-1;1987047;1;1987-11-25;ME;historic-6-plus-complementary;3;10;29;49;25;33;32;;;;;;;1976-05-to-2008-10;loto.csv
1987047-1;1987047;1;1987-11-28;SA;historic-6-plus-complementary;10;39;12;42;11;24;49;;;;;;;1976-05-to-2008-10;loto.csv
1987048-1;1987048;1;1987-12-02;ME;historic-6-plus-complementary;26;4;44;21;3;10;31;;;;;;;1976-05-to-2008-10;loto.csv
1987048-1;1987048;1;1987-12-05;SA;historic-6-plus-complementary;43;9;26;49;16;41;17;;;;;;;1976-05-to-2008-10;loto.csv
1987049-1;1987049;1;1987-12-09;ME;historic-6-plus-complementary;37;3;8;23;24;9;18;;;;;;;1976-05-to-2008-10;loto.csv
1987049-1;1987049;1;1987-12-12;SA;historic-6-plus-complementary;34;33;41;12;40;48;43;;;;;;;1976-05-to-2008-10;loto.csv
1987050-1;1987050;1;1987-12-16;ME;historic-6-plus-complementary;32;12;40;27;36;1;8;;;;;;;1976-05-to-2008-10;loto.csv
1987050-1;1987050;1;1987-12-19;SA;historic-6-plus-complementary;45;4;33;49;15;21;26;;;;;;;1976-05-to-2008-10;loto.csv
1987051-1;1987051;1;1987-12-23;ME;historic-6-plus-complementary;44;23;14;43;3;49;9;;;;;;;1976-05-to-2008-10;loto.csv
1987051-1;1987051;1;1987-12-26;SA;historic-6-plus-complementary;30;23;27;15;29;35;47;;;;;;;1976-05-to-2008-10;loto.csv
1987052-1;1987052;1;1987-12-30;ME;historic-6-plus-complementary;11;17;1;25;19;46;42;;;;;;;1976-05-to-2008-10;loto.csv
1987052-1;1987052;1;1988-01-02;SA;historic-6-plus-complementary;6;4;7;18;43;15;30;;;;;;;1976-05-to-2008-10;loto.csv
1988001-1;1988001;1;1988-01-06;ME;historic-6-plus-complementary;40;16;45;22;44;14;19;;;;;;;1976-05-to-2008-10;loto.csv
1988001-1;1988001;1;1988-01-09;SA;historic-6-plus-complementary;38;21;24;43;36;2;16;;;;;;;1976-05-to-2008-10;loto.csv
1988002-1;1988002;1;1988-01-13;ME;historic-6-plus-complementary;23;10;39;27;18;40;20;;;;;;;1976-05-to-2008-10;loto.csv
1988002-1;1988002;1;1988-01-16;SA;historic-6-plus-complementary;18;19;8;48;14;12;39;;;;;;;1976-05-to-2008-10;loto.csv
1988003-1;1988003;1;1988-01-20;ME;historic-6-plus-complementary;11;32;26;29;49;24;47;;;;;;;1976-05-to-2008-10;loto.csv
1988003-1;1988003;1;1988-01-23;SA;historic-6-plus-complementary;18;41;1;28;43;3;17;;;;;;;1976-05-to-2008-10;loto.csv
1988004-1;1988004;1;1988-01-27;ME;historic-6-plus-complementary;47;1;23;38;18;4;32;;;;;;;1976-05-to-2008-10;loto.csv
1988004-1;1988004;1;1988-01-30;SA;historic-6-plus-complementary;34;5;8;41;46;11;45;;;;;;;1976-05-to-2008-10;loto.csv
1988005-1;1988005;1;1988-02-03;ME;historic-6-plus-complementary;47;11;41;3;29;22;28;;;;;;;1976-05-to-2008-10;loto.csv
1988005-1;1988005;1;1988-02-06;SA;historic-6-plus-complementary;21;31;37;38;8;3;4;;;;;;;1976-05-to-2008-10;loto.csv
1988006-1;1988006;1;1988-02-10;ME;historic-6-plus-complementary;36;10;47;32;45;2;3;;;;;;;1976-05-to-2008-10;loto.csv
1988006-1;1988006;1;1988-02-13;SA;historic-6-plus-complementary;23;30;8;29;41;49;25;;;;;;;1976-05-to-2008-10;loto.csv
1988007-1;1988007;1;1988-02-17;ME;historic-6-plus-complementary;11;48;45;36;34;27;13;;;;;;;1976-05-to-2008-10;loto.csv
1988007-1;1988007;1;1988-02-20;SA;historic-6-plus-complementary;20;41;33;35;25;16;11;;;;;;;1976-05-to-2008-10;loto.csv
1988008-1;1988008;1;1988-02-24;ME;historic-6-plus-complementary;4;26;32;9;35;49;20;;;;;;;1976-05-to-2008-10;loto.csv
1988008-1;1988008;1;1988-02-27;SA;historic-6-plus-complementary;28;34;37;39;46;32;27;;;;;;;1976-05-to-2008-10;loto.csv
1988009-1;1988009;1;1988-03-02;ME;historic-6-plus-complementary;28;49;21;20;19;39;32;;;;;;;1976-05-to-2008-10;loto.csv
1988009-1;1988009;1;1988-03-05;SA;historic-6-plus-complementary;16;23;29;31;5;42;8;;;;;;;1976-05-to-2008-10;loto.csv
1988010-1;1988010;1;1988-03-09;ME;historic-6-plus-complementary;14;5;31;46;43;48;19;;;;;;;1976-05-to-2008-10;loto.csv
1988010-1;1988010;1;1988-03-12;SA;historic-6-plus-complementary;36;16;7;3;41;31;20;;;;;;;1976-05-to-2008-10;loto.csv
1988011-1;1988011;1;1988-03-16;ME;historic-6-plus-complementary;28;5;18;35;16;29;34;;;;;;;1976-05-to-2008-10;loto.csv
1988011-1;1988011;1;1988-03-19;SA;historic-6-plus-complementary;15;23;45;17;43;31;7;;;;;;;1976-05-to-2008-10;loto.csv
1988012-1;1988012;1;1988-03-23;ME;historic-6-plus-complementary;1;20;16;30;29;34;45;;;;;;;1976-05-to-2008-10;loto.csv
1988012-1;1988012;1;1988-03-26;SA;historic-6-plus-complementary;16;7;6;40;28;33;13;;;;;;;1976-05-to-2008-10;loto.csv
1988013-1;1988013;1;1988-03-30;ME;historic-6-plus-complementary;24;37;40;31;14;35;18;;;;;;;1976-05-to-2008-10;loto.csv
1988013-1;1988013;1;1988-04-02;SA;historic-6-plus-complementary;27;16;1;48;22;10;4;;;;;;;1976-05-to-2008-10;loto.csv
1988014-1;1988014;1;1988-04-06;ME;historic-6-plus-complementary;14;18;21;26;42;35;43;;;;;;;1976-05-to-2008-10;loto.csv
1988014-1;1988014;1;1988-04-09;SA;historic-6-plus-complementary;43;17;47;8;38;30;37;;;;;;;1976-05-to-2008-10;loto.csv
1988015-1;1988015;1;1988-04-13;ME;historic-6-plus-complementary;4;35;36;16;11;38;40;;;;;;;1976-05-to-2008-10;loto.csv
1988015-1;1988015;1;1988-04-16;SA;historic-6-plus-complementary;13;17;43;5;29;42;45;;;;;;;1976-05-to-2008-10;loto.csv
1988016-1;1988016;1;1988-04-20;ME;historic-6-plus-complementary;16;3;17;33;9;7;29;;;;;;;1976-05-to-2008-10;loto.csv
1988016-1;1988016;1;1988-04-23;SA;historic-6-plus-complementary;49;39;47;16;12;34;8;;;;;;;1976-05-to-2008-10;loto.csv
1988017-1;1988017;1;1988-04-27;ME;historic-6-plus-complementary;7;24;36;31;5;44;20;;;;;;;1976-05-to-2008-10;loto.csv
1988017-1;1988017;1;1988-04-30;SA;historic-6-plus-complementary;32;14;4;19;9;41;3;;;;;;;1976-05-to-2008-10;loto.csv
1988018-1;1988018;1;1988-05-04;ME;historic-6-plus-complementary;7;17;5;15;14;4;20;;;;;;;1976-05-to-2008-10;loto.csv
1988018-1;1988018;1;1988-05-07;SA;historic-6-plus-complementary;26;15;24;6;27;25;23;;;;;;;1976-05-to-2008-10;loto.csv
1988019-1;1988019;1;1988-05-11;ME;historic-6-plus-complementary;32;19;8;7;4;42;41;;;;;;;1976-05-to-2008-10;loto.csv
1988019-1;1988019;1;1988-05-14;SA;historic-6-plus-complementary;46;23;10;33;30;17;6;;;;;;;1976-05-to-2008-10;loto.csv
1988020-1;1988020;1;1988-05-18;ME;historic-6-plus-complementary;21;13;24;3;20;12;11;;;;;;;1976-05-to-2008-10;loto.csv
1988020-1;1988020;1;1988-05-21;SA;historic-6-plus-complementary;19;46;14;38;21;11;30;;;;;;;1976-05-to-2008-10;loto.csv
1988021-1;1988021;1;1988-05-25;ME;historic-6-plus-complementary;27;36;40;8;24;46;49;;;;;;;1976-05-to-2008-10;loto.csv
1988021-1;1988021;1;1988-05-28;SA;historic-6-plus-complementary;49;20;16;24;37;1;31;;;;;;;1976-05-to-2008-10;loto.csv
1988022-1;1988022;1;1988-06-01;ME;historic-6-plus-complementary;13;48;4;33;11;7;37;;;;;;;1976-05-to-2008-10;loto.csv
1988022-1;1988022;1;1988-06-04;SA;historic-6-plus-complementary;26;23;25;47;15;2;14;;;;;;;1976-05-to-2008-10;loto.csv
1988023-1;1988023;1;1988-06-08;ME;historic-6-plus-complementary;8;45;16;12;3;29;38;;;;;;;1976-05-to-2008-10;loto.csv
1988023-1;1988023;1;1988-06-11;SA;historic-6-plus-complementary;40;41;7;22;36;28;14;;;;;;;1976-05-to-2008-10;loto.csv
1988024-1;1988024;1;1988-06-15;ME;historic-6-plus-complementary;29;8;42;48;7;47;17;;;;;;;1976-05-to-2008-10;loto.csv
1988024-1;1988024;1;1988-06-18;SA;historic-6-plus-complementary;38;10;36;2;26;47;42;;;;;;;1976-05-to-2008-10;loto.csv
1988025-1;1988025;1;1988-06-22;ME;historic-6-plus-complementary;48;33;19;12;24;31;28;;;;;;;1976-05-to-2008-10;loto.csv
1988025-1;1988025;1;1988-06-25;SA;historic-6-plus-complementary;36;20;39;17;6;11;26;;;;;;;1976-05-to-2008-10;loto.csv
1988026-1;1988026;1;1988-06-29;ME;historic-6-plus-complementary;40;44;32;33;26;48;2;;;;;;;1976-05-to-2008-10;loto.csv
1988026-1;1988026;1;1988-07-02;SA;historic-6-plus-complementary;45;19;2;9;31;43;28;;;;;;;1976-05-to-2008-10;loto.csv
1988027-1;1988027;1;1988-07-06;ME;historic-6-plus-complementary;25;34;3;5;32;38;20;;;;;;;1976-05-to-2008-10;loto.csv
1988027-1;1988027;1;1988-07-09;SA;historic-6-plus-complementary;42;36;39;7;27;15;1;;;;;;;1976-05-to-2008-10;loto.csv
1988028-1;1988028;1;1988-07-13;ME;historic-6-plus-complementary;17;14;18;37;3;36;39;;;;;;;1976-05-to-2008-10;loto.csv
1988028-1;1988028;1;1988-07-16;SA;historic-6-plus-complementary;33;41;18;35;45;37;16;;;;;;;1976-05-to-2008-10;loto.csv
1988029-1;1988029;1;1988-07-20;ME;historic-6-plus-complementary;49;4;20;8;16;10;36;;;;;;;1976-05-to-2008-10;loto.csv
1988029-1;1988029;1;1988-07-23;SA;historic-6-plus-complementary;38;11;23;49;25;31;4;;;;;;;1976-05-to-2008-10;loto.csv
1988030-1;1988030;1;1988-07-27;ME;historic-6-plus-complementary;27;11;15;36;25;20;1;;;;;;;1976-05-to-2008-10;loto.csv
1988030-1;1988030;1;1988-07-30;SA;historic-6-plus-complementary;35;46;16;33;31;32;34;;;;;;;1976-05-to-2008-10;loto.csv
1988031-1;1988031;1;1988-08-03;ME;historic-6-plus-complementary;4;24;27;29;30;44;26;;;;;;;1976-05-to-2008-10;loto.csv
1988031-1;1988031;1;1988-08-06;SA;historic-6-plus-complementary;1;44;24;46;38;41;8;;;;;;;1976-05-to-2008-10;loto.csv
1988032-1;1988032;1;1988-08-10;ME;historic-6-plus-complementary;3;35;27;16;25;29;33;;;;;;;1976-05-to-2008-10;loto.csv
1988032-1;1988032;1;1988-08-13;SA;historic-6-plus-complementary;28;10;32;23;1;3;15;;;;;;;1976-05-to-2008-10;loto.csv
1988033-1;1988033;1;1988-08-17;ME;historic-6-plus-complementary;14;6;31;25;9;19;38;;;;;;;1976-05-to-2008-10;loto.csv
1988033-1;1988033;1;1988-08-20;SA;historic-6-plus-complementary;20;15;23;25;47;12;39;;;;;;;1976-05-to-2008-10;loto.csv
1988034-1;1988034;1;1988-08-24;ME;historic-6-plus-complementary;26;46;30;29;49;24;39;;;;;;;1976-05-to-2008-10;loto.csv
1988034-1;1988034;1;1988-08-27;SA;historic-6-plus-complementary;24;40;14;18;2;12;7;;;;;;;1976-05-to-2008-10;loto.csv
1988035-1;1988035;1;1988-08-31;ME;historic-6-plus-complementary;7;31;37;5;6;23;24;;;;;;;1976-05-to-2008-10;loto.csv
1988035-1;1988035;1;1988-09-03;SA;historic-6-plus-complementary;25;42;36;14;1;5;18;;;;;;;1976-05-to-2008-10;loto.csv
1988036-1;1988036;1;1988-09-07;ME;historic-6-plus-complementary;8;17;6;28;29;5;21;;;;;;;1976-05-to-2008-10;loto.csv
1988036-1;1988036;1;1988-09-10;SA;historic-6-plus-complementary;23;16;15;9;12;34;45;;;;;;;1976-05-to-2008-10;loto.csv
1988037-1;1988037;1;1988-09-14;ME;historic-6-plus-complementary;6;13;4;18;44;24;27;;;;;;;1976-05-to-2008-10;loto.csv
1988037-1;1988037;1;1988-09-17;SA;historic-6-plus-complementary;39;16;48;36;32;40;17;;;;;;;1976-05-to-2008-10;loto.csv
1988038-1;1988038;1;1988-09-21;ME;historic-6-plus-complementary;20;21;45;39;17;16;29;;;;;;;1976-05-to-2008-10;loto.csv
1988038-1;1988038;1;1988-09-24;SA;historic-6-plus-complementary;5;40;49;26;33;18;20;;;;;;;1976-05-to-2008-10;loto.csv
1988039-1;1988039;1;1988-09-28;ME;historic-6-plus-complementary;22;11;19;36;30;21;1;;;;;;;1976-05-to-2008-10;loto.csv
1988039-1;1988039;1;1988-10-01;SA;historic-6-plus-complementary;4;31;46;49;16;48;40;;;;;;;1976-05-to-2008-10;loto.csv
1988040-1;1988040;1;1988-10-05;ME;historic-6-plus-complementary;32;42;6;24;5;28;36;;;;;;;1976-05-to-2008-10;loto.csv
1988040-1;1988040;1;1988-10-08;SA;historic-6-plus-complementary;28;25;29;35;43;26;45;;;;;;;1976-05-to-2008-10;loto.csv
1988041-1;1988041;1;1988-10-12;ME;historic-6-plus-complementary;24;47;22;33;20;13;31;;;;;;;1976-05-to-2008-10;loto.csv
1988041-1;1988041;1;1988-10-15;SA;historic-6-plus-complementary;21;19;48;24;1;5;10;;;;;;;1976-05-to-2008-10;loto.csv
1988042-1;1988042;1;1988-10-19;ME;historic-6-plus-complementary;21;37;5;19;44;47;23;;;;;;;1976-05-to-2008-10;loto.csv
1988042-1;1988042;1;1988-10-22;SA;historic-6-plus-complementary;12;16;41;8;21;20;7;;;;;;;1976-05-to-2008-10;loto.csv
1988043-1;1988043;1;1988-10-26;ME;historic-6-plus-complementary;17;34;33;24;8;15;29;;;;;;;1976-05-to-2008-10;loto.csv
1988043-1;1988043;1;1988-10-29;SA;historic-6-plus-complementary;11;4;9;8;32;14;27;;;;;;;1976-05-to-2008-10;loto.csv
1988044-1;1988044;1;1988-11-02;ME;historic-6-plus-complementary;18;46;38;22;10;16;5;;;;;;;1976-05-to-2008-10;loto.csv
1988044-1;1988044;1;1988-11-05;SA;historic-6-plus-complementary;7;26;41;33;49;43;14;;;;;;;1976-05-to-2008-10;loto.csv
1988045-1;1988045;1;1988-11-09;ME;historic-6-plus-complementary;20;14;45;12;3;39;4;;;;;;;1976-05-to-2008-10;loto.csv
1988045-1;1988045;1;1988-11-12;SA;historic-6-plus-complementary;1;8;20;48;45;16;43;;;;;;;1976-05-to-2008-10;loto.csv
1988046-1;1988046;1;1988-11-16;ME;historic-6-plus-complementary;26;13;10;37;30;16;48;;;;;;;1976-05-to-2008-10;loto.csv
1988046-1;1988046;1;1988-11-19;SA;historic-6-plus-complementary;36;25;2;3;5;28;24;;;;;;;1976-05-to-2008-10;loto.csv
1988047-1;1988047;1;1988-11-23;ME;historic-6-plus-complementary;10;14;31;9;48;20;28;;;;;;;1976-05-to-2008-10;loto.csv
1988047-1;1988047;1;1988-11-26;SA;historic-6-plus-complementary;6;5;8;34;45;48;42;;;;;;;1976-05-to-2008-10;loto.csv
1988048-1;1988048;1;1988-11-30;ME;historic-6-plus-complementary;34;42;11;27;36;43;32;;;;;;;1976-05-to-2008-10;loto.csv
1988048-1;1988048;1;1988-12-03;SA;historic-6-plus-complementary;2;38;21;31;11;44;25;;;;;;;1976-05-to-2008-10;loto.csv
1988049-1;1988049;1;1988-12-07;ME;historic-6-plus-complementary;34;6;43;8;12;1;40;;;;;;;1976-05-to-2008-10;loto.csv
1988049-1;1988049;1;1988-12-10;SA;historic-6-plus-complementary;47;19;25;31;40;37;14;;;;;;;1976-05-to-2008-10;loto.csv
1988050-1;1988050;1;1988-12-14;ME;historic-6-plus-complementary;20;5;32;3;7;42;18;;;;;;;1976-05-to-2008-10;loto.csv
1988050-1;1988050;1;1988-12-17;SA;historic-6-plus-complementary;41;2;39;8;7;33;28;;;;;;;1976-05-to-2008-10;loto.csv
1988051-1;1988051;1;1988-12-21;ME;historic-6-plus-complementary;30;20;23;32;21;24;18;;;;;;;1976-05-to-2008-10;loto.csv
1988051-1;1988051;1;1988-12-24;SA;historic-6-plus-complementary;40;43;13;22;23;27;21;;;;;;;1976-05-to-2008-10;loto.csv
1988052-1;1988052;1;1988-12-28;ME;historic-6-plus-complementary;1;34;15;22;26;16;36;;;;;;;1976-05-to-2008-10;loto.csv
1988052-1;1988052;1;1988-12-31;SA;historic-6-plus-complementary;40;46;42;30;33;43;32;;;;;;;1976-05-to-2008-10;loto.csv
1989001-1;1989001;1;1989-01-04;ME;historic-6-plus-complementary;16;8;7;40;19;27;44;;;;;;;1976-05-to-2008-10;loto.csv
1989001-1;1989001;1;1989-01-07;SA;historic-6-plus-complementary;24;3;12;1;42;41;19;;;;;;;1976-05-to-2008-10;loto.csv
1989002-1;1989002;1;1989-01-11;ME;historic-6-plus-complementary;49;38;28;34;43;44;27;;;;;;;1976-05-to-2008-10;loto.csv
1989002-1;1989002;1;1989-01-14;SA;historic-6-plus-complementary;22;39;49;25;10;17;36;;;;;;;1976-05-to-2008-10;loto.csv
1989003-1;1989003;1;1989-01-18;ME;historic-6-plus-complementary;1;22;31;2;43;27;11;;;;;;;1976-05-to-2008-10;loto.csv
1989003-1;1989003;1;1989-01-21;SA;historic-6-plus-complementary;17;36;32;42;33;5;1;;;;;;;1976-05-to-2008-10;loto.csv
1989004-1;1989004;1;1989-01-25;ME;historic-6-plus-complementary;27;31;16;19;15;24;6;;;;;;;1976-05-to-2008-10;loto.csv
1989004-1;1989004;1;1989-01-28;SA;historic-6-plus-complementary;43;1;5;48;24;25;11;;;;;;;1976-05-to-2008-10;loto.csv
1989005-1;1989005;1;1989-02-01;ME;historic-6-plus-complementary;14;42;41;30;9;25;21;;;;;;;1976-05-to-2008-10;loto.csv
1989005-1;1989005;1;1989-02-04;SA;historic-6-plus-complementary;40;21;18;22;46;44;17;;;;;;;1976-05-to-2008-10;loto.csv
1989006-1;1989006;1;1989-02-08;ME;historic-6-plus-complementary;17;37;30;48;23;35;28;;;;;;;1976-05-to-2008-10;loto.csv
1989006-1;1989006;1;1989-02-11;SA;historic-6-plus-complementary;3;33;9;25;8;47;6;;;;;;;1976-05-to-2008-10;loto.csv
1989007-1;1989007;1;1989-02-15;ME;historic-6-plus-complementary;8;30;45;28;26;37;46;;;;;;;1976-05-to-2008-10;loto.csv
1989007-1;1989007;1;1989-02-18;SA;historic-6-plus-complementary;4;26;27;32;18;12;43;;;;;;;1976-05-to-2008-10;loto.csv
1989008-1;1989008;1;1989-02-22;ME;historic-6-plus-complementary;14;32;16;3;15;48;13;;;;;;;1976-05-to-2008-10;loto.csv
1989008-1;1989008;1;1989-02-25;SA;historic-6-plus-complementary;36;35;22;16;37;18;48;;;;;;;1976-05-to-2008-10;loto.csv
1989009-1;1989009;1;1989-03-01;ME;historic-6-plus-complementary;49;38;35;2;21;29;1;;;;;;;1976-05-to-2008-10;loto.csv
1989009-1;1989009;1;1989-03-04;SA;historic-6-plus-complementary;18;49;29;13;31;7;23;;;;;;;1976-05-to-2008-10;loto.csv
1989010-1;1989010;1;1989-03-08;ME;historic-6-plus-complementary;34;9;13;42;35;2;15;;;;;;;1976-05-to-2008-10;loto.csv
1989010-1;1989010;1;1989-03-11;SA;historic-6-plus-complementary;19;26;30;20;45;7;47;;;;;;;1976-05-to-2008-10;loto.csv
1989011-1;1989011;1;1989-03-15;ME;historic-6-plus-complementary;8;17;37;3;28;39;2;;;;;;;1976-05-to-2008-10;loto.csv
1989011-1;1989011;1;1989-03-18;SA;historic-6-plus-complementary;3;31;22;13;42;27;2;;;;;;;1976-05-to-2008-10;loto.csv
1989012-1;1989012;1;1989-03-22;ME;historic-6-plus-complementary;35;41;20;49;33;14;12;;;;;;;1976-05-to-2008-10;loto.csv
1989012-1;1989012;1;1989-03-25;SA;historic-6-plus-complementary;17;16;45;37;25;15;32;;;;;;;1976-05-to-2008-10;loto.csv
1989013-1;1989013;1;1989-03-29;ME;historic-6-plus-complementary;11;4;19;2;22;13;25;;;;;;;1976-05-to-2008-10;loto.csv
1989013-1;1989013;1;1989-04-01;SA;historic-6-plus-complementary;24;44;1;17;38;40;30;;;;;;;1976-05-to-2008-10;loto.csv
1989014-1;1989014;1;1989-04-05;ME;historic-6-plus-complementary;21;39;31;6;33;8;2;;;;;;;1976-05-to-2008-10;loto.csv
1989014-1;1989014;1;1989-04-08;SA;historic-6-plus-complementary;30;18;42;2;24;17;37;;;;;;;1976-05-to-2008-10;loto.csv
1989015-1;1989015;1;1989-04-12;ME;historic-6-plus-complementary;24;6;16;41;26;19;9;;;;;;;1976-05-to-2008-10;loto.csv
1989015-1;1989015;1;1989-04-15;SA;historic-6-plus-complementary;36;29;34;10;13;19;43;;;;;;;1976-05-to-2008-10;loto.csv
1989016-1;1989016;1;1989-04-19;ME;historic-6-plus-complementary;11;1;10;18;16;25;12;;;;;;;1976-05-to-2008-10;loto.csv
1989016-1;1989016;1;1989-04-22;SA;historic-6-plus-complementary;36;22;6;48;41;2;42;;;;;;;1976-05-to-2008-10;loto.csv
1989017-1;1989017;1;1989-04-26;ME;historic-6-plus-complementary;29;1;8;31;33;34;15;;;;;;;1976-05-to-2008-10;loto.csv
1989017-1;1989017;1;1989-04-29;SA;historic-6-plus-complementary;34;12;5;46;33;43;13;;;;;;;1976-05-to-2008-10;loto.csv
1989018-1;1989018;1;1989-05-03;ME;historic-6-plus-complementary;49;41;42;39;18;2;6;;;;;;;1976-05-to-2008-10;loto.csv
1989018-1;1989018;1;1989-05-06;SA;historic-6-plus-complementary;36;10;46;41;24;8;12;;;;;;;1976-05-to-2008-10;loto.csv
1989019-1;1989019;1;1989-05-10;ME;historic-6-plus-complementary;19;46;38;30;34;1;6;;;;;;;1976-05-to-2008-10;loto.csv
1989019-1;1989019;1;1989-05-13;SA;historic-6-plus-complementary;14;1;34;4;8;45;22;;;;;;;1976-05-to-2008-10;loto.csv
1989020-1;1989020;1;1989-05-17;ME;historic-6-plus-complementary;6;22;24;47;11;49;1;;;;;;;1976-05-to-2008-10;loto.csv
1989020-1;1989020;1;1989-05-20;SA;historic-6-plus-complementary;17;32;36;31;16;29;35;;;;;;;1976-05-to-2008-10;loto.csv
1989021-1;1989021;1;1989-05-24;ME;historic-6-plus-complementary;47;7;35;49;2;30;21;;;;;;;1976-05-to-2008-10;loto.csv
1989021-1;1989021;1;1989-05-27;SA;historic-6-plus-complementary;5;24;45;18;34;27;35;;;;;;;1976-05-to-2008-10;loto.csv
1989022-1;1989022;1;1989-05-31;ME;historic-6-plus-complementary;37;32;19;48;1;41;46;;;;;;;1976-05-to-2008-10;loto.csv
1989022-1;1989022;1;1989-06-03;SA;historic-6-plus-complementary;36;33;47;14;26;48;8;;;;;;;1976-05-to-2008-10;loto.csv
1989023-1;1989023;1;1989-06-07;ME;historic-6-plus-complementary;3;23;26;13;4;11;38;;;;;;;1976-05-to-2008-10;loto.csv
1989023-1;1989023;1;1989-06-10;SA;historic-6-plus-complementary;43;18;4;45;12;7;3;;;;;;;1976-05-to-2008-10;loto.csv
1989024-1;1989024;1;1989-06-14;ME;historic-6-plus-complementary;47;37;27;19;18;43;11;;;;;;;1976-05-to-2008-10;loto.csv
1989024-1;1989024;1;1989-06-17;SA;historic-6-plus-complementary;17;33;28;21;49;27;36;;;;;;;1976-05-to-2008-10;loto.csv
1989025-1;1989025;1;1989-06-21;ME;historic-6-plus-complementary;31;4;20;32;8;42;21;;;;;;;1976-05-to-2008-10;loto.csv
1989025-1;1989025;1;1989-06-24;SA;historic-6-plus-complementary;14;30;34;38;33;12;43;;;;;;;1976-05-to-2008-10;loto.csv
1989026-1;1989026;1;1989-06-28;ME;historic-6-plus-complementary;10;4;25;34;14;47;15;;;;;;;1976-05-to-2008-10;loto.csv
1989026-1;1989026;1;1989-07-01;SA;historic-6-plus-complementary;37;45;4;43;38;41;26;;;;;;;1976-05-to-2008-10;loto.csv
1989027-1;1989027;1;1989-07-05;ME;historic-6-plus-complementary;16;37;36;38;27;43;47;;;;;;;1976-05-to-2008-10;loto.csv
1989027-1;1989027;1;1989-07-08;SA;historic-6-plus-complementary;21;19;38;11;23;9;2;;;;;;;1976-05-to-2008-10;loto.csv
1989028-1;1989028;1;1989-07-12;ME;historic-6-plus-complementary;40;6;23;21;19;35;28;;;;;;;1976-05-to-2008-10;loto.csv
1989028-1;1989028;1;1989-07-15;SA;historic-6-plus-complementary;4;18;30;19;37;2;38;;;;;;;1976-05-to-2008-10;loto.csv
1989029-1;1989029;1;1989-07-19;ME;historic-6-plus-complementary;16;29;28;44;20;38;31;;;;;;;1976-05-to-2008-10;loto.csv
1989029-1;1989029;1;1989-07-22;SA;historic-6-plus-complementary;34;9;44;42;15;26;29;;;;;;;1976-05-to-2008-10;loto.csv
1989030-1;1989030;1;1989-07-26;ME;historic-6-plus-complementary;28;4;3;24;48;38;11;;;;;;;1976-05-to-2008-10;loto.csv
1989030-1;1989030;1;1989-07-29;SA;historic-6-plus-complementary;17;7;18;24;45;10;30;;;;;;;1976-05-to-2008-10;loto.csv
1989031-1;1989031;1;1989-08-02;ME;historic-6-plus-complementary;27;11;49;41;35;48;39;;;;;;;1976-05-to-2008-10;loto.csv
1989031-1;1989031;1;1989-08-05;SA;historic-6-plus-complementary;23;39;44;40;38;42;33;;;;;;;1976-05-to-2008-10;loto.csv
1989032-1;1989032;1;1989-08-09;ME;historic-6-plus-complementary;10;19;20;44;39;6;31;;;;;;;1976-05-to-2008-10;loto.csv
1989032-1;1989032;1;1989-08-12;SA;historic-6-plus-complementary;26;37;8;20;19;9;15;;;;;;;1976-05-to-2008-10;loto.csv
1989033-1;1989033;1;1989-08-16;ME;historic-6-plus-complementary;49;5;40;28;20;16;35;;;;;;;1976-05-to-2008-10;loto.csv
1989033-1;1989033;1;1989-08-19;SA;historic-6-plus-complementary;11;5;46;22;1;34;43;;;;;;;1976-05-to-2008-10;loto.csv
1989034-1;1989034;1;1989-08-23;ME;historic-6-plus-complementary;5;37;19;25;44;10;49;;;;;;;1976-05-to-2008-10;loto.csv
1989034-1;1989034;1;1989-08-26;SA;historic-6-plus-complementary;18;16;31;21;38;40;42;;;;;;;1976-05-to-2008-10;loto.csv
1989035-1;1989035;1;1989-08-30;ME;historic-6-plus-complementary;19;4;46;35;15;17;45;;;;;;;1976-05-to-2008-10;loto.csv
1989035-1;1989035;1;1989-09-02;SA;historic-6-plus-complementary;40;36;34;39;22;41;26;;;;;;;1976-05-to-2008-10;loto.csv
1989036-1;1989036;1;1989-09-06;ME;historic-6-plus-complementary;16;14;46;11;38;27;41;;;;;;;1976-05-to-2008-10;loto.csv
1989036-1;1989036;1;1989-09-09;SA;historic-6-plus-complementary;38;42;23;36;11;3;35;;;;;;;1976-05-to-2008-10;loto.csv
1989037-1;1989037;1;1989-09-13;ME;historic-6-plus-complementary;26;41;25;37;38;45;22;;;;;;;1976-05-to-2008-10;loto.csv
1989037-1;1989037;1;1989-09-16;SA;historic-6-plus-complementary;26;45;46;7;25;8;23;;;;;;;1976-05-to-2008-10;loto.csv
1989038-1;1989038;1;1989-09-20;ME;historic-6-plus-complementary;10;24;46;18;35;4;21;;;;;;;1976-05-to-2008-10;loto.csv
1989038-1;1989038;1;1989-09-23;SA;historic-6-plus-complementary;9;36;42;11;27;23;18;;;;;;;1976-05-to-2008-10;loto.csv
1989039-1;1989039;1;1989-09-27;ME;historic-6-plus-complementary;17;40;30;16;20;38;4;;;;;;;1976-05-to-2008-10;loto.csv
1989039-1;1989039;1;1989-09-30;SA;historic-6-plus-complementary;16;23;43;24;27;26;18;;;;;;;1976-05-to-2008-10;loto.csv
1989040-1;1989040;1;1989-10-04;ME;historic-6-plus-complementary;9;19;45;29;18;31;42;;;;;;;1976-05-to-2008-10;loto.csv
1989040-1;1989040;1;1989-10-07;SA;historic-6-plus-complementary;3;7;13;35;46;27;2;;;;;;;1976-05-to-2008-10;loto.csv
1989041-1;1989041;1;1989-10-11;ME;historic-6-plus-complementary;17;15;5;43;45;7;33;;;;;;;1976-05-to-2008-10;loto.csv
1989041-1;1989041;1;1989-10-14;SA;historic-6-plus-complementary;33;48;28;32;23;17;6;;;;;;;1976-05-to-2008-10;loto.csv
1989042-1;1989042;1;1989-10-18;ME;historic-6-plus-complementary;41;48;23;9;4;29;24;;;;;;;1976-05-to-2008-10;loto.csv
1989042-1;1989042;1;1989-10-21;SA;historic-6-plus-complementary;32;30;1;38;43;40;47;;;;;;;1976-05-to-2008-10;loto.csv
1989043-1;1989043;1;1989-10-25;ME;historic-6-plus-complementary;24;18;15;45;28;3;19;;;;;;;1976-05-to-2008-10;loto.csv
1989043-1;1989043;1;1989-10-28;SA;historic-6-plus-complementary;11;16;5;33;25;19;37;;;;;;;1976-05-to-2008-10;loto.csv
1989044-1;1989044;1;1989-11-01;ME;historic-6-plus-complementary;42;10;47;26;30;49;11;;;;;;;1976-05-to-2008-10;loto.csv
1989044-1;1989044;1;1989-11-04;SA;historic-6-plus-complementary;10;23;29;37;47;12;28;;;;;;;1976-05-to-2008-10;loto.csv
1989045-1;1989045;1;1989-11-08;ME;historic-6-plus-complementary;43;21;19;10;35;46;9;;;;;;;1976-05-to-2008-10;loto.csv
1989045-1;1989045;1;1989-11-11;SA;historic-6-plus-complementary;44;49;11;17;42;16;19;;;;;;;1976-05-to-2008-10;loto.csv
1989046-1;1989046;1;1989-11-15;ME;historic-6-plus-complementary;24;34;29;38;46;2;47;;;;;;;1976-05-to-2008-10;loto.csv
1989046-1;1989046;1;1989-11-18;SA;historic-6-plus-complementary;37;8;14;40;15;28;43;;;;;;;1976-05-to-2008-10;loto.csv
1989047-1;1989047;1;1989-11-22;ME;historic-6-plus-complementary;39;8;32;22;21;16;48;;;;;;;1976-05-to-2008-10;loto.csv
1989047-1;1989047;1;1989-11-25;SA;historic-6-plus-complementary;31;15;49;46;3;41;32;;;;;;;1976-05-to-2008-10;loto.csv
1989048-1;1989048;1;1989-11-29;ME;historic-6-plus-complementary;30;35;11;22;40;1;13;;;;;;;1976-05-to-2008-10;loto.csv
1989048-1;1989048;1;1989-12-02;SA;historic-6-plus-complementary;49;18;11;2;46;20;13;;;;;;;1976-05-to-2008-10;loto.csv
1989049-1;1989049;1;1989-12-06;ME;historic-6-plus-complementary;45;10;33;21;20;37;32;;;;;;;1976-05-to-2008-10;loto.csv
1989049-1;1989049;1;1989-12-09;SA;historic-6-plus-complementary;46;43;25;16;8;18;10;;;;;;;1976-05-to-2008-10;loto.csv
1989050-1;1989050;1;1989-12-13;ME;historic-6-plus-complementary;38;46;6;4;40;34;1;;;;;;;1976-05-to-2008-10;loto.csv
1989050-1;1989050;1;1989-12-16;SA;historic-6-plus-complementary;45;29;20;14;8;36;7;;;;;;;1976-05-to-2008-10;loto.csv
1989051-1;1989051;1;1989-12-20;ME;historic-6-plus-complementary;19;36;7;43;38;2;30;;;;;;;1976-05-to-2008-10;loto.csv
1989051-1;1989051;1;1989-12-23;SA;historic-6-plus-complementary;19;29;32;4;7;44;13;;;;;;;1976-05-to-2008-10;loto.csv
1989052-1;1989052;1;1989-12-27;ME;historic-6-plus-complementary;39;37;20;27;43;45;48;;;;;;;1976-05-to-2008-10;loto.csv
1989052-1;1989052;1;1989-12-30;SA;historic-6-plus-complementary;24;8;13;6;42;2;49;;;;;;;1976-05-to-2008-10;loto.csv
1990001-1;1990001;1;1990-01-03;ME;historic-6-plus-complementary;31;30;5;44;8;6;43;;;;;;;1976-05-to-2008-10;loto.csv
1990001-1;1990001;1;1990-01-06;SA;historic-6-plus-complementary;42;21;20;24;28;18;6;;;;;;;1976-05-to-2008-10;loto.csv
1990002-1;1990002;1;1990-01-10;ME;historic-6-plus-complementary;25;37;26;48;2;11;9;;;;;;;1976-05-to-2008-10;loto.csv
1990002-1;1990002;1;1990-01-13;SA;historic-6-plus-complementary;2;34;42;40;28;48;18;;;;;;;1976-05-to-2008-10;loto.csv
1990003-1;1990003;1;1990-01-17;ME;historic-6-plus-complementary;29;14;37;2;46;38;32;;;;;;;1976-05-to-2008-10;loto.csv
1990003-1;1990003;1;1990-01-20;SA;historic-6-plus-complementary;22;20;9;26;34;32;46;;;;;;;1976-05-to-2008-10;loto.csv
1990004-1;1990004;1;1990-01-24;ME;historic-6-plus-complementary;12;45;11;22;13;34;10;;;;;;;1976-05-to-2008-10;loto.csv
1990004-1;1990004;1;1990-01-27;SA;historic-6-plus-complementary;43;15;28;35;13;17;36;;;;;;;1976-05-to-2008-10;loto.csv
1990005-1;1990005;1;1990-01-31;ME;historic-6-plus-complementary;20;8;28;3;14;25;7;;;;;;;1976-05-to-2008-10;loto.csv
1990005-1;1990005;1;1990-02-03;SA;historic-6-plus-complementary;11;44;31;36;45;48;2;;;;;;;1976-05-to-2008-10;loto.csv
1990006-1;1990006;1;1990-02-07;ME;historic-6-plus-complementary;49;23;21;42;8;4;37;;;;;;;1976-05-to-2008-10;loto.csv
1990006-1;1990006;1;1990-02-10;SA;historic-6-plus-complementary;29;36;10;18;15;7;45;;;;;;;1976-05-to-2008-10;loto.csv
1990007-1;1990007;1;1990-02-14;ME;historic-6-plus-complementary;16;48;49;22;44;23;20;;;;;;;1976-05-to-2008-10;loto.csv
1990007-1;1990007;1;1990-02-17;SA;historic-6-plus-complementary;37;46;23;48;24;38;40;;;;;;;1976-05-to-2008-10;loto.csv
1990008-1;1990008;1;1990-02-21;ME;historic-6-plus-complementary;19;26;1;9;43;3;25;;;;;;;1976-05-to-2008-10;loto.csv
1990008-1;1990008;1;1990-02-24;SA;historic-6-plus-complementary;13;25;6;24;4;19;17;;;;;;;1976-05-to-2008-10;loto.csv
1990009-1;1990009;1;1990-02-28;ME;historic-6-plus-complementary;37;28;41;20;4;3;31;;;;;;;1976-05-to-2008-10;loto.csv
1990009-1;1990009;1;1990-03-03;SA;historic-6-plus-complementary;39;2;10;3;38;14;6;;;;;;;1976-05-to-2008-10;loto.csv
1990010-1;1990010;1;1990-03-07;ME;historic-6-plus-complementary;25;49;8;14;9;35;36;;;;;;;1976-05-to-2008-10;loto.csv
1990010-1;1990010;1;1990-03-10;SA;historic-6-plus-complementary;24;1;23;19;15;49;30;;;;;;;1976-05-to-2008-10;loto.csv
1990011-1;1990011;1;1990-03-14;ME;historic-6-plus-complementary;29;3;38;46;9;20;41;;;;;;;1976-05-to-2008-10;loto.csv
1990011-1;1990011;1;1990-03-17;SA;historic-6-plus-complementary;39;22;19;15;44;27;47;;;;;;;1976-05-to-2008-10;loto.csv
1990012-1;1990012;1;1990-03-21;ME;historic-6-plus-complementary;30;17;2;42;49;45;19;;;;;;;1976-05-to-2008-10;loto.csv
1990012-1;1990012;1;1990-03-24;SA;historic-6-plus-complementary;8;23;22;35;24;13;14;;;;;;;1976-05-to-2008-10;loto.csv
1990013-1;1990013;1;1990-03-28;ME;historic-6-plus-complementary;28;4;20;44;19;46;45;;;;;;;1976-05-to-2008-10;loto.csv
1990013-1;1990013;1;1990-03-31;SA;historic-6-plus-complementary;45;43;20;16;25;21;37;;;;;;;1976-05-to-2008-10;loto.csv
1990014-1;1990014;1;1990-04-04;ME;historic-6-plus-complementary;18;34;6;8;32;2;33;;;;;;;1976-05-to-2008-10;loto.csv
1990014-1;1990014;1;1990-04-07;SA;historic-6-plus-complementary;19;13;11;32;20;38;34;;;;;;;1976-05-to-2008-10;loto.csv
1990015-1;1990015;1;1990-04-11;ME;historic-6-plus-complementary;49;30;18;43;33;37;11;;;;;;;1976-05-to-2008-10;loto.csv
1990015-1;1990015;1;1990-04-14;SA;historic-6-plus-complementary;46;22;27;20;5;37;17;;;;;;;1976-05-to-2008-10;loto.csv
1990016-1;1990016;1;1990-04-18;ME;historic-6-plus-complementary;44;31;48;13;20;14;8;;;;;;;1976-05-to-2008-10;loto.csv
1990016-1;1990016;1;1990-04-21;SA;historic-6-plus-complementary;28;36;8;40;21;17;43;;;;;;;1976-05-to-2008-10;loto.csv
1990017-1;1990017;1;1990-04-25;ME;historic-6-plus-complementary;37;49;11;2;28;17;42;;;;;;;1976-05-to-2008-10;loto.csv
1990017-1;1990017;1;1990-04-28;SA;historic-6-plus-complementary;11;40;3;29;23;12;37;;;;;;;1976-05-to-2008-10;loto.csv
1990018-1;1990018;1;1990-05-02;ME;historic-6-plus-complementary;14;12;36;3;19;28;26;;;;;;;1976-05-to-2008-10;loto.csv
1990018-1;1990018;1;1990-05-05;SA;historic-6-plus-complementary;20;24;30;36;32;29;3;;;;;;;1976-05-to-2008-10;loto.csv
1990019-1;1990019;1;1990-05-09;ME;historic-6-plus-complementary;16;39;32;14;9;45;36;;;;;;;1976-05-to-2008-10;loto.csv
1990019-1;1990019;1;1990-05-12;SA;historic-6-plus-complementary;25;24;7;49;4;46;16;;;;;;;1976-05-to-2008-10;loto.csv
1990020-1;1990020;1;1990-05-16;ME;historic-6-plus-complementary;5;44;26;45;27;47;6;;;;;;;1976-05-to-2008-10;loto.csv
1990020-1;1990020;1;1990-05-19;SA;historic-6-plus-complementary;19;32;34;45;26;16;3;;;;;;;1976-05-to-2008-10;loto.csv
1990021-1;1990021;1;1990-05-23;ME;historic-6-plus-complementary;16;7;40;10;20;47;18;;;;;;;1976-05-to-2008-10;loto.csv
1990021-1;1990021;1;1990-05-26;SA;historic-6-plus-complementary;37;27;2;19;6;47;14;;;;;;;1976-05-to-2008-10;loto.csv
1990022-1;1990022;1;1990-05-30;ME;historic-6-plus-complementary;20;15;41;3;16;38;36;;;;;;;1976-05-to-2008-10;loto.csv
1990022-1;1990022;1;1990-06-02;SA;historic-6-plus-complementary;19;26;32;13;28;37;9;;;;;;;1976-05-to-2008-10;loto.csv
1990023-1;1990023;1;1990-06-06;ME;historic-6-plus-complementary;23;44;17;32;12;15;4;;;;;;;1976-05-to-2008-10;loto.csv
1990023-1;1990023;1;1990-06-09;SA;historic-6-plus-complementary;40;18;39;15;43;12;27;;;;;;;1976-05-to-2008-10;loto.csv
1990024-1;1990024;1;1990-06-13;ME;historic-6-plus-complementary;21;33;36;24;18;6;44;;;;;;;1976-05-to-2008-10;loto.csv
1990024-1;1990024;1;1990-06-16;SA;historic-6-plus-complementary;43;41;31;29;15;22;34;;;;;;;1976-05-to-2008-10;loto.csv
1990025-1;1990025;1;1990-06-20;ME;historic-6-plus-complementary;46;31;16;35;5;15;1;;;;;;;1976-05-to-2008-10;loto.csv
1990025-1;1990025;1;1990-06-23;SA;historic-6-plus-complementary;37;38;31;39;48;18;32;;;;;;;1976-05-to-2008-10;loto.csv
1990026-1;1990026;1;1990-06-27;ME;historic-6-plus-complementary;47;42;29;8;1;41;26;;;;;;;1976-05-to-2008-10;loto.csv
1990026-1;1990026;1;1990-06-30;SA;historic-6-plus-complementary;34;3;37;24;17;4;18;;;;;;;1976-05-to-2008-10;loto.csv
1990027-1;1990027;1;1990-07-04;ME;historic-6-plus-complementary;8;37;49;18;15;17;27;;;;;;;1976-05-to-2008-10;loto.csv
1990027-1;1990027;1;1990-07-07;SA;historic-6-plus-complementary;30;18;46;49;32;21;11;;;;;;;1976-05-to-2008-10;loto.csv
1990028-1;1990028;1;1990-07-11;ME;historic-6-plus-complementary;33;20;29;25;47;35;9;;;;;;;1976-05-to-2008-10;loto.csv
1990028-1;1990028;1;1990-07-14;SA;historic-6-plus-complementary;13;28;6;33;30;43;47;;;;;;;1976-05-to-2008-10;loto.csv
1990029-1;1990029;1;1990-07-18;ME;historic-6-plus-complementary;40;13;46;45;32;23;30;;;;;;;1976-05-to-2008-10;loto.csv
1990029-1;1990029;1;1990-07-21;SA;historic-6-plus-complementary;30;19;1;21;41;8;20;;;;;;;1976-05-to-2008-10;loto.csv
1990030-1;1990030;1;1990-07-25;ME;historic-6-plus-complementary;4;7;16;32;20;45;23;;;;;;;1976-05-to-2008-10;loto.csv
1990030-1;1990030;1;1990-07-28;SA;historic-6-plus-complementary;37;31;33;14;29;44;27;;;;;;;1976-05-to-2008-10;loto.csv
1990031-1;1990031;1;1990-08-01;ME;historic-6-plus-complementary;49;2;45;19;16;43;4;;;;;;;1976-05-to-2008-10;loto.csv
1990031-1;1990031;1;1990-08-04;SA;historic-6-plus-complementary;24;6;19;22;25;40;36;;;;;;;1976-05-to-2008-10;loto.csv
1990032-1;1990032;1;1990-08-08;ME;historic-6-plus-complementary;29;18;37;26;44;1;3;;;;;;;1976-05-to-2008-10;loto.csv
1990032-1;1990032;1;1990-08-11;SA;historic-6-plus-complementary;43;20;17;21;26;18;38;;;;;;;1976-05-to-2008-10;loto.csv
1990033-1;1990033;1;1990-08-15;ME;historic-6-plus-complementary;45;44;49;15;47;21;1;;;;;;;1976-05-to-2008-10;loto.csv
1990033-1;1990033;1;1990-08-18;SA;historic-6-plus-complementary;31;21;38;37;26;32;19;;;;;;;1976-05-to-2008-10;loto.csv
1990034-1;1990034;1;1990-08-22;ME;historic-6-plus-complementary;49;7;22;16;28;12;29;;;;;;;1976-05-to-2008-10;loto.csv
1990034-1;1990034;1;1990-08-25;SA;historic-6-plus-complementary;19;31;1;18;24;34;25;;;;;;;1976-05-to-2008-10;loto.csv
1990035-1;1990035;1;1990-08-29;ME;historic-6-plus-complementary;38;21;25;46;5;24;30;;;;;;;1976-05-to-2008-10;loto.csv
1990035-1;1990035;1;1990-09-01;SA;historic-6-plus-complementary;23;2;15;5;43;12;41;;;;;;;1976-05-to-2008-10;loto.csv
1990036-1;1990036;1;1990-09-05;ME;historic-6-plus-complementary;12;42;30;9;10;44;21;;;;;;;1976-05-to-2008-10;loto.csv
1990036-1;1990036;1;1990-09-08;SA;historic-6-plus-complementary;10;3;38;20;7;24;4;;;;;;;1976-05-to-2008-10;loto.csv
1990037-1;1990037;1;1990-09-12;ME;historic-6-plus-complementary;39;27;41;43;7;35;13;;;;;;;1976-05-to-2008-10;loto.csv
1990037-2;1990037;2;1990-09-12;ME;historic-6-plus-complementary;16;22;9;49;47;4;15;;;;;;;1976-05-to-2008-10;loto.csv
1990037-1;1990037;1;1990-09-15;SA;historic-6-plus-complementary;46;47;41;49;7;14;9;;;;;;;1976-05-to-2008-10;loto.csv
1990037-2;1990037;2;1990-09-15;SA;historic-6-plus-complementary;41;2;6;37;48;1;26;;;;;;;1976-05-to-2008-10;loto.csv
1990038-1;1990038;1;1990-09-19;ME;historic-6-plus-complementary;35;6;27;49;21;10;3;;;;;;;1976-05-to-2008-10;loto.csv
1990038-2;1990038;2;1990-09-19;ME;historic-6-plus-complementary;6;48;5;3;34;1;26;;;;;;;1976-05-to-2008-10;loto.csv
1990038-1;1990038;1;1990-09-22;SA;historic-6-plus-complementary;48;30;11;33;13;8;9;;;;;;;1976-05-to-2008-10;loto.csv
1990038-2;1990038;2;1990-09-22;SA;historic-6-plus-complementary;5;40;39;21;47;43;27;;;;;;;1976-05-to-2008-10;loto.csv
1990039-1;1990039;1;1990-09-26;ME;historic-6-plus-complementary;28;42;49;40;37;29;35;;;;;;;1976-05-to-2008-10;loto.csv
1990039-2;1990039;2;1990-09-26;ME;historic-6-plus-complementary;46;22;38;7;42;17;40;;;;;;;1976-05-to-2008-10;loto.csv
1990039-1;1990039;1;1990-09-29;SA;historic-6-plus-complementary;12;7;39;8;4;2;1;;;;;;;1976-05-to-2008-10;loto.csv
1990039-2;1990039;2;1990-09-29;SA;historic-6-plus-complementary;4;6;33;13;8;27;36;;;;;;;1976-05-to-2008-10;loto.csv
1990040-1;1990040;1;1990-10-03;ME;historic-6-plus-complementary;40;48;36;35;23;10;34;;;;;;;1976-05-to-2008-10;loto.csv
1990040-2;1990040;2;1990-10-03;ME;historic-6-plus-complementary;9;14;24;5;2;36;42;;;;;;;1976-05-to-2008-10;loto.csv
1990040-1;1990040;1;1990-10-06;SA;historic-6-plus-complementary;24;13;48;8;42;37;33;;;;;;;1976-05-to-2008-10;loto.csv
1990040-2;1990040;2;1990-10-06;SA;historic-6-plus-complementary;44;24;31;25;4;28;2;;;;;;;1976-05-to-2008-10;loto.csv
1990041-1;1990041;1;1990-10-10;ME;historic-6-plus-complementary;6;21;23;32;37;1;45;;;;;;;1976-05-to-2008-10;loto.csv
1990041-2;1990041;2;1990-10-10;ME;historic-6-plus-complementary;43;11;17;39;38;7;16;;;;;;;1976-05-to-2008-10;loto.csv
1990041-1;1990041;1;1990-10-13;SA;historic-6-plus-complementary;16;25;21;31;33;38;13;;;;;;;1976-05-to-2008-10;loto.csv
1990041-2;1990041;2;1990-10-13;SA;historic-6-plus-complementary;34;1;41;23;22;27;2;;;;;;;1976-05-to-2008-10;loto.csv
1990042-1;1990042;1;1990-10-17;ME;historic-6-plus-complementary;3;26;9;11;5;14;44;;;;;;;1976-05-to-2008-10;loto.csv
1990042-2;1990042;2;1990-10-17;ME;historic-6-plus-complementary;26;29;19;30;49;13;42;;;;;;;1976-05-to-2008-10;loto.csv
1990042-1;1990042;1;1990-10-20;SA;historic-6-plus-complementary;3;1;30;12;6;36;26;;;;;;;1976-05-to-2008-10;loto.csv
1990042-2;1990042;2;1990-10-20;SA;historic-6-plus-complementary;22;37;15;4;35;39;3;;;;;;;1976-05-to-2008-10;loto.csv
1990043-1;1990043;1;1990-10-24;ME;historic-6-plus-complementary;3;30;49;48;41;29;36;;;;;;;1976-05-to-2008-10;loto.csv
1990043-2;1990043;2;1990-10-24;ME;historic-6-plus-complementary;6;29;10;17;40;33;25;;;;;;;1976-05-to-2008-10;loto.csv
1990043-1;1990043;1;1990-10-27;SA;historic-6-plus-complementary;4;5;28;11;10;43;16;;;;;;;1976-05-to-2008-10;loto.csv
1990043-2;1990043;2;1990-10-27;SA;historic-6-plus-complementary;8;24;14;5;39;38;49;;;;;;;1976-05-to-2008-10;loto.csv
1990044-1;1990044;1;1990-10-31;ME;historic-6-plus-complementary;24;16;1;5;18;8;39;;;;;;;1976-05-to-2008-10;loto.csv
1990044-2;1990044;2;1990-10-31;ME;historic-6-plus-complementary;30;36;15;34;1;21;18;;;;;;;1976-05-to-2008-10;loto.csv
1990044-1;1990044;1;1990-11-03;SA;historic-6-plus-complementary;30;18;15;45;33;17;8;;;;;;;1976-05-to-2008-10;loto.csv
1990044-2;1990044;2;1990-11-03;SA;historic-6-plus-complementary;47;38;34;30;19;45;10;;;;;;;1976-05-to-2008-10;loto.csv
1990045-1;1990045;1;1990-11-07;ME;historic-6-plus-complementary;10;19;14;1;48;25;3;;;;;;;1976-05-to-2008-10;loto.csv
1990045-2;1990045;2;1990-11-07;ME;historic-6-plus-complementary;1;36;44;21;38;41;22;;;;;;;1976-05-to-2008-10;loto.csv
1990045-1;1990045;1;1990-11-10;SA;historic-6-plus-complementary;40;31;23;38;32;48;15;;;;;;;1976-05-to-2008-10;loto.csv
1990045-2;1990045;2;1990-11-10;SA;historic-6-plus-complementary;33;8;45;27;5;49;14;;;;;;;1976-05-to-2008-10;loto.csv
1990046-1;1990046;1;1990-11-14;ME;historic-6-plus-complementary;6;5;49;20;41;34;24;;;;;;;1976-05-to-2008-10;loto.csv
1990046-2;1990046;2;1990-11-14;ME;historic-6-plus-complementary;40;30;47;23;43;6;5;;;;;;;1976-05-to-2008-10;loto.csv
1990046-1;1990046;1;1990-11-17;SA;historic-6-plus-complementary;31;12;15;5;33;36;41;;;;;;;1976-05-to-2008-10;loto.csv
1990046-2;1990046;2;1990-11-17;SA;historic-6-plus-complementary;26;18;29;49;21;43;22;;;;;;;1976-05-to-2008-10;loto.csv
1990047-1;1990047;1;1990-11-21;ME;historic-6-plus-complementary;28;42;9;38;35;10;31;;;;;;;1976-05-to-2008-10;loto.csv
1990047-2;1990047;2;1990-11-21;ME;historic-6-plus-complementary;30;49;13;44;45;18;8;;;;;;;1976-05-to-2008-10;loto.csv
1990047-1;1990047;1;1990-11-24;SA;historic-6-plus-complementary;40;13;36;5;27;49;45;;;;;;;1976-05-to-2008-10;loto.csv
1990047-2;1990047;2;1990-11-24;SA;historic-6-plus-complementary;17;16;33;3;5;15;28;;;;;;;1976-05-to-2008-10;loto.csv
1990048-1;1990048;1;1990-11-28;ME;historic-6-plus-complementary;2;34;21;45;32;41;6;;;;;;;1976-05-to-2008-10;loto.csv
1990048-2;1990048;2;1990-11-28;ME;historic-6-plus-complementary;45;43;26;49;46;19;44;;;;;;;1976-05-to-2008-10;loto.csv
1990048-1;1990048;1;1990-12-01;SA;historic-6-plus-complementary;1;10;34;16;48;46;22;;;;;;;1976-05-to-2008-10;loto.csv
1990048-2;1990048;2;1990-12-01;SA;historic-6-plus-complementary;17;20;7;32;16;10;3;;;;;;;1976-05-to-2008-10;loto.csv
1990049-1;1990049;1;1990-12-05;ME;historic-6-plus-complementary;27;15;22;14;4;37;47;;;;;;;1976-05-to-2008-10;loto.csv
1990049-2;1990049;2;1990-12-05;ME;historic-6-plus-complementary;24;32;2;23;46;47;27;;;;;;;1976-05-to-2008-10;loto.csv
1990049-1;1990049;1;1990-12-08;SA;historic-6-plus-complementary;1;20;12;28;30;15;31;;;;;;;1976-05-to-2008-10;loto.csv
1990049-2;1990049;2;1990-12-08;SA;historic-6-plus-complementary;22;9;27;6;24;32;21;;;;;;;1976-05-to-2008-10;loto.csv
1990050-1;1990050;1;1990-12-12;ME;historic-6-plus-complementary;43;40;2;45;33;25;37;;;;;;;1976-05-to-2008-10;loto.csv
1990050-2;1990050;2;1990-12-12;ME;historic-6-plus-complementary;12;7;5;13;47;34;45;;;;;;;1976-05-to-2008-10;loto.csv
1990050-1;1990050;1;1990-12-15;SA;historic-6-plus-complementary;37;42;2;49;30;19;38;;;;;;;1976-05-to-2008-10;loto.csv
1990050-2;1990050;2;1990-12-15;SA;historic-6-plus-complementary;19;48;3;37;17;46;6;;;;;;;1976-05-to-2008-10;loto.csv
1990051-1;1990051;1;1990-12-19;ME;historic-6-plus-complementary;3;24;36;6;43;22;25;;;;;;;1976-05-to-2008-10;loto.csv
1990051-2;1990051;2;1990-12-19;ME;historic-6-plus-complementary;33;41;49;3;2;13;1;;;;;;;1976-05-to-2008-10;loto.csv
1990051-1;1990051;1;1990-12-22;SA;historic-6-plus-complementary;1;5;43;9;8;27;39;;;;;;;1976-05-to-2008-10;loto.csv
1990051-2;1990051;2;1990-12-22;SA;historic-6-plus-complementary;7;45;17;5;31;47;18;;;;;;;1976-05-to-2008-10;loto.csv
1990052-1;1990052;1;1990-12-26;ME;historic-6-plus-complementary;7;16;25;8;19;28;38;;;;;;;1976-05-to-2008-10;loto.csv
1990052-2;1990052;2;1990-12-26;ME;historic-6-plus-complementary;33;1;9;41;3;37;16;;;;;;;1976-05-to-2008-10;loto.csv
1990052-1;1990052;1;1990-12-29;SA;historic-6-plus-complementary;32;38;6;33;47;36;24;;;;;;;1976-05-to-2008-10;loto.csv
1990052-2;1990052;2;1990-12-29;SA;historic-6-plus-complementary;29;32;15;28;14;34;16;;;;;;;1976-05-to-2008-10;loto.csv
1991001-1;1991001;1;1991-01-02;ME;historic-6-plus-complementary;49;38;30;1;31;24;48;;;;;;;1976-05-to-2008-10;loto.csv
1991001-2;1991001;2;1991-01-02;ME;historic-6-plus-complementary;6;4;8;45;11;9;44;;;;;;;1976-05-to-2008-10;loto.csv
1991001-1;1991001;1;1991-01-05;SA;historic-6-plus-complementary;8;46;13;39;32;26;6;;;;;;;1976-05-to-2008-10;loto.csv
1991001-2;1991001;2;1991-01-05;SA;historic-6-plus-complementary;36;15;13;26;19;11;24;;;;;;;1976-05-to-2008-10;loto.csv
1991002-1;1991002;1;1991-01-09;ME;historic-6-plus-complementary;25;44;16;37;34;12;42;;;;;;;1976-05-to-2008-10;loto.csv
1991002-2;1991002;2;1991-01-09;ME;historic-6-plus-complementary;6;11;43;32;29;34;15;;;;;;;1976-05-to-2008-10;loto.csv
1991002-1;1991002;1;1991-01-12;SA;historic-6-plus-complementary;41;40;1;45;46;24;2;;;;;;;1976-05-to-2008-10;loto.csv
1991002-2;1991002;2;1991-01-12;SA;historic-6-plus-complementary;21;29;3;49;27;23;15;;;;;;;1976-05-to-2008-10;loto.csv
1991003-1;1991003;1;1991-01-16;ME;historic-6-plus-complementary;47;7;2;32;17;8;35;;;;;;;1976-05-to-2008-10;loto.csv
1991003-2;1991003;2;1991-01-16;ME;historic-6-plus-complementary;43;9;38;4;7;39;35;;;;;;;1976-05-to-2008-10;loto.csv
1991003-1;1991003;1;1991-01-19;SA;historic-6-plus-complementary;17;5;43;35;47;49;18;;;;;;;1976-05-to-2008-10;loto.csv
1991003-2;1991003;2;1991-01-19;SA;historic-6-plus-complementary;28;20;12;4;27;1;31;;;;;;;1976-05-to-2008-10;loto.csv
1991004-1;1991004;1;1991-01-23;ME;historic-6-plus-complementary;19;20;38;39;12;18;27;;;;;;;1976-05-to-2008-10;loto.csv
1991004-2;1991004;2;1991-01-23;ME;historic-6-plus-complementary;41;16;33;3;20;9;29;;;;;;;1976-05-to-2008-10;loto.csv
1991004-1;1991004;1;1991-01-26;SA;historic-6-plus-complementary;38;42;5;27;23;6;34;;;;;;;1976-05-to-2008-10;loto.csv
1991004-2;1991004;2;1991-01-26;SA;historic-6-plus-complementary;40;2;19;3;32;49;30;;;;;;;1976-05-to-2008-10;loto.csv
1991005-1;1991005;1;1991-01-30;ME;historic-6-plus-complementary;37;5;26;17;2;18;44;;;;;;;1976-05-to-2008-10;loto.csv
1991005-2;1991005;2;1991-01-30;ME;historic-6-plus-complementary;5;14;34;38;46;25;31;;;;;;;1976-05-to-2008-10;loto.csv
1991005-1;1991005;1;1991-02-02;SA;historic-6-plus-complementary;22;7;11;3;38;26;20;;;;;;;1976-05-to-2008-10;loto.csv
1991005-2;1991005;2;1991-02-02;SA;historic-6-plus-complementary;38;4;26;23;48;11;15;;;;;;;1976-05-to-2008-10;loto.csv
1991006-1;1991006;1;1991-02-06;ME;historic-6-plus-complementary;47;32;44;18;30;25;37;;;;;;;1976-05-to-2008-10;loto.csv
1991006-2;1991006;2;1991-02-06;ME;historic-6-plus-complementary;6;12;39;16;11;45;35;;;;;;;1976-05-to-2008-10;loto.csv
1991006-1;1991006;1;1991-02-09;SA;historic-6-plus-complementary;2;18;12;35;24;9;41;;;;;;;1976-05-to-2008-10;loto.csv
1991006-2;1991006;2;1991-02-09;SA;historic-6-plus-complementary;7;41;47;19;40;30;25;;;;;;;1976-05-to-2008-10;loto.csv
1991007-1;1991007;1;1991-02-13;ME;historic-6-plus-complementary;23;47;41;1;40;14;46;;;;;;;1976-05-to-2008-10;loto.csv
1991007-2;1991007;2;1991-02-13;ME;historic-6-plus-complementary;8;42;11;44;13;38;22;;;;;;;1976-05-to-2008-10;loto.csv
1991007-1;1991007;1;1991-02-16;SA;historic-6-plus-complementary;19;35;47;20;6;16;7;;;;;;;1976-05-to-2008-10;loto.csv
1991007-2;1991007;2;1991-02-16;SA;historic-6-plus-complementary;44;4;20;19;10;31;27;;;;;;;1976-05-to-2008-10;loto.csv
1991008-1;1991008;1;1991-02-20;ME;historic-6-plus-complementary;23;17;42;29;36;2;19;;;;;;;1976-05-to-2008-10;loto.csv
1991008-2;1991008;2;1991-02-20;ME;historic-6-plus-complementary;10;32;24;3;18;46;4;;;;;;;1976-05-to-2008-10;loto.csv
1991008-1;1991008;1;1991-02-23;SA;historic-6-plus-complementary;25;19;1;21;15;31;38;;;;;;;1976-05-to-2008-10;loto.csv
1991008-2;1991008;2;1991-02-23;SA;historic-6-plus-complementary;10;44;28;6;1;39;5;;;;;;;1976-05-to-2008-10;loto.csv
1991009-1;1991009;1;1991-02-27;ME;historic-6-plus-complementary;30;26;4;23;48;36;7;;;;;;;1976-05-to-2008-10;loto.csv
1991009-2;1991009;2;1991-02-27;ME;historic-6-plus-complementary;48;9;25;17;31;10;5;;;;;;;1976-05-to-2008-10;loto.csv
1991009-1;1991009;1;1991-03-02;SA;historic-6-plus-complementary;32;14;46;18;5;25;36;;;;;;;1976-05-to-2008-10;loto.csv
1991009-2;1991009;2;1991-03-02;SA;historic-6-plus-complementary;41;49;30;4;12;8;21;;;;;;;1976-05-to-2008-10;loto.csv
1991010-1;1991010;1;1991-03-06;ME;historic-6-plus-complementary;27;36;43;48;14;45;40;;;;;;;1976-05-to-2008-10;loto.csv
1991010-2;1991010;2;1991-03-06;ME;historic-6-plus-complementary;21;38;24;32;42;37;36;;;;;;;1976-05-to-2008-10;loto.csv
1991010-1;1991010;1;1991-03-09;SA;historic-6-plus-complementary;37;38;27;21;6;42;1;;;;;;;1976-05-to-2008-10;loto.csv
1991010-2;1991010;2;1991-03-09;SA;historic-6-plus-complementary;16;18;3;45;6;21;10;;;;;;;1976-05-to-2008-10;loto.csv
1991011-1;1991011;1;1991-03-13;ME;historic-6-plus-complementary;34;8;38;48;9;30;41;;;;;;;1976-05-to-2008-10;loto.csv
1991011-2;1991011;2;1991-03-13;ME;historic-6-plus-complementary;36;4;42;26;31;29;32;;;;;;;1976-05-to-2008-10;loto.csv
1991011-1;1991011;1;1991-03-16;SA;historic-6-plus-complementary;13;45;35;20;46;19;10;;;;;;;1976-05-to-2008-10;loto.csv
1991011-2;1991011;2;1991-03-16;SA;historic-6-plus-complementary;7;22;40;11;23;24;38;;;;;;;1976-05-to-2008-10;loto.csv
1991012-1;1991012;1;1991-03-20;ME;historic-6-plus-complementary;1;38;23;37;35;29;33;;;;;;;1976-05-to-2008-10;loto.csv
1991012-2;1991012;2;1991-03-20;ME;historic-6-plus-complementary;31;1;7;45;35;33;23;;;;;;;1976-05-to-2008-10;loto.csv
1991012-1;1991012;1;1991-03-23;SA;historic-6-plus-complementary;37;13;26;3;18;36;38;;;;;;;1976-05-to-2008-10;loto.csv
1991012-2;1991012;2;1991-03-23;SA;historic-6-plus-complementary;15;22;33;9;40;14;10;;;;;;;1976-05-to-2008-10;loto.csv
1991013-1;1991013;1;1991-03-27;ME;historic-6-plus-complementary;45;2;15;5;39;38;3;;;;;;;1976-05-to-2008-10;loto.csv
1991013-2;1991013;2;1991-03-27;ME;historic-6-plus-complementary;38;27;34;48;14;9;3;;;;;;;1976-05-to-2008-10;loto.csv
1991013-1;1991013;1;1991-03-30;SA;historic-6-plus-complementary;21;19;31;1;28;14;40;;;;;;;1976-05-to-2008-10;loto.csv
1991013-2;1991013;2;1991-03-30;SA;historic-6-plus-complementary;12;29;33;31;10;20;32;;;;;;;1976-05-to-2008-10;loto.csv
1991014-1;1991014;1;1991-04-03;ME;historic-6-plus-complementary;37;12;39;33;46;18;21;;;;;;;1976-05-to-2008-10;loto.csv
1991014-2;1991014;2;1991-04-03;ME;historic-6-plus-complementary;30;21;14;13;3;16;35;;;;;;;1976-05-to-2008-10;loto.csv
1991014-1;1991014;1;1991-04-06;SA;historic-6-plus-complementary;23;14;1;33;35;36;3;;;;;;;1976-05-to-2008-10;loto.csv
1991014-2;1991014;2;1991-04-06;SA;historic-6-plus-complementary;1;33;41;39;8;11;38;;;;;;;1976-05-to-2008-10;loto.csv
1991015-1;1991015;1;1991-04-10;ME;historic-6-plus-complementary;2;36;22;23;21;25;14;;;;;;;1976-05-to-2008-10;loto.csv
1991015-2;1991015;2;1991-04-10;ME;historic-6-plus-complementary;49;13;4;14;12;30;8;;;;;;;1976-05-to-2008-10;loto.csv
1991015-1;1991015;1;1991-04-13;SA;historic-6-plus-complementary;31;49;37;41;39;15;17;;;;;;;1976-05-to-2008-10;loto.csv
1991015-2;1991015;2;1991-04-13;SA;historic-6-plus-complementary;40;2;18;46;10;47;30;;;;;;;1976-05-to-2008-10;loto.csv
1991016-1;1991016;1;1991-04-17;ME;historic-6-plus-complementary;10;14;21;13;28;30;22;;;;;;;1976-05-to-2008-10;loto.csv
1991016-2;1991016;2;1991-04-17;ME;historic-6-plus-complementary;8;49;30;6;15;36;35;;;;;;;1976-05-to-2008-10;loto.csv
1991016-1;1991016;1;1991-04-20;SA;historic-6-plus-complementary;40;11;25;8;6;18;31;;;;;;;1976-05-to-2008-10;loto.csv
1991016-2;1991016;2;1991-04-20;SA;historic-6-plus-complementary;44;32;28;43;46;8;37;;;;;;;1976-05-to-2008-10;loto.csv
1991017-1;1991017;1;1991-04-24;ME;historic-6-plus-complementary;31;6;22;28;9;14;11;;;;;;;1976-05-to-2008-10;loto.csv
1991017-2;1991017;2;1991-04-24;ME;historic-6-plus-complementary;5;7;21;32;44;49;28;;;;;;;1976-05-to-2008-10;loto.csv
1991017-1;1991017;1;1991-04-27;SA;historic-6-plus-complementary;45;4;21;39;36;17;22;;;;;;;1976-05-to-2008-10;loto.csv
1991017-2;1991017;2;1991-04-27;SA;historic-6-plus-complementary;3;34;36;48;37;1;47;;;;;;;1976-05-to-2008-10;loto.csv
1991018-1;1991018;1;1991-05-01;ME;historic-6-plus-complementary;2;42;29;47;28;9;8;;;;;;;1976-05-to-2008-10;loto.csv
1991018-2;1991018;2;1991-05-01;ME;historic-6-plus-complementary;34;2;10;5;40;16;12;;;;;;;1976-05-to-2008-10;loto.csv
1991018-1;1991018;1;1991-05-04;SA;historic-6-plus-complementary;32;31;21;40;49;13;42;;;;;;;1976-05-to-2008-10;loto.csv
1991018-2;1991018;2;1991-05-04;SA;historic-6-plus-complementary;21;49;24;9;6;46;36;;;;;;;1976-05-to-2008-10;loto.csv
1991019-1;1991019;1;1991-05-08;ME;historic-6-plus-complementary;6;5;48;34;10;39;13;;;;;;;1976-05-to-2008-10;loto.csv
1991019-2;1991019;2;1991-05-08;ME;historic-6-plus-complementary;3;36;21;19;15;35;38;;;;;;;1976-05-to-2008-10;loto.csv
1991019-1;1991019;1;1991-05-11;SA;historic-6-plus-complementary;16;2;30;49;28;25;31;;;;;;;1976-05-to-2008-10;loto.csv
1991019-2;1991019;2;1991-05-11;SA;historic-6-plus-complementary;10;14;1;20;17;42;19;;;;;;;1976-05-to-2008-10;loto.csv
1991020-1;1991020;1;1991-05-15;ME;historic-6-plus-complementary;3;36;41;21;11;40;49;;;;;;;1976-05-to-2008-10;loto.csv
1991020-2;1991020;2;1991-05-15;ME;historic-6-plus-complementary;21;6;44;47;46;20;1;;;;;;;1976-05-to-2008-10;loto.csv
1991020-1;1991020;1;1991-05-18;SA;historic-6-plus-complementary;29;9;41;17;13;35;40;;;;;;;1976-05-to-2008-10;loto.csv
1991020-2;1991020;2;1991-05-18;SA;historic-6-plus-complementary;18;39;30;38;12;19;3;;;;;;;1976-05-to-2008-10;loto.csv
1991021-1;1991021;1;1991-05-22;ME;historic-6-plus-complementary;27;12;37;32;7;25;28;;;;;;;1976-05-to-2008-10;loto.csv
1991021-2;1991021;2;1991-05-22;ME;historic-6-plus-complementary;27;18;48;42;4;1;2;;;;;;;1976-05-to-2008-10;loto.csv
1991021-1;1991021;1;1991-05-25;SA;historic-6-plus-complementary;24;22;9;44;35;1;19;;;;;;;1976-05-to-2008-10;loto.csv
1991021-2;1991021;2;1991-05-25;SA;historic-6-plus-complementary;9;8;45;11;44;48;31;;;;;;;1976-05-to-2008-10;loto.csv
1991022-1;1991022;1;1991-05-29;ME;historic-6-plus-complementary;9;17;42;40;33;49;19;;;;;;;1976-05-to-2008-10;loto.csv
1991022-2;1991022;2;1991-05-29;ME;historic-6-plus-complementary;36;3;12;1;8;25;13;;;;;;;1976-05-to-2008-10;loto.csv
1991022-1;1991022;1;1991-06-01;SA;historic-6-plus-complementary;43;19;46;32;45;2;34;;;;;;;1976-05-to-2008-10;loto.csv
1991022-2;1991022;2;1991-06-01;SA;historic-6-plus-complementary;23;27;5;8;43;7;19;;;;;;;1976-05-to-2008-10;loto.csv
1991023-1;1991023;1;1991-06-05;ME;historic-6-plus-complementary;40;17;37;19;3;2;33;;;;;;;1976-05-to-2008-10;loto.csv
1991023-2;1991023;2;1991-06-05;ME;historic-6-plus-complementary;9;39;19;15;37;8;46;;;;;;;1976-05-to-2008-10;loto.csv
1991023-1;1991023;1;1991-06-08;SA;historic-6-plus-complementary;18;43;34;16;35;19;32;;;;;;;1976-05-to-2008-10;loto.csv
1991023-2;1991023;2;1991-06-08;SA;historic-6-plus-complementary;7;31;30;42;13;4;35;;;;;;;1976-05-to-2008-10;loto.csv
1991024-1;1991024;1;1991-06-12;ME;historic-6-plus-complementary;19;23;49;12;7;35;13;;;;;;;1976-05-to-2008-10;loto.csv
1991024-2;1991024;2;1991-06-12;ME;historic-6-plus-complementary;41;13;30;1;9;36;33;;;;;;;1976-05-to-2008-10;loto.csv
1991024-1;1991024;1;1991-06-15;SA;historic-6-plus-complementary;25;5;7;30;19;34;23;;;;;;;1976-05-to-2008-10;loto.csv
1991024-2;1991024;2;1991-06-15;SA;historic-6-plus-complementary;39;8;3;30;22;5;32;;;;;;;1976-05-to-2008-10;loto.csv
1991025-1;1991025;1;1991-06-19;ME;historic-6-plus-complementary;39;32;27;37;6;40;16;;;;;;;1976-05-to-2008-10;loto.csv
1991025-2;1991025;2;1991-06-19;ME;historic-6-plus-complementary;24;37;49;32;46;40;8;;;;;;;1976-05-to-2008-10;loto.csv
1991025-1;1991025;1;1991-06-22;SA;historic-6-plus-complementary;20;13;38;29;12;48;26;;;;;;;1976-05-to-2008-10;loto.csv
1991025-2;1991025;2;1991-06-22;SA;historic-6-plus-complementary;44;10;35;5;24;8;43;;;;;;;1976-05-to-2008-10;loto.csv
1991026-1;1991026;1;1991-06-26;ME;historic-6-plus-complementary;21;32;35;16;3;33;46;;;;;;;1976-05-to-2008-10;loto.csv
1991026-2;1991026;2;1991-06-26;ME;historic-6-plus-complementary;4;14;10;22;9;37;33;;;;;;;1976-05-to-2008-10;loto.csv
1991026-1;1991026;1;1991-06-29;SA;historic-6-plus-complementary;41;40;5;16;19;15;12;;;;;;;1976-05-to-2008-10;loto.csv
1991026-2;1991026;2;1991-06-29;SA;historic-6-plus-complementary;35;31;24;47;9;32;6;;;;;;;1976-05-to-2008-10;loto.csv
1991027-1;1991027;1;1991-07-03;ME;historic-6-plus-complementary;11;21;19;32;36;40;26;;;;;;;1976-05-to-2008-10;loto.csv
1991027-2;1991027;2;1991-07-03;ME;historic-6-plus-complementary;26;22;29;45;36;17;9;;;;;;;1976-05-to-2008-10;loto.csv
1991027-1;1991027;1;1991-07-06;SA;historic-6-plus-complementary;35;18;47;9;4;6;43;;;;;;;1976-05-to-2008-10;loto.csv
1991027-2;1991027;2;1991-07-06;SA;historic-6-plus-complementary;35;9;6;29;7;11;1;;;;;;;1976-05-to-2008-10;loto.csv
1991028-1;1991028;1;1991-07-10;ME;historic-6-plus-complementary;3;22;28;38;7;5;30;;;;;;;1976-05-to-2008-10;loto.csv
1991028-2;1991028;2;1991-07-10;ME;historic-6-plus-complementary;19;49;45;27;44;16;9;;;;;;;1976-05-to-2008-10;loto.csv
1991028-1;1991028;1;1991-07-13;SA;historic-6-plus-complementary;1;6;36;28;37;38;17;;;;;;;1976-05-to-2008-10;loto.csv
1991028-2;1991028;2;1991-07-13;SA;historic-6-plus-complementary;34;32;42;13;29;37;33;;;;;;;1976-05-to-2008-10;loto.csv
1991029-1;1991029;1;1991-07-17;ME;historic-6-plus-complementary;47;26;40;15;6;49;44;;;;;;;1976-05-to-2008-10;loto.csv
1991029-2;1991029;2;1991-07-17;ME;historic-6-plus-complementary;21;8;19;10;28;43;13;;;;;;;1976-05-to-2008-10;loto.csv
1991029-1;1991029;1;1991-07-20;SA;historic-6-plus-complementary;2;6;49;43;22;10;19;;;;;;;1976-05-to-2008-10;loto.csv
1991029-2;1991029;2;1991-07-20;SA;historic-6-plus-complementary;10;39;24;36;15;42;6;;;;;;;1976-05-to-2008-10;loto.csv
1991030-1;1991030;1;1991-07-24;ME;historic-6-plus-complementary;37;47;10;8;32;16;34;;;;;;;1976-05-to-2008-10;loto.csv
1991030-2;1991030;2;1991-07-24;ME;historic-6-plus-complementary;9;45;38;22;26;47;37;;;;;;;1976-05-to-2008-10;loto.csv
1991030-1;1991030;1;1991-07-27;SA;historic-6-plus-complementary;34;42;1;24;39;27;7;;;;;;;1976-05-to-2008-10;loto.csv
1991030-2;1991030;2;1991-07-27;SA;historic-6-plus-complementary;42;18;14;4;20;1;13;;;;;;;1976-05-to-2008-10;loto.csv
1991031-1;1991031;1;1991-07-31;ME;historic-6-plus-complementary;30;40;44;20;38;47;7;;;;;;;1976-05-to-2008-10;loto.csv
1991031-2;1991031;2;1991-07-31;ME;historic-6-plus-complementary;19;49;32;4;26;3;17;;;;;;;1976-05-to-2008-10;loto.csv
1991031-1;1991031;1;1991-08-03;SA;historic-6-plus-complementary;13;30;20;7;46;3;41;;;;;;;1976-05-to-2008-10;loto.csv
1991031-2;1991031;2;1991-08-03;SA;historic-6-plus-complementary;6;36;23;16;20;45;34;;;;;;;1976-05-to-2008-10;loto.csv
1991032-1;1991032;1;1991-08-07;ME;historic-6-plus-complementary;17;3;21;27;42;34;33;;;;;;;1976-05-to-2008-10;loto.csv
1991032-2;1991032;2;1991-08-07;ME;historic-6-plus-complementary;3;1;16;39;13;40;19;;;;;;;1976-05-to-2008-10;loto.csv
1991032-1;1991032;1;1991-08-10;SA;historic-6-plus-complementary;44;41;6;45;15;49;7;;;;;;;1976-05-to-2008-10;loto.csv
1991032-2;1991032;2;1991-08-10;SA;historic-6-plus-complementary;31;44;26;39;18;8;40;;;;;;;1976-05-to-2008-10;loto.csv
1991033-1;1991033;1;1991-08-14;ME;historic-6-plus-complementary;38;49;18;23;3;37;36;;;;;;;1976-05-to-2008-10;loto.csv
1991033-2;1991033;2;1991-08-14;ME;historic-6-plus-complementary;19;12;49;36;34;20;33;;;;;;;1976-05-to-2008-10;loto.csv
1991033-1;1991033;1;1991-08-17;SA;historic-6-plus-complementary;35;17;44;24;46;19;14;;;;;;;1976-05-to-2008-10;loto.csv
1991033-2;1991033;2;1991-08-17;SA;historic-6-plus-complementary;49;4;30;28;48;9;17;;;;;;;1976-05-to-2008-10;loto.csv
1991034-1;1991034;1;1991-08-21;ME;historic-6-plus-complementary;44;6;27;9;11;10;31;;;;;;;1976-05-to-2008-10;loto.csv
1991034-2;1991034;2;1991-08-21;ME;historic-6-plus-complementary;38;33;11;37;20;36;18;;;;;;;1976-05-to-2008-10;loto.csv
1991034-1;1991034;1;1991-08-24;SA;historic-6-plus-complementary;5;31;35;28;18;7;47;;;;;;;1976-05-to-2008-10;loto.csv
1991034-2;1991034;2;1991-08-24;SA;historic-6-plus-complementary;36;5;43;28;45;3;20;;;;;;;1976-05-to-2008-10;loto.csv
1991035-1;1991035;1;1991-08-28;ME;historic-6-plus-complementary;22;16;40;7;1;4;26;;;;;;;1976-05-to-2008-10;loto.csv
1991035-2;1991035;2;1991-08-28;ME;historic-6-plus-complementary;42;8;40;13;19;26;11;;;;;;;1976-05-to-2008-10;loto.csv
1991035-1;1991035;1;1991-08-31;SA;historic-6-plus-complementary;36;28;34;25;12;22;13;;;;;;;1976-05-to-2008-10;loto.csv
1991035-2;1991035;2;1991-08-31;SA;historic-6-plus-complementary;7;43;19;49;44;30;5;;;;;;;1976-05-to-2008-10;loto.csv
1991036-1;1991036;1;1991-09-04;ME;historic-6-plus-complementary;2;15;34;25;17;19;4;;;;;;;1976-05-to-2008-10;loto.csv
1991036-2;1991036;2;1991-09-04;ME;historic-6-plus-complementary;9;25;10;35;12;13;3;;;;;;;1976-05-to-2008-10;loto.csv
1991036-1;1991036;1;1991-09-07;SA;historic-6-plus-complementary;46;27;25;43;14;31;9;;;;;;;1976-05-to-2008-10;loto.csv
1991036-2;1991036;2;1991-09-07;SA;historic-6-plus-complementary;4;11;38;28;49;9;18;;;;;;;1976-05-to-2008-10;loto.csv
1991037-1;1991037;1;1991-09-11;ME;historic-6-plus-complementary;25;12;34;43;5;4;47;;;;;;;1976-05-to-2008-10;loto.csv
1991037-2;1991037;2;1991-09-11;ME;historic-6-plus-complementary;31;36;26;43;49;21;35;;;;;;;1976-05-to-2008-10;loto.csv
1991037-1;1991037;1;1991-09-14;SA;historic-6-plus-complementary;34;13;14;45;37;46;15;;;;;;;1976-05-to-2008-10;loto.csv
1991037-2;1991037;2;1991-09-14;SA;historic-6-plus-complementary;34;24;16;5;45;49;6;;;;;;;1976-05-to-2008-10;loto.csv
1991038-1;1991038;1;1991-09-18;ME;historic-6-plus-complementary;21;29;33;15;44;6;41;;;;;;;1976-05-to-2008-10;loto.csv
1991038-2;1991038;2;1991-09-18;ME;historic-6-plus-complementary;17;16;1;30;2;38;22;;;;;;;1976-05-to-2008-10;loto.csv
1991038-1;1991038;1;1991-09-21;SA;historic-6-plus-complementary;17;39;47;21;40;36;20;;;;;;;1976-05-to-2008-10;loto.csv
1991038-2;1991038;2;1991-09-21;SA;historic-6-plus-complementary;21;14;17;10;44;13;43;;;;;;;1976-05-to-2008-10;loto.csv
1991039-1;1991039;1;1991-09-25;ME;historic-6-plus-complementary;26;49;36;23;7;37;46;;;;;;;1976-05-to-2008-10;loto.csv
1991039-2;1991039;2;1991-09-25;ME;historic-6-plus-complementary;8;48;45;44;26;30;23;;;;;;;1976-05-to-2008-10;loto.csv
1991039-1;1991039;1;1991-09-28;SA;historic-6-plus-complementary;49;14;4;46;16;20;42;;;;;;;1976-05-to-2008-10;loto.csv
1991039-2;1991039;2;1991-09-28;SA;historic-6-plus-complementary;13;27;4;6;39;24;48;;;;;;;1976-05-to-2008-10;loto.csv
1991040-1;1991040;1;1991-10-02;ME;historic-6-plus-complementary;15;2;18;28;34;31;26;;;;;;;1976-05-to-2008-10;loto.csv
1991040-2;1991040;2;1991-10-02;ME;historic-6-plus-complementary;40;45;16;18;43;12;49;;;;;;;1976-05-to-2008-10;loto.csv
1991040-1;1991040;1;1991-10-05;SA;historic-6-plus-complementary;11;36;23;27;24;28;2;;;;;;;1976-05-to-2008-10;loto.csv
1991040-2;1991040;2;1991-10-05;SA;historic-6-plus-complementary;12;40;31;28;26;14;42;;;;;;;1976-05-to-2008-10;loto.csv
1991041-1;1991041;1;1991-10-09;ME;historic-6-plus-complementary;29;33;23;22;25;34;30;;;;;;;1976-05-to-2008-10;loto.csv
1991041-2;1991041;2;1991-10-09;ME;historic-6-plus-complementary;2;7;47;26;30;5;10;;;;;;;1976-05-to-2008-10;loto.csv
1991041-1;1991041;1;1991-10-12;SA;historic-6-plus-complementary;34;31;14;28;11;20;25;;;;;;;1976-05-to-2008-10;loto.csv
1991041-2;1991041;2;1991-10-12;SA;historic-6-plus-complementary;6;44;1;25;26;42;19;;;;;;;1976-05-to-2008-10;loto.csv
1991042-1;1991042;1;1991-10-16;ME;historic-6-plus-complementary;18;34;38;15;7;44;36;;;;;;;1976-05-to-2008-10;loto.csv
1991042-2;1991042;2;1991-10-16;ME;historic-6-plus-complementary;13;41;30;1;36;25;19;;;;;;;1976-05-to-2008-10;loto.csv
1991042-1;1991042;1;1991-10-19;SA;historic-6-plus-complementary;43;47;17;11;34;14;4;;;;;;;1976-05-to-2008-10;loto.csv
1991042-2;1991042;2;1991-10-19;SA;historic-6-plus-complementary;24;20;28;12;1;29;34;;;;;;;1976-05-to-2008-10;loto.csv
1991043-1;1991043;1;1991-10-23;ME;historic-6-plus-complementary;42;14;47;45;35;7;48;;;;;;;1976-05-to-2008-10;loto.csv
1991043-2;1991043;2;1991-10-23;ME;historic-6-plus-complementary;23;10;35;12;5;19;20;;;;;;;1976-05-to-2008-10;loto.csv
1991043-1;1991043;1;1991-10-26;SA;historic-6-plus-complementary;27;6;16;15;41;37;42;;;;;;;1976-05-to-2008-10;loto.csv
1991043-2;1991043;2;1991-10-26;SA;historic-6-plus-complementary;45;33;14;1;16;49;27;;;;;;;1976-05-to-2008-10;loto.csv
1991044-1;1991044;1;1991-10-30;ME;historic-6-plus-complementary;38;37;39;29;35;5;20;;;;;;;1976-05-to-2008-10;loto.csv
1991044-2;1991044;2;1991-10-30;ME;historic-6-plus-complementary;8;27;46;10;6;33;32;;;;;;;1976-05-to-2008-10;loto.csv
1991044-1;1991044;1;1991-11-02;SA;historic-6-plus-complementary;46;34;35;15;43;2;24;;;;;;;1976-05-to-2008-10;loto.csv
1991044-2;1991044;2;1991-11-02;SA;historic-6-plus-complementary;49;40;36;16;41;28;9;;;;;;;1976-05-to-2008-10;loto.csv
1991045-1;1991045;1;1991-11-06;ME;historic-6-plus-complementary;30;7;37;48;49;8;46;;;;;;;1976-05-to-2008-10;loto.csv
1991045-2;1991045;2;1991-11-06;ME;historic-6-plus-complementary;9;2;24;48;18;47;14;;;;;;;1976-05-to-2008-10;loto.csv
1991045-1;1991045;1;1991-11-09;SA;historic-6-plus-complementary;24;38;9;23;18;34;37;;;;;;;1976-05-to-2008-10;loto.csv
1991045-2;1991045;2;1991-11-09;SA;historic-6-plus-complementary;20;4;42;1;40;16;3;;;;;;;1976-05-to-2008-10;loto.csv
1991046-1;1991046;1;1991-11-13;ME;historic-6-plus-complementary;42;16;15;22;26;44;27;;;;;;;1976-05-to-2008-10;loto.csv
1991046-2;1991046;2;1991-11-13;ME;historic-6-plus-complementary;42;49;14;34;12;2;45;;;;;;;1976-05-to-2008-10;loto.csv
1991046-1;1991046;1;1991-11-16;SA;historic-6-plus-complementary;44;9;16;38;23;7;13;;;;;;;1976-05-to-2008-10;loto.csv
1991046-2;1991046;2;1991-11-16;SA;historic-6-plus-complementary;40;28;35;34;27;33;17;;;;;;;1976-05-to-2008-10;loto.csv
1991047-1;1991047;1;1991-11-20;ME;historic-6-plus-complementary;42;35;20;24;18;26;45;;;;;;;1976-05-to-2008-10;loto.csv
1991047-2;1991047;2;1991-11-20;ME;historic-6-plus-complementary;46;10;12;49;3;7;44;;;;;;;1976-05-to-2008-10;loto.csv
1991047-1;1991047;1;1991-11-23;SA;historic-6-plus-complementary;49;45;15;42;36;1;37;;;;;;;1976-05-to-2008-10;loto.csv
1991047-2;1991047;2;1991-11-23;SA;historic-6-plus-complementary;31;7;13;32;23;42;8;;;;;;;1976-05-to-2008-10;loto.csv
1991048-1;1991048;1;1991-11-27;ME;historic-6-plus-complementary;9;33;38;16;45;15;6;;;;;;;1976-05-to-2008-10;loto.csv
1991048-2;1991048;2;1991-11-27;ME;historic-6-plus-complementary;45;10;13;48;34;37;16;;;;;;;1976-05-to-2008-10;loto.csv
1991048-1;1991048;1;1991-11-30;SA;historic-6-plus-complementary;30;2;25;32;1;31;5;;;;;;;1976-05-to-2008-10;loto.csv
1991048-2;1991048;2;1991-11-30;SA;historic-6-plus-complementary;5;12;17;27;21;4;23;;;;;;;1976-05-to-2008-10;loto.csv
1991049-1;1991049;1;1991-12-04;ME;historic-6-plus-complementary;7;43;34;47;33;1;39;;;;;;;1976-05-to-2008-10;loto.csv
1991049-2;1991049;2;1991-12-04;ME;historic-6-plus-complementary;35;48;36;23;39;40;28;;;;;;;1976-05-to-2008-10;loto.csv
1991049-1;1991049;1;1991-12-07;SA;historic-6-plus-complementary;37;16;7;8;31;15;41;;;;;;;1976-05-to-2008-10;loto.csv
1991049-2;1991049;2;1991-12-07;SA;historic-6-plus-complementary;44;30;12;40;10;6;43;;;;;;;1976-05-to-2008-10;loto.csv
1991050-1;1991050;1;1991-12-11;ME;historic-6-plus-complementary;47;39;11;43;4;10;33;;;;;;;1976-05-to-2008-10;loto.csv
1991050-2;1991050;2;1991-12-11;ME;historic-6-plus-complementary;8;22;40;9;38;14;15;;;;;;;1976-05-to-2008-10;loto.csv
1991050-1;1991050;1;1991-12-14;SA;historic-6-plus-complementary;35;33;9;23;19;31;28;;;;;;;1976-05-to-2008-10;loto.csv
1991050-2;1991050;2;1991-12-14;SA;historic-6-plus-complementary;15;23;2;33;24;38;29;;;;;;;1976-05-to-2008-10;loto.csv
1991051-1;1991051;1;1991-12-18;ME;historic-6-plus-complementary;35;32;47;2;9;46;10;;;;;;;1976-05-to-2008-10;loto.csv
1991051-2;1991051;2;1991-12-18;ME;historic-6-plus-complementary;49;12;14;36;40;3;8;;;;;;;1976-05-to-2008-10;loto.csv
1991051-1;1991051;1;1991-12-21;SA;historic-6-plus-complementary;2;29;18;39;41;44;45;;;;;;;1976-05-to-2008-10;loto.csv
1991051-2;1991051;2;1991-12-21;SA;historic-6-plus-complementary;18;28;3;7;34;46;42;;;;;;;1976-05-to-2008-10;loto.csv
1991052-1;1991052;1;1991-12-25;ME;historic-6-plus-complementary;15;25;3;26;22;5;43;;;;;;;1976-05-to-2008-10;loto.csv
1991052-2;1991052;2;1991-12-25;ME;historic-6-plus-complementary;24;25;27;28;49;13;47;;;;;;;1976-05-to-2008-10;loto.csv
1991052-1;1991052;1;1991-12-28;SA;historic-6-plus-complementary;17;1;28;33;45;31;24;;;;;;;1976-05-to-2008-10;loto.csv
1991052-2;1991052;2;1991-12-28;SA;historic-6-plus-complementary;18;35;8;44;3;21;41;;;;;;;1976-05-to-2008-10;loto.csv
1992001-1;1992001;1;1992-01-01;ME;historic-6-plus-complementary;4;37;20;25;26;30;7;;;;;;;1976-05-to-2008-10;loto.csv
1992001-2;1992001;2;1992-01-01;ME;historic-6-plus-complementary;28;42;35;1;13;45;32;;;;;;;1976-05-to-2008-10;loto.csv
1992001-1;1992001;1;1992-01-04;SA;historic-6-plus-complementary;31;16;9;23;20;26;10;;;;;;;1976-05-to-2008-10;loto.csv
1992001-2;1992001;2;1992-01-04;SA;historic-6-plus-complementary;44;13;42;33;37;21;31;;;;;;;1976-05-to-2008-10;loto.csv
1992002-1;1992002;1;1992-01-08;ME;historic-6-plus-complementary;5;7;11;47;25;13;46;;;;;;;1976-05-to-2008-10;loto.csv
1992002-2;1992002;2;1992-01-08;ME;historic-6-plus-complementary;48;40;21;31;17;20;9;;;;;;;1976-05-to-2008-10;loto.csv
1992002-1;1992002;1;1992-01-11;SA;historic-6-plus-complementary;4;44;14;37;2;34;43;;;;;;;1976-05-to-2008-10;loto.csv
1992002-2;1992002;2;1992-01-11;SA;historic-6-plus-complementary;23;21;8;47;27;20;17;;;;;;;1976-05-to-2008-10;loto.csv
1992003-1;1992003;1;1992-01-15;ME;historic-6-plus-complementary;2;32;20;1;22;46;6;;;;;;;1976-05-to-2008-10;loto.csv
1992003-2;1992003;2;1992-01-15;ME;historic-6-plus-complementary;32;24;28;29;46;38;31;;;;;;;1976-05-to-2008-10;loto.csv
1992003-1;1992003;1;1992-01-18;SA;historic-6-plus-complementary;25;7;18;24;27;43;5;;;;;;;1976-05-to-2008-10;loto.csv
1992003-2;1992003;2;1992-01-18;SA;historic-6-plus-complementary;31;27;16;46;1;26;23;;;;;;;1976-05-to-2008-10;loto.csv
1992004-1;1992004;1;1992-01-22;ME;historic-6-plus-complementary;36;10;16;26;17;1;15;;;;;;;1976-05-to-2008-10;loto.csv
1992004-2;1992004;2;1992-01-22;ME;historic-6-plus-complementary;41;4;7;23;39;19;8;;;;;;;1976-05-to-2008-10;loto.csv
1992004-1;1992004;1;1992-01-25;SA;historic-6-plus-complementary;45;38;27;29;3;47;22;;;;;;;1976-05-to-2008-10;loto.csv
1992004-2;1992004;2;1992-01-25;SA;historic-6-plus-complementary;10;27;8;6;39;36;5;;;;;;;1976-05-to-2008-10;loto.csv
1992005-1;1992005;1;1992-01-29;ME;historic-6-plus-complementary;41;37;29;6;33;44;38;;;;;;;1976-05-to-2008-10;loto.csv
1992005-2;1992005;2;1992-01-29;ME;historic-6-plus-complementary;5;43;48;23;25;2;1;;;;;;;1976-05-to-2008-10;loto.csv
1992005-1;1992005;1;1992-02-01;SA;historic-6-plus-complementary;17;23;9;35;39;2;40;;;;;;;1976-05-to-2008-10;loto.csv
1992005-2;1992005;2;1992-02-01;SA;historic-6-plus-complementary;20;19;3;42;18;12;22;;;;;;;1976-05-to-2008-10;loto.csv
1992006-1;1992006;1;1992-02-05;ME;historic-6-plus-complementary;37;38;29;24;26;17;13;;;;;;;1976-05-to-2008-10;loto.csv
1992006-2;1992006;2;1992-02-05;ME;historic-6-plus-complementary;25;43;22;49;48;39;1;;;;;;;1976-05-to-2008-10;loto.csv
1992006-1;1992006;1;1992-02-08;SA;historic-6-plus-complementary;24;25;29;34;39;9;13;;;;;;;1976-05-to-2008-10;loto.csv
1992006-2;1992006;2;1992-02-08;SA;historic-6-plus-complementary;3;9;34;1;18;30;23;;;;;;;1976-05-to-2008-10;loto.csv
1992007-1;1992007;1;1992-02-12;ME;historic-6-plus-complementary;30;24;25;42;47;3;1;;;;;;;1976-05-to-2008-10;loto.csv
1992007-2;1992007;2;1992-02-12;ME;historic-6-plus-complementary;25;5;12;10;9;1;41;;;;;;;1976-05-to-2008-10;loto.csv
1992007-1;1992007;1;1992-02-15;SA;historic-6-plus-complementary;36;7;44;31;9;45;18;;;;;;;1976-05-to-2008-10;loto.csv
1992007-2;1992007;2;1992-02-15;SA;historic-6-plus-complementary;44;47;24;42;37;39;33;;;;;;;1976-05-to-2008-10;loto.csv
1992008-1;1992008;1;1992-02-19;ME;historic-6-plus-complementary;41;8;9;14;24;34;33;;;;;;;1976-05-to-2008-10;loto.csv
1992008-2;1992008;2;1992-02-19;ME;historic-6-plus-complementary;28;38;47;40;45;21;2;;;;;;;1976-05-to-2008-10;loto.csv
1992008-1;1992008;1;1992-02-22;SA;historic-6-plus-complementary;1;29;35;13;43;4;34;;;;;;;1976-05-to-2008-10;loto.csv
1992008-2;1992008;2;1992-02-22;SA;historic-6-plus-complementary;38;45;31;17;5;7;22;;;;;;;1976-05-to-2008-10;loto.csv
1992009-1;1992009;1;1992-02-26;ME;historic-6-plus-complementary;22;42;12;44;4;5;36;;;;;;;1976-05-to-2008-10;loto.csv
1992009-2;1992009;2;1992-02-26;ME;historic-6-plus-complementary;43;47;26;8;14;1;13;;;;;;;1976-05-to-2008-10;loto.csv
1992009-1;1992009;1;1992-02-29;SA;historic-6-plus-complementary;47;6;25;28;38;26;27;;;;;;;1976-05-to-2008-10;loto.csv
1992009-2;1992009;2;1992-02-29;SA;historic-6-plus-complementary;32;41;37;38;30;28;10;;;;;;;1976-05-to-2008-10;loto.csv
1992010-1;1992010;1;1992-03-04;ME;historic-6-plus-complementary;19;4;7;34;38;29;17;;;;;;;1976-05-to-2008-10;loto.csv
1992010-2;1992010;2;1992-03-04;ME;historic-6-plus-complementary;30;15;35;1;46;5;36;;;;;;;1976-05-to-2008-10;loto.csv
1992010-1;1992010;1;1992-03-07;SA;historic-6-plus-complementary;33;45;11;44;35;10;32;;;;;;;1976-05-to-2008-10;loto.csv
1992010-2;1992010;2;1992-03-07;SA;historic-6-plus-complementary;48;11;24;32;23;31;41;;;;;;;1976-05-to-2008-10;loto.csv
1992011-1;1992011;1;1992-03-11;ME;historic-6-plus-complementary;9;2;43;4;21;37;18;;;;;;;1976-05-to-2008-10;loto.csv
1992011-2;1992011;2;1992-03-11;ME;historic-6-plus-complementary;22;10;29;16;27;30;23;;;;;;;1976-05-to-2008-10;loto.csv
1992011-1;1992011;1;1992-03-14;SA;historic-6-plus-complementary;29;30;40;17;22;9;48;;;;;;;1976-05-to-2008-10;loto.csv
1992011-2;1992011;2;1992-03-14;SA;historic-6-plus-complementary;7;8;1;4;23;16;44;;;;;;;1976-05-to-2008-10;loto.csv
1992012-1;1992012;1;1992-03-18;ME;historic-6-plus-complementary;36;34;37;41;11;26;8;;;;;;;1976-05-to-2008-10;loto.csv
1992012-2;1992012;2;1992-03-18;ME;historic-6-plus-complementary;30;20;1;46;6;40;11;;;;;;;1976-05-to-2008-10;loto.csv
1992012-1;1992012;1;1992-03-21;SA;historic-6-plus-complementary;18;49;43;34;16;39;12;;;;;;;1976-05-to-2008-10;loto.csv
1992012-2;1992012;2;1992-03-21;SA;historic-6-plus-complementary;18;4;8;37;10;40;31;;;;;;;1976-05-to-2008-10;loto.csv
1992013-1;1992013;1;1992-03-25;ME;historic-6-plus-complementary;13;48;28;7;10;45;37;;;;;;;1976-05-to-2008-10;loto.csv
1992013-2;1992013;2;1992-03-25;ME;historic-6-plus-complementary;21;13;30;39;43;28;9;;;;;;;1976-05-to-2008-10;loto.csv
1992013-1;1992013;1;1992-03-28;SA;historic-6-plus-complementary;37;6;29;9;25;11;5;;;;;;;1976-05-to-2008-10;loto.csv
1992013-2;1992013;2;1992-03-28;SA;historic-6-plus-complementary;36;21;23;6;47;10;45;;;;;;;1976-05-to-2008-10;loto.csv
1992014-1;1992014;1;1992-04-01;ME;historic-6-plus-complementary;42;43;12;28;30;7;19;;;;;;;1976-05-to-2008-10;loto.csv
1992014-2;1992014;2;1992-04-01;ME;historic-6-plus-complementary;7;42;37;47;25;34;31;;;;;;;1976-05-to-2008-10;loto.csv
1992014-1;1992014;1;1992-04-04;SA;historic-6-plus-complementary;27;26;17;39;36;44;25;;;;;;;1976-05-to-2008-10;loto.csv
1992014-2;1992014;2;1992-04-04;SA;historic-6-plus-complementary;36;16;6;35;32;47;41;;;;;;;1976-05-to-2008-10;loto.csv
1992015-1;1992015;1;1992-04-08;ME;historic-6-plus-complementary;35;11;38;33;25;26;45;;;;;;;1976-05-to-2008-10;loto.csv
1992015-2;1992015;2;1992-04-08;ME;historic-6-plus-complementary;39;16;18;48;30;31;22;;;;;;;1976-05-to-2008-10;loto.csv
1992015-1;1992015;1;1992-04-11;SA;historic-6-plus-complementary;33;17;10;20;44;16;45;;;;;;;1976-05-to-2008-10;loto.csv
1992015-2;1992015;2;1992-04-11;SA;historic-6-plus-complementary;36;13;43;11;5;37;25;;;;;;;1976-05-to-2008-10;loto.csv
1992016-1;1992016;1;1992-04-15;ME;historic-6-plus-complementary;9;42;31;19;18;43;45;;;;;;;1976-05-to-2008-10;loto.csv
1992016-2;1992016;2;1992-04-15;ME;historic-6-plus-complementary;15;38;14;45;6;4;42;;;;;;;1976-05-to-2008-10;loto.csv
1992016-1;1992016;1;1992-04-18;SA;historic-6-plus-complementary;35;11;45;36;41;31;47;;;;;;;1976-05-to-2008-10;loto.csv
1992016-2;1992016;2;1992-04-18;SA;historic-6-plus-complementary;3;49;4;21;36;12;43;;;;;;;1976-05-to-2008-10;loto.csv
1992017-1;1992017;1;1992-04-22;ME;historic-6-plus-complementary;28;41;35;18;24;45;12;;;;;;;1976-05-to-2008-10;loto.csv
1992017-2;1992017;2;1992-04-22;ME;historic-6-plus-complementary;16;43;24;30;5;15;31;;;;;;;1976-05-to-2008-10;loto.csv
1992017-1;1992017;1;1992-04-25;SA;historic-6-plus-complementary;31;23;7;42;34;19;21;;;;;;;1976-05-to-2008-10;loto.csv
1992017-2;1992017;2;1992-04-25;SA;historic-6-plus-complementary;33;4;47;20;28;8;6;;;;;;;1976-05-to-2008-10;loto.csv
1992018-1;1992018;1;1992-04-29;ME;historic-6-plus-complementary;1;31;17;20;10;8;28;;;;;;;1976-05-to-2008-10;loto.csv
1992018-2;1992018;2;1992-04-29;ME;historic-6-plus-complementary;25;45;16;20;39;2;18;;;;;;;1976-05-to-2008-10;loto.csv
1992018-1;1992018;1;1992-05-02;SA;historic-6-plus-complementary;41;19;28;29;12;44;43;;;;;;;1976-05-to-2008-10;loto.csv
1992018-2;1992018;2;1992-05-02;SA;historic-6-plus-complementary;33;5;11;47;26;4;10;;;;;;;1976-05-to-2008-10;loto.csv
1992019-1;1992019;1;1992-05-06;ME;historic-6-plus-complementary;41;24;14;32;22;5;18;;;;;;;1976-05-to-2008-10;loto.csv
1992019-2;1992019;2;1992-05-06;ME;historic-6-plus-complementary;23;38;18;36;21;30;5;;;;;;;1976-05-to-2008-10;loto.csv
1992019-1;1992019;1;1992-05-09;SA;historic-6-plus-complementary;42;30;47;29;10;34;37;;;;;;;1976-05-to-2008-10;loto.csv
1992019-2;1992019;2;1992-05-09;SA;historic-6-plus-complementary;20;26;34;30;42;24;33;;;;;;;1976-05-to-2008-10;loto.csv
1992020-1;1992020;1;1992-05-13;ME;historic-6-plus-complementary;45;12;17;35;24;15;22;;;;;;;1976-05-to-2008-10;loto.csv
1992020-2;1992020;2;1992-05-13;ME;historic-6-plus-complementary;9;18;14;42;48;6;8;;;;;;;1976-05-to-2008-10;loto.csv
1992020-1;1992020;1;1992-05-16;SA;historic-6-plus-complementary;24;5;6;27;19;32;23;;;;;;;1976-05-to-2008-10;loto.csv
1992020-2;1992020;2;1992-05-16;SA;historic-6-plus-complementary;41;11;14;24;46;34;30;;;;;;;1976-05-to-2008-10;loto.csv
1992021-1;1992021;1;1992-05-20;ME;historic-6-plus-complementary;43;41;29;36;49;25;16;;;;;;;1976-05-to-2008-10;loto.csv
1992021-2;1992021;2;1992-05-20;ME;historic-6-plus-complementary;1;18;33;25;47;17;6;;;;;;;1976-05-to-2008-10;loto.csv
1992021-1;1992021;1;1992-05-23;SA;historic-6-plus-complementary;31;7;33;32;13;30;1;;;;;;;1976-05-to-2008-10;loto.csv
1992021-2;1992021;2;1992-05-23;SA;historic-6-plus-complementary;1;44;5;11;43;42;41;;;;;;;1976-05-to-2008-10;loto.csv
1992022-1;1992022;1;1992-05-27;ME;historic-6-plus-complementary;4;1;48;26;25;49;14;;;;;;;1976-05-to-2008-10;loto.csv
1992022-2;1992022;2;1992-05-27;ME;historic-6-plus-complementary;34;38;11;17;27;23;49;;;;;;;1976-05-to-2008-10;loto.csv
1992022-1;1992022;1;1992-05-30;SA;historic-6-plus-complementary;4;28;46;34;10;41;48;;;;;;;1976-05-to-2008-10;loto.csv
1992022-2;1992022;2;1992-05-30;SA;historic-6-plus-complementary;9;26;34;27;39;18;31;;;;;;;1976-05-to-2008-10;loto.csv
1992023-1;1992023;1;1992-06-03;ME;historic-6-plus-complementary;38;20;41;2;35;47;1;;;;;;;1976-05-to-2008-10;loto.csv
1992023-2;1992023;2;1992-06-03;ME;historic-6-plus-complementary;5;17;44;24;2;1;47;;;;;;;1976-05-to-2008-10;loto.csv
1992023-1;1992023;1;1992-06-06;SA;historic-6-plus-complementary;14;45;5;12;29;10;8;;;;;;;1976-05-to-2008-10;loto.csv
1992023-2;1992023;2;1992-06-06;SA;historic-6-plus-complementary;4;19;3;16;48;20;42;;;;;;;1976-05-to-2008-10;loto.csv
1992024-1;1992024;1;1992-06-10;ME;historic-6-plus-complementary;4;30;23;18;48;39;25;;;;;;;1976-05-to-2008-10;loto.csv
1992024-2;1992024;2;1992-06-10;ME;historic-6-plus-complementary;32;4;8;29;10;13;47;;;;;;;1976-05-to-2008-10;loto.csv
1992024-1;1992024;1;1992-06-13;SA;historic-6-plus-complementary;45;11;12;9;23;38;26;;;;;;;1976-05-to-2008-10;loto.csv
1992024-2;1992024;2;1992-06-13;SA;historic-6-plus-complementary;8;23;6;11;27;14;37;;;;;;;1976-05-to-2008-10;loto.csv
1992025-1;1992025;1;1992-06-17;ME;historic-6-plus-complementary;7;6;40;25;45;10;28;;;;;;;1976-05-to-2008-10;loto.csv
1992025-2;1992025;2;1992-06-17;ME;historic-6-plus-complementary;43;30;5;36;24;45;37;;;;;;;1976-05-to-2008-10;loto.csv
1992025-1;1992025;1;1992-06-20;SA;historic-6-plus-complementary;8;23;40;10;19;25;6;;;;;;;1976-05-to-2008-10;loto.csv
1992025-2;1992025;2;1992-06-20;SA;historic-6-plus-complementary;11;23;6;35;17;41;19;;;;;;;1976-05-to-2008-10;loto.csv
1992026-1;1992026;1;1992-06-24;ME;historic-6-plus-complementary;14;10;20;41;31;11;44;;;;;;;1976-05-to-2008-10;loto.csv
1992026-2;1992026;2;1992-06-24;ME;historic-6-plus-complementary;41;2;26;12;11;17;29;;;;;;;1976-05-to-2008-10;loto.csv
1992026-1;1992026;1;1992-06-27;SA;historic-6-plus-complementary;5;20;8;46;7;33;9;;;;;;;1976-05-to-2008-10;loto.csv
1992026-2;1992026;2;1992-06-27;SA;historic-6-plus-complementary;48;15;22;47;11;46;13;;;;;;;1976-05-to-2008-10;loto.csv
1992027-1;1992027;1;1992-07-01;ME;historic-6-plus-complementary;44;42;29;48;5;10;4;;;;;;;1976-05-to-2008-10;loto.csv
1992027-2;1992027;2;1992-07-01;ME;historic-6-plus-complementary;41;29;35;48;7;18;5;;;;;;;1976-05-to-2008-10;loto.csv
1992027-1;1992027;1;1992-07-04;SA;historic-6-plus-complementary;39;46;8;17;10;7;14;;;;;;;1976-05-to-2008-10;loto.csv
1992027-2;1992027;2;1992-07-04;SA;historic-6-plus-complementary;22;43;31;18;4;2;32;;;;;;;1976-05-to-2008-10;loto.csv
1992028-1;1992028;1;1992-07-08;ME;historic-6-plus-complementary;1;31;13;44;40;14;49;;;;;;;1976-05-to-2008-10;loto.csv
1992028-2;1992028;2;1992-07-08;ME;historic-6-plus-complementary;14;29;34;13;4;17;6;;;;;;;1976-05-to-2008-10;loto.csv
1992028-1;1992028;1;1992-07-11;SA;historic-6-plus-complementary;46;28;2;25;45;35;8;;;;;;;1976-05-to-2008-10;loto.csv
1992028-2;1992028;2;1992-07-11;SA;historic-6-plus-complementary;42;45;23;32;12;4;27;;;;;;;1976-05-to-2008-10;loto.csv
1992029-1;1992029;1;1992-07-15;ME;historic-6-plus-complementary;43;36;8;17;7;10;33;;;;;;;1976-05-to-2008-10;loto.csv
1992029-2;1992029;2;1992-07-15;ME;historic-6-plus-complementary;43;15;33;3;32;5;1;;;;;;;1976-05-to-2008-10;loto.csv
1992029-1;1992029;1;1992-07-18;SA;historic-6-plus-complementary;36;12;28;11;41;43;23;;;;;;;1976-05-to-2008-10;loto.csv
1992029-2;1992029;2;1992-07-18;SA;historic-6-plus-complementary;7;22;2;46;15;9;26;;;;;;;1976-05-to-2008-10;loto.csv
1992030-1;1992030;1;1992-07-22;ME;historic-6-plus-complementary;36;40;37;16;1;10;15;;;;;;;1976-05-to-2008-10;loto.csv
1992030-2;1992030;2;1992-07-22;ME;historic-6-plus-complementary;17;11;27;26;36;18;1;;;;;;;1976-05-to-2008-10;loto.csv
1992030-1;1992030;1;1992-07-25;SA;historic-6-plus-complementary;25;15;32;43;22;24;6;;;;;;;1976-05-to-2008-10;loto.csv
1992030-2;1992030;2;1992-07-25;SA;historic-6-plus-complementary;33;46;18;13;39;14;19;;;;;;;1976-05-to-2008-10;loto.csv
1992031-1;1992031;1;1992-07-29;ME;historic-6-plus-complementary;34;15;37;7;35;21;44;;;;;;;1976-05-to-2008-10;loto.csv
1992031-2;1992031;2;1992-07-29;ME;historic-6-plus-complementary;43;1;34;47;42;28;35;;;;;;;1976-05-to-2008-10;loto.csv
1992031-1;1992031;1;1992-08-01;SA;historic-6-plus-complementary;39;11;12;42;4;46;49;;;;;;;1976-05-to-2008-10;loto.csv
1992031-2;1992031;2;1992-08-01;SA;historic-6-plus-complementary;17;25;41;7;27;13;20;;;;;;;1976-05-to-2008-10;loto.csv
1992032-1;1992032;1;1992-08-05;ME;historic-6-plus-complementary;8;10;30;2;22;6;1;;;;;;;1976-05-to-2008-10;loto.csv
1992032-2;1992032;2;1992-08-05;ME;historic-6-plus-complementary;31;10;47;36;34;42;39;;;;;;;1976-05-to-2008-10;loto.csv
1992032-1;1992032;1;1992-08-08;SA;historic-6-plus-complementary;49;6;47;34;23;9;37;;;;;;;1976-05-to-2008-10;loto.csv
1992032-2;1992032;2;1992-08-08;SA;historic-6-plus-complementary;17;6;35;36;1;42;41;;;;;;;1976-05-to-2008-10;loto.csv
1992033-1;1992033;1;1992-08-12;ME;historic-6-plus-complementary;14;16;11;44;7;30;38;;;;;;;1976-05-to-2008-10;loto.csv
1992033-2;1992033;2;1992-08-12;ME;historic-6-plus-complementary;24;43;11;16;48;10;26;;;;;;;1976-05-to-2008-10;loto.csv
1992033-1;1992033;1;1992-08-15;SA;historic-6-plus-complementary;5;17;40;20;37;2;41;;;;;;;1976-05-to-2008-10;loto.csv
1992033-2;1992033;2;1992-08-15;SA;historic-6-plus-complementary;32;38;9;26;35;5;2;;;;;;;1976-05-to-2008-10;loto.csv
1992034-1;1992034;1;1992-08-19;ME;historic-6-plus-complementary;5;6;37;41;33;20;9;;;;;;;1976-05-to-2008-10;loto.csv
1992034-2;1992034;2;1992-08-19;ME;historic-6-plus-complementary;8;26;45;31;6;13;44;;;;;;;1976-05-to-2008-10;loto.csv
1992034-1;1992034;1;1992-08-22;SA;historic-6-plus-complementary;49;48;11;30;7;34;10;;;;;;;1976-05-to-2008-10;loto.csv
1992034-2;1992034;2;1992-08-22;SA;historic-6-plus-complementary;3;40;35;14;26;30;46;;;;;;;1976-05-to-2008-10;loto.csv
1992035-1;1992035;1;1992-08-26;ME;historic-6-plus-complementary;28;23;2;27;35;13;43;;;;;;;1976-05-to-2008-10;loto.csv
1992035-2;1992035;2;1992-08-26;ME;historic-6-plus-complementary;18;1;8;9;3;6;47;;;;;;;1976-05-to-2008-10;loto.csv
1992035-1;1992035;1;1992-08-29;SA;historic-6-plus-complementary;8;26;13;44;17;24;21;;;;;;;1976-05-to-2008-10;loto.csv
1992035-2;1992035;2;1992-08-29;SA;historic-6-plus-complementary;12;38;45;11;6;18;19;;;;;;;1976-05-to-2008-10;loto.csv
1992036-1;1992036;1;1992-09-02;ME;historic-6-plus-complementary;48;1;45;33;30;20;23;;;;;;;1976-05-to-2008-10;loto.csv
1992036-2;1992036;2;1992-09-02;ME;historic-6-plus-complementary;26;12;1;22;40;14;49;;;;;;;1976-05-to-2008-10;loto.csv
1992036-1;1992036;1;1992-09-05;SA;historic-6-plus-complementary;1;6;31;32;46;43;44;;;;;;;1976-05-to-2008-10;loto.csv
1992036-2;1992036;2;1992-09-05;SA;historic-6-plus-complementary;9;26;37;41;44;11;30;;;;;;;1976-05-to-2008-10;loto.csv
1992037-1;1992037;1;1992-09-09;ME;historic-6-plus-complementary;12;13;18;1;20;47;21;;;;;;;1976-05-to-2008-10;loto.csv
1992037-2;1992037;2;1992-09-09;ME;historic-6-plus-complementary;28;22;27;49;19;6;15;;;;;;;1976-05-to-2008-10;loto.csv
1992037-1;1992037;1;1992-09-12;SA;historic-6-plus-complementary;17;29;32;4;16;46;5;;;;;;;1976-05-to-2008-10;loto.csv
1992037-2;1992037;2;1992-09-12;SA;historic-6-plus-complementary;23;42;47;8;41;25;3;;;;;;;1976-05-to-2008-10;loto.csv
1992038-1;1992038;1;1992-09-16;ME;historic-6-plus-complementary;24;36;44;3;23;12;5;;;;;;;1976-05-to-2008-10;loto.csv
1992038-2;1992038;2;1992-09-16;ME;historic-6-plus-complementary;36;21;24;23;44;14;13;;;;;;;1976-05-to-2008-10;loto.csv
1992038-1;1992038;1;1992-09-19;SA;historic-6-plus-complementary;40;37;10;31;12;20;45;;;;;;;1976-05-to-2008-10;loto.csv
1992038-2;1992038;2;1992-09-19;SA;historic-6-plus-complementary;11;18;39;17;33;24;12;;;;;;;1976-05-to-2008-10;loto.csv
1992039-1;1992039;1;1992-09-23;ME;historic-6-plus-complementary;47;19;4;29;48;34;30;;;;;;;1976-05-to-2008-10;loto.csv
1992039-2;1992039;2;1992-09-23;ME;historic-6-plus-complementary;46;18;47;35;23;12;28;;;;;;;1976-05-to-2008-10;loto.csv
1992039-1;1992039;1;1992-09-26;SA;historic-6-plus-complementary;45;12;24;7;26;47;18;;;;;;;1976-05-to-2008-10;loto.csv
1992039-2;1992039;2;1992-09-26;SA;historic-6-plus-complementary;4;33;15;27;44;3;11;;;;;;;1976-05-to-2008-10;loto.csv
1992040-1;1992040;1;1992-09-30;ME;historic-6-plus-complementary;23;49;45;31;11;19;18;;;;;;;1976-05-to-2008-10;loto.csv
1992040-2;1992040;2;1992-09-30;ME;historic-6-plus-complementary;49;28;37;17;41;13;2;;;;;;;1976-05-to-2008-10;loto.csv
1992040-1;1992040;1;1992-10-03;SA;historic-6-plus-complementary;36;29;7;23;20;42;40;;;;;;;1976-05-to-2008-10;loto.csv
1992040-2;1992040;2;1992-10-03;SA;historic-6-plus-complementary;4;44;10;24;33;32;18;;;;;;;1976-05-to-2008-10;loto.csv
1992041-1;1992041;1;1992-10-07;ME;historic-6-plus-complementary;34;17;48;28;41;10;7;;;;;;;1976-05-to-2008-10;loto.csv
1992041-2;1992041;2;1992-10-07;ME;historic-6-plus-complementary;41;27;35;20;44;15;42;;;;;;;1976-05-to-2008-10;loto.csv
1992041-1;1992041;1;1992-10-10;SA;historic-6-plus-complementary;2;43;35;17;28;8;24;;;;;;;1976-05-to-2008-10;loto.csv
1992041-2;1992041;2;1992-10-10;SA;historic-6-plus-complementary;7;31;11;34;33;49;45;;;;;;;1976-05-to-2008-10;loto.csv
1992042-1;1992042;1;1992-10-14;ME;historic-6-plus-complementary;24;34;6;29;45;23;10;;;;;;;1976-05-to-2008-10;loto.csv
1992042-2;1992042;2;1992-10-14;ME;historic-6-plus-complementary;41;49;23;6;8;18;15;;;;;;;1976-05-to-2008-10;loto.csv
1992042-1;1992042;1;1992-10-17;SA;historic-6-plus-complementary;41;45;23;42;20;48;2;;;;;;;1976-05-to-2008-10;loto.csv
1992042-2;1992042;2;1992-10-17;SA;historic-6-plus-complementary;16;36;27;49;33;5;12;;;;;;;1976-05-to-2008-10;loto.csv
1992043-1;1992043;1;1992-10-21;ME;historic-6-plus-complementary;26;19;1;23;18;4;34;;;;;;;1976-05-to-2008-10;loto.csv
1992043-2;1992043;2;1992-10-21;ME;historic-6-plus-complementary;22;31;36;16;6;35;43;;;;;;;1976-05-to-2008-10;loto.csv
1992043-1;1992043;1;1992-10-24;SA;historic-6-plus-complementary;20;12;4;2;27;22;1;;;;;;;1976-05-to-2008-10;loto.csv
1992043-2;1992043;2;1992-10-24;SA;historic-6-plus-complementary;7;21;28;44;47;20;32;;;;;;;1976-05-to-2008-10;loto.csv
1992044-1;1992044;1;1992-10-28;ME;historic-6-plus-complementary;35;18;40;7;6;4;45;;;;;;;1976-05-to-2008-10;loto.csv
1992044-2;1992044;2;1992-10-28;ME;historic-6-plus-complementary;27;46;6;15;19;41;2;;;;;;;1976-05-to-2008-10;loto.csv
1992044-1;1992044;1;1992-10-31;SA;historic-6-plus-complementary;48;30;8;37;27;21;1;;;;;;;1976-05-to-2008-10;loto.csv
1992044-2;1992044;2;1992-10-31;SA;historic-6-plus-complementary;41;42;43;44;38;11;17;;;;;;;1976-05-to-2008-10;loto.csv
1992045-1;1992045;1;1992-11-04;ME;historic-6-plus-complementary;47;40;24;48;5;16;38;;;;;;;1976-05-to-2008-10;loto.csv
1992045-2;1992045;2;1992-11-04;ME;historic-6-plus-complementary;28;21;29;5;32;36;2;;;;;;;1976-05-to-2008-10;loto.csv
1992045-1;1992045;1;1992-11-07;SA;historic-6-plus-complementary;35;36;17;28;47;6;33;;;;;;;1976-05-to-2008-10;loto.csv
1992045-2;1992045;2;1992-11-07;SA;historic-6-plus-complementary;39;32;24;4;41;2;18;;;;;;;1976-05-to-2008-10;loto.csv
1992046-1;1992046;1;1992-11-11;ME;historic-6-plus-complementary;47;46;24;17;28;13;38;;;;;;;1976-05-to-2008-10;loto.csv
1992046-2;1992046;2;1992-11-11;ME;historic-6-plus-complementary;14;10;32;26;23;19;39;;;;;;;1976-05-to-2008-10;loto.csv
1992046-1;1992046;1;1992-11-14;SA;historic-6-plus-complementary;44;35;14;10;30;6;16;;;;;;;1976-05-to-2008-10;loto.csv
1992046-2;1992046;2;1992-11-14;SA;historic-6-plus-complementary;9;12;30;28;35;46;7;;;;;;;1976-05-to-2008-10;loto.csv
1992047-1;1992047;1;1992-11-18;ME;historic-6-plus-complementary;48;28;23;40;44;4;13;;;;;;;1976-05-to-2008-10;loto.csv
1992047-2;1992047;2;1992-11-18;ME;historic-6-plus-complementary;24;27;30;46;42;7;31;;;;;;;1976-05-to-2008-10;loto.csv
1992047-1;1992047;1;1992-11-21;SA;historic-6-plus-complementary;21;44;39;6;11;22;28;;;;;;;1976-05-to-2008-10;loto.csv
1992047-2;1992047;2;1992-11-21;SA;historic-6-plus-complementary;27;26;2;34;41;14;37;;;;;;;1976-05-to-2008-10;loto.csv
1992048-1;1992048;1;1992-11-25;ME;historic-6-plus-complementary;3;30;23;41;19;46;2;;;;;;;1976-05-to-2008-10;loto.csv
1992048-2;1992048;2;1992-11-25;ME;historic-6-plus-complementary;44;13;30;19;5;11;46;;;;;;;1976-05-to-2008-10;loto.csv
1992048-1;1992048;1;1992-11-28;SA;historic-6-plus-complementary;8;4;41;9;26;35;46;;;;;;;1976-05-to-2008-10;loto.csv
1992048-2;1992048;2;1992-11-28;SA;historic-6-plus-complementary;18;14;19;5;23;12;7;;;;;;;1976-05-to-2008-10;loto.csv
1992049-1;1992049;1;1992-12-02;ME;historic-6-plus-complementary;3;9;6;28;44;31;42;;;;;;;1976-05-to-2008-10;loto.csv
1992049-2;1992049;2;1992-12-02;ME;historic-6-plus-complementary;1;25;3;43;10;8;20;;;;;;;1976-05-to-2008-10;loto.csv
1992049-1;1992049;1;1992-12-05;SA;historic-6-plus-complementary;47;28;14;33;31;37;49;;;;;;;1976-05-to-2008-10;loto.csv
1992049-2;1992049;2;1992-12-05;SA;historic-6-plus-complementary;45;36;10;19;48;14;44;;;;;;;1976-05-to-2008-10;loto.csv
1992050-1;1992050;1;1992-12-09;ME;historic-6-plus-complementary;49;6;3;48;22;41;20;;;;;;;1976-05-to-2008-10;loto.csv
1992050-2;1992050;2;1992-12-09;ME;historic-6-plus-complementary;7;6;20;3;14;23;36;;;;;;;1976-05-to-2008-10;loto.csv
1992050-1;1992050;1;1992-12-12;SA;historic-6-plus-complementary;28;2;7;20;46;26;13;;;;;;;1976-05-to-2008-10;loto.csv
1992050-2;1992050;2;1992-12-12;SA;historic-6-plus-complementary;41;22;6;23;1;25;2;;;;;;;1976-05-to-2008-10;loto.csv
1992051-1;1992051;1;1992-12-16;ME;historic-6-plus-complementary;2;46;47;43;10;34;37;;;;;;;1976-05-to-2008-10;loto.csv
1992051-2;1992051;2;1992-12-16;ME;historic-6-plus-complementary;48;23;36;16;6;17;40;;;;;;;1976-05-to-2008-10;loto.csv
1992051-1;1992051;1;1992-12-19;SA;historic-6-plus-complementary;10;3;2;29;26;12;19;;;;;;;1976-05-to-2008-10;loto.csv
1992051-2;1992051;2;1992-12-19;SA;historic-6-plus-complementary;47;3;29;4;8;38;13;;;;;;;1976-05-to-2008-10;loto.csv
1992052-1;1992052;1;1992-12-23;ME;historic-6-plus-complementary;39;35;36;17;25;9;40;;;;;;;1976-05-to-2008-10;loto.csv
1992052-2;1992052;2;1992-12-23;ME;historic-6-plus-complementary;7;3;1;13;39;28;47;;;;;;;1976-05-to-2008-10;loto.csv
1992052-1;1992052;1;1992-12-26;SA;historic-6-plus-complementary;18;49;29;23;8;32;5;;;;;;;1976-05-to-2008-10;loto.csv
1992052-2;1992052;2;1992-12-26;SA;historic-6-plus-complementary;19;26;37;32;33;47;4;;;;;;;1976-05-to-2008-10;loto.csv
1992053-1;1992053;1;1992-12-30;ME;historic-6-plus-complementary;11;1;18;25;24;46;12;;;;;;;1976-05-to-2008-10;loto.csv
1992053-2;1992053;2;1992-12-30;ME;historic-6-plus-complementary;34;29;39;7;28;31;27;;;;;;;1976-05-to-2008-10;loto.csv
1992053-1;1992053;1;1993-01-02;SA;historic-6-plus-complementary;40;7;22;1;38;3;42;;;;;;;1976-05-to-2008-10;loto.csv
1992053-2;1992053;2;1993-01-02;SA;historic-6-plus-complementary;46;44;36;40;1;13;19;;;;;;;1976-05-to-2008-10;loto.csv
1993001-1;1993001;1;1993-01-06;ME;historic-6-plus-complementary;43;35;26;31;3;25;29;;;;;;;1976-05-to-2008-10;loto.csv
1993001-2;1993001;2;1993-01-06;ME;historic-6-plus-complementary;38;47;9;1;12;29;26;;;;;;;1976-05-to-2008-10;loto.csv
1993001-1;1993001;1;1993-01-09;SA;historic-6-plus-complementary;31;16;40;22;14;11;32;;;;;;;1976-05-to-2008-10;loto.csv
1993001-2;1993001;2;1993-01-09;SA;historic-6-plus-complementary;36;9;8;37;17;32;34;;;;;;;1976-05-to-2008-10;loto.csv
1993002-1;1993002;1;1993-01-13;ME;historic-6-plus-complementary;27;5;29;34;16;32;42;;;;;;;1976-05-to-2008-10;loto.csv
1993002-2;1993002;2;1993-01-13;ME;historic-6-plus-complementary;9;44;38;7;21;16;31;;;;;;;1976-05-to-2008-10;loto.csv
1993002-1;1993002;1;1993-01-16;SA;historic-6-plus-complementary;3;36;13;44;42;21;9;;;;;;;1976-05-to-2008-10;loto.csv
1993002-2;1993002;2;1993-01-16;SA;historic-6-plus-complementary;17;33;40;35;12;21;41;;;;;;;1976-05-to-2008-10;loto.csv
1993003-1;1993003;1;1993-01-20;ME;historic-6-plus-complementary;23;11;47;49;30;18;21;;;;;;;1976-05-to-2008-10;loto.csv
1993003-2;1993003;2;1993-01-20;ME;historic-6-plus-complementary;24;22;6;25;31;17;49;;;;;;;1976-05-to-2008-10;loto.csv
1993003-1;1993003;1;1993-01-23;SA;historic-6-plus-complementary;49;43;28;41;5;6;32;;;;;;;1976-05-to-2008-10;loto.csv
1993003-2;1993003;2;1993-01-23;SA;historic-6-plus-complementary;15;13;30;12;7;22;26;;;;;;;1976-05-to-2008-10;loto.csv
1993004-1;1993004;1;1993-01-27;ME;historic-6-plus-complementary;48;2;17;13;31;16;21;;;;;;;1976-05-to-2008-10;loto.csv
1993004-2;1993004;2;1993-01-27;ME;historic-6-plus-complementary;3;11;21;48;16;39;42;;;;;;;1976-05-to-2008-10;loto.csv
1993004-1;1993004;1;1993-01-30;SA;historic-6-plus-complementary;26;38;49;48;7;35;24;;;;;;;1976-05-to-2008-10;loto.csv
1993004-2;1993004;2;1993-01-30;SA;historic-6-plus-complementary;26;29;43;7;34;1;10;;;;;;;1976-05-to-2008-10;loto.csv
1993005-1;1993005;1;1993-02-03;ME;historic-6-plus-complementary;33;40;3;1;6;45;26;;;;;;;1976-05-to-2008-10;loto.csv
1993005-2;1993005;2;1993-02-03;ME;historic-6-plus-complementary;49;21;36;40;28;20;17;;;;;;;1976-05-to-2008-10;loto.csv
1993005-1;1993005;1;1993-02-06;SA;historic-6-plus-complementary;14;40;45;48;5;2;12;;;;;;;1976-05-to-2008-10;loto.csv
1993005-2;1993005;2;1993-02-06;SA;historic-6-plus-complementary;27;16;2;5;10;18;46;;;;;;;1976-05-to-2008-10;loto.csv
1993006-1;1993006;1;1993-02-10;ME;historic-6-plus-complementary;24;31;18;39;20;7;40;;;;;;;1976-05-to-2008-10;loto.csv
1993006-2;1993006;2;1993-02-10;ME;historic-6-plus-complementary;46;42;33;41;7;39;14;;;;;;;1976-05-to-2008-10;loto.csv
1993006-1;1993006;1;1993-02-13;SA;historic-6-plus-complementary;39;43;12;34;8;41;11;;;;;;;1976-05-to-2008-10;loto.csv
1993006-2;1993006;2;1993-02-13;SA;historic-6-plus-complementary;25;48;15;20;47;4;35;;;;;;;1976-05-to-2008-10;loto.csv
1993007-1;1993007;1;1993-02-17;ME;historic-6-plus-complementary;44;19;36;5;49;7;43;;;;;;;1976-05-to-2008-10;loto.csv
1993007-2;1993007;2;1993-02-17;ME;historic-6-plus-complementary;17;14;32;33;16;23;39;;;;;;;1976-05-to-2008-10;loto.csv
1993007-1;1993007;1;1993-02-20;SA;historic-6-plus-complementary;10;6;48;42;8;32;5;;;;;;;1976-05-to-2008-10;loto.csv
1993007-2;1993007;2;1993-02-20;SA;historic-6-plus-complementary;8;17;25;45;23;14;37;;;;;;;1976-05-to-2008-10;loto.csv
1993008-1;1993008;1;1993-02-24;ME;historic-6-plus-complementary;27;44;23;32;31;18;48;;;;;;;1976-05-to-2008-10;loto.csv
1993008-2;1993008;2;1993-02-24;ME;historic-6-plus-complementary;14;39;6;41;16;40;42;;;;;;;1976-05-to-2008-10;loto.csv
1993008-1;1993008;1;1993-02-27;SA;historic-6-plus-complementary;19;7;25;20;4;10;38;;;;;;;1976-05-to-2008-10;loto.csv
1993008-2;1993008;2;1993-02-27;SA;historic-6-plus-complementary;9;28;18;13;30;15;22;;;;;;;1976-05-to-2008-10;loto.csv
1993009-1;1993009;1;1993-03-03;ME;historic-6-plus-complementary;11;2;37;25;18;35;10;;;;;;;1976-05-to-2008-10;loto.csv
1993009-2;1993009;2;1993-03-03;ME;historic-6-plus-complementary;36;30;32;47;28;39;11;;;;;;;1976-05-to-2008-10;loto.csv
1993009-1;1993009;1;1993-03-06;SA;historic-6-plus-complementary;7;26;47;27;16;30;36;;;;;;;1976-05-to-2008-10;loto.csv
1993009-2;1993009;2;1993-03-06;SA;historic-6-plus-complementary;12;36;29;16;37;20;27;;;;;;;1976-05-to-2008-10;loto.csv
1993010-1;1993010;1;1993-03-10;ME;historic-6-plus-complementary;31;12;49;23;43;36;24;;;;;;;1976-05-to-2008-10;loto.csv
1993010-2;1993010;2;1993-03-10;ME;historic-6-plus-complementary;34;30;42;20;35;9;8;;;;;;;1976-05-to-2008-10;loto.csv
1993010-1;1993010;1;1993-03-13;SA;historic-6-plus-complementary;3;33;15;43;47;2;23;;;;;;;1976-05-to-2008-10;loto.csv
1993010-2;1993010;2;1993-03-13;SA;historic-6-plus-complementary;20;3;23;39;18;38;17;;;;;;;1976-05-to-2008-10;loto.csv
1993011-1;1993011;1;1993-03-17;ME;historic-6-plus-complementary;8;41;2;14;11;25;7;;;;;;;1976-05-to-2008-10;loto.csv
1993011-2;1993011;2;1993-03-17;ME;historic-6-plus-complementary;40;43;38;28;19;39;30;;;;;;;1976-05-to-2008-10;loto.csv
1993011-1;1993011;1;1993-03-20;SA;historic-6-plus-complementary;8;25;49;21;5;14;13;;;;;;;1976-05-to-2008-10;loto.csv
1993011-2;1993011;2;1993-03-20;SA;historic-6-plus-complementary;42;38;30;6;46;8;14;;;;;;;1976-05-to-2008-10;loto.csv
1993012-1;1993012;1;1993-03-24;ME;historic-6-plus-complementary;19;27;30;17;12;29;39;;;;;;;1976-05-to-2008-10;loto.csv
1993012-2;1993012;2;1993-03-24;ME;historic-6-plus-complementary;49;14;13;18;4;40;1;;;;;;;1976-05-to-2008-10;loto.csv
1993012-1;1993012;1;1993-03-27;SA;historic-6-plus-complementary;19;10;40;3;22;20;27;;;;;;;1976-05-to-2008-10;loto.csv
1993012-2;1993012;2;1993-03-27;SA;historic-6-plus-complementary;25;18;42;39;32;44;22;;;;;;;1976-05-to-2008-10;loto.csv
1993013-1;1993013;1;1993-03-31;ME;historic-6-plus-complementary;13;44;22;40;11;31;30;;;;;;;1976-05-to-2008-10;loto.csv
1993013-2;1993013;2;1993-03-31;ME;historic-6-plus-complementary;17;7;22;3;39;48;5;;;;;;;1976-05-to-2008-10;loto.csv
1993013-1;1993013;1;1993-04-03;SA;historic-6-plus-complementary;23;40;36;5;32;10;29;;;;;;;1976-05-to-2008-10;loto.csv
1993013-2;1993013;2;1993-04-03;SA;historic-6-plus-complementary;5;49;14;26;38;1;15;;;;;;;1976-05-to-2008-10;loto.csv
1993014-1;1993014;1;1993-04-07;ME;historic-6-plus-complementary;28;15;23;7;19;47;36;;;;;;;1976-05-to-2008-10;loto.csv
1993014-2;1993014;2;1993-04-07;ME;historic-6-plus-complementary;11;37;35;7;33;3;34;;;;;;;1976-05-to-2008-10;loto.csv
1993014-1;1993014;1;1993-04-10;SA;historic-6-plus-complementary;47;39;45;12;37;21;23;;;;;;;1976-05-to-2008-10;loto.csv
1993014-2;1993014;2;1993-04-10;SA;historic-6-plus-complementary;42;40;16;25;28;18;4;;;;;;;1976-05-to-2008-10;loto.csv
1993015-1;1993015;1;1993-04-14;ME;historic-6-plus-complementary;35;4;15;30;46;14;39;;;;;;;1976-05-to-2008-10;loto.csv
1993015-2;1993015;2;1993-04-14;ME;historic-6-plus-complementary;4;30;12;9;23;45;25;;;;;;;1976-05-to-2008-10;loto.csv
1993015-1;1993015;1;1993-04-17;SA;historic-6-plus-complementary;39;30;23;14;16;5;3;;;;;;;1976-05-to-2008-10;loto.csv
1993015-2;1993015;2;1993-04-17;SA;historic-6-plus-complementary;9;48;31;43;34;22;13;;;;;;;1976-05-to-2008-10;loto.csv
1993016-1;1993016;1;1993-04-21;ME;historic-6-plus-complementary;36;45;25;12;42;48;28;;;;;;;1976-05-to-2008-10;loto.csv
1993016-2;1993016;2;1993-04-21;ME;historic-6-plus-complementary;19;13;37;38;17;21;24;;;;;;;1976-05-to-2008-10;loto.csv
1993016-1;1993016;1;1993-04-24;SA;historic-6-plus-complementary;1;27;10;22;13;23;11;;;;;;;1976-05-to-2008-10;loto.csv
1993016-2;1993016;2;1993-04-24;SA;historic-6-plus-complementary;41;14;38;29;4;36;21;;;;;;;1976-05-to-2008-10;loto.csv
1993017-1;1993017;1;1993-04-28;ME;historic-6-plus-complementary;47;45;43;4;27;5;35;;;;;;;1976-05-to-2008-10;loto.csv
1993017-2;1993017;2;1993-04-28;ME;historic-6-plus-complementary;27;30;16;37;49;12;19;;;;;;;1976-05-to-2008-10;loto.csv
1993017-1;1993017;1;1993-05-01;SA;historic-6-plus-complementary;29;45;15;7;33;12;40;;;;;;;1976-05-to-2008-10;loto.csv
1993017-2;1993017;2;1993-05-01;SA;historic-6-plus-complementary;25;6;34;16;7;42;29;;;;;;;1976-05-to-2008-10;loto.csv
1993018-1;1993018;1;1993-05-05;ME;historic-6-plus-complementary;6;40;46;27;21;11;31;;;;;;;1976-05-to-2008-10;loto.csv
1993018-2;1993018;2;1993-05-05;ME;historic-6-plus-complementary;15;37;26;11;20;7;32;;;;;;;1976-05-to-2008-10;loto.csv
1993018-1;1993018;1;1993-05-08;SA;historic-6-plus-complementary;1;31;20;30;11;35;2;;;;;;;1976-05-to-2008-10;loto.csv
1993018-2;1993018;2;1993-05-08;SA;historic-6-plus-complementary;9;8;34;36;15;1;31;;;;;;;1976-05-to-2008-10;loto.csv
1993019-1;1993019;1;1993-05-12;ME;historic-6-plus-complementary;11;16;49;22;21;35;41;;;;;;;1976-05-to-2008-10;loto.csv
1993019-2;1993019;2;1993-05-12;ME;historic-6-plus-complementary;17;40;21;34;27;16;29;;;;;;;1976-05-to-2008-10;loto.csv
1993019-1;1993019;1;1993-05-15;SA;historic-6-plus-complementary;21;39;22;6;44;42;18;;;;;;;1976-05-to-2008-10;loto.csv
1993019-2;1993019;2;1993-05-15;SA;historic-6-plus-complementary;21;47;1;28;6;5;20;;;;;;;1976-05-to-2008-10;loto.csv
1993020-1;1993020;1;1993-05-19;ME;historic-6-plus-complementary;2;27;12;43;28;16;37;;;;;;;1976-05-to-2008-10;loto.csv
1993020-2;1993020;2;1993-05-19;ME;historic-6-plus-complementary;40;45;4;23;8;16;34;;;;;;;1976-05-to-2008-10;loto.csv
1993020-1;1993020;1;1993-05-22;SA;historic-6-plus-complementary;28;6;22;19;20;4;29;;;;;;;1976-05-to-2008-10;loto.csv
1993020-2;1993020;2;1993-05-22;SA;historic-6-plus-complementary;43;36;6;49;31;28;23;;;;;;;1976-05-to-2008-10;loto.csv
1993021-1;1993021;1;1993-05-26;ME;historic-6-plus-complementary;23;3;16;47;35;42;33;;;;;;;1976-05-to-2008-10;loto.csv
1993021-2;1993021;2;1993-05-26;ME;historic-6-plus-complementary;2;39;35;3;6;25;9;;;;;;;1976-05-to-2008-10;loto.csv
1993021-1;1993021;1;1993-05-29;SA;historic-6-plus-complementary;33;39;1;42;8;23;16;;;;;;;1976-05-to-2008-10;loto.csv
1993021-2;1993021;2;1993-05-29;SA;historic-6-plus-complementary;36;18;17;16;20;39;23;;;;;;;1976-05-to-2008-10;loto.csv
1993022-1;1993022;1;1993-06-02;ME;historic-6-plus-complementary;37;6;5;1;46;36;44;;;;;;;1976-05-to-2008-10;loto.csv
1993022-2;1993022;2;1993-06-02;ME;historic-6-plus-complementary;30;18;47;14;31;49;11;;;;;;;1976-05-to-2008-10;loto.csv
1993022-1;1993022;1;1993-06-05;SA;historic-6-plus-complementary;3;30;9;46;19;15;2;;;;;;;1976-05-to-2008-10;loto.csv
1993022-2;1993022;2;1993-06-05;SA;historic-6-plus-complementary;19;15;2;45;49;29;22;;;;;;;1976-05-to-2008-10;loto.csv
1993023-1;1993023;1;1993-06-09;ME;historic-6-plus-complementary;6;47;11;34;42;38;45;;;;;;;1976-05-to-2008-10;loto.csv
1993023-2;1993023;2;1993-06-09;ME;historic-6-plus-complementary;18;33;39;44;4;15;23;;;;;;;1976-05-to-2008-10;loto.csv
1993023-1;1993023;1;1993-06-12;SA;historic-6-plus-complementary;10;47;33;39;42;41;25;;;;;;;1976-05-to-2008-10;loto.csv
1993023-2;1993023;2;1993-06-12;SA;historic-6-plus-complementary;34;40;48;44;28;37;32;;;;;;;1976-05-to-2008-10;loto.csv
1993024-1;1993024;1;1993-06-16;ME;historic-6-plus-complementary;14;31;27;45;35;44;21;;;;;;;1976-05-to-2008-10;loto.csv
1993024-2;1993024;2;1993-06-16;ME;historic-6-plus-complementary;29;34;25;15;14;12;31;;;;;;;1976-05-to-2008-10;loto.csv
1993024-1;1993024;1;1993-06-19;SA;historic-6-plus-complementary;39;42;22;37;9;5;29;;;;;;;1976-05-to-2008-10;loto.csv
1993024-2;1993024;2;1993-06-19;SA;historic-6-plus-complementary;2;40;16;46;8;20;41;;;;;;;1976-05-to-2008-10;loto.csv
1993025-1;1993025;1;1993-06-23;ME;historic-6-plus-complementary;6;40;32;13;38;4;15;;;;;;;1976-05-to-2008-10;loto.csv
1993025-2;1993025;2;1993-06-23;ME;historic-6-plus-complementary;23;17;16;48;12;37;22;;;;;;;1976-05-to-2008-10;loto.csv
1993025-1;1993025;1;1993-06-26;SA;historic-6-plus-complementary;22;24;21;47;40;1;2;;;;;;;1976-05-to-2008-10;loto.csv
1993025-2;1993025;2;1993-06-26;SA;historic-6-plus-complementary;16;31;2;4;28;13;24;;;;;;;1976-05-to-2008-10;loto.csv
1993026-1;1993026;1;1993-06-30;ME;historic-6-plus-complementary;34;14;11;36;26;48;38;;;;;;;1976-05-to-2008-10;loto.csv
1993026-2;1993026;2;1993-06-30;ME;historic-6-plus-complementary;22;20;11;28;44;15;3;;;;;;;1976-05-to-2008-10;loto.csv
1993026-1;1993026;1;1993-07-03;SA;historic-6-plus-complementary;15;47;42;11;13;35;37;;;;;;;1976-05-to-2008-10;loto.csv
1993026-2;1993026;2;1993-07-03;SA;historic-6-plus-complementary;5;2;42;20;27;35;17;;;;;;;1976-05-to-2008-10;loto.csv
1993027-1;1993027;1;1993-07-07;ME;historic-6-plus-complementary;37;34;28;36;48;22;35;;;;;;;1976-05-to-2008-10;loto.csv
1993027-2;1993027;2;1993-07-07;ME;historic-6-plus-complementary;37;25;35;32;8;17;3;;;;;;;1976-05-to-2008-10;loto.csv
1993027-1;1993027;1;1993-07-10;SA;historic-6-plus-complementary;45;32;4;8;3;7;36;;;;;;;1976-05-to-2008-10;loto.csv
1993027-2;1993027;2;1993-07-10;SA;historic-6-plus-complementary;40;20;25;49;45;11;37;;;;;;;1976-05-to-2008-10;loto.csv
1993028-1;1993028;1;1993-07-14;ME;historic-6-plus-complementary;43;12;9;2;10;22;26;;;;;;;1976-05-to-2008-10;loto.csv
1993028-2;1993028;2;1993-07-14;ME;historic-6-plus-complementary;46;7;45;9;38;21;35;;;;;;;1976-05-to-2008-10;loto.csv
1993028-1;1993028;1;1993-07-17;SA;historic-6-plus-complementary;10;23;34;40;48;3;11;;;;;;;1976-05-to-2008-10;loto.csv
1993028-2;1993028;2;1993-07-17;SA;historic-6-plus-complementary;35;36;29;31;37;14;25;;;;;;;1976-05-to-2008-10;loto.csv
1993029-1;1993029;1;1993-07-21;ME;historic-6-plus-complementary;20;49;9;40;32;4;21;;;;;;;1976-05-to-2008-10;loto.csv
1993029-2;1993029;2;1993-07-21;ME;historic-6-plus-complementary;34;35;23;43;24;12;22;;;;;;;1976-05-to-2008-10;loto.csv
1993029-1;1993029;1;1993-07-24;SA;historic-6-plus-complementary;23;42;45;30;33;26;11;;;;;;;1976-05-to-2008-10;loto.csv
1993029-2;1993029;2;1993-07-24;SA;historic-6-plus-complementary;44;13;42;26;38;32;7;;;;;;;1976-05-to-2008-10;loto.csv
1993030-1;1993030;1;1993-07-28;ME;historic-6-plus-complementary;31;25;8;19;44;24;39;;;;;;;1976-05-to-2008-10;loto.csv
1993030-2;1993030;2;1993-07-28;ME;historic-6-plus-complementary;48;3;49;20;7;41;46;;;;;;;1976-05-to-2008-10;loto.csv
1993030-1;1993030;1;1993-07-31;SA;historic-6-plus-complementary;3;4;26;19;43;30;12;;;;;;;1976-05-to-2008-10;loto.csv
1993030-2;1993030;2;1993-07-31;SA;historic-6-plus-complementary;8;26;9;35;5;23;41;;;;;;;1976-05-to-2008-10;loto.csv
1993031-1;1993031;1;1993-08-04;ME;historic-6-plus-complementary;44;21;4;8;45;32;22;;;;;;;1976-05-to-2008-10;loto.csv
1993031-2;1993031;2;1993-08-04;ME;historic-6-plus-complementary;3;24;34;45;44;6;21;;;;;;;1976-05-to-2008-10;loto.csv
1993031-1;1993031;1;1993-08-07;SA;historic-6-plus-complementary;27;48;17;4;20;40;41;;;;;;;1976-05-to-2008-10;loto.csv
1993031-2;1993031;2;1993-08-07;SA;historic-6-plus-complementary;7;46;35;22;48;21;37;;;;;;;1976-05-to-2008-10;loto.csv
1993032-1;1993032;1;1993-08-11;ME;historic-6-plus-complementary;9;46;10;26;18;25;28;;;;;;;1976-05-to-2008-10;loto.csv
1993032-2;1993032;2;1993-08-11;ME;historic-6-plus-complementary;8;14;34;49;6;29;19;;;;;;;1976-05-to-2008-10;loto.csv
1993032-1;1993032;1;1993-08-14;SA;historic-6-plus-complementary;27;47;20;31;8;6;16;;;;;;;1976-05-to-2008-10;loto.csv
1993032-2;1993032;2;1993-08-14;SA;historic-6-plus-complementary;44;30;9;17;41;14;34;;;;;;;1976-05-to-2008-10;loto.csv
1993033-1;1993033;1;1993-08-18;ME;historic-6-plus-complementary;12;49;45;30;24;40;17;;;;;;;1976-05-to-2008-10;loto.csv
1993033-2;1993033;2;1993-08-18;ME;historic-6-plus-complementary;8;35;39;14;20;43;34;;;;;;;1976-05-to-2008-10;loto.csv
1993033-1;1993033;1;1993-08-21;SA;historic-6-plus-complementary;9;7;44;48;20;43;16;;;;;;;1976-05-to-2008-10;loto.csv
1993033-2;1993033;2;1993-08-21;SA;historic-6-plus-complementary;4;28;40;46;10;29;22;;;;;;;1976-05-to-2008-10;loto.csv
1993034-1;1993034;1;1993-08-25;ME;historic-6-plus-complementary;15;17;3;1;2;8;29;;;;;;;1976-05-to-2008-10;loto.csv
1993034-2;1993034;2;1993-08-25;ME;historic-6-plus-complementary;39;46;44;12;22;40;35;;;;;;;1976-05-to-2008-10;loto.csv
1993034-1;1993034;1;1993-08-28;SA;historic-6-plus-complementary;21;3;47;35;17;15;2;;;;;;;1976-05-to-2008-10;loto.csv
1993034-2;1993034;2;1993-08-28;SA;historic-6-plus-complementary;37;30;27;18;49;29;25;;;;;;;1976-05-to-2008-10;loto.csv
1993035-1;1993035;1;1993-09-01;ME;historic-6-plus-complementary;1;38;12;7;14;25;20;;;;;;;1976-05-to-2008-10;loto.csv
1993035-2;1993035;2;1993-09-01;ME;historic-6-plus-complementary;29;19;8;44;23;40;38;;;;;;;1976-05-to-2008-10;loto.csv
1993035-1;1993035;1;1993-09-04;SA;historic-6-plus-complementary;47;36;46;32;37;14;33;;;;;;;1976-05-to-2008-10;loto.csv
1993035-2;1993035;2;1993-09-04;SA;historic-6-plus-complementary;38;1;7;5;49;35;15;;;;;;;1976-05-to-2008-10;loto.csv
1993036-1;1993036;1;1993-09-08;ME;historic-6-plus-complementary;1;42;22;23;43;4;29;;;;;;;1976-05-to-2008-10;loto.csv
1993036-2;1993036;2;1993-09-08;ME;historic-6-plus-complementary;40;10;49;47;15;43;28;;;;;;;1976-05-to-2008-10;loto.csv
1993036-1;1993036;1;1993-09-11;SA;historic-6-plus-complementary;14;32;36;11;7;23;33;;;;;;;1976-05-to-2008-10;loto.csv
1993036-2;1993036;2;1993-09-11;SA;historic-6-plus-complementary;10;31;47;38;14;27;40;;;;;;;1976-05-to-2008-10;loto.csv
1993037-1;1993037;1;1993-09-15;ME;historic-6-plus-complementary;30;35;9;44;19;20;46;;;;;;;1976-05-to-2008-10;loto.csv
1993037-2;1993037;2;1993-09-15;ME;historic-6-plus-complementary;32;34;29;43;45;4;7;;;;;;;1976-05-to-2008-10;loto.csv
1993037-1;1993037;1;1993-09-18;SA;historic-6-plus-complementary;49;36;18;17;32;1;39;;;;;;;1976-05-to-2008-10;loto.csv
1993037-2;1993037;2;1993-09-18;SA;historic-6-plus-complementary;29;37;25;33;13;8;38;;;;;;;1976-05-to-2008-10;loto.csv
1993038-1;1993038;1;1993-09-22;ME;historic-6-plus-complementary;4;10;7;38;11;24;3;;;;;;;1976-05-to-2008-10;loto.csv
1993038-2;1993038;2;1993-09-22;ME;historic-6-plus-complementary;44;22;1;7;24;28;42;;;;;;;1976-05-to-2008-10;loto.csv
1993038-1;1993038;1;1993-09-25;SA;historic-6-plus-complementary;5;44;45;7;17;2;14;;;;;;;1976-05-to-2008-10;loto.csv
1993038-2;1993038;2;1993-09-25;SA;historic-6-plus-complementary;15;13;27;12;11;9;38;;;;;;;1976-05-to-2008-10;loto.csv
1993039-1;1993039;1;1993-09-29;ME;historic-6-plus-complementary;5;47;39;44;23;1;43;;;;;;;1976-05-to-2008-10;loto.csv
1993039-2;1993039;2;1993-09-29;ME;historic-6-plus-complementary;41;9;31;11;10;4;38;;;;;;;1976-05-to-2008-10;loto.csv
1993039-1;1993039;1;1993-10-02;SA;historic-6-plus-complementary;43;10;29;1;27;21;35;;;;;;;1976-05-to-2008-10;loto.csv
1993039-2;1993039;2;1993-10-02;SA;historic-6-plus-complementary;39;40;15;9;27;32;37;;;;;;;1976-05-to-2008-10;loto.csv
1993040-1;1993040;1;1993-10-06;ME;historic-6-plus-complementary;30;46;3;7;39;19;26;;;;;;;1976-05-to-2008-10;loto.csv
1993040-2;1993040;2;1993-10-06;ME;historic-6-plus-complementary;46;9;14;1;35;27;10;;;;;;;1976-05-to-2008-10;loto.csv
1993040-1;1993040;1;1993-10-09;SA;historic-6-plus-complementary;31;44;2;41;49;21;22;;;;;;;1976-05-to-2008-10;loto.csv
1993040-2;1993040;2;1993-10-09;SA;historic-6-plus-complementary;45;32;13;18;43;40;44;;;;;;;1976-05-to-2008-10;loto.csv
1993041-1;1993041;1;1993-10-13;ME;historic-6-plus-complementary;18;29;4;15;42;5;33;;;;;;;1976-05-to-2008-10;loto.csv
1993041-2;1993041;2;1993-10-13;ME;historic-6-plus-complementary;43;48;32;11;13;27;6;;;;;;;1976-05-to-2008-10;loto.csv
1993041-1;1993041;1;1993-10-16;SA;historic-6-plus-complementary;18;39;29;9;7;37;45;;;;;;;1976-05-to-2008-10;loto.csv
1993041-2;1993041;2;1993-10-16;SA;historic-6-plus-complementary;49;4;47;9;45;43;31;;;;;;;1976-05-to-2008-10;loto.csv
1993042-1;1993042;1;1993-10-20;ME;historic-6-plus-complementary;18;49;14;23;38;22;16;;;;;;;1976-05-to-2008-10;loto.csv
1993042-2;1993042;2;1993-10-20;ME;historic-6-plus-complementary;39;9;27;15;26;23;25;;;;;;;1976-05-to-2008-10;loto.csv
1993042-1;1993042;1;1993-10-23;SA;historic-6-plus-complementary;6;13;35;24;20;37;21;;;;;;;1976-05-to-2008-10;loto.csv
1993042-2;1993042;2;1993-10-23;SA;historic-6-plus-complementary;46;15;27;28;25;1;43;;;;;;;1976-05-to-2008-10;loto.csv
1993043-1;1993043;1;1993-10-27;ME;historic-6-plus-complementary;2;33;14;1;34;37;6;;;;;;;1976-05-to-2008-10;loto.csv
1993043-2;1993043;2;1993-10-27;ME;historic-6-plus-complementary;13;22;43;16;15;18;5;;;;;;;1976-05-to-2008-10;loto.csv
1993043-1;1993043;1;1993-10-30;SA;historic-6-plus-complementary;42;38;11;10;14;15;3;;;;;;;1976-05-to-2008-10;loto.csv
1993043-2;1993043;2;1993-10-30;SA;historic-6-plus-complementary;9;17;19;36;13;22;31;;;;;;;1976-05-to-2008-10;loto.csv
1993044-1;1993044;1;1993-11-03;ME;historic-6-plus-complementary;46;19;24;3;48;21;30;;;;;;;1976-05-to-2008-10;loto.csv
1993044-2;1993044;2;1993-11-03;ME;historic-6-plus-complementary;14;38;6;43;20;1;23;;;;;;;1976-05-to-2008-10;loto.csv
1993044-1;1993044;1;1993-11-06;SA;historic-6-plus-complementary;49;6;18;44;40;48;17;;;;;;;1976-05-to-2008-10;loto.csv
1993044-2;1993044;2;1993-11-06;SA;historic-6-plus-complementary;21;38;33;14;49;19;26;;;;;;;1976-05-to-2008-10;loto.csv
1993045-1;1993045;1;1993-11-10;ME;historic-6-plus-complementary;40;45;35;21;5;38;6;;;;;;;1976-05-to-2008-10;loto.csv
1993045-2;1993045;2;1993-11-10;ME;historic-6-plus-complementary;30;40;45;10;22;47;9;;;;;;;1976-05-to-2008-10;loto.csv
1993045-1;1993045;1;1993-11-13;SA;historic-6-plus-complementary;6;4;20;39;31;13;23;;;;;;;1976-05-to-2008-10;loto.csv
1993045-2;1993045;2;1993-11-13;SA;historic-6-plus-complementary;35;26;33;11;49;37;38;;;;;;;1976-05-to-2008-10;loto.csv
1993046-1;1993046;1;1993-11-17;ME;historic-6-plus-complementary;23;7;9;27;26;41;39;;;;;;;1976-05-to-2008-10;loto.csv
1993046-2;1993046;2;1993-11-17;ME;historic-6-plus-complementary;49;41;24;33;46;38;43;;;;;;;1976-05-to-2008-10;loto.csv
1993046-1;1993046;1;1993-11-20;SA;historic-6-plus-complementary;33;2;4;36;3;25;15;;;;;;;1976-05-to-2008-10;loto.csv
1993046-2;1993046;2;1993-11-20;SA;historic-6-plus-complementary;9;39;17;29;47;28;18;;;;;;;1976-05-to-2008-10;loto.csv
1993047-1;1993047;1;1993-11-24;ME;historic-6-plus-complementary;24;22;40;25;42;13;11;;;;;;;1976-05-to-2008-10;loto.csv
1993047-2;1993047;2;1993-11-24;ME;historic-6-plus-complementary;11;35;8;14;20;23;36;;;;;;;1976-05-to-2008-10;loto.csv
1993047-1;1993047;1;1993-11-27;SA;historic-6-plus-complementary;49;43;41;7;38;1;2;;;;;;;1976-05-to-2008-10;loto.csv
1993047-2;1993047;2;1993-11-27;SA;historic-6-plus-complementary;3;45;35;18;49;28;15;;;;;;;1976-05-to-2008-10;loto.csv
1993048-1;1993048;1;1993-12-01;ME;historic-6-plus-complementary;19;12;13;41;40;43;45;;;;;;;1976-05-to-2008-10;loto.csv
1993048-2;1993048;2;1993-12-01;ME;historic-6-plus-complementary;2;8;24;10;26;39;12;;;;;;;1976-05-to-2008-10;loto.csv
1993048-1;1993048;1;1993-12-04;SA;historic-6-plus-complementary;19;8;2;27;21;20;18;;;;;;;1976-05-to-2008-10;loto.csv
1993048-2;1993048;2;1993-12-04;SA;historic-6-plus-complementary;23;20;36;46;14;17;25;;;;;;;1976-05-to-2008-10;loto.csv
1993049-1;1993049;1;1993-12-08;ME;historic-6-plus-complementary;14;44;3;11;40;38;25;;;;;;;1976-05-to-2008-10;loto.csv
1993049-2;1993049;2;1993-12-08;ME;historic-6-plus-complementary;2;21;25;9;5;46;33;;;;;;;1976-05-to-2008-10;loto.csv
1993049-1;1993049;1;1993-12-11;SA;historic-6-plus-complementary;35;43;40;27;32;17;15;;;;;;;1976-05-to-2008-10;loto.csv
1993049-2;1993049;2;1993-12-11;SA;historic-6-plus-complementary;38;15;40;46;19;26;6;;;;;;;1976-05-to-2008-10;loto.csv
1993050-1;1993050;1;1993-12-15;ME;historic-6-plus-complementary;23;1;37;34;42;9;26;;;;;;;1976-05-to-2008-10;loto.csv
1993050-2;1993050;2;1993-12-15;ME;historic-6-plus-complementary;13;33;5;46;21;2;44;;;;;;;1976-05-to-2008-10;loto.csv
1993050-1;1993050;1;1993-12-18;SA;historic-6-plus-complementary;49;23;6;24;17;38;8;;;;;;;1976-05-to-2008-10;loto.csv
1993050-2;1993050;2;1993-12-18;SA;historic-6-plus-complementary;17;20;47;29;39;22;4;;;;;;;1976-05-to-2008-10;loto.csv
1993051-1;1993051;1;1993-12-22;ME;historic-6-plus-complementary;15;32;12;21;2;27;14;;;;;;;1976-05-to-2008-10;loto.csv
1993051-2;1993051;2;1993-12-22;ME;historic-6-plus-complementary;45;4;24;43;37;9;8;;;;;;;1976-05-to-2008-10;loto.csv
1993051-1;1993051;1;1993-12-25;SA;historic-6-plus-complementary;10;49;27;33;36;3;39;;;;;;;1976-05-to-2008-10;loto.csv
1993051-2;1993051;2;1993-12-25;SA;historic-6-plus-complementary;8;43;40;12;2;27;11;;;;;;;1976-05-to-2008-10;loto.csv
1993052-1;1993052;1;1993-12-29;ME;historic-6-plus-complementary;7;27;6;38;33;11;44;;;;;;;1976-05-to-2008-10;loto.csv
1993052-2;1993052;2;1993-12-29;ME;historic-6-plus-complementary;12;39;21;45;32;14;40;;;;;;;1976-05-to-2008-10;loto.csv
1993052-1;1993052;1;1994-01-01;SA;historic-6-plus-complementary;25;11;22;2;28;16;5;;;;;;;1976-05-to-2008-10;loto.csv
1993052-2;1993052;2;1994-01-01;SA;historic-6-plus-complementary;38;39;33;30;17;12;31;;;;;;;1976-05-to-2008-10;loto.csv
1994001-1;1994001;1;1994-01-05;ME;historic-6-plus-complementary;27;32;26;6;39;24;28;;;;;;;1976-05-to-2008-10;loto.csv
1994001-2;1994001;2;1994-01-05;ME;historic-6-plus-complementary;4;8;26;14;38;42;7;;;;;;;1976-05-to-2008-10;loto.csv
1994001-1;1994001;1;1994-01-08;SA;historic-6-plus-complementary;27;43;32;24;48;7;35;;;;;;;1976-05-to-2008-10;loto.csv
1994001-2;1994001;2;1994-01-08;SA;historic-6-plus-complementary;44;9;23;29;19;31;22;;;;;;;1976-05-to-2008-10;loto.csv
1994002-1;1994002;1;1994-01-12;ME;historic-6-plus-complementary;12;13;14;35;36;10;45;;;;;;;1976-05-to-2008-10;loto.csv
1994002-2;1994002;2;1994-01-12;ME;historic-6-plus-complementary;27;41;40;43;44;37;31;;;;;;;1976-05-to-2008-10;loto.csv
1994002-1;1994002;1;1994-01-15;SA;historic-6-plus-complementary;29;3;5;13;8;1;44;;;;;;;1976-05-to-2008-10;loto.csv
1994002-2;1994002;2;1994-01-15;SA;historic-6-plus-complementary;43;10;47;19;44;30;7;;;;;;;1976-05-to-2008-10;loto.csv
1994003-1;1994003;1;1994-01-19;ME;historic-6-plus-complementary;18;13;35;19;45;6;47;;;;;;;1976-05-to-2008-10;loto.csv
1994003-2;1994003;2;1994-01-19;ME;historic-6-plus-complementary;39;24;19;46;6;3;41;;;;;;;1976-05-to-2008-10;loto.csv
1994003-1;1994003;1;1994-01-22;SA;historic-6-plus-complementary;42;30;25;35;10;15;5;;;;;;;1976-05-to-2008-10;loto.csv
1994003-2;1994003;2;1994-01-22;SA;historic-6-plus-complementary;45;42;19;12;25;23;28;;;;;;;1976-05-to-2008-10;loto.csv
1994004-1;1994004;1;1994-01-26;ME;historic-6-plus-complementary;15;39;6;16;29;11;33;;;;;;;1976-05-to-2008-10;loto.csv
1994004-2;1994004;2;1994-01-26;ME;historic-6-plus-complementary;22;16;20;1;4;2;34;;;;;;;1976-05-to-2008-10;loto.csv
1994004-1;1994004;1;1994-01-29;SA;historic-6-plus-complementary;43;3;14;11;6;46;22;;;;;;;1976-05-to-2008-10;loto.csv
1994004-2;1994004;2;1994-01-29;SA;historic-6-plus-complementary;24;26;23;41;36;10;35;;;;;;;1976-05-to-2008-10;loto.csv
1994005-1;1994005;1;1994-02-02;ME;historic-6-plus-complementary;23;4;36;19;29;11;37;;;;;;;1976-05-to-2008-10;loto.csv
1994005-2;1994005;2;1994-02-02;ME;historic-6-plus-complementary;45;10;11;28;22;4;34;;;;;;;1976-05-to-2008-10;loto.csv
1994005-1;1994005;1;1994-02-05;SA;historic-6-plus-complementary;19;43;6;5;1;18;33;;;;;;;1976-05-to-2008-10;loto.csv
1994005-2;1994005;2;1994-02-05;SA;historic-6-plus-complementary;26;14;23;18;43;31;35;;;;;;;1976-05-to-2008-10;loto.csv
1994006-1;1994006;1;1994-02-09;ME;historic-6-plus-complementary;34;24;41;3;18;16;10;;;;;;;1976-05-to-2008-10;loto.csv
1994006-2;1994006;2;1994-02-09;ME;historic-6-plus-complementary;1;4;24;25;22;35;15;;;;;;;1976-05-to-2008-10;loto.csv
1994006-1;1994006;1;1994-02-12;SA;historic-6-plus-complementary;7;11;17;30;1;4;49;;;;;;;1976-05-to-2008-10;loto.csv
1994006-2;1994006;2;1994-02-12;SA;historic-6-plus-complementary;49;4;13;6;2;10;15;;;;;;;1976-05-to-2008-10;loto.csv
1994007-1;1994007;1;1994-02-16;ME;historic-6-plus-complementary;49;14;25;15;19;11;28;;;;;;;1976-05-to-2008-10;loto.csv
1994007-2;1994007;2;1994-02-16;ME;historic-6-plus-complementary;42;43;21;23;8;22;36;;;;;;;1976-05-to-2008-10;loto.csv
1994007-1;1994007;1;1994-02-19;SA;historic-6-plus-complementary;38;12;43;31;24;16;46;;;;;;;1976-05-to-2008-10;loto.csv
1994007-2;1994007;2;1994-02-19;SA;historic-6-plus-complementary;29;39;32;28;27;9;24;;;;;;;1976-05-to-2008-10;loto.csv
1994008-1;1994008;1;1994-02-23;ME;historic-6-plus-complementary;39;22;38;10;36;41;9;;;;;;;1976-05-to-2008-10;loto.csv
1994008-2;1994008;2;1994-02-23;ME;historic-6-plus-complementary;13;1;30;47;3;14;40;;;;;;;1976-05-to-2008-10;loto.csv
1994008-1;1994008;1;1994-02-26;SA;historic-6-plus-complementary;44;41;15;33;45;30;21;;;;;;;1976-05-to-2008-10;loto.csv
1994008-2;1994008;2;1994-02-26;SA;historic-6-plus-complementary;22;36;5;2;38;32;23;;;;;;;1976-05-to-2008-10;loto.csv
1994009-1;1994009;1;1994-03-02;ME;historic-6-plus-complementary;38;19;37;44;9;28;1;;;;;;;1976-05-to-2008-10;loto.csv
1994009-2;1994009;2;1994-03-02;ME;historic-6-plus-complementary;10;32;7;33;24;30;9;;;;;;;1976-05-to-2008-10;loto.csv
1994009-1;1994009;1;1994-03-05;SA;historic-6-plus-complementary;7;20;26;39;28;6;19;;;;;;;1976-05-to-2008-10;loto.csv
1994009-2;1994009;2;1994-03-05;SA;historic-6-plus-complementary;20;45;49;26;37;6;36;;;;;;;1976-05-to-2008-10;loto.csv
1994010-1;1994010;1;1994-03-09;ME;historic-6-plus-complementary;32;39;38;43;44;35;10;;;;;;;1976-05-to-2008-10;loto.csv
1994010-2;1994010;2;1994-03-09;ME;historic-6-plus-complementary;23;32;46;35;6;39;48;;;;;;;1976-05-to-2008-10;loto.csv
1994010-1;1994010;1;1994-03-12;SA;historic-6-plus-complementary;44;47;5;35;20;31;1;;;;;;;1976-05-to-2008-10;loto.csv
1994010-2;1994010;2;1994-03-12;SA;historic-6-plus-complementary;46;25;21;8;13;15;48;;;;;;;1976-05-to-2008-10;loto.csv
1994011-1;1994011;1;1994-03-16;ME;historic-6-plus-complementary;42;1;32;47;41;15;11;;;;;;;1976-05-to-2008-10;loto.csv
1994011-2;1994011;2;1994-03-16;ME;historic-6-plus-complementary;42;21;35;41;48;38;43;;;;;;;1976-05-to-2008-10;loto.csv
1994011-1;1994011;1;1994-03-19;SA;historic-6-plus-complementary;49;1;19;18;47;6;5;;;;;;;1976-05-to-2008-10;loto.csv
1994011-2;1994011;2;1994-03-19;SA;historic-6-plus-complementary;15;32;7;16;39;17;35;;;;;;;1976-05-to-2008-10;loto.csv
1994012-1;1994012;1;1994-03-23;ME;historic-6-plus-complementary;45;2;40;16;22;13;25;;;;;;;1976-05-to-2008-10;loto.csv
1994012-2;1994012;2;1994-03-23;ME;historic-6-plus-complementary;33;25;49;27;34;22;38;;;;;;;1976-05-to-2008-10;loto.csv
1994012-1;1994012;1;1994-03-26;SA;historic-6-plus-complementary;47;27;17;6;34;4;19;;;;;;;1976-05-to-2008-10;loto.csv
1994012-2;1994012;2;1994-03-26;SA;historic-6-plus-complementary;31;13;47;24;6;39;12;;;;;;;1976-05-to-2008-10;loto.csv
1994013-1;1994013;1;1994-03-30;ME;historic-6-plus-complementary;13;43;42;45;44;30;6;;;;;;;1976-05-to-2008-10;loto.csv
1994013-2;1994013;2;1994-03-30;ME;historic-6-plus-complementary;4;36;15;11;13;40;27;;;;;;;1976-05-to-2008-10;loto.csv
1994013-1;1994013;1;1994-04-02;SA;historic-6-plus-complementary;3;45;31;15;32;11;14;;;;;;;1976-05-to-2008-10;loto.csv
1994013-2;1994013;2;1994-04-02;SA;historic-6-plus-complementary;1;36;46;13;43;21;27;;;;;;;1976-05-to-2008-10;loto.csv
1994014-1;1994014;1;1994-04-06;ME;historic-6-plus-complementary;28;36;16;31;29;7;3;;;;;;;1976-05-to-2008-10;loto.csv
1994014-2;1994014;2;1994-04-06;ME;historic-6-plus-complementary;12;17;32;1;7;13;9;;;;;;;1976-05-to-2008-10;loto.csv
1994014-1;1994014;1;1994-04-09;SA;historic-6-plus-complementary;39;29;23;13;12;26;17;;;;;;;1976-05-to-2008-10;loto.csv
1994014-2;1994014;2;1994-04-09;SA;historic-6-plus-complementary;25;7;4;48;6;29;18;;;;;;;1976-05-to-2008-10;loto.csv
1994015-1;1994015;1;1994-04-13;ME;historic-6-plus-complementary;26;4;11;21;43;2;33;;;;;;;1976-05-to-2008-10;loto.csv
1994015-2;1994015;2;1994-04-13;ME;historic-6-plus-complementary;26;5;32;2;6;41;28;;;;;;;1976-05-to-2008-10;loto.csv
1994015-1;1994015;1;1994-04-16;SA;historic-6-plus-complementary;17;21;19;16;7;5;3;;;;;;;1976-05-to-2008-10;loto.csv
1994015-2;1994015;2;1994-04-16;SA;historic-6-plus-complementary;6;13;35;43;31;45;3;;;;;;;1976-05-to-2008-10;loto.csv
1994016-1;1994016;1;1994-04-20;ME;historic-6-plus-complementary;30;12;48;34;4;17;24;;;;;;;1976-05-to-2008-10;loto.csv
1994016-2;1994016;2;1994-04-20;ME;historic-6-plus-complementary;10;33;12;34;4;46;20;;;;;;;1976-05-to-2008-10;loto.csv
1994016-1;1994016;1;1994-04-23;SA;historic-6-plus-complementary;39;17;28;46;38;25;41;;;;;;;1976-05-to-2008-10;loto.csv
1994016-2;1994016;2;1994-04-23;SA;historic-6-plus-complementary;33;45;1;20;34;43;16;;;;;;;1976-05-to-2008-10;loto.csv
1994017-1;1994017;1;1994-04-27;ME;historic-6-plus-complementary;26;4;24;5;48;14;25;;;;;;;1976-05-to-2008-10;loto.csv
1994017-2;1994017;2;1994-04-27;ME;historic-6-plus-complementary;1;39;23;11;44;34;29;;;;;;;1976-05-to-2008-10;loto.csv
1994017-1;1994017;1;1994-04-30;SA;historic-6-plus-complementary;49;30;47;3;27;12;25;;;;;;;1976-05-to-2008-10;loto.csv
1994017-2;1994017;2;1994-04-30;SA;historic-6-plus-complementary;33;32;36;21;27;31;18;;;;;;;1976-05-to-2008-10;loto.csv
1994018-1;1994018;1;1994-05-04;ME;historic-6-plus-complementary;16;42;9;45;28;33;30;;;;;;;1976-05-to-2008-10;loto.csv
1994018-2;1994018;2;1994-05-04;ME;historic-6-plus-complementary;6;2;26;8;20;36;18;;;;;;;1976-05-to-2008-10;loto.csv
1994018-1;1994018;1;1994-05-07;SA;historic-6-plus-complementary;49;40;28;17;32;13;31;;;;;;;1976-05-to-2008-10;loto.csv
1994018-2;1994018;2;1994-05-07;SA;historic-6-plus-complementary;9;36;10;1;33;32;12;;;;;;;1976-05-to-2008-10;loto.csv
1994019-1;1994019;1;1994-05-11;ME;historic-6-plus-complementary;43;37;13;8;45;2;46;;;;;;;1976-05-to-2008-10;loto.csv
1994019-2;1994019;2;1994-05-11;ME;historic-6-plus-complementary;11;38;19;3;31;13;43;;;;;;;1976-05-to-2008-10;loto.csv
1994019-1;1994019;1;1994-05-14;SA;historic-6-plus-complementary;21;17;15;5;13;7;1;;;;;;;1976-05-to-2008-10;loto.csv
1994019-2;1994019;2;1994-05-14;SA;historic-6-plus-complementary;12;36;26;21;11;2;45;;;;;;;1976-05-to-2008-10;loto.csv
1994020-1;1994020;1;1994-05-18;ME;historic-6-plus-complementary;13;42;6;3;41;10;33;;;;;;;1976-05-to-2008-10;loto.csv
1994020-2;1994020;2;1994-05-18;ME;historic-6-plus-complementary;10;9;25;33;12;6;48;;;;;;;1976-05-to-2008-10;loto.csv
1994020-1;1994020;1;1994-05-21;SA;historic-6-plus-complementary;21;37;47;8;41;14;19;;;;;;;1976-05-to-2008-10;loto.csv
1994020-2;1994020;2;1994-05-21;SA;historic-6-plus-complementary;15;25;2;11;19;14;42;;;;;;;1976-05-to-2008-10;loto.csv
1994021-1;1994021;1;1994-05-25;ME;historic-6-plus-complementary;27;43;36;35;3;29;34;;;;;;;1976-05-to-2008-10;loto.csv
1994021-2;1994021;2;1994-05-25;ME;historic-6-plus-complementary;28;10;27;26;46;47;32;;;;;;;1976-05-to-2008-10;loto.csv
1994021-1;1994021;1;1994-05-28;SA;historic-6-plus-complementary;32;16;35;31;1;49;43;;;;;;;1976-05-to-2008-10;loto.csv
1994021-2;1994021;2;1994-05-28;SA;historic-6-plus-complementary;49;29;19;41;6;44;42;;;;;;;1976-05-to-2008-10;loto.csv
1994022-1;1994022;1;1994-06-01;ME;historic-6-plus-complementary;11;29;23;28;42;12;25;;;;;;;1976-05-to-2008-10;loto.csv
1994022-2;1994022;2;1994-06-01;ME;historic-6-plus-complementary;20;48;7;6;24;10;46;;;;;;;1976-05-to-2008-10;loto.csv
1994022-1;1994022;1;1994-06-04;SA;historic-6-plus-complementary;26;13;46;11;47;21;8;;;;;;;1976-05-to-2008-10;loto.csv
1994022-2;1994022;2;1994-06-04;SA;historic-6-plus-complementary;45;9;26;6;13;22;46;;;;;;;1976-05-to-2008-10;loto.csv
1994023-1;1994023;1;1994-06-08;ME;historic-6-plus-complementary;37;28;12;19;46;34;36;;;;;;;1976-05-to-2008-10;loto.csv
1994023-2;1994023;2;1994-06-08;ME;historic-6-plus-complementary;39;41;7;15;46;42;30;;;;;;;1976-05-to-2008-10;loto.csv
1994023-1;1994023;1;1994-06-11;SA;historic-6-plus-complementary;44;26;48;40;15;4;24;;;;;;;1976-05-to-2008-10;loto.csv
1994023-2;1994023;2;1994-06-11;SA;historic-6-plus-complementary;1;20;18;44;38;33;15;;;;;;;1976-05-to-2008-10;loto.csv
1994024-1;1994024;1;1994-06-15;ME;historic-6-plus-complementary;47;7;5;24;12;2;35;;;;;;;1976-05-to-2008-10;loto.csv
1994024-2;1994024;2;1994-06-15;ME;historic-6-plus-complementary;18;5;41;49;3;20;12;;;;;;;1976-05-to-2008-10;loto.csv
1994024-1;1994024;1;1994-06-18;SA;historic-6-plus-complementary;9;40;29;8;7;37;26;;;;;;;1976-05-to-2008-10;loto.csv
1994024-2;1994024;2;1994-06-18;SA;historic-6-plus-complementary;9;37;38;29;2;40;47;;;;;;;1976-05-to-2008-10;loto.csv
1994025-1;1994025;1;1994-06-22;ME;historic-6-plus-complementary;4;33;9;39;35;36;13;;;;;;;1976-05-to-2008-10;loto.csv
1994025-2;1994025;2;1994-06-22;ME;historic-6-plus-complementary;39;17;10;34;33;16;24;;;;;;;1976-05-to-2008-10;loto.csv
1994025-1;1994025;1;1994-06-25;SA;historic-6-plus-complementary;17;23;16;18;42;48;40;;;;;;;1976-05-to-2008-10;loto.csv
1994025-2;1994025;2;1994-06-25;SA;historic-6-plus-complementary;3;36;7;24;49;17;15;;;;;;;1976-05-to-2008-10;loto.csv
1994026-1;1994026;1;1994-06-29;ME;historic-6-plus-complementary;36;1;8;9;44;43;39;;;;;;;1976-05-to-2008-10;loto.csv
1994026-2;1994026;2;1994-06-29;ME;historic-6-plus-complementary;35;28;5;18;19;3;11;;;;;;;1976-05-to-2008-10;loto.csv
1994026-1;1994026;1;1994-07-02;SA;historic-6-plus-complementary;26;30;18;11;48;17;29;;;;;;;1976-05-to-2008-10;loto.csv
1994026-2;1994026;2;1994-07-02;SA;historic-6-plus-complementary;32;20;31;14;3;44;5;;;;;;;1976-05-to-2008-10;loto.csv
1994027-1;1994027;1;1994-07-06;ME;historic-6-plus-complementary;37;20;34;15;12;1;5;;;;;;;1976-05-to-2008-10;loto.csv
1994027-2;1994027;2;1994-07-06;ME;historic-6-plus-complementary;17;8;22;7;38;40;11;;;;;;;1976-05-to-2008-10;loto.csv
1994027-1;1994027;1;1994-07-09;SA;historic-6-plus-complementary;48;16;12;46;22;28;27;;;;;;;1976-05-to-2008-10;loto.csv
1994027-2;1994027;2;1994-07-09;SA;historic-6-plus-complementary;19;12;15;17;36;20;21;;;;;;;1976-05-to-2008-10;loto.csv
1994028-1;1994028;1;1994-07-13;ME;historic-6-plus-complementary;28;31;22;18;34;42;7;;;;;;;1976-05-to-2008-10;loto.csv
1994028-2;1994028;2;1994-07-13;ME;historic-6-plus-complementary;47;32;39;33;2;16;14;;;;;;;1976-05-to-2008-10;loto.csv
1994028-1;1994028;1;1994-07-16;SA;historic-6-plus-complementary;18;19;27;42;35;6;28;;;;;;;1976-05-to-2008-10;loto.csv
1994028-2;1994028;2;1994-07-16;SA;historic-6-plus-complementary;45;13;10;30;27;37;17;;;;;;;1976-05-to-2008-10;loto.csv
1994029-1;1994029;1;1994-07-20;ME;historic-6-plus-complementary;16;42;22;3;49;32;44;;;;;;;1976-05-to-2008-10;loto.csv
1994029-2;1994029;2;1994-07-20;ME;historic-6-plus-complementary;10;13;24;49;30;21;41;;;;;;;1976-05-to-2008-10;loto.csv
1994029-1;1994029;1;1994-07-23;SA;historic-6-plus-complementary;42;29;30;35;38;22;21;;;;;;;1976-05-to-2008-10;loto.csv
1994029-2;1994029;2;1994-07-23;SA;historic-6-plus-complementary;34;7;2;21;18;14;31;;;;;;;1976-05-to-2008-10;loto.csv
1994030-1;1994030;1;1994-07-27;ME;historic-6-plus-complementary;45;21;3;13;15;11;2;;;;;;;1976-05-to-2008-10;loto.csv
1994030-2;1994030;2;1994-07-27;ME;historic-6-plus-complementary;45;1;37;33;12;5;28;;;;;;;1976-05-to-2008-10;loto.csv
1994030-1;1994030;1;1994-07-30;SA;historic-6-plus-complementary;24;19;18;32;41;5;2;;;;;;;1976-05-to-2008-10;loto.csv
1994030-2;1994030;2;1994-07-30;SA;historic-6-plus-complementary;31;38;36;23;4;43;34;;;;;;;1976-05-to-2008-10;loto.csv
1994031-1;1994031;1;1994-08-03;ME;historic-6-plus-complementary;46;23;15;48;25;21;5;;;;;;;1976-05-to-2008-10;loto.csv
1994031-2;1994031;2;1994-08-03;ME;historic-6-plus-complementary;20;30;48;25;36;49;4;;;;;;;1976-05-to-2008-10;loto.csv
1994031-1;1994031;1;1994-08-06;SA;historic-6-plus-complementary;49;26;36;9;24;38;17;;;;;;;1976-05-to-2008-10;loto.csv
1994031-2;1994031;2;1994-08-06;SA;historic-6-plus-complementary;1;28;46;18;36;2;24;;;;;;;1976-05-to-2008-10;loto.csv
1994032-1;1994032;1;1994-08-10;ME;historic-6-plus-complementary;9;13;32;26;29;37;42;;;;;;;1976-05-to-2008-10;loto.csv
1994032-2;1994032;2;1994-08-10;ME;historic-6-plus-complementary;43;41;20;22;38;49;19;;;;;;;1976-05-to-2008-10;loto.csv
1994032-1;1994032;1;1994-08-13;SA;historic-6-plus-complementary;4;6;17;27;42;1;48;;;;;;;1976-05-to-2008-10;loto.csv
1994032-2;1994032;2;1994-08-13;SA;historic-6-plus-complementary;23;30;13;7;38;25;45;;;;;;;1976-05-to-2008-10;loto.csv
1994033-1;1994033;1;1994-08-17;ME;historic-6-plus-complementary;45;43;18;19;49;42;44;;;;;;;1976-05-to-2008-10;loto.csv
1994033-2;1994033;2;1994-08-17;ME;historic-6-plus-complementary;25;49;12;18;15;41;45;;;;;;;1976-05-to-2008-10;loto.csv
1994033-1;1994033;1;1994-08-20;SA;historic-6-plus-complementary;38;2;19;44;41;9;32;;;;;;;1976-05-to-2008-10;loto.csv
1994033-2;1994033;2;1994-08-20;SA;historic-6-plus-complementary;18;23;2;24;38;42;25;;;;;;;1976-05-to-2008-10;loto.csv
1994034-1;1994034;1;1994-08-24;ME;historic-6-plus-complementary;48;6;5;34;13;4;47;;;;;;;1976-05-to-2008-10;loto.csv
1994034-2;1994034;2;1994-08-24;ME;historic-6-plus-complementary;34;29;8;15;48;40;45;;;;;;;1976-05-to-2008-10;loto.csv
1994034-1;1994034;1;1994-08-27;SA;historic-6-plus-complementary;13;46;25;31;17;38;22;;;;;;;1976-05-to-2008-10;loto.csv
1994034-2;1994034;2;1994-08-27;SA;historic-6-plus-complementary;12;21;13;11;18;42;14;;;;;;;1976-05-to-2008-10;loto.csv
1994035-1;1994035;1;1994-08-31;ME;historic-6-plus-complementary;47;12;1;30;37;29;6;;;;;;;1976-05-to-2008-10;loto.csv
1994035-2;1994035;2;1994-08-31;ME;historic-6-plus-complementary;19;11;1;46;15;13;22;;;;;;;1976-05-to-2008-10;loto.csv
1994035-1;1994035;1;1994-09-03;SA;historic-6-plus-complementary;2;9;22;49;31;35;27;;;;;;;1976-05-to-2008-10;loto.csv
1994035-2;1994035;2;1994-09-03;SA;historic-6-plus-complementary;4;26;15;48;9;31;12;;;;;;;1976-05-to-2008-10;loto.csv
1994036-1;1994036;1;1994-09-07;ME;historic-6-plus-complementary;22;13;19;41;42;27;49;;;;;;;1976-05-to-2008-10;loto.csv
1994036-2;1994036;2;1994-09-07;ME;historic-6-plus-complementary;26;1;6;5;43;3;9;;;;;;;1976-05-to-2008-10;loto.csv
1994036-1;1994036;1;1994-09-10;SA;historic-6-plus-complementary;42;27;19;1;31;10;13;;;;;;;1976-05-to-2008-10;loto.csv
1994036-2;1994036;2;1994-09-10;SA;historic-6-plus-complementary;46;15;20;1;33;41;30;;;;;;;1976-05-to-2008-10;loto.csv
1994037-1;1994037;1;1994-09-14;ME;historic-6-plus-complementary;17;39;21;28;26;48;24;;;;;;;1976-05-to-2008-10;loto.csv
1994037-2;1994037;2;1994-09-14;ME;historic-6-plus-complementary;16;8;47;10;31;32;14;;;;;;;1976-05-to-2008-10;loto.csv
1994037-1;1994037;1;1994-09-17;SA;historic-6-plus-complementary;38;28;27;34;17;9;31;;;;;;;1976-05-to-2008-10;loto.csv
1994037-2;1994037;2;1994-09-17;SA;historic-6-plus-complementary;46;10;49;14;24;16;35;;;;;;;1976-05-to-2008-10;loto.csv
1994038-1;1994038;1;1994-09-21;ME;historic-6-plus-complementary;14;15;39;45;20;42;18;;;;;;;1976-05-to-2008-10;loto.csv
1994038-2;1994038;2;1994-09-21;ME;historic-6-plus-complementary;4;7;26;31;21;47;27;;;;;;;1976-05-to-2008-10;loto.csv
1994038-1;1994038;1;1994-09-24;SA;historic-6-plus-complementary;20;6;9;41;45;35;12;;;;;;;1976-05-to-2008-10;loto.csv
1994038-2;1994038;2;1994-09-24;SA;historic-6-plus-complementary;31;35;48;12;44;13;19;;;;;;;1976-05-to-2008-10;loto.csv
1994039-1;1994039;1;1994-09-28;ME;historic-6-plus-complementary;12;33;32;9;4;47;20;;;;;;;1976-05-to-2008-10;loto.csv
1994039-2;1994039;2;1994-09-28;ME;historic-6-plus-complementary;46;8;37;31;38;4;16;;;;;;;1976-05-to-2008-10;loto.csv
1994039-1;1994039;1;1994-10-01;SA;historic-6-plus-complementary;6;13;43;21;28;19;48;;;;;;;1976-05-to-2008-10;loto.csv
1994039-2;1994039;2;1994-10-01;SA;historic-6-plus-complementary;14;47;31;9;38;6;45;;;;;;;1976-05-to-2008-10;loto.csv
1994040-1;1994040;1;1994-10-05;ME;historic-6-plus-complementary;23;47;5;6;27;49;16;;;;;;;1976-05-to-2008-10;loto.csv
1994040-2;1994040;2;1994-10-05;ME;historic-6-plus-complementary;7;16;38;3;2;18;32;;;;;;;1976-05-to-2008-10;loto.csv
1994040-1;1994040;1;1994-10-08;SA;historic-6-plus-complementary;40;19;14;33;12;44;45;;;;;;;1976-05-to-2008-10;loto.csv
1994040-2;1994040;2;1994-10-08;SA;historic-6-plus-complementary;37;39;43;24;23;47;19;;;;;;;1976-05-to-2008-10;loto.csv
1994041-1;1994041;1;1994-10-12;ME;historic-6-plus-complementary;37;28;20;47;7;8;14;;;;;;;1976-05-to-2008-10;loto.csv
1994041-2;1994041;2;1994-10-12;ME;historic-6-plus-complementary;39;15;22;12;24;47;2;;;;;;;1976-05-to-2008-10;loto.csv
1994041-1;1994041;1;1994-10-15;SA;historic-6-plus-complementary;49;29;5;33;39;2;31;;;;;;;1976-05-to-2008-10;loto.csv
1994041-2;1994041;2;1994-10-15;SA;historic-6-plus-complementary;14;37;21;27;38;25;42;;;;;;;1976-05-to-2008-10;loto.csv
1994042-1;1994042;1;1994-10-19;ME;historic-6-plus-complementary;38;10;32;27;17;29;26;;;;;;;1976-05-to-2008-10;loto.csv
1994042-2;1994042;2;1994-10-19;ME;historic-6-plus-complementary;8;24;39;41;4;3;7;;;;;;;1976-05-to-2008-10;loto.csv
1994042-1;1994042;1;1994-10-22;SA;historic-6-plus-complementary;48;19;2;16;49;23;8;;;;;;;1976-05-to-2008-10;loto.csv
1994042-2;1994042;2;1994-10-22;SA;historic-6-plus-complementary;14;25;33;44;27;12;19;;;;;;;1976-05-to-2008-10;loto.csv
1994043-1;1994043;1;1994-10-26;ME;historic-6-plus-complementary;8;39;34;6;47;10;25;;;;;;;1976-05-to-2008-10;loto.csv
1994043-2;1994043;2;1994-10-26;ME;historic-6-plus-complementary;44;9;49;28;11;8;22;;;;;;;1976-05-to-2008-10;loto.csv
1994043-1;1994043;1;1994-10-29;SA;historic-6-plus-complementary;31;9;46;41;13;38;26;;;;;;;1976-05-to-2008-10;loto.csv
1994043-2;1994043;2;1994-10-29;SA;historic-6-plus-complementary;7;9;18;16;43;5;37;;;;;;;1976-05-to-2008-10;loto.csv
1994044-1;1994044;1;1994-11-02;ME;historic-6-plus-complementary;1;33;46;43;13;30;36;;;;;;;1976-05-to-2008-10;loto.csv
1994044-2;1994044;2;1994-11-02;ME;historic-6-plus-complementary;46;48;36;40;18;10;27;;;;;;;1976-05-to-2008-10;loto.csv
1994044-1;1994044;1;1994-11-05;SA;historic-6-plus-complementary;17;38;13;8;2;7;36;;;;;;;1976-05-to-2008-10;loto.csv
1994044-2;1994044;2;1994-11-05;SA;historic-6-plus-complementary;48;8;13;20;18;43;22;;;;;;;1976-05-to-2008-10;loto.csv
1994045-1;1994045;1;1994-11-09;ME;historic-6-plus-complementary;15;32;49;1;11;14;33;;;;;;;1976-05-to-2008-10;loto.csv
1994045-2;1994045;2;1994-11-09;ME;historic-6-plus-complementary;19;4;22;41;18;35;24;;;;;;;1976-05-to-2008-10;loto.csv
1994045-1;1994045;1;1994-11-12;SA;historic-6-plus-complementary;4;46;44;48;16;14;8;;;;;;;1976-05-to-2008-10;loto.csv
1994045-2;1994045;2;1994-11-12;SA;historic-6-plus-complementary;21;34;41;31;49;29;16;;;;;;;1976-05-to-2008-10;loto.csv
1994046-1;1994046;1;1994-11-16;ME;historic-6-plus-complementary;13;22;32;34;14;20;19;;;;;;;1976-05-to-2008-10;loto.csv
1994046-2;1994046;2;1994-11-16;ME;historic-6-plus-complementary;13;36;31;48;4;37;33;;;;;;;1976-05-to-2008-10;loto.csv
1994046-1;1994046;1;1994-11-19;SA;historic-6-plus-complementary;6;35;37;48;29;45;12;;;;;;;1976-05-to-2008-10;loto.csv
1994046-2;1994046;2;1994-11-19;SA;historic-6-plus-complementary;2;41;31;46;20;16;21;;;;;;;1976-05-to-2008-10;loto.csv
1994047-1;1994047;1;1994-11-23;ME;historic-6-plus-complementary;15;38;25;16;1;2;41;;;;;;;1976-05-to-2008-10;loto.csv
1994047-2;1994047;2;1994-11-23;ME;historic-6-plus-complementary;27;2;33;15;7;10;40;;;;;;;1976-05-to-2008-10;loto.csv
1994047-1;1994047;1;1994-11-26;SA;historic-6-plus-complementary;40;41;2;49;12;8;1;;;;;;;1976-05-to-2008-10;loto.csv
1994047-2;1994047;2;1994-11-26;SA;historic-6-plus-complementary;40;42;24;32;23;29;19;;;;;;;1976-05-to-2008-10;loto.csv
1994048-1;1994048;1;1994-11-30;ME;historic-6-plus-complementary;22;2;16;13;9;29;26;;;;;;;1976-05-to-2008-10;loto.csv
1994048-2;1994048;2;1994-11-30;ME;historic-6-plus-complementary;9;19;38;18;36;44;43;;;;;;;1976-05-to-2008-10;loto.csv
1994048-1;1994048;1;1994-12-03;SA;historic-6-plus-complementary;24;36;1;9;17;37;25;;;;;;;1976-05-to-2008-10;loto.csv
1994048-2;1994048;2;1994-12-03;SA;historic-6-plus-complementary;49;38;25;17;8;11;19;;;;;;;1976-05-to-2008-10;loto.csv
1994049-1;1994049;1;1994-12-07;ME;historic-6-plus-complementary;11;49;36;15;9;19;17;;;;;;;1976-05-to-2008-10;loto.csv
1994049-2;1994049;2;1994-12-07;ME;historic-6-plus-complementary;16;38;19;30;4;34;35;;;;;;;1976-05-to-2008-10;loto.csv
1994049-1;1994049;1;1994-12-10;SA;historic-6-plus-complementary;31;4;38;37;18;41;48;;;;;;;1976-05-to-2008-10;loto.csv
1994049-2;1994049;2;1994-12-10;SA;historic-6-plus-complementary;27;11;42;48;18;43;29;;;;;;;1976-05-to-2008-10;loto.csv
1994050-1;1994050;1;1994-12-14;ME;historic-6-plus-complementary;4;42;30;45;41;16;25;;;;;;;1976-05-to-2008-10;loto.csv
1994050-2;1994050;2;1994-12-14;ME;historic-6-plus-complementary;34;33;44;41;36;38;1;;;;;;;1976-05-to-2008-10;loto.csv
1994050-1;1994050;1;1994-12-17;SA;historic-6-plus-complementary;49;10;21;6;1;8;43;;;;;;;1976-05-to-2008-10;loto.csv
1994050-2;1994050;2;1994-12-17;SA;historic-6-plus-complementary;44;34;43;31;17;46;2;;;;;;;1976-05-to-2008-10;loto.csv
1994051-1;1994051;1;1994-12-21;ME;historic-6-plus-complementary;29;39;43;4;41;40;48;;;;;;;1976-05-to-2008-10;loto.csv
1994051-2;1994051;2;1994-12-21;ME;historic-6-plus-complementary;16;18;45;4;23;10;36;;;;;;;1976-05-to-2008-10;loto.csv
1994051-1;1994051;1;1994-12-24;SA;historic-6-plus-complementary;22;15;30;47;19;17;49;;;;;;;1976-05-to-2008-10;loto.csv
1994051-2;1994051;2;1994-12-24;SA;historic-6-plus-complementary;23;2;28;6;14;18;35;;;;;;;1976-05-to-2008-10;loto.csv
1994052-1;1994052;1;1994-12-28;ME;historic-6-plus-complementary;39;43;11;29;45;19;36;;;;;;;1976-05-to-2008-10;loto.csv
1994052-2;1994052;2;1994-12-28;ME;historic-6-plus-complementary;32;48;6;38;36;33;25;;;;;;;1976-05-to-2008-10;loto.csv
1994052-1;1994052;1;1994-12-31;SA;historic-6-plus-complementary;15;19;24;44;35;27;2;;;;;;;1976-05-to-2008-10;loto.csv
1994052-2;1994052;2;1994-12-31;SA;historic-6-plus-complementary;33;24;16;46;21;5;18;;;;;;;1976-05-to-2008-10;loto.csv
1995001-1;1995001;1;1995-01-04;ME;historic-6-plus-complementary;44;21;15;49;13;40;36;;;;;;;1976-05-to-2008-10;loto.csv
1995001-2;1995001;2;1995-01-04;ME;historic-6-plus-complementary;38;21;49;44;34;31;1;;;;;;;1976-05-to-2008-10;loto.csv
1995001-1;1995001;1;1995-01-07;SA;historic-6-plus-complementary;47;20;9;29;21;45;6;;;;;;;1976-05-to-2008-10;loto.csv
1995001-2;1995001;2;1995-01-07;SA;historic-6-plus-complementary;25;23;36;9;48;46;26;;;;;;;1976-05-to-2008-10;loto.csv
1995002-1;1995002;1;1995-01-11;ME;historic-6-plus-complementary;16;37;47;5;43;46;28;;;;;;;1976-05-to-2008-10;loto.csv
1995002-2;1995002;2;1995-01-11;ME;historic-6-plus-complementary;41;7;17;48;4;11;25;;;;;;;1976-05-to-2008-10;loto.csv
1995002-1;1995002;1;1995-01-14;SA;historic-6-plus-complementary;44;48;35;43;8;20;3;;;;;;;1976-05-to-2008-10;loto.csv
1995002-2;1995002;2;1995-01-14;SA;historic-6-plus-complementary;43;5;47;18;44;1;10;;;;;;;1976-05-to-2008-10;loto.csv
1995003-1;1995003;1;1995-01-18;ME;historic-6-plus-complementary;10;29;34;37;16;1;40;;;;;;;1976-05-to-2008-10;loto.csv
1995003-2;1995003;2;1995-01-18;ME;historic-6-plus-complementary;19;27;37;26;10;40;20;;;;;;;1976-05-to-2008-10;loto.csv
1995003-1;1995003;1;1995-01-21;SA;historic-6-plus-complementary;48;6;7;38;13;4;18;;;;;;;1976-05-to-2008-10;loto.csv
1995003-2;1995003;2;1995-01-21;SA;historic-6-plus-complementary;7;28;40;41;4;3;32;;;;;;;1976-05-to-2008-10;loto.csv
1995004-1;1995004;1;1995-01-25;ME;historic-6-plus-complementary;19;14;29;16;6;33;28;;;;;;;1976-05-to-2008-10;loto.csv
1995004-2;1995004;2;1995-01-25;ME;historic-6-plus-complementary;42;5;33;13;19;47;15;;;;;;;1976-05-to-2008-10;loto.csv
1995004-1;1995004;1;1995-01-28;SA;historic-6-plus-complementary;32;30;16;27;20;5;48;;;;;;;1976-05-to-2008-10;loto.csv
1995004-2;1995004;2;1995-01-28;SA;historic-6-plus-complementary;42;47;45;49;30;4;44;;;;;;;1976-05-to-2008-10;loto.csv
1995005-1;1995005;1;1995-02-01;ME;historic-6-plus-complementary;39;49;37;40;9;14;30;;;;;;;1976-05-to-2008-10;loto.csv
1995005-2;1995005;2;1995-02-01;ME;historic-6-plus-complementary;9;31;10;48;18;24;11;;;;;;;1976-05-to-2008-10;loto.csv
1995005-1;1995005;1;1995-02-04;SA;historic-6-plus-complementary;13;23;14;11;35;39;9;;;;;;;1976-05-to-2008-10;loto.csv
1995005-2;1995005;2;1995-02-04;SA;historic-6-plus-complementary;35;49;20;13;36;5;30;;;;;;;1976-05-to-2008-10;loto.csv
1995006-1;1995006;1;1995-02-08;ME;historic-6-plus-complementary;7;48;31;26;32;27;14;;;;;;;1976-05-to-2008-10;loto.csv
1995006-2;1995006;2;1995-02-08;ME;historic-6-plus-complementary;12;7;18;6;39;9;47;;;;;;;1976-05-to-2008-10;loto.csv
1995006-1;1995006;1;1995-02-11;SA;historic-6-plus-complementary;19;14;10;12;9;3;20;;;;;;;1976-05-to-2008-10;loto.csv
1995006-2;1995006;2;1995-02-11;SA;historic-6-plus-complementary;10;28;12;25;43;5;21;;;;;;;1976-05-to-2008-10;loto.csv
1995007-1;1995007;1;1995-02-15;ME;historic-6-plus-complementary;37;34;38;15;16;27;13;;;;;;;1976-05-to-2008-10;loto.csv
1995007-2;1995007;2;1995-02-15;ME;historic-6-plus-complementary;41;27;7;1;4;9;28;;;;;;;1976-05-to-2008-10;loto.csv
1995007-1;1995007;1;1995-02-18;SA;historic-6-plus-complementary;11;2;42;12;39;10;18;;;;;;;1976-05-to-2008-10;loto.csv
1995007-2;1995007;2;1995-02-18;SA;historic-6-plus-complementary;48;2;43;8;18;40;14;;;;;;;1976-05-to-2008-10;loto.csv
1995008-1;1995008;1;1995-02-22;ME;historic-6-plus-complementary;5;30;1;44;36;26;3;;;;;;;1976-05-to-2008-10;loto.csv
1995008-2;1995008;2;1995-02-22;ME;historic-6-plus-complementary;27;43;36;30;19;14;7;;;;;;;1976-05-to-2008-10;loto.csv
1995008-1;1995008;1;1995-02-25;SA;historic-6-plus-complementary;13;32;30;14;5;1;10;;;;;;;1976-05-to-2008-10;loto.csv
1995008-2;1995008;2;1995-02-25;SA;historic-6-plus-complementary;11;46;30;38;25;45;3;;;;;;;1976-05-to-2008-10;loto.csv
1995009-1;1995009;1;1995-03-01;ME;historic-6-plus-complementary;3;16;33;19;31;35;12;;;;;;;1976-05-to-2008-10;loto.csv
1995009-2;1995009;2;1995-03-01;ME;historic-6-plus-complementary;22;13;46;6;39;45;42;;;;;;;1976-05-to-2008-10;loto.csv
1995009-1;1995009;1;1995-03-04;SA;historic-6-plus-complementary;38;21;12;40;24;9;17;;;;;;;1976-05-to-2008-10;loto.csv
1995009-2;1995009;2;1995-03-04;SA;historic-6-plus-complementary;25;27;48;3;1;34;14;;;;;;;1976-05-to-2008-10;loto.csv
1995010-1;1995010;1;1995-03-08;ME;historic-6-plus-complementary;21;47;40;26;41;38;1;;;;;;;1976-05-to-2008-10;loto.csv
1995010-2;1995010;2;1995-03-08;ME;historic-6-plus-complementary;32;34;11;40;19;39;2;;;;;;;1976-05-to-2008-10;loto.csv
1995010-1;1995010;1;1995-03-11;SA;historic-6-plus-complementary;6;24;12;19;43;45;48;;;;;;;1976-05-to-2008-10;loto.csv
1995010-2;1995010;2;1995-03-11;SA;historic-6-plus-complementary;10;17;16;1;27;48;20;;;;;;;1976-05-to-2008-10;loto.csv
1995011-1;1995011;1;1995-03-15;ME;historic-6-plus-complementary;4;45;30;7;34;17;36;;;;;;;1976-05-to-2008-10;loto.csv
1995011-2;1995011;2;1995-03-15;ME;historic-6-plus-complementary;44;8;46;16;17;5;49;;;;;;;1976-05-to-2008-10;loto.csv
1995011-1;1995011;1;1995-03-18;SA;historic-6-plus-complementary;47;1;6;45;16;18;4;;;;;;;1976-05-to-2008-10;loto.csv
1995011-2;1995011;2;1995-03-18;SA;historic-6-plus-complementary;5;34;13;29;1;4;12;;;;;;;1976-05-to-2008-10;loto.csv
1995012-1;1995012;1;1995-03-22;ME;historic-6-plus-complementary;12;49;48;22;28;39;36;;;;;;;1976-05-to-2008-10;loto.csv
1995012-2;1995012;2;1995-03-22;ME;historic-6-plus-complementary;43;7;27;42;28;13;16;;;;;;;1976-05-to-2008-10;loto.csv
1995012-1;1995012;1;1995-03-25;SA;historic-6-plus-complementary;33;7;10;48;22;13;30;;;;;;;1976-05-to-2008-10;loto.csv
1995012-2;1995012;2;1995-03-25;SA;historic-6-plus-complementary;6;25;26;34;36;21;31;;;;;;;1976-05-to-2008-10;loto.csv
1995013-1;1995013;1;1995-03-29;ME;historic-6-plus-complementary;32;19;31;25;5;9;36;;;;;;;1976-05-to-2008-10;loto.csv
1995013-2;1995013;2;1995-03-29;ME;historic-6-plus-complementary;6;41;46;4;30;12;34;;;;;;;1976-05-to-2008-10;loto.csv
1995013-1;1995013;1;1995-04-01;SA;historic-6-plus-complementary;23;49;21;43;5;38;8;;;;;;;1976-05-to-2008-10;loto.csv
1995013-2;1995013;2;1995-04-01;SA;historic-6-plus-complementary;9;29;44;14;17;5;18;;;;;;;1976-05-to-2008-10;loto.csv
1995014-1;1995014;1;1995-04-05;ME;historic-6-plus-complementary;40;4;34;23;44;3;32;;;;;;;1976-05-to-2008-10;loto.csv
1995014-2;1995014;2;1995-04-05;ME;historic-6-plus-complementary;13;27;41;2;42;20;48;;;;;;;1976-05-to-2008-10;loto.csv
1995014-1;1995014;1;1995-04-08;SA;historic-6-plus-complementary;24;13;6;39;20;43;11;;;;;;;1976-05-to-2008-10;loto.csv
1995014-2;1995014;2;1995-04-08;SA;historic-6-plus-complementary;19;47;23;10;41;3;39;;;;;;;1976-05-to-2008-10;loto.csv
1995015-1;1995015;1;1995-04-12;ME;historic-6-plus-complementary;32;28;14;29;16;45;25;;;;;;;1976-05-to-2008-10;loto.csv
1995015-2;1995015;2;1995-04-12;ME;historic-6-plus-complementary;47;33;20;44;19;22;11;;;;;;;1976-05-to-2008-10;loto.csv
1995015-1;1995015;1;1995-04-15;SA;historic-6-plus-complementary;29;8;31;15;34;19;2;;;;;;;1976-05-to-2008-10;loto.csv
1995015-2;1995015;2;1995-04-15;SA;historic-6-plus-complementary;48;10;36;43;49;31;28;;;;;;;1976-05-to-2008-10;loto.csv
1995016-1;1995016;1;1995-04-19;ME;historic-6-plus-complementary;3;20;23;47;30;7;31;;;;;;;1976-05-to-2008-10;loto.csv
1995016-2;1995016;2;1995-04-19;ME;historic-6-plus-complementary;42;24;37;1;8;48;14;;;;;;;1976-05-to-2008-10;loto.csv
1995016-1;1995016;1;1995-04-22;SA;historic-6-plus-complementary;12;35;7;37;10;41;3;;;;;;;1976-05-to-2008-10;loto.csv
1995016-2;1995016;2;1995-04-22;SA;historic-6-plus-complementary;13;23;37;3;44;47;8;;;;;;;1976-05-to-2008-10;loto.csv
1995017-1;1995017;1;1995-04-26;ME;historic-6-plus-complementary;16;4;34;44;48;41;19;;;;;;;1976-05-to-2008-10;loto.csv
1995017-2;1995017;2;1995-04-26;ME;historic-6-plus-complementary;5;1;43;47;39;49;4;;;;;;;1976-05-to-2008-10;loto.csv
1995017-1;1995017;1;1995-04-29;SA;historic-6-plus-complementary;16;13;6;2;19;15;42;;;;;;;1976-05-to-2008-10;loto.csv
1995017-2;1995017;2;1995-04-29;SA;historic-6-plus-complementary;4;32;10;44;15;27;1;;;;;;;1976-05-to-2008-10;loto.csv
1995018-1;1995018;1;1995-05-03;ME;historic-6-plus-complementary;41;5;20;48;16;15;21;;;;;;;1976-05-to-2008-10;loto.csv
1995018-2;1995018;2;1995-05-03;ME;historic-6-plus-complementary;41;22;16;19;27;32;43;;;;;;;1976-05-to-2008-10;loto.csv
1995018-1;1995018;1;1995-05-06;SA;historic-6-plus-complementary;17;2;36;43;40;23;46;;;;;;;1976-05-to-2008-10;loto.csv
1995018-2;1995018;2;1995-05-06;SA;historic-6-plus-complementary;19;24;12;4;29;3;6;;;;;;;1976-05-to-2008-10;loto.csv
1995019-1;1995019;1;1995-05-10;ME;historic-6-plus-complementary;8;24;4;22;25;45;49;;;;;;;1976-05-to-2008-10;loto.csv
1995019-2;1995019;2;1995-05-10;ME;historic-6-plus-complementary;39;7;5;36;48;40;22;;;;;;;1976-05-to-2008-10;loto.csv
1995019-1;1995019;1;1995-05-13;SA;historic-6-plus-complementary;24;1;47;30;16;15;42;;;;;;;1976-05-to-2008-10;loto.csv
1995019-2;1995019;2;1995-05-13;SA;historic-6-plus-complementary;32;7;37;16;19;20;5;;;;;;;1976-05-to-2008-10;loto.csv
1995020-1;1995020;1;1995-05-17;ME;historic-6-plus-complementary;25;22;43;8;34;47;24;;;;;;;1976-05-to-2008-10;loto.csv
1995020-2;1995020;2;1995-05-17;ME;historic-6-plus-complementary;28;42;9;33;22;13;44;;;;;;;1976-05-to-2008-10;loto.csv
1995020-1;1995020;1;1995-05-20;SA;historic-6-plus-complementary;26;24;49;27;15;32;12;;;;;;;1976-05-to-2008-10;loto.csv
1995020-2;1995020;2;1995-05-20;SA;historic-6-plus-complementary;49;8;26;31;37;24;27;;;;;;;1976-05-to-2008-10;loto.csv
1995021-1;1995021;1;1995-05-24;ME;historic-6-plus-complementary;14;22;19;41;21;43;29;;;;;;;1976-05-to-2008-10;loto.csv
1995021-2;1995021;2;1995-05-24;ME;historic-6-plus-complementary;29;11;7;17;39;5;49;;;;;;;1976-05-to-2008-10;loto.csv
1995021-1;1995021;1;1995-05-27;SA;historic-6-plus-complementary;1;7;18;6;39;32;13;;;;;;;1976-05-to-2008-10;loto.csv
1995021-2;1995021;2;1995-05-27;SA;historic-6-plus-complementary;25;26;38;12;24;9;43;;;;;;;1976-05-to-2008-10;loto.csv
1995022-1;1995022;1;1995-05-31;ME;historic-6-plus-complementary;47;17;27;39;29;46;2;;;;;;;1976-05-to-2008-10;loto.csv
1995022-2;1995022;2;1995-05-31;ME;historic-6-plus-complementary;19;14;2;32;1;35;25;;;;;;;1976-05-to-2008-10;loto.csv
1995022-1;1995022;1;1995-06-03;SA;historic-6-plus-complementary;24;13;9;47;10;42;7;;;;;;;1976-05-to-2008-10;loto.csv
1995022-2;1995022;2;1995-06-03;SA;historic-6-plus-complementary;49;45;14;34;2;36;37;;;;;;;1976-05-to-2008-10;loto.csv
1995023-1;1995023;1;1995-06-07;ME;historic-6-plus-complementary;43;40;23;2;5;17;7;;;;;;;1976-05-to-2008-10;loto.csv
1995023-2;1995023;2;1995-06-07;ME;historic-6-plus-complementary;44;27;24;15;14;9;20;;;;;;;1976-05-to-2008-10;loto.csv
1995023-1;1995023;1;1995-06-10;SA;historic-6-plus-complementary;15;32;46;40;2;13;47;;;;;;;1976-05-to-2008-10;loto.csv
1995023-2;1995023;2;1995-06-10;SA;historic-6-plus-complementary;44;40;10;22;27;7;1;;;;;;;1976-05-to-2008-10;loto.csv
1995024-1;1995024;1;1995-06-14;ME;historic-6-plus-complementary;42;44;39;41;6;32;22;;;;;;;1976-05-to-2008-10;loto.csv
1995024-2;1995024;2;1995-06-14;ME;historic-6-plus-complementary;11;46;36;35;26;47;27;;;;;;;1976-05-to-2008-10;loto.csv
1995024-1;1995024;1;1995-06-17;SA;historic-6-plus-complementary;32;44;40;24;25;35;43;;;;;;;1976-05-to-2008-10;loto.csv
1995024-2;1995024;2;1995-06-17;SA;historic-6-plus-complementary;11;16;3;46;1;26;10;;;;;;;1976-05-to-2008-10;loto.csv
1995025-1;1995025;1;1995-06-21;ME;historic-6-plus-complementary;22;15;45;11;6;14;23;;;;;;;1976-05-to-2008-10;loto.csv
1995025-2;1995025;2;1995-06-21;ME;historic-6-plus-complementary;19;5;41;25;27;42;47;;;;;;;1976-05-to-2008-10;loto.csv
1995025-1;1995025;1;1995-06-24;SA;historic-6-plus-complementary;30;18;24;19;28;17;48;;;;;;;1976-05-to-2008-10;loto.csv
1995025-2;1995025;2;1995-06-24;SA;historic-6-plus-complementary;23;7;5;48;46;32;40;;;;;;;1976-05-to-2008-10;loto.csv
1995026-1;1995026;1;1995-06-28;ME;historic-6-plus-complementary;47;39;18;40;34;44;31;;;;;;;1976-05-to-2008-10;loto.csv
1995026-2;1995026;2;1995-06-28;ME;historic-6-plus-complementary;5;31;7;36;18;28;30;;;;;;;1976-05-to-2008-10;loto.csv
1995026-1;1995026;1;1995-07-01;SA;historic-6-plus-complementary;26;38;4;15;42;48;20;;;;;;;1976-05-to-2008-10;loto.csv
1995026-2;1995026;2;1995-07-01;SA;historic-6-plus-complementary;36;5;48;13;49;34;19;;;;;;;1976-05-to-2008-10;loto.csv
1995027-1;1995027;1;1995-07-05;ME;historic-6-plus-complementary;32;42;17;13;45;44;4;;;;;;;1976-05-to-2008-10;loto.csv
1995027-2;1995027;2;1995-07-05;ME;historic-6-plus-complementary;32;44;41;17;22;29;10;;;;;;;1976-05-to-2008-10;loto.csv
1995027-1;1995027;1;1995-07-08;SA;historic-6-plus-complementary;2;49;39;41;45;40;42;;;;;;;1976-05-to-2008-10;loto.csv
1995027-2;1995027;2;1995-07-08;SA;historic-6-plus-complementary;4;27;14;10;42;2;45;;;;;;;1976-05-to-2008-10;loto.csv
1995028-1;1995028;1;1995-07-12;ME;historic-6-plus-complementary;22;12;29;41;7;38;43;;;;;;;1976-05-to-2008-10;loto.csv
1995028-2;1995028;2;1995-07-12;ME;historic-6-plus-complementary;31;39;19;5;43;2;34;;;;;;;1976-05-to-2008-10;loto.csv
1995028-1;1995028;1;1995-07-15;SA;historic-6-plus-complementary;36;48;21;23;22;38;32;;;;;;;1976-05-to-2008-10;loto.csv
1995028-2;1995028;2;1995-07-15;SA;historic-6-plus-complementary;36;10;38;24;27;46;26;;;;;;;1976-05-to-2008-10;loto.csv
1995029-1;1995029;1;1995-07-19;ME;historic-6-plus-complementary;18;41;25;1;13;3;33;;;;;;;1976-05-to-2008-10;loto.csv
1995029-2;1995029;2;1995-07-19;ME;historic-6-plus-complementary;47;35;49;33;13;12;45;;;;;;;1976-05-to-2008-10;loto.csv
1995029-1;1995029;1;1995-07-22;SA;historic-6-plus-complementary;20;21;44;46;5;7;23;;;;;;;1976-05-to-2008-10;loto.csv
1995029-2;1995029;2;1995-07-22;SA;historic-6-plus-complementary;30;10;20;31;3;4;45;;;;;;;1976-05-to-2008-10;loto.csv
1995030-1;1995030;1;1995-07-26;ME;historic-6-plus-complementary;2;26;38;46;16;39;10;;;;;;;1976-05-to-2008-10;loto.csv
1995030-2;1995030;2;1995-07-26;ME;historic-6-plus-complementary;39;48;34;19;23;7;9;;;;;;;1976-05-to-2008-10;loto.csv
1995030-1;1995030;1;1995-07-29;SA;historic-6-plus-complementary;30;21;42;37;34;2;26;;;;;;;1976-05-to-2008-10;loto.csv
1995030-2;1995030;2;1995-07-29;SA;historic-6-plus-complementary;35;37;31;39;19;7;4;;;;;;;1976-05-to-2008-10;loto.csv
1995031-1;1995031;1;1995-08-02;ME;historic-6-plus-complementary;26;17;4;8;12;16;36;;;;;;;1976-05-to-2008-10;loto.csv
1995031-2;1995031;2;1995-08-02;ME;historic-6-plus-complementary;42;35;10;3;6;2;22;;;;;;;1976-05-to-2008-10;loto.csv
1995031-1;1995031;1;1995-08-05;SA;historic-6-plus-complementary;43;12;41;27;11;20;47;;;;;;;1976-05-to-2008-10;loto.csv
1995031-2;1995031;2;1995-08-05;SA;historic-6-plus-complementary;43;1;18;14;24;21;6;;;;;;;1976-05-to-2008-10;loto.csv
1995032-1;1995032;1;1995-08-09;ME;historic-6-plus-complementary;29;41;34;33;5;24;23;;;;;;;1976-05-to-2008-10;loto.csv
1995032-2;1995032;2;1995-08-09;ME;historic-6-plus-complementary;44;22;24;18;15;48;21;;;;;;;1976-05-to-2008-10;loto.csv
1995032-1;1995032;1;1995-08-12;SA;historic-6-plus-complementary;23;40;42;13;41;6;31;;;;;;;1976-05-to-2008-10;loto.csv
1995032-2;1995032;2;1995-08-12;SA;historic-6-plus-complementary;38;19;5;39;32;14;37;;;;;;;1976-05-to-2008-10;loto.csv
1995033-1;1995033;1;1995-08-16;ME;historic-6-plus-complementary;37;10;7;14;48;42;25;;;;;;;1976-05-to-2008-10;loto.csv
1995033-2;1995033;2;1995-08-16;ME;historic-6-plus-complementary;13;26;24;47;39;31;43;;;;;;;1976-05-to-2008-10;loto.csv
1995033-1;1995033;1;1995-08-19;SA;historic-6-plus-complementary;48;1;21;35;46;30;13;;;;;;;1976-05-to-2008-10;loto.csv
1995033-2;1995033;2;1995-08-19;SA;historic-6-plus-complementary;1;24;11;21;27;39;18;;;;;;;1976-05-to-2008-10;loto.csv
1995034-1;1995034;1;1995-08-23;ME;historic-6-plus-complementary;17;37;46;33;16;42;30;;;;;;;1976-05-to-2008-10;loto.csv
1995034-2;1995034;2;1995-08-23;ME;historic-6-plus-complementary;35;14;3;7;24;31;12;;;;;;;1976-05-to-2008-10;loto.csv
1995034-1;1995034;1;1995-08-26;SA;historic-6-plus-complementary;10;36;1;18;27;12;30;;;;;;;1976-05-to-2008-10;loto.csv
1995034-2;1995034;2;1995-08-26;SA;historic-6-plus-complementary;7;6;21;27;44;9;5;;;;;;;1976-05-to-2008-10;loto.csv
1995035-1;1995035;1;1995-08-30;ME;historic-6-plus-complementary;19;33;40;47;36;7;4;;;;;;;1976-05-to-2008-10;loto.csv
1995035-2;1995035;2;1995-08-30;ME;historic-6-plus-complementary;20;38;37;26;2;14;47;;;;;;;1976-05-to-2008-10;loto.csv
1995035-1;1995035;1;1995-09-02;SA;historic-6-plus-complementary;48;46;14;10;36;1;21;;;;;;;1976-05-to-2008-10;loto.csv
1995035-2;1995035;2;1995-09-02;SA;historic-6-plus-complementary;43;16;23;41;33;39;35;;;;;;;1976-05-to-2008-10;loto.csv
1995036-1;1995036;1;1995-09-06;ME;historic-6-plus-complementary;16;7;42;26;43;31;18;;;;;;;1976-05-to-2008-10;loto.csv
1995036-2;1995036;2;1995-09-06;ME;historic-6-plus-complementary;23;3;24;25;4;44;18;;;;;;;1976-05-to-2008-10;loto.csv
1995036-1;1995036;1;1995-09-09;SA;historic-6-plus-complementary;15;14;39;9;34;32;45;;;;;;;1976-05-to-2008-10;loto.csv
1995036-2;1995036;2;1995-09-09;SA;historic-6-plus-complementary;22;23;35;39;38;4;19;;;;;;;1976-05-to-2008-10;loto.csv
1995037-1;1995037;1;1995-09-13;ME;historic-6-plus-complementary;17;14;35;5;41;1;32;;;;;;;1976-05-to-2008-10;loto.csv
1995037-2;1995037;2;1995-09-13;ME;historic-6-plus-complementary;11;6;25;13;46;32;31;;;;;;;1976-05-to-2008-10;loto.csv
1995037-1;1995037;1;1995-09-16;SA;historic-6-plus-complementary;23;4;15;29;13;18;6;;;;;;;1976-05-to-2008-10;loto.csv
1995037-2;1995037;2;1995-09-16;SA;historic-6-plus-complementary;42;7;29;44;17;22;2;;;;;;;1976-05-to-2008-10;loto.csv
1995038-1;1995038;1;1995-09-20;ME;historic-6-plus-complementary;6;32;30;42;41;46;10;;;;;;;1976-05-to-2008-10;loto.csv
1995038-2;1995038;2;1995-09-20;ME;historic-6-plus-complementary;12;46;22;7;40;43;18;;;;;;;1976-05-to-2008-10;loto.csv
1995038-1;1995038;1;1995-09-23;SA;historic-6-plus-complementary;14;19;47;2;40;31;20;;;;;;;1976-05-to-2008-10;loto.csv
1995038-2;1995038;2;1995-09-23;SA;historic-6-plus-complementary;27;43;49;44;18;38;7;;;;;;;1976-05-to-2008-10;loto.csv
1995039-1;1995039;1;1995-09-27;ME;historic-6-plus-complementary;37;29;33;16;41;31;2;;;;;;;1976-05-to-2008-10;loto.csv
1995039-2;1995039;2;1995-09-27;ME;historic-6-plus-complementary;27;22;20;40;42;6;15;;;;;;;1976-05-to-2008-10;loto.csv
1995039-1;1995039;1;1995-09-30;SA;historic-6-plus-complementary;22;32;13;31;14;28;26;;;;;;;1976-05-to-2008-10;loto.csv
1995039-2;1995039;2;1995-09-30;SA;historic-6-plus-complementary;32;5;12;18;49;25;35;;;;;;;1976-05-to-2008-10;loto.csv
1995040-1;1995040;1;1995-10-04;ME;historic-6-plus-complementary;35;6;29;31;12;48;28;;;;;;;1976-05-to-2008-10;loto.csv
1995040-2;1995040;2;1995-10-04;ME;historic-6-plus-complementary;9;43;17;45;25;47;14;;;;;;;1976-05-to-2008-10;loto.csv
1995040-1;1995040;1;1995-10-07;SA;historic-6-plus-complementary;6;10;15;24;4;7;47;;;;;;;1976-05-to-2008-10;loto.csv
1995040-2;1995040;2;1995-10-07;SA;historic-6-plus-complementary;3;49;31;41;15;17;30;;;;;;;1976-05-to-2008-10;loto.csv
1995041-1;1995041;1;1995-10-11;ME;historic-6-plus-complementary;24;9;41;21;10;4;13;;;;;;;1976-05-to-2008-10;loto.csv
1995041-2;1995041;2;1995-10-11;ME;historic-6-plus-complementary;32;23;19;24;10;12;1;;;;;;;1976-05-to-2008-10;loto.csv
1995041-1;1995041;1;1995-10-14;SA;historic-6-plus-complementary;16;31;49;41;44;21;18;;;;;;;1976-05-to-2008-10;loto.csv
1995041-2;1995041;2;1995-10-14;SA;historic-6-plus-complementary;21;25;38;5;16;30;40;;;;;;;1976-05-to-2008-10;loto.csv
1995042-1;1995042;1;1995-10-18;ME;historic-6-plus-complementary;3;8;22;23;31;2;12;;;;;;;1976-05-to-2008-10;loto.csv
1995042-2;1995042;2;1995-10-18;ME;historic-6-plus-complementary;33;39;3;24;38;35;32;;;;;;;1976-05-to-2008-10;loto.csv
1995042-1;1995042;1;1995-10-21;SA;historic-6-plus-complementary;44;34;21;45;6;3;37;;;;;;;1976-05-to-2008-10;loto.csv
1995042-2;1995042;2;1995-10-21;SA;historic-6-plus-complementary;12;37;4;24;1;6;13;;;;;;;1976-05-to-2008-10;loto.csv
1995043-1;1995043;1;1995-10-25;ME;historic-6-plus-complementary;2;12;33;6;24;18;30;;;;;;;1976-05-to-2008-10;loto.csv
1995043-2;1995043;2;1995-10-25;ME;historic-6-plus-complementary;48;29;41;39;15;9;47;;;;;;;1976-05-to-2008-10;loto.csv
1995043-1;1995043;1;1995-10-28;SA;historic-6-plus-complementary;9;29;40;16;1;46;25;;;;;;;1976-05-to-2008-10;loto.csv
1995043-2;1995043;2;1995-10-28;SA;historic-6-plus-complementary;3;45;35;48;33;32;1;;;;;;;1976-05-to-2008-10;loto.csv
1995044-1;1995044;1;1995-11-01;ME;historic-6-plus-complementary;21;40;6;33;13;39;25;;;;;;;1976-05-to-2008-10;loto.csv
1995044-2;1995044;2;1995-11-01;ME;historic-6-plus-complementary;3;15;24;37;23;40;16;;;;;;;1976-05-to-2008-10;loto.csv
1995044-1;1995044;1;1995-11-04;SA;historic-6-plus-complementary;38;23;7;43;48;13;4;;;;;;;1976-05-to-2008-10;loto.csv
1995044-2;1995044;2;1995-11-04;SA;historic-6-plus-complementary;2;5;42;25;9;19;45;;;;;;;1976-05-to-2008-10;loto.csv
1995045-1;1995045;1;1995-11-08;ME;historic-6-plus-complementary;16;35;38;47;28;40;8;;;;;;;1976-05-to-2008-10;loto.csv
1995045-2;1995045;2;1995-11-08;ME;historic-6-plus-complementary;40;6;38;45;28;9;14;;;;;;;1976-05-to-2008-10;loto.csv
1995045-1;1995045;1;1995-11-11;SA;historic-6-plus-complementary;27;32;12;15;20;35;2;;;;;;;1976-05-to-2008-10;loto.csv
1995045-2;1995045;2;1995-11-11;SA;historic-6-plus-complementary;5;20;7;4;22;9;35;;;;;;;1976-05-to-2008-10;loto.csv
1995046-1;1995046;1;1995-11-15;ME;historic-6-plus-complementary;18;19;36;20;25;14;46;;;;;;;1976-05-to-2008-10;loto.csv
1995046-2;1995046;2;1995-11-15;ME;historic-6-plus-complementary;45;25;1;16;37;42;47;;;;;;;1976-05-to-2008-10;loto.csv
1995046-1;1995046;1;1995-11-18;SA;historic-6-plus-complementary;16;34;22;39;8;1;11;;;;;;;1976-05-to-2008-10;loto.csv
1995046-2;1995046;2;1995-11-18;SA;historic-6-plus-complementary;12;28;39;29;11;20;45;;;;;;;1976-05-to-2008-10;loto.csv
1995047-1;1995047;1;1995-11-22;ME;historic-6-plus-complementary;15;28;5;36;30;45;14;;;;;;;1976-05-to-2008-10;loto.csv
1995047-2;1995047;2;1995-11-22;ME;historic-6-plus-complementary;25;27;42;4;39;24;7;;;;;;;1976-05-to-2008-10;loto.csv
1995047-1;1995047;1;1995-11-25;SA;historic-6-plus-complementary;2;4;40;17;7;14;5;;;;;;;1976-05-to-2008-10;loto.csv
1995047-2;1995047;2;1995-11-25;SA;historic-6-plus-complementary;38;27;49;6;2;47;3;;;;;;;1976-05-to-2008-10;loto.csv
1995048-1;1995048;1;1995-11-29;ME;historic-6-plus-complementary;44;30;37;31;45;6;3;;;;;;;1976-05-to-2008-10;loto.csv
1995048-2;1995048;2;1995-11-29;ME;historic-6-plus-complementary;32;35;20;29;8;42;12;;;;;;;1976-05-to-2008-10;loto.csv
1995048-1;1995048;1;1995-12-02;SA;historic-6-plus-complementary;25;2;4;22;5;14;45;;;;;;;1976-05-to-2008-10;loto.csv
1995048-2;1995048;2;1995-12-02;SA;historic-6-plus-complementary;11;49;34;28;24;43;1;;;;;;;1976-05-to-2008-10;loto.csv
1995049-1;1995049;1;1995-12-06;ME;historic-6-plus-complementary;27;36;33;15;29;31;4;;;;;;;1976-05-to-2008-10;loto.csv
1995049-2;1995049;2;1995-12-06;ME;historic-6-plus-complementary;48;43;37;22;20;26;41;;;;;;;1976-05-to-2008-10;loto.csv
1995049-1;1995049;1;1995-12-09;SA;historic-6-plus-complementary;49;20;12;42;28;23;40;;;;;;;1976-05-to-2008-10;loto.csv
1995049-2;1995049;2;1995-12-09;SA;historic-6-plus-complementary;13;44;22;46;3;38;27;;;;;;;1976-05-to-2008-10;loto.csv
1995050-1;1995050;1;1995-12-13;ME;historic-6-plus-complementary;41;22;32;18;4;42;27;;;;;;;1976-05-to-2008-10;loto.csv
1995050-2;1995050;2;1995-12-13;ME;historic-6-plus-complementary;41;13;39;14;47;31;12;;;;;;;1976-05-to-2008-10;loto.csv
1995050-1;1995050;1;1995-12-16;SA;historic-6-plus-complementary;8;37;28;31;22;11;15;;;;;;;1976-05-to-2008-10;loto.csv
1995050-2;1995050;2;1995-12-16;SA;historic-6-plus-complementary;14;36;32;8;18;23;29;;;;;;;1976-05-to-2008-10;loto.csv
1995051-1;1995051;1;1995-12-20;ME;historic-6-plus-complementary;12;8;38;22;45;36;33;;;;;;;1976-05-to-2008-10;loto.csv
1995051-2;1995051;2;1995-12-20;ME;historic-6-plus-complementary;4;15;43;10;21;25;35;;;;;;;1976-05-to-2008-10;loto.csv
1995051-1;1995051;1;1995-12-23;SA;historic-6-plus-complementary;25;22;27;38;2;29;34;;;;;;;1976-05-to-2008-10;loto.csv
1995051-2;1995051;2;1995-12-23;SA;historic-6-plus-complementary;45;42;36;32;39;23;38;;;;;;;1976-05-to-2008-10;loto.csv
1995052-1;1995052;1;1995-12-27;ME;historic-6-plus-complementary;47;30;33;40;2;8;15;;;;;;;1976-05-to-2008-10;loto.csv
1995052-2;1995052;2;1995-12-27;ME;historic-6-plus-complementary;37;42;10;41;43;19;46;;;;;;;1976-05-to-2008-10;loto.csv
1995052-1;1995052;1;1995-12-30;SA;historic-6-plus-complementary;35;7;3;22;6;49;18;;;;;;;1976-05-to-2008-10;loto.csv
1995052-2;1995052;2;1995-12-30;SA;historic-6-plus-complementary;48;23;16;40;25;46;4;;;;;;;1976-05-to-2008-10;loto.csv
1996001-1;1996001;1;1996-01-03;ME;historic-6-plus-complementary;17;34;16;37;11;14;27;;;;;;;1976-05-to-2008-10;loto.csv
1996001-2;1996001;2;1996-01-03;ME;historic-6-plus-complementary;14;21;8;19;30;25;7;;;;;;;1976-05-to-2008-10;loto.csv
1996001-1;1996001;1;1996-01-06;SA;historic-6-plus-complementary;16;44;36;13;27;42;39;;;;;;;1976-05-to-2008-10;loto.csv
1996001-2;1996001;2;1996-01-06;SA;historic-6-plus-complementary;21;14;26;9;38;22;35;;;;;;;1976-05-to-2008-10;loto.csv
1996002-1;1996002;1;1996-01-10;ME;historic-6-plus-complementary;5;8;16;4;46;41;43;;;;;;;1976-05-to-2008-10;loto.csv
1996002-2;1996002;2;1996-01-10;ME;historic-6-plus-complementary;43;1;34;35;32;6;44;;;;;;;1976-05-to-2008-10;loto.csv
1996002-1;1996002;1;1996-01-13;SA;historic-6-plus-complementary;28;35;2;45;26;33;36;;;;;;;1976-05-to-2008-10;loto.csv
1996002-2;1996002;2;1996-01-13;SA;historic-6-plus-complementary;36;11;23;26;46;8;21;;;;;;;1976-05-to-2008-10;loto.csv
1996003-1;1996003;1;1996-01-17;ME;historic-6-plus-complementary;48;25;15;46;4;2;5;;;;;;;1976-05-to-2008-10;loto.csv
1996003-2;1996003;2;1996-01-17;ME;historic-6-plus-complementary;32;20;7;13;18;1;26;;;;;;;1976-05-to-2008-10;loto.csv
1996003-1;1996003;1;1996-01-20;SA;historic-6-plus-complementary;13;48;28;45;21;12;36;;;;;;;1976-05-to-2008-10;loto.csv
1996003-2;1996003;2;1996-01-20;SA;historic-6-plus-complementary;30;10;36;26;17;4;39;;;;;;;1976-05-to-2008-10;loto.csv
1996004-1;1996004;1;1996-01-24;ME;historic-6-plus-complementary;6;4;32;47;45;26;16;;;;;;;1976-05-to-2008-10;loto.csv
1996004-2;1996004;2;1996-01-24;ME;historic-6-plus-complementary;13;31;10;28;34;19;29;;;;;;;1976-05-to-2008-10;loto.csv
1996004-1;1996004;1;1996-01-27;SA;historic-6-plus-complementary;19;40;2;24;27;33;21;;;;;;;1976-05-to-2008-10;loto.csv
1996004-2;1996004;2;1996-01-27;SA;historic-6-plus-complementary;38;41;45;47;44;22;28;;;;;;;1976-05-to-2008-10;loto.csv
1996005-1;1996005;1;1996-01-31;ME;historic-6-plus-complementary;7;6;12;17;34;44;39;;;;;;;1976-05-to-2008-10;loto.csv
1996005-2;1996005;2;1996-01-31;ME;historic-6-plus-complementary;12;47;37;20;42;40;4;;;;;;;1976-05-to-2008-10;loto.csv
1996005-1;1996005;1;1996-02-03;SA;historic-6-plus-complementary;45;37;24;27;20;5;8;;;;;;;1976-05-to-2008-10;loto.csv
1996005-2;1996005;2;1996-02-03;SA;historic-6-plus-complementary;43;34;12;9;42;6;14;;;;;;;1976-05-to-2008-10;loto.csv
1996006-1;1996006;1;1996-02-07;ME;historic-6-plus-complementary;9;37;43;1;20;30;22;;;;;;;1976-05-to-2008-10;loto.csv
1996006-2;1996006;2;1996-02-07;ME;historic-6-plus-complementary;10;32;16;36;39;17;23;;;;;;;1976-05-to-2008-10;loto.csv
1996006-1;1996006;1;1996-02-10;SA;historic-6-plus-complementary;17;21;15;3;6;12;43;;;;;;;1976-05-to-2008-10;loto.csv
1996006-2;1996006;2;1996-02-10;SA;historic-6-plus-complementary;28;23;26;49;29;6;33;;;;;;;1976-05-to-2008-10;loto.csv
1996007-1;1996007;1;1996-02-14;ME;historic-6-plus-complementary;1;41;13;14;10;6;21;;;;;;;1976-05-to-2008-10;loto.csv
1996007-2;1996007;2;1996-02-14;ME;historic-6-plus-complementary;37;30;13;35;36;45;49;;;;;;;1976-05-to-2008-10;loto.csv
1996007-1;1996007;1;1996-02-17;SA;historic-6-plus-complementary;21;32;27;47;2;34;8;;;;;;;1976-05-to-2008-10;loto.csv
1996007-2;1996007;2;1996-02-17;SA;historic-6-plus-complementary;9;35;18;6;8;17;16;;;;;;;1976-05-to-2008-10;loto.csv
1996008-1;1996008;1;1996-02-21;ME;historic-6-plus-complementary;43;9;48;30;46;27;4;;;;;;;1976-05-to-2008-10;loto.csv
1996008-2;1996008;2;1996-02-21;ME;historic-6-plus-complementary;40;21;32;18;4;12;43;;;;;;;1976-05-to-2008-10;loto.csv
1996008-1;1996008;1;1996-02-24;SA;historic-6-plus-complementary;13;1;8;2;23;16;22;;;;;;;1976-05-to-2008-10;loto.csv
1996008-2;1996008;2;1996-02-24;SA;historic-6-plus-complementary;33;12;49;4;18;39;6;;;;;;;1976-05-to-2008-10;loto.csv
1996009-1;1996009;1;1996-02-28;ME;historic-6-plus-complementary;13;24;31;23;17;46;39;;;;;;;1976-05-to-2008-10;loto.csv
1996009-2;1996009;2;1996-02-28;ME;historic-6-plus-complementary;32;8;15;5;9;29;42;;;;;;;1976-05-to-2008-10;loto.csv
1996009-1;1996009;1;1996-03-02;SA;historic-6-plus-complementary;12;4;21;39;31;46;14;;;;;;;1976-05-to-2008-10;loto.csv
1996009-2;1996009;2;1996-03-02;SA;historic-6-plus-complementary;20;41;31;42;13;23;49;;;;;;;1976-05-to-2008-10;loto.csv
1996010-1;1996010;1;1996-03-06;ME;historic-6-plus-complementary;37;26;46;21;8;48;10;;;;;;;1976-05-to-2008-10;loto.csv
1996010-2;1996010;2;1996-03-06;ME;historic-6-plus-complementary;14;15;36;29;39;18;46;;;;;;;1976-05-to-2008-10;loto.csv
1996010-1;1996010;1;1996-03-09;SA;historic-6-plus-complementary;11;4;30;22;12;2;40;;;;;;;1976-05-to-2008-10;loto.csv
1996010-2;1996010;2;1996-03-09;SA;historic-6-plus-complementary;19;32;24;1;49;22;44;;;;;;;1976-05-to-2008-10;loto.csv
1996011-1;1996011;1;1996-03-13;ME;historic-6-plus-complementary;36;10;16;20;48;23;47;;;;;;;1976-05-to-2008-10;loto.csv
1996011-2;1996011;2;1996-03-13;ME;historic-6-plus-complementary;38;12;15;47;44;7;46;;;;;;;1976-05-to-2008-10;loto.csv
1996011-1;1996011;1;1996-03-16;SA;historic-6-plus-complementary;29;23;28;39;24;41;38;;;;;;;1976-05-to-2008-10;loto.csv
1996011-2;1996011;2;1996-03-16;SA;historic-6-plus-complementary;44;34;26;48;3;18;21;;;;;;;1976-05-to-2008-10;loto.csv
1996012-1;1996012;1;1996-03-20;ME;historic-6-plus-complementary;44;43;46;23;28;12;35;;;;;;;1976-05-to-2008-10;loto.csv
1996012-2;1996012;2;1996-03-20;ME;historic-6-plus-complementary;46;11;26;6;32;2;25;;;;;;;1976-05-to-2008-10;loto.csv
1996012-1;1996012;1;1996-03-23;SA;historic-6-plus-complementary;4;41;15;47;35;38;20;;;;;;;1976-05-to-2008-10;loto.csv
1996012-2;1996012;2;1996-03-23;SA;historic-6-plus-complementary;5;21;18;29;42;9;28;;;;;;;1976-05-to-2008-10;loto.csv
1996013-1;1996013;1;1996-03-27;ME;historic-6-plus-complementary;28;2;18;47;32;26;13;;;;;;;1976-05-to-2008-10;loto.csv
1996013-2;1996013;2;1996-03-27;ME;historic-6-plus-complementary;39;49;33;23;9;17;20;;;;;;;1976-05-to-2008-10;loto.csv
1996013-1;1996013;1;1996-03-30;SA;historic-6-plus-complementary;46;15;30;43;22;1;37;;;;;;;1976-05-to-2008-10;loto.csv
1996013-2;1996013;2;1996-03-30;SA;historic-6-plus-complementary;49;34;17;18;44;42;21;;;;;;;1976-05-to-2008-10;loto.csv
1996014-1;1996014;1;1996-04-03;ME;historic-6-plus-complementary;7;20;34;25;26;8;3;;;;;;;1976-05-to-2008-10;loto.csv
1996014-2;1996014;2;1996-04-03;ME;historic-6-plus-complementary;8;7;5;39;38;16;43;;;;;;;1976-05-to-2008-10;loto.csv
1996014-1;1996014;1;1996-04-06;SA;historic-6-plus-complementary;22;49;35;1;13;10;21;;;;;;;1976-05-to-2008-10;loto.csv
1996014-2;1996014;2;1996-04-06;SA;historic-6-plus-complementary;42;47;19;4;8;17;40;;;;;;;1976-05-to-2008-10;loto.csv
1996015-1;1996015;1;1996-04-10;ME;historic-6-plus-complementary;31;49;26;15;11;6;44;;;;;;;1976-05-to-2008-10;loto.csv
1996015-2;1996015;2;1996-04-10;ME;historic-6-plus-complementary;42;28;17;4;1;6;35;;;;;;;1976-05-to-2008-10;loto.csv
1996015-1;1996015;1;1996-04-13;SA;historic-6-plus-complementary;47;5;31;38;39;30;22;;;;;;;1976-05-to-2008-10;loto.csv
1996015-2;1996015;2;1996-04-13;SA;historic-6-plus-complementary;34;44;36;46;12;30;45;;;;;;;1976-05-to-2008-10;loto.csv
1996016-1;1996016;1;1996-04-17;ME;historic-6-plus-complementary;12;18;13;31;1;42;7;;;;;;;1976-05-to-2008-10;loto.csv
1996016-2;1996016;2;1996-04-17;ME;historic-6-plus-complementary;11;41;39;28;38;8;32;;;;;;;1976-05-to-2008-10;loto.csv
1996016-1;1996016;1;1996-04-20;SA;historic-6-plus-complementary;2;12;43;47;45;6;42;;;;;;;1976-05-to-2008-10;loto.csv
1996016-2;1996016;2;1996-04-20;SA;historic-6-plus-complementary;4;48;31;10;35;29;49;;;;;;;1976-05-to-2008-10;loto.csv
1996017-1;1996017;1;1996-04-24;ME;historic-6-plus-complementary;20;5;18;48;17;19;33;;;;;;;1976-05-to-2008-10;loto.csv
1996017-2;1996017;2;1996-04-24;ME;historic-6-plus-complementary;11;46;45;32;2;42;16;;;;;;;1976-05-to-2008-10;loto.csv
1996017-1;1996017;1;1996-04-27;SA;historic-6-plus-complementary;8;15;22;23;26;17;48;;;;;;;1976-05-to-2008-10;loto.csv
1996017-2;1996017;2;1996-04-27;SA;historic-6-plus-complementary;30;29;38;48;5;19;17;;;;;;;1976-05-to-2008-10;loto.csv
1996018-1;1996018;1;1996-05-01;ME;historic-6-plus-complementary;30;12;9;16;49;42;32;;;;;;;1976-05-to-2008-10;loto.csv
1996018-2;1996018;2;1996-05-01;ME;historic-6-plus-complementary;18;17;31;13;14;37;11;;;;;;;1976-05-to-2008-10;loto.csv
1996018-1;1996018;1;1996-05-04;SA;historic-6-plus-complementary;31;7;1;48;2;3;12;;;;;;;1976-05-to-2008-10;loto.csv
1996018-2;1996018;2;1996-05-04;SA;historic-6-plus-complementary;42;18;32;46;7;26;34;;;;;;;1976-05-to-2008-10;loto.csv
1996019-1;1996019;1;1996-05-08;ME;historic-6-plus-complementary;22;33;14;9;47;37;31;;;;;;;1976-05-to-2008-10;loto.csv
1996019-2;1996019;2;1996-05-08;ME;historic-6-plus-complementary;31;20;37;19;11;5;14;;;;;;;1976-05-to-2008-10;loto.csv
1996019-1;1996019;1;1996-05-11;SA;historic-6-plus-complementary;12;19;27;38;43;9;23;;;;;;;1976-05-to-2008-10;loto.csv
1996019-2;1996019;2;1996-05-11;SA;historic-6-plus-complementary;39;43;30;38;5;37;7;;;;;;;1976-05-to-2008-10;loto.csv
1996020-1;1996020;1;1996-05-15;ME;historic-6-plus-complementary;36;48;43;2;16;11;31;;;;;;;1976-05-to-2008-10;loto.csv
1996020-2;1996020;2;1996-05-15;ME;historic-6-plus-complementary;24;32;18;36;27;5;19;;;;;;;1976-05-to-2008-10;loto.csv
1996020-1;1996020;1;1996-05-18;SA;historic-6-plus-complementary;39;17;46;43;8;21;29;;;;;;;1976-05-to-2008-10;loto.csv
1996020-2;1996020;2;1996-05-18;SA;historic-6-plus-complementary;10;5;48;39;11;26;6;;;;;;;1976-05-to-2008-10;loto.csv
1996021-1;1996021;1;1996-05-22;ME;historic-6-plus-complementary;1;38;2;24;13;20;11;;;;;;;1976-05-to-2008-10;loto.csv
1996021-2;1996021;2;1996-05-22;ME;historic-6-plus-complementary;17;29;46;45;6;27;48;;;;;;;1976-05-to-2008-10;loto.csv
1996021-1;1996021;1;1996-05-25;SA;historic-6-plus-complementary;15;6;14;20;10;29;23;;;;;;;1976-05-to-2008-10;loto.csv
1996021-2;1996021;2;1996-05-25;SA;historic-6-plus-complementary;35;21;4;11;38;26;7;;;;;;;1976-05-to-2008-10;loto.csv
1996022-1;1996022;1;1996-05-29;ME;historic-6-plus-complementary;23;3;22;35;21;39;45;;;;;;;1976-05-to-2008-10;loto.csv
1996022-2;1996022;2;1996-05-29;ME;historic-6-plus-complementary;5;14;42;19;40;26;1;;;;;;;1976-05-to-2008-10;loto.csv
1996022-1;1996022;1;1996-06-01;SA;historic-6-plus-complementary;31;19;21;20;6;38;29;;;;;;;1976-05-to-2008-10;loto.csv
1996022-2;1996022;2;1996-06-01;SA;historic-6-plus-complementary;8;28;10;49;42;24;6;;;;;;;1976-05-to-2008-10;loto.csv
1996023-1;1996023;1;1996-06-05;ME;historic-6-plus-complementary;6;34;29;3;14;15;49;;;;;;;1976-05-to-2008-10;loto.csv
1996023-2;1996023;2;1996-06-05;ME;historic-6-plus-complementary;41;25;11;27;4;13;3;;;;;;;1976-05-to-2008-10;loto.csv
1996023-1;1996023;1;1996-06-08;SA;historic-6-plus-complementary;19;7;3;49;39;45;42;;;;;;;1976-05-to-2008-10;loto.csv
1996023-2;1996023;2;1996-06-08;SA;historic-6-plus-complementary;5;33;7;39;31;36;4;;;;;;;1976-05-to-2008-10;loto.csv
1996024-1;1996024;1;1996-06-12;ME;historic-6-plus-complementary;27;13;30;48;24;35;45;;;;;;;1976-05-to-2008-10;loto.csv
1996024-2;1996024;2;1996-06-12;ME;historic-6-plus-complementary;10;47;48;14;11;28;22;;;;;;;1976-05-to-2008-10;loto.csv
1996024-1;1996024;1;1996-06-15;SA;historic-6-plus-complementary;38;42;45;35;20;49;7;;;;;;;1976-05-to-2008-10;loto.csv
1996024-2;1996024;2;1996-06-15;SA;historic-6-plus-complementary;5;36;13;40;6;33;15;;;;;;;1976-05-to-2008-10;loto.csv
1996025-1;1996025;1;1996-06-19;ME;historic-6-plus-complementary;6;47;13;44;7;21;48;;;;;;;1976-05-to-2008-10;loto.csv
1996025-2;1996025;2;1996-06-19;ME;historic-6-plus-complementary;28;43;20;29;30;19;48;;;;;;;1976-05-to-2008-10;loto.csv
1996026-1;1996026;1;1996-06-22;SA;historic-6-plus-complementary;45;10;28;19;8;38;36;;;;;;;1976-05-to-2008-10;loto.csv
1996026-2;1996026;2;1996-06-22;SA;historic-6-plus-complementary;21;16;23;41;43;25;33;;;;;;;1976-05-to-2008-10;loto.csv
1996027-1;1996027;1;1996-06-26;ME;historic-6-plus-complementary;27;29;49;7;10;28;35;;;;;;;1976-05-to-2008-10;loto.csv
1996027-2;1996027;2;1996-06-26;ME;historic-6-plus-complementary;1;20;25;6;11;34;40;;;;;;;1976-05-to-2008-10;loto.csv
1996028-1;1996028;1;1996-06-29;SA;historic-6-plus-complementary;3;44;14;25;10;21;5;;;;;;;1976-05-to-2008-10;loto.csv
1996028-2;1996028;2;1996-06-29;SA;historic-6-plus-complementary;31;10;36;13;44;24;11;;;;;;;1976-05-to-2008-10;loto.csv
1996029-1;1996029;1;1996-07-03;ME;historic-6-plus-complementary;33;38;42;37;27;21;7;;;;;;;1976-05-to-2008-10;loto.csv
1996029-2;1996029;2;1996-07-03;ME;historic-6-plus-complementary;4;38;29;15;27;9;24;;;;;;;1976-05-to-2008-10;loto.csv
1996030-1;1996030;1;1996-07-06;SA;historic-6-plus-complementary;16;35;34;7;19;32;21;;;;;;;1976-05-to-2008-10;loto.csv
1996030-2;1996030;2;1996-07-06;SA;historic-6-plus-complementary;41;25;7;13;20;28;9;;;;;;;1976-05-to-2008-10;loto.csv
1996031-1;1996031;1;1996-07-10;ME;historic-6-plus-complementary;19;43;13;10;18;30;34;;;;;;;1976-05-to-2008-10;loto.csv
1996031-2;1996031;2;1996-07-10;ME;historic-6-plus-complementary;26;18;21;24;17;23;29;;;;;;;1976-05-to-2008-10;loto.csv
1996032-1;1996032;1;1996-07-13;SA;historic-6-plus-complementary;41;7;22;31;15;10;40;;;;;;;1976-05-to-2008-10;loto.csv
1996032-2;1996032;2;1996-07-13;SA;historic-6-plus-complementary;46;25;33;47;31;44;30;;;;;;;1976-05-to-2008-10;loto.csv
1996033-1;1996033;1;1996-07-17;ME;historic-6-plus-complementary;39;1;25;46;21;8;31;;;;;;;1976-05-to-2008-10;loto.csv
1996033-2;1996033;2;1996-07-17;ME;historic-6-plus-complementary;6;49;39;27;40;17;5;;;;;;;1976-05-to-2008-10;loto.csv
1996034-1;1996034;1;1996-07-20;SA;historic-6-plus-complementary;9;18;43;40;17;46;4;;;;;;;1976-05-to-2008-10;loto.csv
1996034-2;1996034;2;1996-07-20;SA;historic-6-plus-complementary;32;4;30;26;29;2;10;;;;;;;1976-05-to-2008-10;loto.csv
1996035-1;1996035;1;1996-07-24;ME;historic-6-plus-complementary;7;22;4;1;8;44;37;;;;;;;1976-05-to-2008-10;loto.csv
1996035-2;1996035;2;1996-07-24;ME;historic-6-plus-complementary;14;2;24;43;27;46;8;;;;;;;1976-05-to-2008-10;loto.csv
1996036-1;1996036;1;1996-07-27;SA;historic-6-plus-complementary;43;7;10;46;26;13;17;;;;;;;1976-05-to-2008-10;loto.csv
1996036-2;1996036;2;1996-07-27;SA;historic-6-plus-complementary;43;10;33;6;41;23;4;;;;;;;1976-05-to-2008-10;loto.csv
1996037-1;1996037;1;1996-07-31;ME;historic-6-plus-complementary;14;24;18;35;30;25;3;;;;;;;1976-05-to-2008-10;loto.csv
1996037-2;1996037;2;1996-07-31;ME;historic-6-plus-complementary;39;20;3;32;4;45;41;;;;;;;1976-05-to-2008-10;loto.csv
1996038-1;1996038;1;1996-08-03;SA;historic-6-plus-complementary;39;44;28;23;25;45;49;;;;;;;1976-05-to-2008-10;loto.csv
1996038-2;1996038;2;1996-08-03;SA;historic-6-plus-complementary;11;10;30;16;25;14;21;;;;;;;1976-05-to-2008-10;loto.csv
1996039-1;1996039;1;1996-08-07;ME;historic-6-plus-complementary;49;36;17;43;37;5;8;;;;;;;1976-05-to-2008-10;loto.csv
1996039-2;1996039;2;1996-08-07;ME;historic-6-plus-complementary;34;10;44;18;47;16;24;;;;;;;1976-05-to-2008-10;loto.csv
1996040-1;1996040;1;1996-08-10;SA;historic-6-plus-complementary;5;42;1;44;21;8;49;;;;;;;1976-05-to-2008-10;loto.csv
1996040-2;1996040;2;1996-08-10;SA;historic-6-plus-complementary;25;26;46;9;1;27;21;;;;;;;1976-05-to-2008-10;loto.csv
1996041-1;1996041;1;1996-08-14;ME;historic-6-plus-complementary;45;25;18;12;13;4;7;;;;;;;1976-05-to-2008-10;loto.csv
1996041-2;1996041;2;1996-08-14;ME;historic-6-plus-complementary;34;16;40;46;11;26;33;;;;;;;1976-05-to-2008-10;loto.csv
1996042-1;1996042;1;1996-08-17;SA;historic-6-plus-complementary;31;16;28;13;14;18;45;;;;;;;1976-05-to-2008-10;loto.csv
1996042-2;1996042;2;1996-08-17;SA;historic-6-plus-complementary;23;21;4;41;42;31;40;;;;;;;1976-05-to-2008-10;loto.csv
1996043-1;1996043;1;1996-08-21;ME;historic-6-plus-complementary;9;32;26;47;1;40;11;;;;;;;1976-05-to-2008-10;loto.csv
1996043-2;1996043;2;1996-08-21;ME;historic-6-plus-complementary;27;25;6;40;18;37;23;;;;;;;1976-05-to-2008-10;loto.csv
1996044-1;1996044;1;1996-08-24;SA;historic-6-plus-complementary;41;12;34;25;36;9;17;;;;;;;1976-05-to-2008-10;loto.csv
1996044-2;1996044;2;1996-08-24;SA;historic-6-plus-complementary;2;27;4;15;39;26;19;;;;;;;1976-05-to-2008-10;loto.csv
1996045-1;1996045;1;1996-08-28;ME;historic-6-plus-complementary;37;27;33;32;49;46;40;;;;;;;1976-05-to-2008-10;loto.csv
1996045-2;1996045;2;1996-08-28;ME;historic-6-plus-complementary;40;48;31;5;34;45;46;;;;;;;1976-05-to-2008-10;loto.csv
1996046-1;1996046;1;1996-08-31;SA;historic-6-plus-complementary;41;47;36;5;17;28;18;;;;;;;1976-05-to-2008-10;loto.csv
1996046-2;1996046;2;1996-08-31;SA;historic-6-plus-complementary;45;32;11;21;1;47;28;;;;;;;1976-05-to-2008-10;loto.csv
1996047-1;1996047;1;1996-09-04;ME;historic-6-plus-complementary;32;44;45;38;9;24;23;;;;;;;1976-05-to-2008-10;loto.csv
1996047-2;1996047;2;1996-09-04;ME;historic-6-plus-complementary;46;49;25;30;37;40;45;;;;;;;1976-05-to-2008-10;loto.csv
1996048-1;1996048;1;1996-09-07;SA;historic-6-plus-complementary;16;17;8;26;23;33;45;;;;;;;1976-05-to-2008-10;loto.csv
1996048-2;1996048;2;1996-09-07;SA;historic-6-plus-complementary;28;6;13;42;47;32;19;;;;;;;1976-05-to-2008-10;loto.csv
1996049-1;1996049;1;1996-09-11;ME;historic-6-plus-complementary;20;25;43;8;37;38;12;;;;;;;1976-05-to-2008-10;loto.csv
1996049-2;1996049;2;1996-09-11;ME;historic-6-plus-complementary;11;19;14;16;46;30;22;;;;;;;1976-05-to-2008-10;loto.csv
1996050-1;1996050;1;1996-09-14;SA;historic-6-plus-complementary;4;13;7;42;36;34;35;;;;;;;1976-05-to-2008-10;loto.csv
1996050-2;1996050;2;1996-09-14;SA;historic-6-plus-complementary;39;45;48;13;3;28;16;;;;;;;1976-05-to-2008-10;loto.csv
1996051-1;1996051;1;1996-09-18;ME;historic-6-plus-complementary;40;39;21;47;11;8;10;;;;;;;1976-05-to-2008-10;loto.csv
1996051-2;1996051;2;1996-09-18;ME;historic-6-plus-complementary;49;36;30;33;11;16;35;;;;;;;1976-05-to-2008-10;loto.csv
1996052-1;1996052;1;1996-09-21;SA;historic-6-plus-complementary;39;4;5;43;41;18;49;;;;;;;1976-05-to-2008-10;loto.csv
1996052-2;1996052;2;1996-09-21;SA;historic-6-plus-complementary;30;34;20;8;12;24;11;;;;;;;1976-05-to-2008-10;loto.csv
1996053-1;1996053;1;1996-09-25;ME;historic-6-plus-complementary;28;36;40;10;19;12;30;;;;;;;1976-05-to-2008-10;loto.csv
1996053-2;1996053;2;1996-09-25;ME;historic-6-plus-complementary;16;23;3;32;4;44;47;;;;;;;1976-05-to-2008-10;loto.csv
1996054-1;1996054;1;1996-09-28;SA;historic-6-plus-complementary;35;4;22;40;12;1;10;;;;;;;1976-05-to-2008-10;loto.csv
1996054-2;1996054;2;1996-09-28;SA;historic-6-plus-complementary;14;11;31;37;20;49;30;;;;;;;1976-05-to-2008-10;loto.csv
1996055-1;1996055;1;1996-10-02;ME;historic-6-plus-complementary;47;6;46;20;11;28;10;;;;;;;1976-05-to-2008-10;loto.csv
1996055-2;1996055;2;1996-10-02;ME;historic-6-plus-complementary;38;1;42;6;15;36;49;;;;;;;1976-05-to-2008-10;loto.csv
1996056-1;1996056;1;1996-10-05;SA;historic-6-plus-complementary;6;16;25;17;49;19;2;;;;;;;1976-05-to-2008-10;loto.csv
1996056-2;1996056;2;1996-10-05;SA;historic-6-plus-complementary;40;37;31;43;1;16;44;;;;;;;1976-05-to-2008-10;loto.csv
1996057-1;1996057;1;1996-10-09;ME;historic-6-plus-complementary;9;7;14;41;44;37;49;;;;;;;1976-05-to-2008-10;loto.csv
1996057-2;1996057;2;1996-10-09;ME;historic-6-plus-complementary;35;3;8;12;32;31;4;;;;;;;1976-05-to-2008-10;loto.csv
1996058-1;1996058;1;1996-10-12;SA;historic-6-plus-complementary;48;35;30;42;41;15;39;;;;;;;1976-05-to-2008-10;loto.csv
1996058-2;1996058;2;1996-10-12;SA;historic-6-plus-complementary;39;20;9;45;36;17;26;;;;;;;1976-05-to-2008-10;loto.csv
1996059-1;1996059;1;1996-10-16;ME;historic-6-plus-complementary;41;34;28;47;19;5;15;;;;;;;1976-05-to-2008-10;loto.csv
1996059-2;1996059;2;1996-10-16;ME;historic-6-plus-complementary;41;17;23;12;44;26;31;;;;;;;1976-05-to-2008-10;loto.csv
1996060-1;1996060;1;1996-10-19;SA;historic-6-plus-complementary;30;34;21;40;3;18;23;;;;;;;1976-05-to-2008-10;loto.csv
1996060-2;1996060;2;1996-10-19;SA;historic-6-plus-complementary;42;48;16;12;45;37;11;;;;;;;1976-05-to-2008-10;loto.csv
1996061-1;1996061;1;1996-10-23;ME;historic-6-plus-complementary;21;11;23;46;25;22;36;;;;;;;1976-05-to-2008-10;loto.csv
1996061-2;1996061;2;1996-10-23;ME;historic-6-plus-complementary;28;43;42;40;33;15;30;;;;;;;1976-05-to-2008-10;loto.csv
1996062-1;1996062;1;1996-10-26;SA;historic-6-plus-complementary;49;21;28;4;37;29;19;;;;;;;1976-05-to-2008-10;loto.csv
1996062-2;1996062;2;1996-10-26;SA;historic-6-plus-complementary;41;16;26;10;17;13;39;;;;;;;1976-05-to-2008-10;loto.csv
1996063-1;1996063;1;1996-10-30;ME;historic-6-plus-complementary;8;30;43;34;19;26;28;;;;;;;1976-05-to-2008-10;loto.csv
1996063-2;1996063;2;1996-10-30;ME;historic-6-plus-complementary;34;44;3;33;15;20;13;;;;;;;1976-05-to-2008-10;loto.csv
1996064-1;1996064;1;1996-11-02;SA;historic-6-plus-complementary;27;42;48;2;34;22;12;;;;;;;1976-05-to-2008-10;loto.csv
1996064-2;1996064;2;1996-11-02;SA;historic-6-plus-complementary;22;19;25;31;39;4;46;;;;;;;1976-05-to-2008-10;loto.csv
1996065-1;1996065;1;1996-11-06;ME;historic-6-plus-complementary;17;49;38;39;27;21;15;;;;;;;1976-05-to-2008-10;loto.csv
1996065-2;1996065;2;1996-11-06;ME;historic-6-plus-complementary;32;46;34;49;1;43;40;;;;;;;1976-05-to-2008-10;loto.csv
1996066-1;1996066;1;1996-11-09;SA;historic-6-plus-complementary;16;25;48;14;15;43;2;;;;;;;1976-05-to-2008-10;loto.csv
1996066-2;1996066;2;1996-11-09;SA;historic-6-plus-complementary;27;36;11;10;43;23;6;;;;;;;1976-05-to-2008-10;loto.csv
1996067-1;1996067;1;1996-11-13;ME;historic-6-plus-complementary;2;45;12;7;10;9;24;;;;;;;1976-05-to-2008-10;loto.csv
1996067-2;1996067;2;1996-11-13;ME;historic-6-plus-complementary;31;20;3;25;11;43;16;;;;;;;1976-05-to-2008-10;loto.csv
1996068-1;1996068;1;1996-11-16;SA;historic-6-plus-complementary;39;20;16;26;24;10;35;;;;;;;1976-05-to-2008-10;loto.csv
1996068-2;1996068;2;1996-11-16;SA;historic-6-plus-complementary;44;13;18;7;38;9;11;;;;;;;1976-05-to-2008-10;loto.csv
1996069-1;1996069;1;1996-11-20;ME;historic-6-plus-complementary;20;1;34;45;28;15;42;;;;;;;1976-05-to-2008-10;loto.csv
1996069-2;1996069;2;1996-11-20;ME;historic-6-plus-complementary;26;37;4;47;18;15;28;;;;;;;1976-05-to-2008-10;loto.csv
1996070-1;1996070;1;1996-11-23;SA;historic-6-plus-complementary;6;34;19;28;11;8;7;;;;;;;1976-05-to-2008-10;loto.csv
1996070-2;1996070;2;1996-11-23;SA;historic-6-plus-complementary;46;32;25;12;40;43;27;;;;;;;1976-05-to-2008-10;loto.csv
1996071-1;1996071;1;1996-11-27;ME;historic-6-plus-complementary;46;32;7;31;25;20;5;;;;;;;1976-05-to-2008-10;loto.csv
1996071-2;1996071;2;1996-11-27;ME;historic-6-plus-complementary;10;41;17;49;31;30;15;;;;;;;1976-05-to-2008-10;loto.csv
1996072-1;1996072;1;1996-11-30;SA;historic-6-plus-complementary;49;43;6;30;48;7;5;;;;;;;1976-05-to-2008-10;loto.csv
1996072-2;1996072;2;1996-11-30;SA;historic-6-plus-complementary;12;45;19;39;31;47;13;;;;;;;1976-05-to-2008-10;loto.csv
1996073-1;1996073;1;1996-12-04;ME;historic-6-plus-complementary;33;40;22;37;36;31;46;;;;;;;1976-05-to-2008-10;loto.csv
1996073-2;1996073;2;1996-12-04;ME;historic-6-plus-complementary;3;40;45;21;34;16;15;;;;;;;1976-05-to-2008-10;loto.csv
1996074-1;1996074;1;1996-12-07;SA;historic-6-plus-complementary;25;21;3;28;27;16;40;;;;;;;1976-05-to-2008-10;loto.csv
1996074-2;1996074;2;1996-12-07;SA;historic-6-plus-complementary;24;2;21;27;16;11;23;;;;;;;1976-05-to-2008-10;loto.csv
1996075-1;1996075;1;1996-12-11;ME;historic-6-plus-complementary;46;27;4;13;30;25;42;;;;;;;1976-05-to-2008-10;loto.csv
1996075-2;1996075;2;1996-12-11;ME;historic-6-plus-complementary;14;40;30;28;46;32;47;;;;;;;1976-05-to-2008-10;loto.csv
1996076-1;1996076;1;1996-12-14;SA;historic-6-plus-complementary;2;45;44;30;11;22;39;;;;;;;1976-05-to-2008-10;loto.csv
1996076-2;1996076;2;1996-12-14;SA;historic-6-plus-complementary;25;11;19;5;1;29;35;;;;;;;1976-05-to-2008-10;loto.csv
1996077-1;1996077;1;1996-12-18;ME;historic-6-plus-complementary;32;17;5;16;27;19;37;;;;;;;1976-05-to-2008-10;loto.csv
1996077-2;1996077;2;1996-12-18;ME;historic-6-plus-complementary;42;46;44;36;6;3;15;;;;;;;1976-05-to-2008-10;loto.csv
1996078-1;1996078;1;1996-12-21;SA;historic-6-plus-complementary;11;42;33;23;30;45;43;;;;;;;1976-05-to-2008-10;loto.csv
1996078-2;1996078;2;1996-12-21;SA;historic-6-plus-complementary;8;3;26;7;13;15;49;;;;;;;1976-05-to-2008-10;loto.csv
1996079-1;1996079;1;1996-12-25;ME;historic-6-plus-complementary;41;28;37;18;35;6;40;;;;;;;1976-05-to-2008-10;loto.csv
1996079-2;1996079;2;1996-12-25;ME;historic-6-plus-complementary;22;43;42;30;33;39;36;;;;;;;1976-05-to-2008-10;loto.csv
1996080-1;1996080;1;1996-12-28;SA;historic-6-plus-complementary;25;28;21;23;46;9;5;;;;;;;1976-05-to-2008-10;loto.csv
1996080-2;1996080;2;1996-12-28;SA;historic-6-plus-complementary;17;24;21;41;32;43;7;;;;;;;1976-05-to-2008-10;loto.csv
1997001-1;1997001;1;1997-01-01;ME;historic-6-plus-complementary;27;26;9;23;43;32;39;;;;;;;1976-05-to-2008-10;loto.csv
1997001-2;1997001;2;1997-01-01;ME;historic-6-plus-complementary;13;44;25;36;32;4;38;;;;;;;1976-05-to-2008-10;loto.csv
1997002-1;1997002;1;1997-01-04;SA;historic-6-plus-complementary;25;39;2;3;48;1;28;;;;;;;1976-05-to-2008-10;loto.csv
1997002-2;1997002;2;1997-01-04;SA;historic-6-plus-complementary;33;23;15;18;43;1;41;;;;;;;1976-05-to-2008-10;loto.csv
1997003-1;1997003;1;1997-01-08;ME;historic-6-plus-complementary;14;16;15;40;25;6;31;;;;;;;1976-05-to-2008-10;loto.csv
1997003-2;1997003;2;1997-01-08;ME;historic-6-plus-complementary;26;31;35;49;14;12;46;;;;;;;1976-05-to-2008-10;loto.csv
1997004-1;1997004;1;1997-01-11;SA;historic-6-plus-complementary;20;35;36;25;4;46;24;;;;;;;1976-05-to-2008-10;loto.csv
1997004-2;1997004;2;1997-01-11;SA;historic-6-plus-complementary;37;26;28;16;31;45;34;;;;;;;1976-05-to-2008-10;loto.csv
1997005-1;1997005;1;1997-01-15;ME;historic-6-plus-complementary;11;40;45;14;42;34;23;;;;;;;1976-05-to-2008-10;loto.csv
1997005-2;1997005;2;1997-01-15;ME;historic-6-plus-complementary;1;31;35;20;48;11;3;;;;;;;1976-05-to-2008-10;loto.csv
1997006-1;1997006;1;1997-01-18;SA;historic-6-plus-complementary;20;45;33;40;22;39;31;;;;;;;1976-05-to-2008-10;loto.csv
1997006-2;1997006;2;1997-01-18;SA;historic-6-plus-complementary;28;13;17;29;7;10;37;;;;;;;1976-05-to-2008-10;loto.csv
1997007-1;1997007;1;1997-01-22;ME;historic-6-plus-complementary;29;14;45;8;37;26;39;;;;;;;1976-05-to-2008-10;loto.csv
1997007-2;1997007;2;1997-01-22;ME;historic-6-plus-complementary;32;40;43;47;24;4;46;;;;;;;1976-05-to-2008-10;loto.csv
1997008-1;1997008;1;1997-01-25;SA;historic-6-plus-complementary;45;43;3;30;21;39;37;;;;;;;1976-05-to-2008-10;loto.csv
1997008-2;1997008;2;1997-01-25;SA;historic-6-plus-complementary;26;32;14;5;29;3;30;;;;;;;1976-05-to-2008-10;loto.csv
1997009-1;1997009;1;1997-01-29;ME;historic-6-plus-complementary;45;8;14;7;26;41;37;;;;;;;1976-05-to-2008-10;loto.csv
1997009-2;1997009;2;1997-01-29;ME;historic-6-plus-complementary;3;21;4;36;26;35;46;;;;;;;1976-05-to-2008-10;loto.csv
1997010-1;1997010;1;1997-02-01;SA;historic-6-plus-complementary;11;39;24;14;45;23;46;;;;;;;1976-05-to-2008-10;loto.csv
1997010-2;1997010;2;1997-02-01;SA;historic-6-plus-complementary;12;35;7;30;47;36;38;;;;;;;1976-05-to-2008-10;loto.csv
1997011-1;1997011;1;1997-02-05;ME;historic-6-plus-complementary;34;46;42;37;8;29;45;;;;;;;1976-05-to-2008-10;loto.csv
1997011-2;1997011;2;1997-02-05;ME;historic-6-plus-complementary;39;28;17;8;41;4;19;;;;;;;1976-05-to-2008-10;loto.csv
1997012-1;1997012;1;1997-02-08;SA;historic-6-plus-complementary;10;17;26;47;28;12;21;;;;;;;1976-05-to-2008-10;loto.csv
1997012-2;1997012;2;1997-02-08;SA;historic-6-plus-complementary;22;38;24;40;37;27;18;;;;;;;1976-05-to-2008-10;loto.csv
1997013-1;1997013;1;1997-02-12;ME;historic-6-plus-complementary;19;27;30;31;4;45;23;;;;;;;1976-05-to-2008-10;loto.csv
1997013-2;1997013;2;1997-02-12;ME;historic-6-plus-complementary;25;47;7;32;16;18;17;;;;;;;1976-05-to-2008-10;loto.csv
1997014-1;1997014;1;1997-02-15;SA;historic-6-plus-complementary;45;3;37;16;13;49;27;;;;;;;1976-05-to-2008-10;loto.csv
1997014-2;1997014;2;1997-02-15;SA;historic-6-plus-complementary;27;25;28;30;24;3;5;;;;;;;1976-05-to-2008-10;loto.csv
1997015-1;1997015;1;1997-02-19;ME;historic-6-plus-complementary;47;10;19;20;24;37;33;;;;;;;1976-05-to-2008-10;loto.csv
1997015-2;1997015;2;1997-02-19;ME;historic-6-plus-complementary;32;7;16;17;3;37;36;;;;;;;1976-05-to-2008-10;loto.csv
1997016-1;1997016;1;1997-02-22;SA;historic-6-plus-complementary;13;9;46;5;41;22;35;;;;;;;1976-05-to-2008-10;loto.csv
1997016-2;1997016;2;1997-02-22;SA;historic-6-plus-complementary;45;7;28;14;36;21;39;;;;;;;1976-05-to-2008-10;loto.csv
1997017-1;1997017;1;1997-02-26;ME;historic-6-plus-complementary;27;13;48;7;33;44;9;;;;;;;1976-05-to-2008-10;loto.csv
1997017-2;1997017;2;1997-02-26;ME;historic-6-plus-complementary;33;34;19;7;49;14;43;;;;;;;1976-05-to-2008-10;loto.csv
1997018-1;1997018;1;1997-03-01;SA;historic-6-plus-complementary;36;35;43;30;5;38;1;;;;;;;1976-05-to-2008-10;loto.csv
1997018-2;1997018;2;1997-03-01;SA;historic-6-plus-complementary;21;38;42;24;7;32;35;;;;;;;1976-05-to-2008-10;loto.csv
1997019-1;1997019;1;1997-03-05;ME;historic-6-plus-complementary;5;4;2;38;40;39;45;;;;;;;1976-05-to-2008-10;loto.csv
1997019-2;1997019;2;1997-03-05;ME;historic-6-plus-complementary;29;8;26;27;41;38;5;;;;;;;1976-05-to-2008-10;loto.csv
1997020-1;1997020;1;1997-03-08;SA;historic-6-plus-complementary;37;34;31;40;23;9;3;;;;;;;1976-05-to-2008-10;loto.csv
1997020-2;1997020;2;1997-03-08;SA;historic-6-plus-complementary;40;41;33;21;49;9;39;;;;;;;1976-05-to-2008-10;loto.csv
1997021-1;1997021;1;1997-03-12;ME;historic-6-plus-complementary;37;48;12;9;13;24;18;;;;;;;1976-05-to-2008-10;loto.csv
1997021-2;1997021;2;1997-03-12;ME;historic-6-plus-complementary;1;37;11;40;16;39;46;;;;;;;1976-05-to-2008-10;loto.csv
1997022-1;1997022;1;1997-03-15;SA;historic-6-plus-complementary;15;32;39;23;48;17;8;;;;;;;1976-05-to-2008-10;loto.csv
1997022-2;1997022;2;1997-03-15;SA;historic-6-plus-complementary;10;8;27;19;36;35;39;;;;;;;1976-05-to-2008-10;loto.csv
1997023-1;1997023;1;1997-03-19;ME;historic-6-plus-complementary;38;20;27;43;35;30;33;;;;;;;1976-05-to-2008-10;loto.csv
1997023-2;1997023;2;1997-03-19;ME;historic-6-plus-complementary;7;13;35;24;9;48;6;;;;;;;1976-05-to-2008-10;loto.csv
1997024-1;1997024;1;1997-03-22;SA;historic-6-plus-complementary;49;12;13;16;4;34;9;;;;;;;1976-05-to-2008-10;loto.csv
1997024-2;1997024;2;1997-03-22;SA;historic-6-plus-complementary;21;39;22;15;19;28;29;;;;;;;1976-05-to-2008-10;loto.csv
1997025-1;1997025;1;1997-03-26;ME;historic-6-plus-complementary;4;37;47;28;14;15;31;;;;;;;1976-05-to-2008-10;loto.csv
1997025-2;1997025;2;1997-03-26;ME;historic-6-plus-complementary;42;41;22;21;29;47;44;;;;;;;1976-05-to-2008-10;loto.csv
1997026-1;1997026;1;1997-03-29;SA;historic-6-plus-complementary;25;28;42;8;47;15;43;;;;;;;1976-05-to-2008-10;loto.csv
1997026-2;1997026;2;1997-03-29;SA;historic-6-plus-complementary;44;29;20;16;48;36;14;;;;;;;1976-05-to-2008-10;loto.csv
1997027-1;1997027;1;1997-04-02;ME;historic-6-plus-complementary;41;28;4;45;16;5;15;;;;;;;1976-05-to-2008-10;loto.csv
1997027-2;1997027;2;1997-04-02;ME;historic-6-plus-complementary;33;21;43;19;40;35;42;;;;;;;1976-05-to-2008-10;loto.csv
1997028-1;1997028;1;1997-04-05;SA;historic-6-plus-complementary;25;49;13;48;15;22;29;;;;;;;1976-05-to-2008-10;loto.csv
1997028-2;1997028;2;1997-04-05;SA;historic-6-plus-complementary;37;31;47;34;2;14;46;;;;;;;1976-05-to-2008-10;loto.csv
1997029-1;1997029;1;1997-04-09;ME;historic-6-plus-complementary;32;45;23;9;26;34;27;;;;;;;1976-05-to-2008-10;loto.csv
1997029-2;1997029;2;1997-04-09;ME;historic-6-plus-complementary;20;42;22;4;18;49;47;;;;;;;1976-05-to-2008-10;loto.csv
1997030-1;1997030;1;1997-04-12;SA;historic-6-plus-complementary;20;10;4;16;37;49;41;;;;;;;1976-05-to-2008-10;loto.csv
1997030-2;1997030;2;1997-04-12;SA;historic-6-plus-complementary;2;4;8;28;35;15;43;;;;;;;1976-05-to-2008-10;loto.csv
1997031-1;1997031;1;1997-04-16;ME;historic-6-plus-complementary;30;40;11;29;17;10;24;;;;;;;1976-05-to-2008-10;loto.csv
1997031-2;1997031;2;1997-04-16;ME;historic-6-plus-complementary;32;45;8;31;22;30;46;;;;;;;1976-05-to-2008-10;loto.csv
1997032-1;1997032;1;1997-04-19;SA;historic-6-plus-complementary;33;14;16;21;43;26;42;;;;;;;1976-05-to-2008-10;loto.csv
1997032-2;1997032;2;1997-04-19;SA;historic-6-plus-complementary;40;15;19;32;26;9;31;;;;;;;1976-05-to-2008-10;loto.csv
1997033-1;1997033;1;1997-04-23;ME;historic-6-plus-complementary;22;20;14;1;27;3;18;;;;;;;1976-05-to-2008-10;loto.csv
1997033-2;1997033;2;1997-04-23;ME;historic-6-plus-complementary;18;43;17;12;4;32;49;;;;;;;1976-05-to-2008-10;loto.csv
1997034-1;1997034;1;1997-04-26;SA;historic-6-plus-complementary;13;15;18;28;22;16;23;;;;;;;1976-05-to-2008-10;loto.csv
1997034-2;1997034;2;1997-04-26;SA;historic-6-plus-complementary;49;8;3;31;30;4;18;;;;;;;1976-05-to-2008-10;loto.csv
1997035-1;1997035;1;1997-04-30;ME;historic-6-plus-complementary;43;46;32;7;19;17;5;;;;;;;1976-05-to-2008-10;loto.csv
1997035-2;1997035;2;1997-04-30;ME;historic-6-plus-complementary;44;22;6;41;20;9;8;;;;;;;1976-05-to-2008-10;loto.csv
1997036-1;1997036;1;1997-05-03;SA;historic-6-plus-complementary;46;42;24;47;25;6;35;;;;;;;1976-05-to-2008-10;loto.csv
1997036-2;1997036;2;1997-05-03;SA;historic-6-plus-complementary;38;20;39;27;41;6;29;;;;;;;1976-05-to-2008-10;loto.csv
1997037-1;1997037;1;1997-05-07;ME;historic-6-plus-complementary;39;27;34;3;36;29;26;;;;;;;1976-05-to-2008-10;loto.csv
1997037-2;1997037;2;1997-05-07;ME;historic-6-plus-complementary;34;11;31;27;22;16;40;;;;;;;1976-05-to-2008-10;loto.csv
1997038-1;1997038;1;1997-05-10;SA;historic-6-plus-complementary;2;31;20;38;21;12;40;;;;;;;1976-05-to-2008-10;loto.csv
1997038-2;1997038;2;1997-05-10;SA;historic-6-plus-complementary;44;20;16;27;7;39;6;;;;;;;1976-05-to-2008-10;loto.csv
1997039-1;1997039;1;1997-05-14;ME;historic-6-plus-complementary;39;20;33;29;38;40;6;;;;;;;1976-05-to-2008-10;loto.csv
1997039-2;1997039;2;1997-05-14;ME;historic-6-plus-complementary;20;13;48;24;41;27;32;;;;;;;1976-05-to-2008-10;loto.csv
1997040-1;1997040;1;1997-05-17;SA;historic-6-plus-complementary;22;42;17;11;45;49;41;;;;;;;1976-05-to-2008-10;loto.csv
1997040-2;1997040;2;1997-05-17;SA;historic-6-plus-complementary;11;18;15;4;31;32;36;;;;;;;1976-05-to-2008-10;loto.csv
1997041-1;1997041;1;1997-05-21;ME;historic-6-plus-complementary;31;40;37;41;49;27;32;;;;;;;1976-05-to-2008-10;loto.csv
1997041-2;1997041;2;1997-05-21;ME;historic-6-plus-complementary;39;33;2;46;49;6;32;;;;;;;1976-05-to-2008-10;loto.csv
1997042-1;1997042;1;1997-05-24;SA;historic-6-plus-complementary;49;38;42;8;30;31;21;;;;;;;1976-05-to-2008-10;loto.csv
1997042-2;1997042;2;1997-05-24;SA;historic-6-plus-complementary;19;39;20;35;18;3;41;;;;;;;1976-05-to-2008-10;loto.csv
1997043-1;1997043;1;1997-05-28;ME;historic-6-plus-complementary;2;35;43;29;12;27;48;;;;;;;1976-05-to-2008-10;loto.csv
1997043-2;1997043;2;1997-05-28;ME;historic-6-plus-complementary;19;43;1;48;6;2;21;;;;;;;1976-05-to-2008-10;loto.csv
1997044-1;1997044;1;1997-05-31;SA;historic-6-plus-complementary;17;7;31;39;20;41;34;;;;;;;1976-05-to-2008-10;loto.csv
1997044-2;1997044;2;1997-05-31;SA;historic-6-plus-complementary;18;30;1;12;7;39;49;;;;;;;1976-05-to-2008-10;loto.csv
1997045-1;1997045;1;1997-06-04;ME;historic-6-plus-complementary;20;26;23;38;34;48;4;;;;;;;1976-05-to-2008-10;loto.csv
1997045-2;1997045;2;1997-06-04;ME;historic-6-plus-complementary;34;32;28;1;40;31;35;;;;;;;1976-05-to-2008-10;loto.csv
1997046-1;1997046;1;1997-06-07;SA;historic-6-plus-complementary;4;15;26;14;7;34;29;;;;;;;1976-05-to-2008-10;loto.csv
1997046-2;1997046;2;1997-06-07;SA;historic-6-plus-complementary;21;27;17;10;42;43;3;;;;;;;1976-05-to-2008-10;loto.csv
1997047-1;1997047;1;1997-06-11;ME;historic-6-plus-complementary;40;4;48;18;30;42;21;;;;;;;1976-05-to-2008-10;loto.csv
1997047-2;1997047;2;1997-06-11;ME;historic-6-plus-complementary;36;35;49;41;16;4;40;;;;;;;1976-05-to-2008-10;loto.csv
1997048-1;1997048;1;1997-06-14;SA;historic-6-plus-complementary;12;33;20;26;35;18;28;;;;;;;1976-05-to-2008-10;loto.csv
1997048-2;1997048;2;1997-06-14;SA;historic-6-plus-complementary;5;40;14;1;21;24;18;;;;;;;1976-05-to-2008-10;loto.csv
1997049-1;1997049;1;1997-06-18;ME;historic-6-plus-complementary;43;32;48;29;45;31;5;;;;;;;1976-05-to-2008-10;loto.csv
1997049-2;1997049;2;1997-06-18;ME;historic-6-plus-complementary;46;45;48;9;27;5;33;;;;;;;1976-05-to-2008-10;loto.csv
1997050-1;1997050;1;1997-06-21;SA;historic-6-plus-complementary;35;21;33;27;2;7;9;;;;;;;1976-05-to-2008-10;loto.csv
1997050-2;1997050;2;1997-06-21;SA;historic-6-plus-complementary;34;14;35;36;49;41;9;;;;;;;1976-05-to-2008-10;loto.csv
1997051-1;1997051;1;1997-06-25;ME;historic-6-plus-complementary;34;29;37;38;41;27;42;;;;;;;1976-05-to-2008-10;loto.csv
1997051-2;1997051;2;1997-06-25;ME;historic-6-plus-complementary;40;11;45;26;44;10;2;;;;;;;1976-05-to-2008-10;loto.csv
1997052-1;1997052;1;1997-06-28;SA;historic-6-plus-complementary;7;1;48;44;22;8;21;;;;;;;1976-05-to-2008-10;loto.csv
1997052-2;1997052;2;1997-06-28;SA;historic-6-plus-complementary;48;24;28;6;1;10;19;;;;;;;1976-05-to-2008-10;loto.csv
1997053-1;1997053;1;1997-07-02;ME;historic-6-plus-complementary;28;31;36;3;19;8;45;;;;;;;1976-05-to-2008-10;loto.csv
1997053-2;1997053;2;1997-07-02;ME;historic-6-plus-complementary;33;37;8;7;2;49;19;;;;;;;1976-05-to-2008-10;loto.csv
1997054-1;1997054;1;1997-07-05;SA;historic-6-plus-complementary;37;25;3;43;12;34;10;;;;;;;1976-05-to-2008-10;loto.csv
1997054-2;1997054;2;1997-07-05;SA;historic-6-plus-complementary;43;39;13;22;30;25;24;;;;;;;1976-05-to-2008-10;loto.csv
1997055-1;1997055;1;1997-07-09;ME;historic-6-plus-complementary;2;22;29;37;47;27;46;;;;;;;1976-05-to-2008-10;loto.csv
1997055-2;1997055;2;1997-07-09;ME;historic-6-plus-complementary;23;30;21;1;9;46;17;;;;;;;1976-05-to-2008-10;loto.csv
1997056-1;1997056;1;1997-07-12;SA;historic-6-plus-complementary;8;15;12;1;21;23;31;;;;;;;1976-05-to-2008-10;loto.csv
1997056-2;1997056;2;1997-07-12;SA;historic-6-plus-complementary;34;9;36;47;24;44;10;;;;;;;1976-05-to-2008-10;loto.csv
1997057-1;1997057;1;1997-07-16;ME;historic-6-plus-complementary;1;40;3;43;6;9;48;;;;;;;1976-05-to-2008-10;loto.csv
1997057-2;1997057;2;1997-07-16;ME;historic-6-plus-complementary;46;45;11;18;30;14;40;;;;;;;1976-05-to-2008-10;loto.csv
1997058-1;1997058;1;1997-07-19;SA;historic-6-plus-complementary;35;39;33;15;5;17;18;;;;;;;1976-05-to-2008-10;loto.csv
1997058-2;1997058;2;1997-07-19;SA;historic-6-plus-complementary;44;23;26;1;22;17;20;;;;;;;1976-05-to-2008-10;loto.csv
1997059-1;1997059;1;1997-07-23;ME;historic-6-plus-complementary;8;36;44;7;25;2;20;;;;;;;1976-05-to-2008-10;loto.csv
1997059-2;1997059;2;1997-07-23;ME;historic-6-plus-complementary;42;6;46;15;34;19;39;;;;;;;1976-05-to-2008-10;loto.csv
1997060-1;1997060;1;1997-07-26;SA;historic-6-plus-complementary;27;3;39;13;1;9;22;;;;;;;1976-05-to-2008-10;loto.csv
1997060-2;1997060;2;1997-07-26;SA;historic-6-plus-complementary;16;32;9;39;4;41;35;;;;;;;1976-05-to-2008-10;loto.csv
1997061-1;1997061;1;1997-07-30;ME;historic-6-plus-complementary;4;1;42;21;15;19;7;;;;;;;1976-05-to-2008-10;loto.csv
1997061-2;1997061;2;1997-07-30;ME;historic-6-plus-complementary;29;4;15;34;39;22;23;;;;;;;1976-05-to-2008-10;loto.csv
1997062-1;1997062;1;1997-08-02;SA;historic-6-plus-complementary;3;42;11;40;13;19;7;;;;;;;1976-05-to-2008-10;loto.csv
1997062-2;1997062;2;1997-08-02;SA;historic-6-plus-complementary;39;6;24;7;31;44;45;;;;;;;1976-05-to-2008-10;loto.csv
1997063-1;1997063;1;1997-08-06;ME;historic-6-plus-complementary;13;40;25;11;7;29;21;;;;;;;1976-05-to-2008-10;loto.csv
1997063-2;1997063;2;1997-08-06;ME;historic-6-plus-complementary;4;33;32;35;10;1;29;;;;;;;1976-05-to-2008-10;loto.csv
1997064-1;1997064;1;1997-08-09;SA;historic-6-plus-complementary;18;11;33;42;19;22;46;;;;;;;1976-05-to-2008-10;loto.csv
1997064-2;1997064;2;1997-08-09;SA;historic-6-plus-complementary;37;2;10;1;12;30;4;;;;;;;1976-05-to-2008-10;loto.csv
1997065-1;1997065;1;1997-08-13;ME;historic-6-plus-complementary;35;19;48;16;39;32;17;;;;;;;1976-05-to-2008-10;loto.csv
1997065-2;1997065;2;1997-08-13;ME;historic-6-plus-complementary;20;33;40;29;14;34;32;;;;;;;1976-05-to-2008-10;loto.csv
1997066-1;1997066;1;1997-08-16;SA;historic-6-plus-complementary;20;11;1;13;41;36;48;;;;;;;1976-05-to-2008-10;loto.csv
1997066-2;1997066;2;1997-08-16;SA;historic-6-plus-complementary;16;1;11;6;39;43;23;;;;;;;1976-05-to-2008-10;loto.csv
1997067-1;1997067;1;1997-08-20;ME;historic-6-plus-complementary;37;16;36;43;3;14;11;;;;;;;1976-05-to-2008-10;loto.csv
1997067-2;1997067;2;1997-08-20;ME;historic-6-plus-complementary;45;1;44;3;38;32;39;;;;;;;1976-05-to-2008-10;loto.csv
1997068-1;1997068;1;1997-08-23;SA;historic-6-plus-complementary;5;33;8;46;18;45;13;;;;;;;1976-05-to-2008-10;loto.csv
1997068-2;1997068;2;1997-08-23;SA;historic-6-plus-complementary;6;5;26;38;42;19;37;;;;;;;1976-05-to-2008-10;loto.csv
1997069-1;1997069;1;1997-08-27;ME;historic-6-plus-complementary;6;28;15;46;9;43;27;;;;;;;1976-05-to-2008-10;loto.csv
1997069-2;1997069;2;1997-08-27;ME;historic-6-plus-complementary;41;31;13;34;8;37;29;;;;;;;1976-05-to-2008-10;loto.csv
1997070-1;1997070;1;1997-08-30;SA;historic-6-plus-complementary;36;18;32;45;35;21;15;;;;;;;1976-05-to-2008-10;loto.csv
1997070-2;1997070;2;1997-08-30;SA;historic-6-plus-complementary;25;4;41;29;26;30;49;;;;;;;1976-05-to-2008-10;loto.csv
1997071-1;1997071;1;1997-09-03;ME;historic-6-plus-complementary;2;29;28;18;22;41;8;;;;;;;1976-05-to-2008-10;loto.csv
1997071-2;1997071;2;1997-09-03;ME;historic-6-plus-complementary;45;31;9;24;16;4;5;;;;;;;1976-05-to-2008-10;loto.csv
1997072-1;1997072;1;1997-09-06;SA;historic-6-plus-complementary;16;5;27;20;34;12;32;;;;;;;1976-05-to-2008-10;loto.csv
1997072-2;1997072;2;1997-09-06;SA;historic-6-plus-complementary;25;43;3;37;41;2;16;;;;;;;1976-05-to-2008-10;loto.csv
1997073-1;1997073;1;1997-09-10;ME;historic-6-plus-complementary;44;8;14;34;27;18;31;;;;;;;1976-05-to-2008-10;loto.csv
1997073-2;1997073;2;1997-09-10;ME;historic-6-plus-complementary;41;22;17;1;37;2;24;;;;;;;1976-05-to-2008-10;loto.csv
1997074-1;1997074;1;1997-09-13;SA;historic-6-plus-complementary;20;7;31;1;13;21;24;;;;;;;1976-05-to-2008-10;loto.csv
1997074-2;1997074;2;1997-09-13;SA;historic-6-plus-complementary;20;48;6;17;49;22;10;;;;;;;1976-05-to-2008-10;loto.csv
1997075-1;1997075;1;1997-09-17;ME;historic-6-plus-complementary;34;39;14;46;4;22;45;;;;;;;1976-05-to-2008-10;loto.csv
1997075-2;1997075;2;1997-09-17;ME;historic-6-plus-complementary;10;48;46;36;22;32;38;;;;;;;1976-05-to-2008-10;loto.csv
1997076-1;1997076;1;1997-09-20;SA;historic-6-plus-complementary;9;35;13;12;29;39;19;;;;;;;1976-05-to-2008-10;loto.csv
1997076-2;1997076;2;1997-09-20;SA;historic-6-plus-complementary;2;44;21;25;19;43;22;;;;;;;1976-05-to-2008-10;loto.csv
1997077-1;1997077;1;1997-09-24;ME;historic-6-plus-complementary;41;17;20;23;12;15;44;;;;;;;1976-05-to-2008-10;loto.csv
1997077-2;1997077;2;1997-09-24;ME;historic-6-plus-complementary;36;44;13;3;41;39;4;;;;;;;1976-05-to-2008-10;loto.csv
1997078-1;1997078;1;1997-09-27;SA;historic-6-plus-complementary;35;6;3;22;31;25;47;;;;;;;1976-05-to-2008-10;loto.csv
1997078-2;1997078;2;1997-09-27;SA;historic-6-plus-complementary;40;28;1;30;10;20;43;;;;;;;1976-05-to-2008-10;loto.csv
1997079-1;1997079;1;1997-10-01;ME;historic-6-plus-complementary;29;9;38;12;23;24;16;;;;;;;1976-05-to-2008-10;loto.csv
1997079-2;1997079;2;1997-10-01;ME;historic-6-plus-complementary;35;30;3;17;27;32;16;;;;;;;1976-05-to-2008-10;loto.csv
1997080-1;1997080;1;1997-10-04;SA;historic-6-plus-complementary;14;27;21;34;46;26;23;;;;;;;1976-05-to-2008-10;loto.csv
1997080-2;1997080;2;1997-10-04;SA;historic-6-plus-complementary;43;32;35;7;5;2;29;;;;;;;1976-05-to-2008-10;loto.csv
1997081-1;1997081;1;1997-10-08;ME;historic-6-plus-complementary;36;5;21;2;3;18;7;;;;;;;1976-05-to-2008-10;loto.csv
1997081-2;1997081;2;1997-10-08;ME;historic-6-plus-complementary;18;21;36;1;34;35;10;;;;;;;1976-05-to-2008-10;loto.csv
1997082-1;1997082;1;1997-10-11;SA;historic-6-plus-complementary;3;31;9;18;37;38;26;;;;;;;1976-05-to-2008-10;loto.csv
1997082-2;1997082;2;1997-10-11;SA;historic-6-plus-complementary;33;7;17;16;27;25;8;;;;;;;1976-05-to-2008-10;loto.csv
1997083-1;1997083;1;1997-10-15;ME;historic-6-plus-complementary;34;14;40;4;16;25;1;;;;;;;1976-05-to-2008-10;loto.csv
1997083-2;1997083;2;1997-10-15;ME;historic-6-plus-complementary;39;46;18;45;40;25;14;;;;;;;1976-05-to-2008-10;loto.csv
1997084-1;1997084;1;1997-10-18;SA;historic-6-plus-complementary;45;32;19;43;2;26;7;;;;;;;1976-05-to-2008-10;loto.csv
1997084-2;1997084;2;1997-10-18;SA;historic-6-plus-complementary;36;11;21;41;39;43;47;;;;;;;1976-05-to-2008-10;loto.csv
1997085-1;1997085;1;1997-10-22;ME;historic-6-plus-complementary;37;27;14;34;47;7;35;;;;;;;1976-05-to-2008-10;loto.csv
1997085-2;1997085;2;1997-10-22;ME;historic-6-plus-complementary;3;17;6;37;29;43;5;;;;;;;1976-05-to-2008-10;loto.csv
1997086-1;1997086;1;1997-10-25;SA;historic-6-plus-complementary;14;45;25;44;7;18;6;;;;;;;1976-05-to-2008-10;loto.csv
1997086-2;1997086;2;1997-10-25;SA;historic-6-plus-complementary;49;23;16;13;4;9;30;;;;;;;1976-05-to-2008-10;loto.csv
1997087-1;1997087;1;1997-10-29;ME;historic-6-plus-complementary;30;15;31;9;48;8;3;;;;;;;1976-05-to-2008-10;loto.csv
1997087-2;1997087;2;1997-10-29;ME;historic-6-plus-complementary;24;5;30;43;47;23;21;;;;;;;1976-05-to-2008-10;loto.csv
1997088-1;1997088;1;1997-11-01;SA;historic-6-plus-complementary;13;37;35;26;42;9;7;;;;;;;1976-05-to-2008-10;loto.csv
1997088-2;1997088;2;1997-11-01;SA;historic-6-plus-complementary;31;3;33;29;19;45;7;;;;;;;1976-05-to-2008-10;loto.csv
1997089-1;1997089;1;1997-11-05;ME;historic-6-plus-complementary;10;38;25;32;15;37;42;;;;;;;1976-05-to-2008-10;loto.csv
1997089-2;1997089;2;1997-11-05;ME;historic-6-plus-complementary;49;37;41;24;20;44;23;;;;;;;1976-05-to-2008-10;loto.csv
1997090-1;1997090;1;1997-11-08;SA;historic-6-plus-complementary;32;47;35;25;39;30;22;;;;;;;1976-05-to-2008-10;loto.csv
1997090-2;1997090;2;1997-11-08;SA;historic-6-plus-complementary;47;32;41;35;17;15;27;;;;;;;1976-05-to-2008-10;loto.csv
1997091-1;1997091;1;1997-11-12;ME;historic-6-plus-complementary;27;49;18;5;23;9;36;;;;;;;1976-05-to-2008-10;loto.csv
1997091-2;1997091;2;1997-11-12;ME;historic-6-plus-complementary;18;14;30;24;4;28;32;;;;;;;1976-05-to-2008-10;loto.csv
1997092-1;1997092;1;1997-11-15;SA;historic-6-plus-complementary;40;21;22;26;47;12;43;;;;;;;1976-05-to-2008-10;loto.csv
1997092-2;1997092;2;1997-11-15;SA;historic-6-plus-complementary;39;33;20;37;25;40;48;;;;;;;1976-05-to-2008-10;loto.csv
1997093-1;1997093;1;1997-11-19;ME;historic-6-plus-complementary;14;27;9;46;35;2;39;;;;;;;1976-05-to-2008-10;loto.csv
1997093-2;1997093;2;1997-11-19;ME;historic-6-plus-complementary;40;39;22;35;43;36;37;;;;;;;1976-05-to-2008-10;loto.csv
1997094-1;1997094;1;1997-11-22;SA;historic-6-plus-complementary;49;8;28;15;35;25;22;;;;;;;1976-05-to-2008-10;loto.csv
1997094-2;1997094;2;1997-11-22;SA;historic-6-plus-complementary;34;9;26;1;20;33;41;;;;;;;1976-05-to-2008-10;loto.csv
1997095-1;1997095;1;1997-11-26;ME;historic-6-plus-complementary;11;37;42;19;46;7;24;;;;;;;1976-05-to-2008-10;loto.csv
1997095-2;1997095;2;1997-11-26;ME;historic-6-plus-complementary;18;23;47;42;16;6;49;;;;;;;1976-05-to-2008-10;loto.csv
1997096-1;1997096;1;1997-11-29;SA;historic-6-plus-complementary;1;42;7;27;11;38;29;;;;;;;1976-05-to-2008-10;loto.csv
1997096-2;1997096;2;1997-11-29;SA;historic-6-plus-complementary;33;31;10;39;11;21;3;;;;;;;1976-05-to-2008-10;loto.csv
1997097-1;1997097;1;1997-12-03;ME;historic-6-plus-complementary;44;31;35;30;25;5;12;;;;;;;1976-05-to-2008-10;loto.csv
1997097-2;1997097;2;1997-12-03;ME;historic-6-plus-complementary;6;9;27;34;1;36;45;;;;;;;1976-05-to-2008-10;loto.csv
1997098-1;1997098;1;1997-12-06;SA;historic-6-plus-complementary;30;46;45;3;18;5;24;;;;;;;1976-05-to-2008-10;loto.csv
1997098-2;1997098;2;1997-12-06;SA;historic-6-plus-complementary;39;4;30;7;42;14;11;;;;;;;1976-05-to-2008-10;loto.csv
1997099-1;1997099;1;1997-12-10;ME;historic-6-plus-complementary;27;1;20;43;5;33;8;;;;;;;1976-05-to-2008-10;loto.csv
1997099-2;1997099;2;1997-12-10;ME;historic-6-plus-complementary;29;13;46;25;32;47;22;;;;;;;1976-05-to-2008-10;loto.csv
1997100-1;1997100;1;1997-12-13;SA;historic-6-plus-complementary;9;46;49;25;29;24;18;;;;;;;1976-05-to-2008-10;loto.csv
1997100-2;1997100;2;1997-12-13;SA;historic-6-plus-complementary;5;27;34;9;3;19;35;;;;;;;1976-05-to-2008-10;loto.csv
1997101-1;1997101;1;1997-12-17;ME;historic-6-plus-complementary;44;7;14;17;15;49;23;;;;;;;1976-05-to-2008-10;loto.csv
1997101-2;1997101;2;1997-12-17;ME;historic-6-plus-complementary;19;15;5;31;43;28;14;;;;;;;1976-05-to-2008-10;loto.csv
1997102-1;1997102;1;1997-12-20;SA;historic-6-plus-complementary;41;5;21;29;46;36;42;;;;;;;1976-05-to-2008-10;loto.csv
1997102-2;1997102;2;1997-12-20;SA;historic-6-plus-complementary;39;16;3;23;18;38;27;;;;;;;1976-05-to-2008-10;loto.csv
1997103-1;1997103;1;1997-12-24;ME;historic-6-plus-complementary;28;15;39;35;12;33;21;;;;;;;1976-05-to-2008-10;loto.csv
1997103-2;1997103;2;1997-12-24;ME;historic-6-plus-complementary;24;22;32;23;9;5;12;;;;;;;1976-05-to-2008-10;loto.csv
1997104-1;1997104;1;1997-12-27;SA;historic-6-plus-complementary;31;48;42;34;5;23;15;;;;;;;1976-05-to-2008-10;loto.csv
1997104-2;1997104;2;1997-12-27;SA;historic-6-plus-complementary;28;2;16;39;9;47;13;;;;;;;1976-05-to-2008-10;loto.csv
1997105-1;1997105;1;1997-12-31;ME;historic-6-plus-complementary;18;1;35;36;21;16;48;;;;;;;1976-05-to-2008-10;loto.csv
1997105-2;1997105;2;1997-12-31;ME;historic-6-plus-complementary;41;15;31;19;32;21;12;;;;;;;1976-05-to-2008-10;loto.csv
1998001-1;1998001;1;1998-01-03;SA;historic-6-plus-complementary;39;33;8;1;4;14;22;;;;;;;1976-05-to-2008-10;loto.csv
1998001-2;1998001;2;1998-01-03;SA;historic-6-plus-complementary;22;17;12;4;44;3;30;;;;;;;1976-05-to-2008-10;loto.csv
1998002-1;1998002;1;1998-01-07;ME;historic-6-plus-complementary;42;38;26;36;31;5;28;;;;;;;1976-05-to-2008-10;loto.csv
1998002-2;1998002;2;1998-01-07;ME;historic-6-plus-complementary;41;15;14;42;13;38;49;;;;;;;1976-05-to-2008-10;loto.csv
1998003-1;1998003;1;1998-01-10;SA;historic-6-plus-complementary;11;39;36;40;4;9;26;;;;;;;1976-05-to-2008-10;loto.csv
1998003-2;1998003;2;1998-01-10;SA;historic-6-plus-complementary;17;7;13;36;49;38;3;;;;;;;1976-05-to-2008-10;loto.csv
1998004-1;1998004;1;1998-01-14;ME;historic-6-plus-complementary;9;18;38;30;27;39;13;;;;;;;1976-05-to-2008-10;loto.csv
1998004-2;1998004;2;1998-01-14;ME;historic-6-plus-complementary;34;19;4;32;7;18;9;;;;;;;1976-05-to-2008-10;loto.csv
1998005-1;1998005;1;1998-01-17;SA;historic-6-plus-complementary;45;38;36;20;43;4;16;;;;;;;1976-05-to-2008-10;loto.csv
1998005-2;1998005;2;1998-01-17;SA;historic-6-plus-complementary;30;6;39;21;42;31;44;;;;;;;1976-05-to-2008-10;loto.csv
1998006-1;1998006;1;1998-01-21;ME;historic-6-plus-complementary;1;37;49;39;27;38;10;;;;;;;1976-05-to-2008-10;loto.csv
1998006-2;1998006;2;1998-01-21;ME;historic-6-plus-complementary;22;1;7;33;16;31;27;;;;;;;1976-05-to-2008-10;loto.csv
1998007-1;1998007;1;1998-01-24;SA;historic-6-plus-complementary;5;42;32;14;39;25;4;;;;;;;1976-05-to-2008-10;loto.csv
1998007-2;1998007;2;1998-01-24;SA;historic-6-plus-complementary;40;44;26;18;13;14;31;;;;;;;1976-05-to-2008-10;loto.csv
1998008-1;1998008;1;1998-01-28;ME;historic-6-plus-complementary;22;36;43;7;41;47;19;;;;;;;1976-05-to-2008-10;loto.csv
1998008-2;1998008;2;1998-01-28;ME;historic-6-plus-complementary;23;35;26;39;7;45;4;;;;;;;1976-05-to-2008-10;loto.csv
1998009-1;1998009;1;1998-01-31;SA;historic-6-plus-complementary;3;24;41;7;13;30;18;;;;;;;1976-05-to-2008-10;loto.csv
1998009-2;1998009;2;1998-01-31;SA;historic-6-plus-complementary;39;22;49;14;34;36;37;;;;;;;1976-05-to-2008-10;loto.csv
1998010-1;1998010;1;1998-02-04;ME;historic-6-plus-complementary;24;15;23;47;48;36;13;;;;;;;1976-05-to-2008-10;loto.csv
1998010-2;1998010;2;1998-02-04;ME;historic-6-plus-complementary;44;31;36;43;6;35;15;;;;;;;1976-05-to-2008-10;loto.csv
1998011-1;1998011;1;1998-02-07;SA;historic-6-plus-complementary;13;29;48;25;21;31;44;;;;;;;1976-05-to-2008-10;loto.csv
1998011-2;1998011;2;1998-02-07;SA;historic-6-plus-complementary;28;1;30;29;10;23;15;;;;;;;1976-05-to-2008-10;loto.csv
1998012-1;1998012;1;1998-02-11;ME;historic-6-plus-complementary;24;5;33;38;43;23;10;;;;;;;1976-05-to-2008-10;loto.csv
1998012-2;1998012;2;1998-02-11;ME;historic-6-plus-complementary;34;27;18;46;35;43;16;;;;;;;1976-05-to-2008-10;loto.csv
1998013-1;1998013;1;1998-02-14;SA;historic-6-plus-complementary;21;11;9;10;33;37;44;;;;;;;1976-05-to-2008-10;loto.csv
1998013-2;1998013;2;1998-02-14;SA;historic-6-plus-complementary;32;41;1;28;36;25;13;;;;;;;1976-05-to-2008-10;loto.csv
1998014-1;1998014;1;1998-02-18;ME;historic-6-plus-complementary;4;45;44;10;8;17;46;;;;;;;1976-05-to-2008-10;loto.csv
1998014-2;1998014;2;1998-02-18;ME;historic-6-plus-complementary;23;13;49;8;30;1;38;;;;;;;1976-05-to-2008-10;loto.csv
1998015-1;1998015;1;1998-02-21;SA;historic-6-plus-complementary;11;22;43;33;14;49;24;;;;;;;1976-05-to-2008-10;loto.csv
1998015-2;1998015;2;1998-02-21;SA;historic-6-plus-complementary;19;10;11;29;31;21;34;;;;;;;1976-05-to-2008-10;loto.csv
1998016-1;1998016;1;1998-02-25;ME;historic-6-plus-complementary;9;40;25;11;14;18;5;;;;;;;1976-05-to-2008-10;loto.csv
1998016-2;1998016;2;1998-02-25;ME;historic-6-plus-complementary;46;29;30;28;13;48;25;;;;;;;1976-05-to-2008-10;loto.csv
1998017-1;1998017;1;1998-02-28;SA;historic-6-plus-complementary;37;47;39;25;49;21;3;;;;;;;1976-05-to-2008-10;loto.csv
1998017-2;1998017;2;1998-02-28;SA;historic-6-plus-complementary;10;37;16;44;22;38;46;;;;;;;1976-05-to-2008-10;loto.csv
1998018-1;1998018;1;1998-03-04;ME;historic-6-plus-complementary;16;12;3;13;39;36;43;;;;;;;1976-05-to-2008-10;loto.csv
1998018-2;1998018;2;1998-03-04;ME;historic-6-plus-complementary;33;43;12;41;45;40;15;;;;;;;1976-05-to-2008-10;loto.csv
1998019-1;1998019;1;1998-03-07;SA;historic-6-plus-complementary;9;6;26;29;27;35;16;;;;;;;1976-05-to-2008-10;loto.csv
1998019-2;1998019;2;1998-03-07;SA;historic-6-plus-complementary;10;18;37;47;40;8;31;;;;;;;1976-05-to-2008-10;loto.csv
1998020-1;1998020;1;1998-03-11;ME;historic-6-plus-complementary;28;21;29;23;30;13;41;;;;;;;1976-05-to-2008-10;loto.csv
1998020-2;1998020;2;1998-03-11;ME;historic-6-plus-complementary;16;5;20;38;21;43;2;;;;;;;1976-05-to-2008-10;loto.csv
1998021-1;1998021;1;1998-03-14;SA;historic-6-plus-complementary;28;23;26;5;34;15;27;;;;;;;1976-05-to-2008-10;loto.csv
1998021-2;1998021;2;1998-03-14;SA;historic-6-plus-complementary;43;45;46;15;29;31;12;;;;;;;1976-05-to-2008-10;loto.csv
1998022-1;1998022;1;1998-03-18;ME;historic-6-plus-complementary;46;13;19;49;30;8;45;;;;;;;1976-05-to-2008-10;loto.csv
1998022-2;1998022;2;1998-03-18;ME;historic-6-plus-complementary;35;22;2;7;6;12;38;;;;;;;1976-05-to-2008-10;loto.csv
1998023-1;1998023;1;1998-03-21;SA;historic-6-plus-complementary;20;43;15;12;6;27;24;;;;;;;1976-05-to-2008-10;loto.csv
1998023-2;1998023;2;1998-03-21;SA;historic-6-plus-complementary;5;31;28;48;13;33;18;;;;;;;1976-05-to-2008-10;loto.csv
1998024-1;1998024;1;1998-03-25;ME;historic-6-plus-complementary;15;49;19;22;35;21;23;;;;;;;1976-05-to-2008-10;loto.csv
1998024-2;1998024;2;1998-03-25;ME;historic-6-plus-complementary;43;42;18;27;28;13;39;;;;;;;1976-05-to-2008-10;loto.csv
1998025-1;1998025;1;1998-03-28;SA;historic-6-plus-complementary;48;45;12;9;29;8;19;;;;;;;1976-05-to-2008-10;loto.csv
1998025-2;1998025;2;1998-03-28;SA;historic-6-plus-complementary;20;32;41;7;23;27;28;;;;;;;1976-05-to-2008-10;loto.csv
1998026-1;1998026;1;1998-04-01;ME;historic-6-plus-complementary;49;11;30;26;42;14;2;;;;;;;1976-05-to-2008-10;loto.csv
1998026-2;1998026;2;1998-04-01;ME;historic-6-plus-complementary;41;31;30;13;45;4;19;;;;;;;1976-05-to-2008-10;loto.csv
1998027-1;1998027;1;1998-04-04;SA;historic-6-plus-complementary;46;15;42;29;12;48;44;;;;;;;1976-05-to-2008-10;loto.csv
1998027-2;1998027;2;1998-04-04;SA;historic-6-plus-complementary;40;17;7;26;44;46;21;;;;;;;1976-05-to-2008-10;loto.csv
1998028-1;1998028;1;1998-04-08;ME;historic-6-plus-complementary;17;38;5;14;25;20;46;;;;;;;1976-05-to-2008-10;loto.csv
1998028-2;1998028;2;1998-04-08;ME;historic-6-plus-complementary;36;3;48;33;47;8;42;;;;;;;1976-05-to-2008-10;loto.csv
1998029-1;1998029;1;1998-04-11;SA;historic-6-plus-complementary;3;27;17;13;45;4;7;;;;;;;1976-05-to-2008-10;loto.csv
1998029-2;1998029;2;1998-04-11;SA;historic-6-plus-complementary;22;38;46;16;5;7;15;;;;;;;1976-05-to-2008-10;loto.csv
1998030-1;1998030;1;1998-04-15;ME;historic-6-plus-complementary;29;32;38;19;6;3;2;;;;;;;1976-05-to-2008-10;loto.csv
1998030-2;1998030;2;1998-04-15;ME;historic-6-plus-complementary;11;40;30;28;5;17;32;;;;;;;1976-05-to-2008-10;loto.csv
1998031-1;1998031;1;1998-04-18;SA;historic-6-plus-complementary;3;43;23;14;9;10;31;;;;;;;1976-05-to-2008-10;loto.csv
1998031-2;1998031;2;1998-04-18;SA;historic-6-plus-complementary;36;10;9;27;19;26;22;;;;;;;1976-05-to-2008-10;loto.csv
1998032-1;1998032;1;1998-04-22;ME;historic-6-plus-complementary;10;34;36;22;3;42;28;;;;;;;1976-05-to-2008-10;loto.csv
1998032-2;1998032;2;1998-04-22;ME;historic-6-plus-complementary;13;8;4;32;28;36;42;;;;;;;1976-05-to-2008-10;loto.csv
1998033-1;1998033;1;1998-04-25;SA;historic-6-plus-complementary;1;10;2;38;11;32;17;;;;;;;1976-05-to-2008-10;loto.csv
1998033-2;1998033;2;1998-04-25;SA;historic-6-plus-complementary;16;20;32;14;25;45;15;;;;;;;1976-05-to-2008-10;loto.csv
1998034-1;1998034;1;1998-04-29;ME;historic-6-plus-complementary;26;34;22;14;27;16;40;;;;;;;1976-05-to-2008-10;loto.csv
1998034-2;1998034;2;1998-04-29;ME;historic-6-plus-complementary;33;16;43;27;12;44;30;;;;;;;1976-05-to-2008-10;loto.csv
1998035-1;1998035;1;1998-05-02;SA;historic-6-plus-complementary;4;42;30;2;43;40;15;;;;;;;1976-05-to-2008-10;loto.csv
1998035-2;1998035;2;1998-05-02;SA;historic-6-plus-complementary;13;46;49;38;37;7;40;;;;;;;1976-05-to-2008-10;loto.csv
1998036-1;1998036;1;1998-05-06;ME;historic-6-plus-complementary;3;32;1;35;19;48;44;;;;;;;1976-05-to-2008-10;loto.csv
1998036-2;1998036;2;1998-05-06;ME;historic-6-plus-complementary;28;35;13;19;43;45;26;;;;;;;1976-05-to-2008-10;loto.csv
1998037-1;1998037;1;1998-05-09;SA;historic-6-plus-complementary;17;35;16;5;22;44;41;;;;;;;1976-05-to-2008-10;loto.csv
1998037-2;1998037;2;1998-05-09;SA;historic-6-plus-complementary;13;23;49;15;21;36;39;;;;;;;1976-05-to-2008-10;loto.csv
1998038-1;1998038;1;1998-05-13;ME;historic-6-plus-complementary;43;45;31;30;39;35;4;;;;;;;1976-05-to-2008-10;loto.csv
1998038-2;1998038;2;1998-05-13;ME;historic-6-plus-complementary;21;38;30;43;24;2;47;;;;;;;1976-05-to-2008-10;loto.csv
1998039-1;1998039;1;1998-05-16;SA;historic-6-plus-complementary;44;29;15;26;34;48;28;;;;;;;1976-05-to-2008-10;loto.csv
1998039-2;1998039;2;1998-05-16;SA;historic-6-plus-complementary;6;24;21;37;30;39;43;;;;;;;1976-05-to-2008-10;loto.csv
1998040-1;1998040;1;1998-05-20;ME;historic-6-plus-complementary;8;49;18;42;17;12;1;;;;;;;1976-05-to-2008-10;loto.csv
1998040-2;1998040;2;1998-05-20;ME;historic-6-plus-complementary;16;31;39;3;5;8;34;;;;;;;1976-05-to-2008-10;loto.csv
1998041-1;1998041;1;1998-05-23;SA;historic-6-plus-complementary;19;13;39;27;42;31;45;;;;;;;1976-05-to-2008-10;loto.csv
1998041-2;1998041;2;1998-05-23;SA;historic-6-plus-complementary;1;23;25;2;4;44;6;;;;;;;1976-05-to-2008-10;loto.csv
1998042-1;1998042;1;1998-05-27;ME;historic-6-plus-complementary;38;25;40;17;41;16;44;;;;;;;1976-05-to-2008-10;loto.csv
1998042-2;1998042;2;1998-05-27;ME;historic-6-plus-complementary;41;21;34;32;13;22;40;;;;;;;1976-05-to-2008-10;loto.csv
1998043-1;1998043;1;1998-05-30;SA;historic-6-plus-complementary;2;4;14;30;16;43;20;;;;;;;1976-05-to-2008-10;loto.csv
1998043-2;1998043;2;1998-05-30;SA;historic-6-plus-complementary;20;23;24;40;47;39;36;;;;;;;1976-05-to-2008-10;loto.csv
1998044-1;1998044;1;1998-06-03;ME;historic-6-plus-complementary;42;30;26;15;41;36;12;;;;;;;1976-05-to-2008-10;loto.csv
1998044-2;1998044;2;1998-06-03;ME;historic-6-plus-complementary;46;2;14;23;35;17;5;;;;;;;1976-05-to-2008-10;loto.csv
1998045-1;1998045;1;1998-06-06;SA;historic-6-plus-complementary;22;8;3;42;23;37;44;;;;;;;1976-05-to-2008-10;loto.csv
1998045-2;1998045;2;1998-06-06;SA;historic-6-plus-complementary;31;35;28;14;47;18;29;;;;;;;1976-05-to-2008-10;loto.csv
1998046-1;1998046;1;1998-06-10;ME;historic-6-plus-complementary;37;42;8;25;7;48;26;;;;;;;1976-05-to-2008-10;loto.csv
1998046-2;1998046;2;1998-06-10;ME;historic-6-plus-complementary;32;4;11;6;1;23;5;;;;;;;1976-05-to-2008-10;loto.csv
1998047-1;1998047;1;1998-06-13;SA;historic-6-plus-complementary;24;18;41;25;10;39;40;;;;;;;1976-05-to-2008-10;loto.csv
1998047-2;1998047;2;1998-06-13;SA;historic-6-plus-complementary;15;24;48;1;42;39;17;;;;;;;1976-05-to-2008-10;loto.csv
1998048-1;1998048;1;1998-06-17;ME;historic-6-plus-complementary;3;43;8;2;11;42;44;;;;;;;1976-05-to-2008-10;loto.csv
1998048-2;1998048;2;1998-06-17;ME;historic-6-plus-complementary;24;41;5;33;22;1;11;;;;;;;1976-05-to-2008-10;loto.csv
1998049-1;1998049;1;1998-06-20;SA;historic-6-plus-complementary;1;18;44;9;22;32;5;;;;;;;1976-05-to-2008-10;loto.csv
1998049-2;1998049;2;1998-06-20;SA;historic-6-plus-complementary;15;42;10;5;3;16;44;;;;;;;1976-05-to-2008-10;loto.csv
1998050-1;1998050;1;1998-06-24;ME;historic-6-plus-complementary;9;3;41;31;22;28;32;;;;;;;1976-05-to-2008-10;loto.csv
1998050-2;1998050;2;1998-06-24;ME;historic-6-plus-complementary;25;33;23;43;20;28;30;;;;;;;1976-05-to-2008-10;loto.csv
1998051-1;1998051;1;1998-06-27;SA;historic-6-plus-complementary;26;11;46;29;36;9;14;;;;;;;1976-05-to-2008-10;loto.csv
1998051-2;1998051;2;1998-06-27;SA;historic-6-plus-complementary;48;9;4;18;2;47;36;;;;;;;1976-05-to-2008-10;loto.csv
1998052-1;1998052;1;1998-07-01;ME;historic-6-plus-complementary;47;25;19;11;10;21;1;;;;;;;1976-05-to-2008-10;loto.csv
1998052-2;1998052;2;1998-07-01;ME;historic-6-plus-complementary;25;42;35;46;49;6;30;;;;;;;1976-05-to-2008-10;loto.csv
1998053-1;1998053;1;1998-07-04;SA;historic-6-plus-complementary;12;32;34;4;6;48;20;;;;;;;1976-05-to-2008-10;loto.csv
1998053-2;1998053;2;1998-07-04;SA;historic-6-plus-complementary;33;47;8;20;15;30;45;;;;;;;1976-05-to-2008-10;loto.csv
1998054-1;1998054;1;1998-07-08;ME;historic-6-plus-complementary;28;13;10;25;33;29;35;;;;;;;1976-05-to-2008-10;loto.csv
1998054-2;1998054;2;1998-07-08;ME;historic-6-plus-complementary;45;7;21;20;14;5;2;;;;;;;1976-05-to-2008-10;loto.csv
1998055-1;1998055;1;1998-07-11;SA;historic-6-plus-complementary;25;29;36;42;22;2;44;;;;;;;1976-05-to-2008-10;loto.csv
1998055-2;1998055;2;1998-07-11;SA;historic-6-plus-complementary;10;2;1;9;31;28;26;;;;;;;1976-05-to-2008-10;loto.csv
1998056-1;1998056;1;1998-07-15;ME;historic-6-plus-complementary;33;36;17;28;29;6;22;;;;;;;1976-05-to-2008-10;loto.csv
1998056-2;1998056;2;1998-07-15;ME;historic-6-plus-complementary;9;48;45;43;28;16;42;;;;;;;1976-05-to-2008-10;loto.csv
1998057-1;1998057;1;1998-07-18;SA;historic-6-plus-complementary;14;4;26;32;40;20;42;;;;;;;1976-05-to-2008-10;loto.csv
1998057-2;1998057;2;1998-07-18;SA;historic-6-plus-complementary;46;41;10;17;30;2;27;;;;;;;1976-05-to-2008-10;loto.csv
1998058-1;1998058;1;1998-07-22;ME;historic-6-plus-complementary;15;41;1;39;8;16;33;;;;;;;1976-05-to-2008-10;loto.csv
1998058-2;1998058;2;1998-07-22;ME;historic-6-plus-complementary;29;21;10;33;7;40;12;;;;;;;1976-05-to-2008-10;loto.csv
1998059-1;1998059;1;1998-07-25;SA;historic-6-plus-complementary;33;19;34;37;48;38;23;;;;;;;1976-05-to-2008-10;loto.csv
1998059-2;1998059;2;1998-07-25;SA;historic-6-plus-complementary;24;40;8;27;21;26;48;;;;;;;1976-05-to-2008-10;loto.csv
1998060-1;1998060;1;1998-07-29;ME;historic-6-plus-complementary;22;46;3;1;41;45;42;;;;;;;1976-05-to-2008-10;loto.csv
1998060-2;1998060;2;1998-07-29;ME;historic-6-plus-complementary;16;31;14;29;28;3;17;;;;;;;1976-05-to-2008-10;loto.csv
1998061-1;1998061;1;1998-08-01;SA;historic-6-plus-complementary;48;34;17;49;45;14;47;;;;;;;1976-05-to-2008-10;loto.csv
1998061-2;1998061;2;1998-08-01;SA;historic-6-plus-complementary;19;40;14;4;20;33;26;;;;;;;1976-05-to-2008-10;loto.csv
1998062-1;1998062;1;1998-08-05;ME;historic-6-plus-complementary;36;2;32;38;44;5;35;;;;;;;1976-05-to-2008-10;loto.csv
1998062-2;1998062;2;1998-08-05;ME;historic-6-plus-complementary;41;19;29;8;3;12;1;;;;;;;1976-05-to-2008-10;loto.csv
1998063-1;1998063;1;1998-08-08;SA;historic-6-plus-complementary;46;49;26;17;41;24;42;;;;;;;1976-05-to-2008-10;loto.csv
1998063-2;1998063;2;1998-08-08;SA;historic-6-plus-complementary;27;16;7;39;29;22;14;;;;;;;1976-05-to-2008-10;loto.csv
1998064-1;1998064;1;1998-08-12;ME;historic-6-plus-complementary;16;43;45;4;42;29;36;;;;;;;1976-05-to-2008-10;loto.csv
1998064-2;1998064;2;1998-08-12;ME;historic-6-plus-complementary;25;30;47;10;26;21;13;;;;;;;1976-05-to-2008-10;loto.csv
1998065-1;1998065;1;1998-08-15;SA;historic-6-plus-complementary;12;49;28;38;11;34;43;;;;;;;1976-05-to-2008-10;loto.csv
1998065-2;1998065;2;1998-08-15;SA;historic-6-plus-complementary;39;21;29;28;40;27;7;;;;;;;1976-05-to-2008-10;loto.csv
1998066-1;1998066;1;1998-08-19;ME;historic-6-plus-complementary;34;45;3;26;14;39;29;;;;;;;1976-05-to-2008-10;loto.csv
1998066-2;1998066;2;1998-08-19;ME;historic-6-plus-complementary;24;49;14;12;47;4;21;;;;;;;1976-05-to-2008-10;loto.csv
1998067-1;1998067;1;1998-08-22;SA;historic-6-plus-complementary;26;12;43;22;35;25;16;;;;;;;1976-05-to-2008-10;loto.csv
1998067-2;1998067;2;1998-08-22;SA;historic-6-plus-complementary;37;40;49;4;30;36;43;;;;;;;1976-05-to-2008-10;loto.csv
1998068-1;1998068;1;1998-08-26;ME;historic-6-plus-complementary;3;16;6;22;1;9;2;;;;;;;1976-05-to-2008-10;loto.csv
1998068-2;1998068;2;1998-08-26;ME;historic-6-plus-complementary;43;16;12;15;49;28;30;;;;;;;1976-05-to-2008-10;loto.csv
1998069-1;1998069;1;1998-08-29;SA;historic-6-plus-complementary;34;24;12;32;36;46;6;;;;;;;1976-05-to-2008-10;loto.csv
1998069-2;1998069;2;1998-08-29;SA;historic-6-plus-complementary;23;31;5;9;20;43;16;;;;;;;1976-05-to-2008-10;loto.csv
1998070-1;1998070;1;1998-09-02;ME;historic-6-plus-complementary;33;36;48;7;8;21;23;;;;;;;1976-05-to-2008-10;loto.csv
1998070-2;1998070;2;1998-09-02;ME;historic-6-plus-complementary;1;27;29;49;46;22;35;;;;;;;1976-05-to-2008-10;loto.csv
1998071-1;1998071;1;1998-09-05;SA;historic-6-plus-complementary;35;44;19;32;5;25;28;;;;;;;1976-05-to-2008-10;loto.csv
1998071-2;1998071;2;1998-09-05;SA;historic-6-plus-complementary;16;31;27;30;22;3;39;;;;;;;1976-05-to-2008-10;loto.csv
1998072-1;1998072;1;1998-09-09;ME;historic-6-plus-complementary;18;21;10;48;42;45;14;;;;;;;1976-05-to-2008-10;loto.csv
1998072-2;1998072;2;1998-09-09;ME;historic-6-plus-complementary;25;36;32;47;26;22;43;;;;;;;1976-05-to-2008-10;loto.csv
1998073-1;1998073;1;1998-09-12;SA;historic-6-plus-complementary;2;49;5;23;38;7;9;;;;;;;1976-05-to-2008-10;loto.csv
1998073-2;1998073;2;1998-09-12;SA;historic-6-plus-complementary;2;46;18;20;39;25;28;;;;;;;1976-05-to-2008-10;loto.csv
1998074-1;1998074;1;1998-09-16;ME;historic-6-plus-complementary;46;13;42;40;25;4;44;;;;;;;1976-05-to-2008-10;loto.csv
1998074-2;1998074;2;1998-09-16;ME;historic-6-plus-complementary;10;22;36;26;38;16;27;;;;;;;1976-05-to-2008-10;loto.csv
1998075-1;1998075;1;1998-09-19;SA;historic-6-plus-complementary;28;12;3;9;49;43;37;;;;;;;1976-05-to-2008-10;loto.csv
1998075-2;1998075;2;1998-09-19;SA;historic-6-plus-complementary;46;48;31;25;38;12;45;;;;;;;1976-05-to-2008-10;loto.csv
1998076-1;1998076;1;1998-09-23;ME;historic-6-plus-complementary;26;44;21;47;4;45;13;;;;;;;1976-05-to-2008-10;loto.csv
1998076-2;1998076;2;1998-09-23;ME;historic-6-plus-complementary;27;19;40;9;22;32;8;;;;;;;1976-05-to-2008-10;loto.csv
1998077-1;1998077;1;1998-09-26;SA;historic-6-plus-complementary;6;16;43;23;22;5;46;;;;;;;1976-05-to-2008-10;loto.csv
1998077-2;1998077;2;1998-09-26;SA;historic-6-plus-complementary;32;26;28;10;42;35;40;;;;;;;1976-05-to-2008-10;loto.csv
1998078-1;1998078;1;1998-09-30;ME;historic-6-plus-complementary;36;31;38;11;16;34;3;;;;;;;1976-05-to-2008-10;loto.csv
1998078-2;1998078;2;1998-09-30;ME;historic-6-plus-complementary;2;45;11;47;36;33;22;;;;;;;1976-05-to-2008-10;loto.csv
1998079-1;1998079;1;1998-10-03;SA;historic-6-plus-complementary;22;12;16;2;29;32;1;;;;;;;1976-05-to-2008-10;loto.csv
1998079-2;1998079;2;1998-10-03;SA;historic-6-plus-complementary;12;37;36;22;5;8;32;;;;;;;1976-05-to-2008-10;loto.csv
1998080-1;1998080;1;1998-10-07;ME;historic-6-plus-complementary;8;2;48;29;10;17;45;;;;;;;1976-05-to-2008-10;loto.csv
1998080-2;1998080;2;1998-10-07;ME;historic-6-plus-complementary;16;24;32;26;44;46;28;;;;;;;1976-05-to-2008-10;loto.csv
1998081-1;1998081;1;1998-10-10;SA;historic-6-plus-complementary;10;37;45;46;48;22;28;;;;;;;1976-05-to-2008-10;loto.csv
1998081-2;1998081;2;1998-10-10;SA;historic-6-plus-complementary;36;37;44;16;41;34;20;;;;;;;1976-05-to-2008-10;loto.csv
1998082-1;1998082;1;1998-10-14;ME;historic-6-plus-complementary;38;39;9;5;45;2;7;;;;;;;1976-05-to-2008-10;loto.csv
1998082-2;1998082;2;1998-10-14;ME;historic-6-plus-complementary;36;16;15;26;4;32;21;;;;;;;1976-05-to-2008-10;loto.csv
1998083-1;1998083;1;1998-10-17;SA;historic-6-plus-complementary;34;41;13;23;26;9;18;;;;;;;1976-05-to-2008-10;loto.csv
1998083-2;1998083;2;1998-10-17;SA;historic-6-plus-complementary;35;47;28;30;4;24;2;;;;;;;1976-05-to-2008-10;loto.csv
1998084-1;1998084;1;1998-10-21;ME;historic-6-plus-complementary;8;17;7;22;29;2;47;;;;;;;1976-05-to-2008-10;loto.csv
1998084-2;1998084;2;1998-10-21;ME;historic-6-plus-complementary;26;15;11;8;47;48;38;;;;;;;1976-05-to-2008-10;loto.csv
1998085-1;1998085;1;1998-10-24;SA;historic-6-plus-complementary;41;27;24;32;49;13;26;;;;;;;1976-05-to-2008-10;loto.csv
1998085-2;1998085;2;1998-10-24;SA;historic-6-plus-complementary;12;3;27;37;33;17;9;;;;;;;1976-05-to-2008-10;loto.csv
1998086-1;1998086;1;1998-10-28;ME;historic-6-plus-complementary;18;36;13;12;7;20;17;;;;;;;1976-05-to-2008-10;loto.csv
1998086-2;1998086;2;1998-10-28;ME;historic-6-plus-complementary;18;31;23;36;25;11;46;;;;;;;1976-05-to-2008-10;loto.csv
1998087-1;1998087;1;1998-10-31;SA;historic-6-plus-complementary;42;22;12;8;34;44;49;;;;;;;1976-05-to-2008-10;loto.csv
1998087-2;1998087;2;1998-10-31;SA;historic-6-plus-complementary;3;1;43;38;9;15;29;;;;;;;1976-05-to-2008-10;loto.csv
1998088-1;1998088;1;1998-11-04;ME;historic-6-plus-complementary;16;40;42;12;30;3;46;;;;;;;1976-05-to-2008-10;loto.csv
1998088-2;1998088;2;1998-11-04;ME;historic-6-plus-complementary;43;17;46;42;38;48;2;;;;;;;1976-05-to-2008-10;loto.csv
1998089-1;1998089;1;1998-11-07;SA;historic-6-plus-complementary;37;42;45;22;24;1;47;;;;;;;1976-05-to-2008-10;loto.csv
1998089-2;1998089;2;1998-11-07;SA;historic-6-plus-complementary;15;10;29;25;30;34;28;;;;;;;1976-05-to-2008-10;loto.csv
1998090-1;1998090;1;1998-11-11;ME;historic-6-plus-complementary;46;42;37;30;14;10;49;;;;;;;1976-05-to-2008-10;loto.csv
1998090-2;1998090;2;1998-11-11;ME;historic-6-plus-complementary;8;42;39;34;24;5;22;;;;;;;1976-05-to-2008-10;loto.csv
1998091-1;1998091;1;1998-11-14;SA;historic-6-plus-complementary;14;16;17;20;47;43;25;;;;;;;1976-05-to-2008-10;loto.csv
1998091-2;1998091;2;1998-11-14;SA;historic-6-plus-complementary;15;30;33;21;6;18;24;;;;;;;1976-05-to-2008-10;loto.csv
1998092-1;1998092;1;1998-11-18;ME;historic-6-plus-complementary;15;37;12;4;24;47;16;;;;;;;1976-05-to-2008-10;loto.csv
1998092-2;1998092;2;1998-11-18;ME;historic-6-plus-complementary;5;37;49;17;8;44;43;;;;;;;1976-05-to-2008-10;loto.csv
1998093-1;1998093;1;1998-11-21;SA;historic-6-plus-complementary;37;13;6;4;42;28;10;;;;;;;1976-05-to-2008-10;loto.csv
1998093-2;1998093;2;1998-11-21;SA;historic-6-plus-complementary;24;19;9;41;1;31;44;;;;;;;1976-05-to-2008-10;loto.csv
1998094-1;1998094;1;1998-11-25;ME;historic-6-plus-complementary;12;46;13;25;24;17;30;;;;;;;1976-05-to-2008-10;loto.csv
1998094-2;1998094;2;1998-11-25;ME;historic-6-plus-complementary;17;16;4;9;38;1;44;;;;;;;1976-05-to-2008-10;loto.csv
1998095-1;1998095;1;1998-11-28;SA;historic-6-plus-complementary;15;6;34;30;39;11;47;;;;;;;1976-05-to-2008-10;loto.csv
1998095-2;1998095;2;1998-11-28;SA;historic-6-plus-complementary;35;18;44;24;2;37;7;;;;;;;1976-05-to-2008-10;loto.csv
1998096-1;1998096;1;1998-12-02;ME;historic-6-plus-complementary;35;21;45;11;5;13;46;;;;;;;1976-05-to-2008-10;loto.csv
1998096-2;1998096;2;1998-12-02;ME;historic-6-plus-complementary;15;24;38;40;21;26;28;;;;;;;1976-05-to-2008-10;loto.csv
1998097-1;1998097;1;1998-12-05;SA;historic-6-plus-complementary;2;5;27;49;45;32;42;;;;;;;1976-05-to-2008-10;loto.csv
1998097-2;1998097;2;1998-12-05;SA;historic-6-plus-complementary;44;9;5;46;12;38;16;;;;;;;1976-05-to-2008-10;loto.csv
1998098-1;1998098;1;1998-12-09;ME;historic-6-plus-complementary;11;34;15;30;29;12;5;;;;;;;1976-05-to-2008-10;loto.csv
1998098-2;1998098;2;1998-12-09;ME;historic-6-plus-complementary;16;34;11;24;26;28;3;;;;;;;1976-05-to-2008-10;loto.csv
1998099-1;1998099;1;1998-12-12;SA;historic-6-plus-complementary;20;36;10;18;26;1;4;;;;;;;1976-05-to-2008-10;loto.csv
1998099-2;1998099;2;1998-12-12;SA;historic-6-plus-complementary;28;6;1;2;4;7;42;;;;;;;1976-05-to-2008-10;loto.csv
1998100-1;1998100;1;1998-12-16;ME;historic-6-plus-complementary;37;40;5;44;35;17;2;;;;;;;1976-05-to-2008-10;loto.csv
1998100-2;1998100;2;1998-12-16;ME;historic-6-plus-complementary;24;14;21;42;15;41;6;;;;;;;1976-05-to-2008-10;loto.csv
1998101-1;1998101;1;1998-12-19;SA;historic-6-plus-complementary;25;49;11;19;46;8;28;;;;;;;1976-05-to-2008-10;loto.csv
1998101-2;1998101;2;1998-12-19;SA;historic-6-plus-complementary;48;23;24;31;20;5;7;;;;;;;1976-05-to-2008-10;loto.csv
1998102-1;1998102;1;1998-12-23;ME;historic-6-plus-complementary;22;42;20;28;7;39;8;;;;;;;1976-05-to-2008-10;loto.csv
1998102-2;1998102;2;1998-12-23;ME;historic-6-plus-complementary;13;16;38;42;46;4;35;;;;;;;1976-05-to-2008-10;loto.csv
1998103-1;1998103;1;1998-12-26;SA;historic-6-plus-complementary;1;18;48;7;21;23;14;;;;;;;1976-05-to-2008-10;loto.csv
1998103-2;1998103;2;1998-12-26;SA;historic-6-plus-complementary;15;18;30;21;39;34;46;;;;;;;1976-05-to-2008-10;loto.csv
1998104-1;1998104;1;1998-12-30;ME;historic-6-plus-complementary;23;43;42;21;25;18;12;;;;;;;1976-05-to-2008-10;loto.csv
1998104-2;1998104;2;1998-12-30;ME;historic-6-plus-complementary;15;33;18;23;13;48;45;;;;;;;1976-05-to-2008-10;loto.csv
1999001-1;1999001;1;1999-01-02;SA;historic-6-plus-complementary;14;28;25;2;12;15;18;;;;;;;1976-05-to-2008-10;loto.csv
1999001-2;1999001;2;1999-01-02;SA;historic-6-plus-complementary;16;27;2;42;32;5;19;;;;;;;1976-05-to-2008-10;loto.csv
1999002-1;1999002;1;1999-01-06;ME;historic-6-plus-complementary;45;30;22;10;28;32;2;;;;;;;1976-05-to-2008-10;loto.csv
1999002-2;1999002;2;1999-01-06;ME;historic-6-plus-complementary;19;28;33;3;10;42;25;;;;;;;1976-05-to-2008-10;loto.csv
1999003-1;1999003;1;1999-01-09;SA;historic-6-plus-complementary;15;44;16;38;3;23;34;;;;;;;1976-05-to-2008-10;loto.csv
1999003-2;1999003;2;1999-01-09;SA;historic-6-plus-complementary;25;14;41;35;23;13;16;;;;;;;1976-05-to-2008-10;loto.csv
1999004-1;1999004;1;1999-01-13;ME;historic-6-plus-complementary;6;42;13;49;43;32;15;;;;;;;1976-05-to-2008-10;loto.csv
1999004-2;1999004;2;1999-01-13;ME;historic-6-plus-complementary;8;22;11;6;49;43;35;;;;;;;1976-05-to-2008-10;loto.csv
1999005-1;1999005;1;1999-01-16;SA;historic-6-plus-complementary;15;42;37;30;47;19;14;;;;;;;1976-05-to-2008-10;loto.csv
1999005-2;1999005;2;1999-01-16;SA;historic-6-plus-complementary;19;48;34;21;15;40;13;;;;;;;1976-05-to-2008-10;loto.csv
1999006-1;1999006;1;1999-01-20;ME;historic-6-plus-complementary;3;22;13;45;25;7;29;;;;;;;1976-05-to-2008-10;loto.csv
1999006-2;1999006;2;1999-01-20;ME;historic-6-plus-complementary;34;4;46;36;3;7;2;;;;;;;1976-05-to-2008-10;loto.csv
1999007-1;1999007;1;1999-01-23;SA;historic-6-plus-complementary;14;9;1;49;30;3;15;;;;;;;1976-05-to-2008-10;loto.csv
1999007-2;1999007;2;1999-01-23;SA;historic-6-plus-complementary;35;4;29;18;1;28;8;;;;;;;1976-05-to-2008-10;loto.csv
1999008-1;1999008;1;1999-01-27;ME;historic-6-plus-complementary;32;42;38;3;34;27;33;;;;;;;1976-05-to-2008-10;loto.csv
1999008-2;1999008;2;1999-01-27;ME;historic-6-plus-complementary;40;1;38;2;47;4;39;;;;;;;1976-05-to-2008-10;loto.csv
1999009-1;1999009;1;1999-01-30;SA;historic-6-plus-complementary;1;33;41;8;39;38;18;;;;;;;1976-05-to-2008-10;loto.csv
1999009-2;1999009;2;1999-01-30;SA;historic-6-plus-complementary;19;15;33;16;7;11;6;;;;;;;1976-05-to-2008-10;loto.csv
1999010-1;1999010;1;1999-02-03;ME;historic-6-plus-complementary;11;32;39;16;23;28;22;;;;;;;1976-05-to-2008-10;loto.csv
1999010-2;1999010;2;1999-02-03;ME;historic-6-plus-complementary;21;45;38;20;15;12;26;;;;;;;1976-05-to-2008-10;loto.csv
1999011-1;1999011;1;1999-02-06;SA;historic-6-plus-complementary;36;42;20;9;47;29;6;;;;;;;1976-05-to-2008-10;loto.csv
1999011-2;1999011;2;1999-02-06;SA;historic-6-plus-complementary;27;41;6;34;39;46;4;;;;;;;1976-05-to-2008-10;loto.csv
1999012-1;1999012;1;1999-02-10;ME;historic-6-plus-complementary;20;12;4;38;39;21;25;;;;;;;1976-05-to-2008-10;loto.csv
1999012-2;1999012;2;1999-02-10;ME;historic-6-plus-complementary;12;3;27;11;13;26;35;;;;;;;1976-05-to-2008-10;loto.csv
1999013-1;1999013;1;1999-02-13;SA;historic-6-plus-complementary;34;7;9;22;10;37;16;;;;;;;1976-05-to-2008-10;loto.csv
1999013-2;1999013;2;1999-02-13;SA;historic-6-plus-complementary;3;10;45;20;27;46;1;;;;;;;1976-05-to-2008-10;loto.csv
1999014-1;1999014;1;1999-02-17;ME;historic-6-plus-complementary;4;29;20;10;32;37;17;;;;;;;1976-05-to-2008-10;loto.csv
1999014-2;1999014;2;1999-02-17;ME;historic-6-plus-complementary;39;9;36;20;1;24;27;;;;;;;1976-05-to-2008-10;loto.csv
1999015-1;1999015;1;1999-02-20;SA;historic-6-plus-complementary;19;33;3;35;37;27;31;;;;;;;1976-05-to-2008-10;loto.csv
1999015-2;1999015;2;1999-02-20;SA;historic-6-plus-complementary;39;27;43;16;45;29;23;;;;;;;1976-05-to-2008-10;loto.csv
1999016-1;1999016;1;1999-02-24;ME;historic-6-plus-complementary;35;3;38;32;23;18;2;;;;;;;1976-05-to-2008-10;loto.csv
1999016-2;1999016;2;1999-02-24;ME;historic-6-plus-complementary;16;12;13;11;29;45;3;;;;;;;1976-05-to-2008-10;loto.csv
1999017-1;1999017;1;1999-02-27;SA;historic-6-plus-complementary;24;36;12;40;30;43;22;;;;;;;1976-05-to-2008-10;loto.csv
1999017-2;1999017;2;1999-02-27;SA;historic-6-plus-complementary;31;19;36;6;15;4;25;;;;;;;1976-05-to-2008-10;loto.csv
1999018-1;1999018;1;1999-03-03;ME;historic-6-plus-complementary;23;20;44;5;32;30;41;;;;;;;1976-05-to-2008-10;loto.csv
1999018-2;1999018;2;1999-03-03;ME;historic-6-plus-complementary;38;17;1;35;16;29;36;;;;;;;1976-05-to-2008-10;loto.csv
1999019-1;1999019;1;1999-03-06;SA;historic-6-plus-complementary;26;34;3;16;30;38;31;;;;;;;1976-05-to-2008-10;loto.csv
1999019-2;1999019;2;1999-03-06;SA;historic-6-plus-complementary;21;26;30;24;44;42;39;;;;;;;1976-05-to-2008-10;loto.csv
1999020-1;1999020;1;1999-03-10;ME;historic-6-plus-complementary;40;21;6;26;15;8;10;;;;;;;1976-05-to-2008-10;loto.csv
1999020-2;1999020;2;1999-03-10;ME;historic-6-plus-complementary;6;23;33;1;4;36;11;;;;;;;1976-05-to-2008-10;loto.csv
1999021-1;1999021;1;1999-03-13;SA;historic-6-plus-complementary;30;19;34;3;32;13;24;;;;;;;1976-05-to-2008-10;loto.csv
1999021-2;1999021;2;1999-03-13;SA;historic-6-plus-complementary;38;25;17;34;12;13;44;;;;;;;1976-05-to-2008-10;loto.csv
1999022-1;1999022;1;1999-03-17;ME;historic-6-plus-complementary;48;45;49;6;13;29;42;;;;;;;1976-05-to-2008-10;loto.csv
1999022-2;1999022;2;1999-03-17;ME;historic-6-plus-complementary;14;36;31;47;23;45;35;;;;;;;1976-05-to-2008-10;loto.csv
1999023-1;1999023;1;1999-03-20;SA;historic-6-plus-complementary;22;25;39;24;5;18;8;;;;;;;1976-05-to-2008-10;loto.csv
1999023-2;1999023;2;1999-03-20;SA;historic-6-plus-complementary;38;14;13;48;42;7;11;;;;;;;1976-05-to-2008-10;loto.csv
1999024-1;1999024;1;1999-03-24;ME;historic-6-plus-complementary;1;28;7;11;48;33;49;;;;;;;1976-05-to-2008-10;loto.csv
1999024-2;1999024;2;1999-03-24;ME;historic-6-plus-complementary;31;12;11;41;9;23;14;;;;;;;1976-05-to-2008-10;loto.csv
1999025-1;1999025;1;1999-03-27;SA;historic-6-plus-complementary;16;14;15;1;40;27;33;;;;;;;1976-05-to-2008-10;loto.csv
1999025-2;1999025;2;1999-03-27;SA;historic-6-plus-complementary;14;17;8;28;19;10;12;;;;;;;1976-05-to-2008-10;loto.csv
1999026-1;1999026;1;1999-03-31;ME;historic-6-plus-complementary;43;25;47;41;10;29;40;;;;;;;1976-05-to-2008-10;loto.csv
1999026-2;1999026;2;1999-03-31;ME;historic-6-plus-complementary;26;4;39;25;9;48;21;;;;;;;1976-05-to-2008-10;loto.csv
1999027-1;1999027;1;1999-04-03;SA;historic-6-plus-complementary;24;38;10;5;23;41;1;;;;;;;1976-05-to-2008-10;loto.csv
1999027-2;1999027;2;1999-04-03;SA;historic-6-plus-complementary;18;42;28;13;31;34;26;;;;;;;1976-05-to-2008-10;loto.csv
1999028-1;1999028;1;1999-04-07;ME;historic-6-plus-complementary;5;11;49;22;41;24;3;;;;;;;1976-05-to-2008-10;loto.csv
1999028-2;1999028;2;1999-04-07;ME;historic-6-plus-complementary;10;17;28;16;9;33;41;;;;;;;1976-05-to-2008-10;loto.csv
1999029-1;1999029;1;1999-04-10;SA;historic-6-plus-complementary;7;35;44;29;20;41;33;;;;;;;1976-05-to-2008-10;loto.csv
1999029-2;1999029;2;1999-04-10;SA;historic-6-plus-complementary;40;14;30;39;37;28;25;;;;;;;1976-05-to-2008-10;loto.csv
1999030-1;1999030;1;1999-04-14;ME;historic-6-plus-complementary;39;34;33;32;21;23;5;;;;;;;1976-05-to-2008-10;loto.csv
1999030-2;1999030;2;1999-04-14;ME;historic-6-plus-complementary;29;32;39;23;30;17;44;;;;;;;1976-05-to-2008-10;loto.csv
1999031-1;1999031;1;1999-04-17;SA;historic-6-plus-complementary;20;15;21;26;9;48;30;;;;;;;1976-05-to-2008-10;loto.csv
1999031-2;1999031;2;1999-04-17;SA;historic-6-plus-complementary;26;37;18;34;28;22;5;;;;;;;1976-05-to-2008-10;loto.csv
1999032-1;1999032;1;1999-04-21;ME;historic-6-plus-complementary;9;4;16;12;38;29;19;;;;;;;1976-05-to-2008-10;loto.csv
1999032-2;1999032;2;1999-04-21;ME;historic-6-plus-complementary;33;7;12;42;27;6;34;;;;;;;1976-05-to-2008-10;loto.csv
1999033-1;1999033;1;1999-04-24;SA;historic-6-plus-complementary;21;12;15;30;16;31;3;;;;;;;1976-05-to-2008-10;loto.csv
1999033-2;1999033;2;1999-04-24;SA;historic-6-plus-complementary;16;32;9;13;3;46;14;;;;;;;1976-05-to-2008-10;loto.csv
1999034-1;1999034;1;1999-04-28;ME;historic-6-plus-complementary;5;15;35;47;42;27;3;;;;;;;1976-05-to-2008-10;loto.csv
1999034-2;1999034;2;1999-04-28;ME;historic-6-plus-complementary;19;9;6;15;24;31;23;;;;;;;1976-05-to-2008-10;loto.csv
1999035-1;1999035;1;1999-05-01;SA;historic-6-plus-complementary;20;27;21;31;42;36;37;;;;;;;1976-05-to-2008-10;loto.csv
1999035-2;1999035;2;1999-05-01;SA;historic-6-plus-complementary;4;41;29;19;18;23;21;;;;;;;1976-05-to-2008-10;loto.csv
1999036-1;1999036;1;1999-05-05;ME;historic-6-plus-complementary;37;26;36;16;35;12;9;;;;;;;1976-05-to-2008-10;loto.csv
1999036-2;1999036;2;1999-05-05;ME;historic-6-plus-complementary;30;41;12;28;19;4;2;;;;;;;1976-05-to-2008-10;loto.csv
1999037-1;1999037;1;1999-05-08;SA;historic-6-plus-complementary;43;13;4;2;23;36;41;;;;;;;1976-05-to-2008-10;loto.csv
1999037-2;1999037;2;1999-05-08;SA;historic-6-plus-complementary;49;24;47;22;23;20;27;;;;;;;1976-05-to-2008-10;loto.csv
1999038-1;1999038;1;1999-05-12;ME;historic-6-plus-complementary;46;34;47;19;35;4;18;;;;;;;1976-05-to-2008-10;loto.csv
1999038-2;1999038;2;1999-05-12;ME;historic-6-plus-complementary;11;17;45;4;26;20;22;;;;;;;1976-05-to-2008-10;loto.csv
1999039-1;1999039;1;1999-05-15;SA;historic-6-plus-complementary;25;37;44;35;42;19;38;;;;;;;1976-05-to-2008-10;loto.csv
1999039-2;1999039;2;1999-05-15;SA;historic-6-plus-complementary;40;43;2;27;39;33;32;;;;;;;1976-05-to-2008-10;loto.csv
1999040-1;1999040;1;1999-05-19;ME;historic-6-plus-complementary;1;20;29;47;44;21;19;;;;;;;1976-05-to-2008-10;loto.csv
1999040-2;1999040;2;1999-05-19;ME;historic-6-plus-complementary;22;32;47;26;37;8;5;;;;;;;1976-05-to-2008-10;loto.csv
1999041-1;1999041;1;1999-05-22;SA;historic-6-plus-complementary;45;1;10;23;11;25;15;;;;;;;1976-05-to-2008-10;loto.csv
1999041-2;1999041;2;1999-05-22;SA;historic-6-plus-complementary;7;5;20;43;21;41;46;;;;;;;1976-05-to-2008-10;loto.csv
1999042-1;1999042;1;1999-05-26;ME;historic-6-plus-complementary;44;22;46;19;14;41;24;;;;;;;1976-05-to-2008-10;loto.csv
1999042-2;1999042;2;1999-05-26;ME;historic-6-plus-complementary;38;40;37;1;10;6;18;;;;;;;1976-05-to-2008-10;loto.csv
1999043-1;1999043;1;1999-05-29;SA;historic-6-plus-complementary;26;18;25;5;46;16;11;;;;;;;1976-05-to-2008-10;loto.csv
1999043-2;1999043;2;1999-05-29;SA;historic-6-plus-complementary;4;48;13;36;47;16;20;;;;;;;1976-05-to-2008-10;loto.csv
1999044-1;1999044;1;1999-06-02;ME;historic-6-plus-complementary;23;20;4;40;2;7;3;;;;;;;1976-05-to-2008-10;loto.csv
1999044-2;1999044;2;1999-06-02;ME;historic-6-plus-complementary;29;22;38;2;37;16;33;;;;;;;1976-05-to-2008-10;loto.csv
1999045-1;1999045;1;1999-06-05;SA;historic-6-plus-complementary;44;42;19;16;22;39;25;;;;;;;1976-05-to-2008-10;loto.csv
1999045-2;1999045;2;1999-06-05;SA;historic-6-plus-complementary;6;39;35;17;36;31;18;;;;;;;1976-05-to-2008-10;loto.csv
1999046-1;1999046;1;1999-06-09;ME;historic-6-plus-complementary;17;5;22;3;35;41;48;;;;;;;1976-05-to-2008-10;loto.csv
1999046-2;1999046;2;1999-06-09;ME;historic-6-plus-complementary;18;9;14;49;12;11;30;;;;;;;1976-05-to-2008-10;loto.csv
1999047-1;1999047;1;1999-06-12;SA;historic-6-plus-complementary;18;20;46;14;27;15;22;;;;;;;1976-05-to-2008-10;loto.csv
1999047-2;1999047;2;1999-06-12;SA;historic-6-plus-complementary;11;24;49;6;38;35;37;;;;;;;1976-05-to-2008-10;loto.csv
1999048-1;1999048;1;1999-06-16;ME;historic-6-plus-complementary;3;5;37;39;46;2;22;;;;;;;1976-05-to-2008-10;loto.csv
1999048-2;1999048;2;1999-06-16;ME;historic-6-plus-complementary;46;37;31;36;15;39;24;;;;;;;1976-05-to-2008-10;loto.csv
1999049-1;1999049;1;1999-06-19;SA;historic-6-plus-complementary;2;40;19;8;45;1;31;;;;;;;1976-05-to-2008-10;loto.csv
1999049-2;1999049;2;1999-06-19;SA;historic-6-plus-complementary;34;20;35;40;30;28;5;;;;;;;1976-05-to-2008-10;loto.csv
1999050-1;1999050;1;1999-06-23;ME;historic-6-plus-complementary;26;20;14;33;23;7;38;;;;;;;1976-05-to-2008-10;loto.csv
1999050-2;1999050;2;1999-06-23;ME;historic-6-plus-complementary;42;19;10;16;8;13;47;;;;;;;1976-05-to-2008-10;loto.csv
1999051-1;1999051;1;1999-06-26;SA;historic-6-plus-complementary;30;47;37;35;36;29;21;;;;;;;1976-05-to-2008-10;loto.csv
1999051-2;1999051;2;1999-06-26;SA;historic-6-plus-complementary;46;9;2;22;5;11;25;;;;;;;1976-05-to-2008-10;loto.csv
1999052-1;1999052;1;1999-06-30;ME;historic-6-plus-complementary;42;5;22;39;46;34;47;;;;;;;1976-05-to-2008-10;loto.csv
1999052-2;1999052;2;1999-06-30;ME;historic-6-plus-complementary;20;26;6;21;34;30;5;;;;;;;1976-05-to-2008-10;loto.csv
1999053-1;1999053;1;1999-07-03;SA;historic-6-plus-complementary;32;23;24;37;3;47;29;;;;;;;1976-05-to-2008-10;loto.csv
1999053-2;1999053;2;1999-07-03;SA;historic-6-plus-complementary;38;19;32;31;15;24;23;;;;;;;1976-05-to-2008-10;loto.csv
1999054-1;1999054;1;1999-07-07;ME;historic-6-plus-complementary;3;29;19;27;30;37;14;;;;;;;1976-05-to-2008-10;loto.csv
1999054-2;1999054;2;1999-07-07;ME;historic-6-plus-complementary;27;22;14;24;37;7;3;;;;;;;1976-05-to-2008-10;loto.csv
1999055-1;1999055;1;1999-07-10;SA;historic-6-plus-complementary;3;48;7;15;23;18;45;;;;;;;1976-05-to-2008-10;loto.csv
1999055-2;1999055;2;1999-07-10;SA;historic-6-plus-complementary;28;6;34;22;20;18;24;;;;;;;1976-05-to-2008-10;loto.csv
1999056-1;1999056;1;1999-07-14;ME;historic-6-plus-complementary;16;17;8;29;14;42;31;;;;;;;1976-05-to-2008-10;loto.csv
1999056-2;1999056;2;1999-07-14;ME;historic-6-plus-complementary;48;44;42;28;1;6;18;;;;;;;1976-05-to-2008-10;loto.csv
1999057-1;1999057;1;1999-07-17;SA;historic-6-plus-complementary;25;7;11;27;24;18;19;;;;;;;1976-05-to-2008-10;loto.csv
1999057-2;1999057;2;1999-07-17;SA;historic-6-plus-complementary;7;8;34;38;29;41;11;;;;;;;1976-05-to-2008-10;loto.csv
1999058-1;1999058;1;1999-07-21;ME;historic-6-plus-complementary;36;40;20;19;28;14;11;;;;;;;1976-05-to-2008-10;loto.csv
1999058-2;1999058;2;1999-07-21;ME;historic-6-plus-complementary;34;20;27;13;5;45;44;;;;;;;1976-05-to-2008-10;loto.csv
1999059-1;1999059;1;1999-07-24;SA;historic-6-plus-complementary;20;10;2;41;26;34;13;;;;;;;1976-05-to-2008-10;loto.csv
1999059-2;1999059;2;1999-07-24;SA;historic-6-plus-complementary;49;9;15;37;36;2;38;;;;;;;1976-05-to-2008-10;loto.csv
1999060-1;1999060;1;1999-07-28;ME;historic-6-plus-complementary;20;9;37;39;6;3;40;;;;;;;1976-05-to-2008-10;loto.csv
1999060-2;1999060;2;1999-07-28;ME;historic-6-plus-complementary;47;24;34;48;21;40;42;;;;;;;1976-05-to-2008-10;loto.csv
1999061-1;1999061;1;1999-07-31;SA;historic-6-plus-complementary;40;45;32;47;16;8;23;;;;;;;1976-05-to-2008-10;loto.csv
1999061-2;1999061;2;1999-07-31;SA;historic-6-plus-complementary;7;18;31;28;10;15;3;;;;;;;1976-05-to-2008-10;loto.csv
1999062-1;1999062;1;1999-08-04;ME;historic-6-plus-complementary;23;4;41;12;26;2;3;;;;;;;1976-05-to-2008-10;loto.csv
1999062-2;1999062;2;1999-08-04;ME;historic-6-plus-complementary;40;28;22;30;29;49;32;;;;;;;1976-05-to-2008-10;loto.csv
1999063-1;1999063;1;1999-08-07;SA;historic-6-plus-complementary;31;20;40;30;3;29;5;;;;;;;1976-05-to-2008-10;loto.csv
1999063-2;1999063;2;1999-08-07;SA;historic-6-plus-complementary;31;14;32;7;11;24;9;;;;;;;1976-05-to-2008-10;loto.csv
1999064-1;1999064;1;1999-08-11;ME;historic-6-plus-complementary;15;24;47;38;28;45;44;;;;;;;1976-05-to-2008-10;loto.csv
1999064-2;1999064;2;1999-08-11;ME;historic-6-plus-complementary;11;31;1;47;32;4;43;;;;;;;1976-05-to-2008-10;loto.csv
1999065-1;1999065;1;1999-08-14;SA;historic-6-plus-complementary;44;5;33;1;39;22;41;;;;;;;1976-05-to-2008-10;loto.csv
1999065-2;1999065;2;1999-08-14;SA;historic-6-plus-complementary;15;33;35;9;19;40;22;;;;;;;1976-05-to-2008-10;loto.csv
1999066-1;1999066;1;1999-08-18;ME;historic-6-plus-complementary;21;46;33;15;7;22;16;;;;;;;1976-05-to-2008-10;loto.csv
1999066-2;1999066;2;1999-08-18;ME;historic-6-plus-complementary;17;4;20;44;49;6;11;;;;;;;1976-05-to-2008-10;loto.csv
1999067-1;1999067;1;1999-08-21;SA;historic-6-plus-complementary;41;11;46;34;26;9;28;;;;;;;1976-05-to-2008-10;loto.csv
1999067-2;1999067;2;1999-08-21;SA;historic-6-plus-complementary;10;1;31;34;14;36;4;;;;;;;1976-05-to-2008-10;loto.csv
1999068-1;1999068;1;1999-08-25;ME;historic-6-plus-complementary;8;48;6;12;15;41;11;;;;;;;1976-05-to-2008-10;loto.csv
1999068-2;1999068;2;1999-08-25;ME;historic-6-plus-complementary;47;7;20;9;23;2;24;;;;;;;1976-05-to-2008-10;loto.csv
1999069-1;1999069;1;1999-08-28;SA;historic-6-plus-complementary;7;17;44;25;47;37;2;;;;;;;1976-05-to-2008-10;loto.csv
1999069-2;1999069;2;1999-08-28;SA;historic-6-plus-complementary;7;1;40;5;2;20;44;;;;;;;1976-05-to-2008-10;loto.csv
1999070-1;1999070;1;1999-09-01;ME;historic-6-plus-complementary;26;9;4;19;11;46;30;;;;;;;1976-05-to-2008-10;loto.csv
1999070-2;1999070;2;1999-09-01;ME;historic-6-plus-complementary;11;18;6;7;28;42;21;;;;;;;1976-05-to-2008-10;loto.csv
1999071-1;1999071;1;1999-09-04;SA;historic-6-plus-complementary;3;47;36;26;39;32;40;;;;;;;1976-05-to-2008-10;loto.csv
1999071-2;1999071;2;1999-09-04;SA;historic-6-plus-complementary;15;47;41;38;6;29;28;;;;;;;1976-05-to-2008-10;loto.csv
1999072-1;1999072;1;1999-09-08;ME;historic-6-plus-complementary;42;6;40;45;7;28;10;;;;;;;1976-05-to-2008-10;loto.csv
1999072-2;1999072;2;1999-09-08;ME;historic-6-plus-complementary;33;25;49;31;48;45;37;;;;;;;1976-05-to-2008-10;loto.csv
1999073-1;1999073;1;1999-09-11;SA;historic-6-plus-complementary;3;49;9;23;48;8;26;;;;;;;1976-05-to-2008-10;loto.csv
1999073-2;1999073;2;1999-09-11;SA;historic-6-plus-complementary;10;24;18;17;4;26;15;;;;;;;1976-05-to-2008-10;loto.csv
1999074-1;1999074;1;1999-09-15;ME;historic-6-plus-complementary;3;30;13;37;43;11;45;;;;;;;1976-05-to-2008-10;loto.csv
1999074-2;1999074;2;1999-09-15;ME;historic-6-plus-complementary;1;8;42;3;45;4;33;;;;;;;1976-05-to-2008-10;loto.csv
1999075-1;1999075;1;1999-09-18;SA;historic-6-plus-complementary;33;26;15;35;22;44;16;;;;;;;1976-05-to-2008-10;loto.csv
1999075-2;1999075;2;1999-09-18;SA;historic-6-plus-complementary;12;9;11;35;7;37;48;;;;;;;1976-05-to-2008-10;loto.csv
1999076-1;1999076;1;1999-09-22;ME;historic-6-plus-complementary;6;8;14;31;20;32;13;;;;;;;1976-05-to-2008-10;loto.csv
1999076-2;1999076;2;1999-09-22;ME;historic-6-plus-complementary;30;37;17;25;46;10;27;;;;;;;1976-05-to-2008-10;loto.csv
1999077-1;1999077;1;1999-09-25;SA;historic-6-plus-complementary;45;22;49;48;12;6;46;;;;;;;1976-05-to-2008-10;loto.csv
1999077-2;1999077;2;1999-09-25;SA;historic-6-plus-complementary;10;5;11;2;15;18;24;;;;;;;1976-05-to-2008-10;loto.csv
1999078-1;1999078;1;1999-09-29;ME;historic-6-plus-complementary;3;11;13;22;28;34;14;;;;;;;1976-05-to-2008-10;loto.csv
1999078-2;1999078;2;1999-09-29;ME;historic-6-plus-complementary;30;38;2;12;1;3;41;;;;;;;1976-05-to-2008-10;loto.csv
1999079-1;1999079;1;1999-10-02;SA;historic-6-plus-complementary;45;27;2;3;21;25;39;;;;;;;1976-05-to-2008-10;loto.csv
1999079-2;1999079;2;1999-10-02;SA;historic-6-plus-complementary;45;12;7;33;23;22;38;;;;;;;1976-05-to-2008-10;loto.csv
1999080-1;1999080;1;1999-10-06;ME;historic-6-plus-complementary;49;35;39;25;46;14;3;;;;;;;1976-05-to-2008-10;loto.csv
1999080-2;1999080;2;1999-10-06;ME;historic-6-plus-complementary;38;5;39;20;42;37;33;;;;;;;1976-05-to-2008-10;loto.csv
1999081-1;1999081;1;1999-10-09;SA;historic-6-plus-complementary;42;29;20;33;30;47;13;;;;;;;1976-05-to-2008-10;loto.csv
1999081-2;1999081;2;1999-10-09;SA;historic-6-plus-complementary;49;27;21;34;5;16;41;;;;;;;1976-05-to-2008-10;loto.csv
1999082-1;1999082;1;1999-10-13;ME;historic-6-plus-complementary;10;26;12;9;30;17;23;;;;;;;1976-05-to-2008-10;loto.csv
1999082-2;1999082;2;1999-10-13;ME;historic-6-plus-complementary;32;35;2;36;44;26;15;;;;;;;1976-05-to-2008-10;loto.csv
1999083-1;1999083;1;1999-10-16;SA;historic-6-plus-complementary;47;2;15;5;11;8;9;;;;;;;1976-05-to-2008-10;loto.csv
1999083-2;1999083;2;1999-10-16;SA;historic-6-plus-complementary;33;26;42;13;6;41;32;;;;;;;1976-05-to-2008-10;loto.csv
1999084-1;1999084;1;1999-10-20;ME;historic-6-plus-complementary;28;21;18;14;7;37;47;;;;;;;1976-05-to-2008-10;loto.csv
1999084-2;1999084;2;1999-10-20;ME;historic-6-plus-complementary;7;23;12;38;39;10;32;;;;;;;1976-05-to-2008-10;loto.csv
1999085-1;1999085;1;1999-10-23;SA;historic-6-plus-complementary;3;32;1;13;16;46;21;;;;;;;1976-05-to-2008-10;loto.csv
1999085-2;1999085;2;1999-10-23;SA;historic-6-plus-complementary;12;28;23;26;49;16;5;;;;;;;1976-05-to-2008-10;loto.csv
1999086-1;1999086;1;1999-10-27;ME;historic-6-plus-complementary;12;23;48;3;38;15;10;;;;;;;1976-05-to-2008-10;loto.csv
1999086-2;1999086;2;1999-10-27;ME;historic-6-plus-complementary;33;3;31;25;34;7;44;;;;;;;1976-05-to-2008-10;loto.csv
1999087-1;1999087;1;1999-10-30;SA;historic-6-plus-complementary;27;17;10;49;5;3;33;;;;;;;1976-05-to-2008-10;loto.csv
1999087-2;1999087;2;1999-10-30;SA;historic-6-plus-complementary;2;24;23;6;1;10;39;;;;;;;1976-05-to-2008-10;loto.csv
1999088-1;1999088;1;1999-11-03;ME;historic-6-plus-complementary;32;43;8;25;35;28;40;;;;;;;1976-05-to-2008-10;loto.csv
1999088-2;1999088;2;1999-11-03;ME;historic-6-plus-complementary;20;24;29;21;15;18;22;;;;;;;1976-05-to-2008-10;loto.csv
1999089-1;1999089;1;1999-11-06;SA;historic-6-plus-complementary;17;29;3;39;12;47;22;;;;;;;1976-05-to-2008-10;loto.csv
1999089-2;1999089;2;1999-11-06;SA;historic-6-plus-complementary;38;36;7;45;12;16;20;;;;;;;1976-05-to-2008-10;loto.csv
1999090-1;1999090;1;1999-11-10;ME;historic-6-plus-complementary;36;10;21;29;47;5;46;;;;;;;1976-05-to-2008-10;loto.csv
1999090-2;1999090;2;1999-11-10;ME;historic-6-plus-complementary;33;9;40;23;1;41;3;;;;;;;1976-05-to-2008-10;loto.csv
1999091-1;1999091;1;1999-11-13;SA;historic-6-plus-complementary;11;38;12;31;4;6;1;;;;;;;1976-05-to-2008-10;loto.csv
1999091-2;1999091;2;1999-11-13;SA;historic-6-plus-complementary;11;35;20;49;23;38;48;;;;;;;1976-05-to-2008-10;loto.csv
1999092-1;1999092;1;1999-11-17;ME;historic-6-plus-complementary;36;35;20;8;24;10;18;;;;;;;1976-05-to-2008-10;loto.csv
1999092-2;1999092;2;1999-11-17;ME;historic-6-plus-complementary;49;2;19;34;29;11;47;;;;;;;1976-05-to-2008-10;loto.csv
1999093-1;1999093;1;1999-11-20;SA;historic-6-plus-complementary;1;41;2;25;48;49;24;;;;;;;1976-05-to-2008-10;loto.csv
1999093-2;1999093;2;1999-11-20;SA;historic-6-plus-complementary;19;45;2;25;10;46;8;;;;;;;1976-05-to-2008-10;loto.csv
1999094-1;1999094;1;1999-11-24;ME;historic-6-plus-complementary;6;31;47;44;40;10;39;;;;;;;1976-05-to-2008-10;loto.csv
1999094-2;1999094;2;1999-11-24;ME;historic-6-plus-complementary;14;30;37;13;49;44;5;;;;;;;1976-05-to-2008-10;loto.csv
1999095-1;1999095;1;1999-11-27;SA;historic-6-plus-complementary;31;48;33;4;5;43;19;;;;;;;1976-05-to-2008-10;loto.csv
1999095-2;1999095;2;1999-11-27;SA;historic-6-plus-complementary;40;42;6;35;19;10;38;;;;;;;1976-05-to-2008-10;loto.csv
1999096-1;1999096;1;1999-12-01;ME;historic-6-plus-complementary;4;1;49;23;26;9;2;;;;;;;1976-05-to-2008-10;loto.csv
1999096-2;1999096;2;1999-12-01;ME;historic-6-plus-complementary;49;14;21;4;24;2;15;;;;;;;1976-05-to-2008-10;loto.csv
1999097-1;1999097;1;1999-12-04;SA;historic-6-plus-complementary;48;45;21;43;16;38;33;;;;;;;1976-05-to-2008-10;loto.csv
1999097-2;1999097;2;1999-12-04;SA;historic-6-plus-complementary;1;19;31;43;4;35;37;;;;;;;1976-05-to-2008-10;loto.csv
1999098-1;1999098;1;1999-12-08;ME;historic-6-plus-complementary;45;46;1;32;9;11;34;;;;;;;1976-05-to-2008-10;loto.csv
1999098-2;1999098;2;1999-12-08;ME;historic-6-plus-complementary;24;20;12;5;7;35;19;;;;;;;1976-05-to-2008-10;loto.csv
1999099-1;1999099;1;1999-12-11;SA;historic-6-plus-complementary;11;48;45;35;46;31;21;;;;;;;1976-05-to-2008-10;loto.csv
1999099-2;1999099;2;1999-12-11;SA;historic-6-plus-complementary;28;40;22;2;37;31;24;;;;;;;1976-05-to-2008-10;loto.csv
1999100-1;1999100;1;1999-12-15;ME;historic-6-plus-complementary;34;4;27;49;6;36;15;;;;;;;1976-05-to-2008-10;loto.csv
1999100-2;1999100;2;1999-12-15;ME;historic-6-plus-complementary;45;43;35;2;12;29;39;;;;;;;1976-05-to-2008-10;loto.csv
1999101-1;1999101;1;1999-12-18;SA;historic-6-plus-complementary;19;45;37;9;2;31;44;;;;;;;1976-05-to-2008-10;loto.csv
1999101-2;1999101;2;1999-12-18;SA;historic-6-plus-complementary;30;38;39;19;37;10;23;;;;;;;1976-05-to-2008-10;loto.csv
1999102-1;1999102;1;1999-12-22;ME;historic-6-plus-complementary;28;21;27;6;31;8;38;;;;;;;1976-05-to-2008-10;loto.csv
1999102-2;1999102;2;1999-12-22;ME;historic-6-plus-complementary;8;41;43;33;44;15;42;;;;;;;1976-05-to-2008-10;loto.csv
1999103-1;1999103;1;1999-12-25;SA;historic-6-plus-complementary;37;14;36;41;1;11;3;;;;;;;1976-05-to-2008-10;loto.csv
1999103-2;1999103;2;1999-12-25;SA;historic-6-plus-complementary;23;8;49;11;47;44;18;;;;;;;1976-05-to-2008-10;loto.csv
1999104-1;1999104;1;1999-12-29;ME;historic-6-plus-complementary;45;25;11;39;38;37;43;;;;;;;1976-05-to-2008-10;loto.csv
1999104-2;1999104;2;1999-12-29;ME;historic-6-plus-complementary;15;26;19;47;27;35;34;;;;;;;1976-05-to-2008-10;loto.csv
2000001-1;2000001;1;2000-01-01;SA;historic-6-plus-complementary;43;35;49;12;2;7;44;;;;;;;1976-05-to-2008-10;loto.csv
2000001-2;2000001;2;2000-01-01;SA;historic-6-plus-complementary;35;28;27;39;30;33;41;;;;;;;1976-05-to-2008-10;loto.csv
2000002-1;2000002;1;2000-01-05;ME;historic-6-plus-complementary;15;22;13;21;27;7;35;;;;;;;1976-05-to-2008-10;loto.csv
2000002-2;2000002;2;2000-01-05;ME;historic-6-plus-complementary;6;47;42;11;3;40;41;;;;;;;1976-05-to-2008-10;loto.csv
2000003-1;2000003;1;2000-01-08;SA;historic-6-plus-complementary;29;31;40;21;44;1;20;;;;;;;1976-05-to-2008-10;loto.csv
2000003-2;2000003;2;2000-01-08;SA;historic-6-plus-complementary;23;31;36;14;35;47;7;;;;;;;1976-05-to-2008-10;loto.csv
2000004-1;2000004;1;2000-01-12;ME;historic-6-plus-complementary;7;29;36;30;18;47;15;;;;;;;1976-05-to-2008-10;loto.csv
2000004-2;2000004;2;2000-01-12;ME;historic-6-plus-complementary;25;22;7;4;26;31;6;;;;;;;1976-05-to-2008-10;loto.csv
2000005-1;2000005;1;2000-01-15;SA;historic-6-plus-complementary;42;16;7;46;30;26;41;;;;;;;1976-05-to-2008-10;loto.csv
2000005-2;2000005;2;2000-01-15;SA;historic-6-plus-complementary;43;8;14;12;7;17;9;;;;;;;1976-05-to-2008-10;loto.csv
2000006-1;2000006;1;2000-01-19;ME;historic-6-plus-complementary;22;39;25;10;41;20;27;;;;;;;1976-05-to-2008-10;loto.csv
2000006-2;2000006;2;2000-01-19;ME;historic-6-plus-complementary;40;5;1;10;49;25;8;;;;;;;1976-05-to-2008-10;loto.csv
2000007-1;2000007;1;2000-01-22;SA;historic-6-plus-complementary;14;28;37;16;7;2;24;;;;;;;1976-05-to-2008-10;loto.csv
2000007-2;2000007;2;2000-01-22;SA;historic-6-plus-complementary;18;23;9;4;28;40;2;;;;;;;1976-05-to-2008-10;loto.csv
2000008-1;2000008;1;2000-01-26;ME;historic-6-plus-complementary;19;12;25;48;47;4;28;;;;;;;1976-05-to-2008-10;loto.csv
2000008-2;2000008;2;2000-01-26;ME;historic-6-plus-complementary;4;22;48;15;11;8;18;;;;;;;1976-05-to-2008-10;loto.csv
2000009-1;2000009;1;2000-01-29;SA;historic-6-plus-complementary;45;43;37;28;44;16;23;;;;;;;1976-05-to-2008-10;loto.csv
2000009-2;2000009;2;2000-01-29;SA;historic-6-plus-complementary;12;7;32;9;3;29;13;;;;;;;1976-05-to-2008-10;loto.csv
2000010-1;2000010;1;2000-02-02;ME;historic-6-plus-complementary;12;16;6;7;41;46;32;;;;;;;1976-05-to-2008-10;loto.csv
2000010-2;2000010;2;2000-02-02;ME;historic-6-plus-complementary;9;47;4;7;44;46;32;;;;;;;1976-05-to-2008-10;loto.csv
2000011-1;2000011;1;2000-02-05;SA;historic-6-plus-complementary;28;41;22;33;49;6;4;;;;;;;1976-05-to-2008-10;loto.csv
2000011-2;2000011;2;2000-02-05;SA;historic-6-plus-complementary;45;21;48;25;33;38;15;;;;;;;1976-05-to-2008-10;loto.csv
2000012-1;2000012;1;2000-02-09;ME;historic-6-plus-complementary;41;38;20;49;40;21;34;;;;;;;1976-05-to-2008-10;loto.csv
2000012-2;2000012;2;2000-02-09;ME;historic-6-plus-complementary;14;10;49;19;5;11;18;;;;;;;1976-05-to-2008-10;loto.csv
2000013-1;2000013;1;2000-02-12;SA;historic-6-plus-complementary;22;15;7;17;18;19;42;;;;;;;1976-05-to-2008-10;loto.csv
2000013-2;2000013;2;2000-02-12;SA;historic-6-plus-complementary;31;44;3;9;34;27;29;;;;;;;1976-05-to-2008-10;loto.csv
2000014-1;2000014;1;2000-02-16;ME;historic-6-plus-complementary;3;8;29;31;18;46;33;;;;;;;1976-05-to-2008-10;loto.csv
2000014-2;2000014;2;2000-02-16;ME;historic-6-plus-complementary;22;33;40;18;23;6;16;;;;;;;1976-05-to-2008-10;loto.csv
2000015-1;2000015;1;2000-02-19;SA;historic-6-plus-complementary;21;17;48;4;39;31;13;;;;;;;1976-05-to-2008-10;loto.csv
2000015-2;2000015;2;2000-02-19;SA;historic-6-plus-complementary;43;12;8;3;7;36;30;;;;;;;1976-05-to-2008-10;loto.csv
2000016-1;2000016;1;2000-02-23;ME;historic-6-plus-complementary;30;17;2;12;39;18;42;;;;;;;1976-05-to-2008-10;loto.csv
2000016-2;2000016;2;2000-02-23;ME;historic-6-plus-complementary;37;1;10;5;44;38;2;;;;;;;1976-05-to-2008-10;loto.csv
2000017-1;2000017;1;2000-02-26;SA;historic-6-plus-complementary;11;12;17;29;30;49;5;;;;;;;1976-05-to-2008-10;loto.csv
2000017-2;2000017;2;2000-02-26;SA;historic-6-plus-complementary;11;33;3;43;9;16;25;;;;;;;1976-05-to-2008-10;loto.csv
2000018-1;2000018;1;2000-03-01;ME;historic-6-plus-complementary;42;24;3;18;28;10;32;;;;;;;1976-05-to-2008-10;loto.csv
2000018-2;2000018;2;2000-03-01;ME;historic-6-plus-complementary;5;27;7;28;32;45;19;;;;;;;1976-05-to-2008-10;loto.csv
2000019-1;2000019;1;2000-03-04;SA;historic-6-plus-complementary;48;24;18;11;42;49;5;;;;;;;1976-05-to-2008-10;loto.csv
2000019-2;2000019;2;2000-03-04;SA;historic-6-plus-complementary;16;6;44;4;33;15;7;;;;;;;1976-05-to-2008-10;loto.csv
2000020-1;2000020;1;2000-03-08;ME;historic-6-plus-complementary;21;31;4;48;42;44;6;;;;;;;1976-05-to-2008-10;loto.csv
2000020-2;2000020;2;2000-03-08;ME;historic-6-plus-complementary;5;33;23;36;27;12;19;;;;;;;1976-05-to-2008-10;loto.csv
2000021-1;2000021;1;2000-03-11;SA;historic-6-plus-complementary;45;15;18;44;14;42;25;;;;;;;1976-05-to-2008-10;loto.csv
2000021-2;2000021;2;2000-03-11;SA;historic-6-plus-complementary;47;45;26;17;43;3;46;;;;;;;1976-05-to-2008-10;loto.csv
2000022-1;2000022;1;2000-03-15;ME;historic-6-plus-complementary;12;30;2;47;48;21;46;;;;;;;1976-05-to-2008-10;loto.csv
2000022-2;2000022;2;2000-03-15;ME;historic-6-plus-complementary;36;25;41;39;24;32;12;;;;;;;1976-05-to-2008-10;loto.csv
2000023-1;2000023;1;2000-03-18;SA;historic-6-plus-complementary;4;13;38;43;31;10;23;;;;;;;1976-05-to-2008-10;loto.csv
2000023-2;2000023;2;2000-03-18;SA;historic-6-plus-complementary;11;15;32;47;24;40;19;;;;;;;1976-05-to-2008-10;loto.csv
2000024-1;2000024;1;2000-03-22;ME;historic-6-plus-complementary;46;33;3;11;43;6;1;;;;;;;1976-05-to-2008-10;loto.csv
2000024-2;2000024;2;2000-03-22;ME;historic-6-plus-complementary;6;44;28;19;21;18;30;;;;;;;1976-05-to-2008-10;loto.csv
2000025-1;2000025;1;2000-03-25;SA;historic-6-plus-complementary;26;43;45;4;10;1;49;;;;;;;1976-05-to-2008-10;loto.csv
2000025-2;2000025;2;2000-03-25;SA;historic-6-plus-complementary;7;46;30;37;47;42;11;;;;;;;1976-05-to-2008-10;loto.csv
2000026-1;2000026;1;2000-03-29;ME;historic-6-plus-complementary;36;27;47;35;39;44;33;;;;;;;1976-05-to-2008-10;loto.csv
2000026-2;2000026;2;2000-03-29;ME;historic-6-plus-complementary;32;12;1;17;26;43;37;;;;;;;1976-05-to-2008-10;loto.csv
2000027-1;2000027;1;2000-04-01;SA;historic-6-plus-complementary;44;31;35;18;37;49;32;;;;;;;1976-05-to-2008-10;loto.csv
2000027-2;2000027;2;2000-04-01;SA;historic-6-plus-complementary;47;36;32;44;26;8;14;;;;;;;1976-05-to-2008-10;loto.csv
2000028-1;2000028;1;2000-04-05;ME;historic-6-plus-complementary;24;44;41;47;15;42;18;;;;;;;1976-05-to-2008-10;loto.csv
2000028-2;2000028;2;2000-04-05;ME;historic-6-plus-complementary;42;20;29;43;31;30;41;;;;;;;1976-05-to-2008-10;loto.csv
2000029-1;2000029;1;2000-04-08;SA;historic-6-plus-complementary;23;1;24;31;44;48;46;;;;;;;1976-05-to-2008-10;loto.csv
2000029-2;2000029;2;2000-04-08;SA;historic-6-plus-complementary;8;4;47;44;6;9;35;;;;;;;1976-05-to-2008-10;loto.csv
2000030-1;2000030;1;2000-04-12;ME;historic-6-plus-complementary;48;14;36;21;46;6;13;;;;;;;1976-05-to-2008-10;loto.csv
2000030-2;2000030;2;2000-04-12;ME;historic-6-plus-complementary;7;33;15;37;34;17;30;;;;;;;1976-05-to-2008-10;loto.csv
2000031-1;2000031;1;2000-04-15;SA;historic-6-plus-complementary;46;47;24;17;45;18;36;;;;;;;1976-05-to-2008-10;loto.csv
2000031-2;2000031;2;2000-04-15;SA;historic-6-plus-complementary;41;24;13;22;42;2;3;;;;;;;1976-05-to-2008-10;loto.csv
2000032-1;2000032;1;2000-04-19;ME;historic-6-plus-complementary;46;30;12;5;42;37;36;;;;;;;1976-05-to-2008-10;loto.csv
2000032-2;2000032;2;2000-04-19;ME;historic-6-plus-complementary;32;19;43;20;34;46;1;;;;;;;1976-05-to-2008-10;loto.csv
2000033-1;2000033;1;2000-04-22;SA;historic-6-plus-complementary;18;48;44;6;28;43;14;;;;;;;1976-05-to-2008-10;loto.csv
2000033-2;2000033;2;2000-04-22;SA;historic-6-plus-complementary;10;47;4;1;18;46;27;;;;;;;1976-05-to-2008-10;loto.csv
2000034-1;2000034;1;2000-04-26;ME;historic-6-plus-complementary;10;42;31;35;20;28;47;;;;;;;1976-05-to-2008-10;loto.csv
2000034-2;2000034;2;2000-04-26;ME;historic-6-plus-complementary;9;14;13;33;30;46;15;;;;;;;1976-05-to-2008-10;loto.csv
2000035-1;2000035;1;2000-04-29;SA;historic-6-plus-complementary;25;6;38;49;29;7;39;;;;;;;1976-05-to-2008-10;loto.csv
2000035-2;2000035;2;2000-04-29;SA;historic-6-plus-complementary;4;30;44;15;34;36;37;;;;;;;1976-05-to-2008-10;loto.csv
2000036-1;2000036;1;2000-05-03;ME;historic-6-plus-complementary;27;28;36;48;8;18;30;;;;;;;1976-05-to-2008-10;loto.csv
2000036-2;2000036;2;2000-05-03;ME;historic-6-plus-complementary;39;34;35;30;45;24;14;;;;;;;1976-05-to-2008-10;loto.csv
2000037-1;2000037;1;2000-05-06;SA;historic-6-plus-complementary;1;15;39;19;30;8;43;;;;;;;1976-05-to-2008-10;loto.csv
2000037-2;2000037;2;2000-05-06;SA;historic-6-plus-complementary;11;48;21;26;17;4;13;;;;;;;1976-05-to-2008-10;loto.csv
2000038-1;2000038;1;2000-05-10;ME;historic-6-plus-complementary;46;30;19;45;41;11;47;;;;;;;1976-05-to-2008-10;loto.csv
2000038-2;2000038;2;2000-05-10;ME;historic-6-plus-complementary;42;46;21;31;2;24;3;;;;;;;1976-05-to-2008-10;loto.csv
2000039-1;2000039;1;2000-05-13;SA;historic-6-plus-complementary;24;10;18;47;41;46;5;;;;;;;1976-05-to-2008-10;loto.csv
2000039-2;2000039;2;2000-05-13;SA;historic-6-plus-complementary;5;32;13;21;37;22;8;;;;;;;1976-05-to-2008-10;loto.csv
2000040-1;2000040;1;2000-05-17;ME;historic-6-plus-complementary;35;21;49;14;40;29;33;;;;;;;1976-05-to-2008-10;loto.csv
2000040-2;2000040;2;2000-05-17;ME;historic-6-plus-complementary;5;39;32;49;34;12;11;;;;;;;1976-05-to-2008-10;loto.csv
2000041-1;2000041;1;2000-05-20;SA;historic-6-plus-complementary;46;36;8;7;15;12;30;;;;;;;1976-05-to-2008-10;loto.csv
2000041-2;2000041;2;2000-05-20;SA;historic-6-plus-complementary;49;31;26;48;13;35;17;;;;;;;1976-05-to-2008-10;loto.csv
2000042-1;2000042;1;2000-05-24;ME;historic-6-plus-complementary;42;39;17;4;33;8;20;;;;;;;1976-05-to-2008-10;loto.csv
2000042-2;2000042;2;2000-05-24;ME;historic-6-plus-complementary;34;14;6;30;11;7;5;;;;;;;1976-05-to-2008-10;loto.csv
2000043-1;2000043;1;2000-05-27;SA;historic-6-plus-complementary;9;6;27;13;28;25;10;;;;;;;1976-05-to-2008-10;loto.csv
2000043-2;2000043;2;2000-05-27;SA;historic-6-plus-complementary;10;15;23;40;47;46;13;;;;;;;1976-05-to-2008-10;loto.csv
2000044-1;2000044;1;2000-05-31;ME;historic-6-plus-complementary;17;15;24;41;20;49;6;;;;;;;1976-05-to-2008-10;loto.csv
2000044-2;2000044;2;2000-05-31;ME;historic-6-plus-complementary;13;41;15;34;46;42;47;;;;;;;1976-05-to-2008-10;loto.csv
2000045-1;2000045;1;2000-06-03;SA;historic-6-plus-complementary;4;34;23;26;21;44;11;;;;;;;1976-05-to-2008-10;loto.csv
2000045-2;2000045;2;2000-06-03;SA;historic-6-plus-complementary;35;44;49;12;36;31;11;;;;;;;1976-05-to-2008-10;loto.csv
2000046-1;2000046;1;2000-06-07;ME;historic-6-plus-complementary;37;3;31;25;43;10;7;;;;;;;1976-05-to-2008-10;loto.csv
2000046-2;2000046;2;2000-06-07;ME;historic-6-plus-complementary;39;7;47;10;30;26;44;;;;;;;1976-05-to-2008-10;loto.csv
2000047-1;2000047;1;2000-06-10;SA;historic-6-plus-complementary;45;18;42;7;34;25;1;;;;;;;1976-05-to-2008-10;loto.csv
2000047-2;2000047;2;2000-06-10;SA;historic-6-plus-complementary;39;42;5;3;33;41;11;;;;;;;1976-05-to-2008-10;loto.csv
2000048-1;2000048;1;2000-06-14;ME;historic-6-plus-complementary;34;39;15;25;37;9;33;;;;;;;1976-05-to-2008-10;loto.csv
2000048-2;2000048;2;2000-06-14;ME;historic-6-plus-complementary;38;24;39;16;17;6;9;;;;;;;1976-05-to-2008-10;loto.csv
2000049-1;2000049;1;2000-06-17;SA;historic-6-plus-complementary;2;4;25;9;23;13;33;;;;;;;1976-05-to-2008-10;loto.csv
2000049-2;2000049;2;2000-06-17;SA;historic-6-plus-complementary;48;41;44;29;4;39;5;;;;;;;1976-05-to-2008-10;loto.csv
2000050-1;2000050;1;2000-06-21;ME;historic-6-plus-complementary;28;37;1;22;13;4;12;;;;;;;1976-05-to-2008-10;loto.csv
2000050-2;2000050;2;2000-06-21;ME;historic-6-plus-complementary;17;47;2;21;33;4;9;;;;;;;1976-05-to-2008-10;loto.csv
2000051-1;2000051;1;2000-06-24;SA;historic-6-plus-complementary;30;29;24;13;2;7;33;;;;;;;1976-05-to-2008-10;loto.csv
2000051-2;2000051;2;2000-06-24;SA;historic-6-plus-complementary;22;3;38;21;49;32;30;;;;;;;1976-05-to-2008-10;loto.csv
2000052-1;2000052;1;2000-06-28;ME;historic-6-plus-complementary;31;12;30;22;28;16;2;;;;;;;1976-05-to-2008-10;loto.csv
2000052-2;2000052;2;2000-06-28;ME;historic-6-plus-complementary;22;20;10;4;25;44;2;;;;;;;1976-05-to-2008-10;loto.csv
2000053-1;2000053;1;2000-07-01;SA;historic-6-plus-complementary;2;17;8;9;34;36;40;;;;;;;1976-05-to-2008-10;loto.csv
2000053-2;2000053;2;2000-07-01;SA;historic-6-plus-complementary;44;24;4;14;38;33;22;;;;;;;1976-05-to-2008-10;loto.csv
2000054-1;2000054;1;2000-07-05;ME;historic-6-plus-complementary;39;8;35;44;33;6;40;;;;;;;1976-05-to-2008-10;loto.csv
2000054-2;2000054;2;2000-07-05;ME;historic-6-plus-complementary;37;3;24;41;40;19;32;;;;;;;1976-05-to-2008-10;loto.csv
2000055-1;2000055;1;2000-07-08;SA;historic-6-plus-complementary;36;44;32;34;17;6;35;;;;;;;1976-05-to-2008-10;loto.csv
2000055-2;2000055;2;2000-07-08;SA;historic-6-plus-complementary;19;40;6;46;34;8;27;;;;;;;1976-05-to-2008-10;loto.csv
2000056-1;2000056;1;2000-07-12;ME;historic-6-plus-complementary;10;44;20;47;13;22;48;;;;;;;1976-05-to-2008-10;loto.csv
2000056-2;2000056;2;2000-07-12;ME;historic-6-plus-complementary;45;41;2;9;12;11;32;;;;;;;1976-05-to-2008-10;loto.csv
2000057-1;2000057;1;2000-07-15;SA;historic-6-plus-complementary;40;43;9;2;1;19;26;;;;;;;1976-05-to-2008-10;loto.csv
2000057-2;2000057;2;2000-07-15;SA;historic-6-plus-complementary;10;37;22;29;46;43;9;;;;;;;1976-05-to-2008-10;loto.csv
2000058-1;2000058;1;2000-07-19;ME;historic-6-plus-complementary;41;4;47;44;42;13;16;;;;;;;1976-05-to-2008-10;loto.csv
2000058-2;2000058;2;2000-07-19;ME;historic-6-plus-complementary;25;30;1;44;23;24;26;;;;;;;1976-05-to-2008-10;loto.csv
2000059-1;2000059;1;2000-07-22;SA;historic-6-plus-complementary;29;2;11;6;12;33;22;;;;;;;1976-05-to-2008-10;loto.csv
2000059-2;2000059;2;2000-07-22;SA;historic-6-plus-complementary;44;36;45;28;37;30;25;;;;;;;1976-05-to-2008-10;loto.csv
2000060-1;2000060;1;2000-07-26;ME;historic-6-plus-complementary;44;16;9;45;7;18;20;;;;;;;1976-05-to-2008-10;loto.csv
2000060-2;2000060;2;2000-07-26;ME;historic-6-plus-complementary;30;10;27;1;3;43;15;;;;;;;1976-05-to-2008-10;loto.csv
2000061-1;2000061;1;2000-07-29;SA;historic-6-plus-complementary;7;8;10;27;46;11;38;;;;;;;1976-05-to-2008-10;loto.csv
2000061-2;2000061;2;2000-07-29;SA;historic-6-plus-complementary;23;13;36;17;37;43;16;;;;;;;1976-05-to-2008-10;loto.csv
2000062-1;2000062;1;2000-08-02;ME;historic-6-plus-complementary;4;49;27;41;18;31;14;;;;;;;1976-05-to-2008-10;loto.csv
2000062-2;2000062;2;2000-08-02;ME;historic-6-plus-complementary;14;28;17;46;34;26;29;;;;;;;1976-05-to-2008-10;loto.csv
2000063-1;2000063;1;2000-08-05;SA;historic-6-plus-complementary;34;49;7;19;38;47;36;;;;;;;1976-05-to-2008-10;loto.csv
2000063-2;2000063;2;2000-08-05;SA;historic-6-plus-complementary;27;24;5;33;29;4;9;;;;;;;1976-05-to-2008-10;loto.csv
2000064-1;2000064;1;2000-08-09;ME;historic-6-plus-complementary;9;38;39;34;49;36;33;;;;;;;1976-05-to-2008-10;loto.csv
2000064-2;2000064;2;2000-08-09;ME;historic-6-plus-complementary;8;1;16;26;45;35;9;;;;;;;1976-05-to-2008-10;loto.csv
2000065-1;2000065;1;2000-08-12;SA;historic-6-plus-complementary;47;34;49;42;35;48;40;;;;;;;1976-05-to-2008-10;loto.csv
2000065-2;2000065;2;2000-08-12;SA;historic-6-plus-complementary;15;43;22;19;23;41;2;;;;;;;1976-05-to-2008-10;loto.csv
2000066-1;2000066;1;2000-08-16;ME;historic-6-plus-complementary;40;5;36;35;30;20;18;;;;;;;1976-05-to-2008-10;loto.csv
2000066-2;2000066;2;2000-08-16;ME;historic-6-plus-complementary;33;2;28;8;14;24;38;;;;;;;1976-05-to-2008-10;loto.csv
2000067-1;2000067;1;2000-08-19;SA;historic-6-plus-complementary;40;9;43;7;6;4;1;;;;;;;1976-05-to-2008-10;loto.csv
2000067-2;2000067;2;2000-08-19;SA;historic-6-plus-complementary;2;45;49;22;3;18;29;;;;;;;1976-05-to-2008-10;loto.csv
2000068-1;2000068;1;2000-08-23;ME;historic-6-plus-complementary;41;6;18;13;17;42;12;;;;;;;1976-05-to-2008-10;loto.csv
2000068-2;2000068;2;2000-08-23;ME;historic-6-plus-complementary;41;44;27;37;29;43;46;;;;;;;1976-05-to-2008-10;loto.csv
2000069-1;2000069;1;2000-08-26;SA;historic-6-plus-complementary;47;18;12;33;34;44;48;;;;;;;1976-05-to-2008-10;loto.csv
2000069-2;2000069;2;2000-08-26;SA;historic-6-plus-complementary;45;49;30;37;11;1;36;;;;;;;1976-05-to-2008-10;loto.csv
2000070-1;2000070;1;2000-08-30;ME;historic-6-plus-complementary;7;2;1;20;37;33;21;;;;;;;1976-05-to-2008-10;loto.csv
2000070-2;2000070;2;2000-08-30;ME;historic-6-plus-complementary;10;9;13;19;34;7;32;;;;;;;1976-05-to-2008-10;loto.csv
2000071-1;2000071;1;2000-09-02;SA;historic-6-plus-complementary;6;3;20;41;26;15;44;;;;;;;1976-05-to-2008-10;loto.csv
2000071-2;2000071;2;2000-09-02;SA;historic-6-plus-complementary;23;19;11;41;40;44;6;;;;;;;1976-05-to-2008-10;loto.csv
2000072-1;2000072;1;2000-09-06;ME;historic-6-plus-complementary;19;25;41;23;16;39;2;;;;;;;1976-05-to-2008-10;loto.csv
2000072-2;2000072;2;2000-09-06;ME;historic-6-plus-complementary;14;42;4;47;29;37;41;;;;;;;1976-05-to-2008-10;loto.csv
2000073-1;2000073;1;2000-09-09;SA;historic-6-plus-complementary;5;24;19;18;45;12;36;;;;;;;1976-05-to-2008-10;loto.csv
2000073-2;2000073;2;2000-09-09;SA;historic-6-plus-complementary;14;49;17;16;48;41;40;;;;;;;1976-05-to-2008-10;loto.csv
2000074-1;2000074;1;2000-09-13;ME;historic-6-plus-complementary;34;31;20;22;14;27;23;;;;;;;1976-05-to-2008-10;loto.csv
2000074-2;2000074;2;2000-09-13;ME;historic-6-plus-complementary;10;26;31;34;41;45;46;;;;;;;1976-05-to-2008-10;loto.csv
2000075-1;2000075;1;2000-09-16;SA;historic-6-plus-complementary;39;23;48;2;9;19;17;;;;;;;1976-05-to-2008-10;loto.csv
2000075-2;2000075;2;2000-09-16;SA;historic-6-plus-complementary;48;9;7;35;23;4;11;;;;;;;1976-05-to-2008-10;loto.csv
2000076-1;2000076;1;2000-09-20;ME;historic-6-plus-complementary;13;45;32;46;8;23;49;;;;;;;1976-05-to-2008-10;loto.csv
2000076-2;2000076;2;2000-09-20;ME;historic-6-plus-complementary;35;40;4;33;29;7;17;;;;;;;1976-05-to-2008-10;loto.csv
2000077-1;2000077;1;2000-09-23;SA;historic-6-plus-complementary;28;9;13;18;42;19;46;;;;;;;1976-05-to-2008-10;loto.csv
2000077-2;2000077;2;2000-09-23;SA;historic-6-plus-complementary;24;34;35;27;42;45;32;;;;;;;1976-05-to-2008-10;loto.csv
2000078-1;2000078;1;2000-09-27;ME;historic-6-plus-complementary;12;19;23;15;37;35;28;;;;;;;1976-05-to-2008-10;loto.csv
2000078-2;2000078;2;2000-09-27;ME;historic-6-plus-complementary;2;38;22;46;33;25;19;;;;;;;1976-05-to-2008-10;loto.csv
2000079-1;2000079;1;2000-09-30;SA;historic-6-plus-complementary;16;12;14;4;5;47;21;;;;;;;1976-05-to-2008-10;loto.csv
2000079-2;2000079;2;2000-09-30;SA;historic-6-plus-complementary;37;16;24;32;13;27;36;;;;;;;1976-05-to-2008-10;loto.csv
2000080-1;2000080;1;2000-10-04;ME;historic-6-plus-complementary;43;8;13;16;1;42;17;;;;;;;1976-05-to-2008-10;loto.csv
2000080-2;2000080;2;2000-10-04;ME;historic-6-plus-complementary;44;30;47;9;11;35;5;;;;;;;1976-05-to-2008-10;loto.csv
2000081-1;2000081;1;2000-10-07;SA;historic-6-plus-complementary;18;46;48;32;30;10;31;;;;;;;1976-05-to-2008-10;loto.csv
2000081-2;2000081;2;2000-10-07;SA;historic-6-plus-complementary;45;33;24;17;10;1;4;;;;;;;1976-05-to-2008-10;loto.csv
2000082-1;2000082;1;2000-10-11;ME;historic-6-plus-complementary;9;42;40;31;44;49;33;;;;;;;1976-05-to-2008-10;loto.csv
2000082-2;2000082;2;2000-10-11;ME;historic-6-plus-complementary;24;48;44;12;39;21;17;;;;;;;1976-05-to-2008-10;loto.csv
2000083-1;2000083;1;2000-10-14;SA;historic-6-plus-complementary;29;27;17;11;18;20;9;;;;;;;1976-05-to-2008-10;loto.csv
2000083-2;2000083;2;2000-10-14;SA;historic-6-plus-complementary;42;36;13;30;5;40;49;;;;;;;1976-05-to-2008-10;loto.csv
2000084-1;2000084;1;2000-10-18;ME;historic-6-plus-complementary;18;38;19;22;23;15;43;;;;;;;1976-05-to-2008-10;loto.csv
2000084-2;2000084;2;2000-10-18;ME;historic-6-plus-complementary;45;41;34;19;8;44;33;;;;;;;1976-05-to-2008-10;loto.csv
2000085-1;2000085;1;2000-10-21;SA;historic-6-plus-complementary;43;28;37;19;42;7;41;;;;;;;1976-05-to-2008-10;loto.csv
2000085-2;2000085;2;2000-10-21;SA;historic-6-plus-complementary;29;21;45;20;13;12;4;;;;;;;1976-05-to-2008-10;loto.csv
2000086-1;2000086;1;2000-10-25;ME;historic-6-plus-complementary;17;33;5;46;8;24;4;;;;;;;1976-05-to-2008-10;loto.csv
2000086-2;2000086;2;2000-10-25;ME;historic-6-plus-complementary;20;29;34;36;16;5;13;;;;;;;1976-05-to-2008-10;loto.csv
2000087-1;2000087;1;2000-10-28;SA;historic-6-plus-complementary;3;31;34;4;26;6;13;;;;;;;1976-05-to-2008-10;loto.csv
2000087-2;2000087;2;2000-10-28;SA;historic-6-plus-complementary;6;23;7;28;24;26;25;;;;;;;1976-05-to-2008-10;loto.csv
2000088-1;2000088;1;2000-11-01;ME;historic-6-plus-complementary;17;32;24;48;26;47;37;;;;;;;1976-05-to-2008-10;loto.csv
2000088-2;2000088;2;2000-11-01;ME;historic-6-plus-complementary;15;16;10;23;30;5;48;;;;;;;1976-05-to-2008-10;loto.csv
2000089-1;2000089;1;2000-11-04;SA;historic-6-plus-complementary;37;23;1;30;34;8;17;;;;;;;1976-05-to-2008-10;loto.csv
2000089-2;2000089;2;2000-11-04;SA;historic-6-plus-complementary;41;16;22;8;24;44;9;;;;;;;1976-05-to-2008-10;loto.csv
2000090-1;2000090;1;2000-11-08;ME;historic-6-plus-complementary;27;1;3;23;33;17;43;;;;;;;1976-05-to-2008-10;loto.csv
2000090-2;2000090;2;2000-11-08;ME;historic-6-plus-complementary;43;28;20;30;26;33;24;;;;;;;1976-05-to-2008-10;loto.csv
2000091-1;2000091;1;2000-11-11;SA;historic-6-plus-complementary;16;44;31;38;14;45;4;;;;;;;1976-05-to-2008-10;loto.csv
2000091-2;2000091;2;2000-11-11;SA;historic-6-plus-complementary;27;20;22;2;47;33;45;;;;;;;1976-05-to-2008-10;loto.csv
2000092-1;2000092;1;2000-11-15;ME;historic-6-plus-complementary;7;2;46;34;3;10;47;;;;;;;1976-05-to-2008-10;loto.csv
2000092-2;2000092;2;2000-11-15;ME;historic-6-plus-complementary;10;31;12;8;48;1;42;;;;;;;1976-05-to-2008-10;loto.csv
2000093-1;2000093;1;2000-11-18;SA;historic-6-plus-complementary;36;9;17;16;25;18;6;;;;;;;1976-05-to-2008-10;loto.csv
2000093-2;2000093;2;2000-11-18;SA;historic-6-plus-complementary;35;25;39;46;38;23;37;;;;;;;1976-05-to-2008-10;loto.csv
2000094-1;2000094;1;2000-11-22;ME;historic-6-plus-complementary;45;11;25;31;14;4;23;;;;;;;1976-05-to-2008-10;loto.csv
2000094-2;2000094;2;2000-11-22;ME;historic-6-plus-complementary;22;45;14;46;32;6;12;;;;;;;1976-05-to-2008-10;loto.csv
2000095-1;2000095;1;2000-11-25;SA;historic-6-plus-complementary;46;2;5;15;16;30;11;;;;;;;1976-05-to-2008-10;loto.csv
2000095-2;2000095;2;2000-11-25;SA;historic-6-plus-complementary;3;31;27;23;49;32;39;;;;;;;1976-05-to-2008-10;loto.csv
2000096-1;2000096;1;2000-11-29;ME;historic-6-plus-complementary;1;31;46;2;14;28;23;;;;;;;1976-05-to-2008-10;loto.csv
2000096-2;2000096;2;2000-11-29;ME;historic-6-plus-complementary;3;17;15;30;10;47;2;;;;;;;1976-05-to-2008-10;loto.csv
2000097-1;2000097;1;2000-12-02;SA;historic-6-plus-complementary;9;48;1;15;44;7;45;;;;;;;1976-05-to-2008-10;loto.csv
2000097-2;2000097;2;2000-12-02;SA;historic-6-plus-complementary;15;11;34;23;33;18;37;;;;;;;1976-05-to-2008-10;loto.csv
2000098-1;2000098;1;2000-12-06;ME;historic-6-plus-complementary;22;23;1;31;4;29;24;;;;;;;1976-05-to-2008-10;loto.csv
2000098-2;2000098;2;2000-12-06;ME;historic-6-plus-complementary;13;2;21;22;18;27;32;;;;;;;1976-05-to-2008-10;loto.csv
2000099-1;2000099;1;2000-12-09;SA;historic-6-plus-complementary;21;18;19;49;44;24;35;;;;;;;1976-05-to-2008-10;loto.csv
2000099-2;2000099;2;2000-12-09;SA;historic-6-plus-complementary;38;32;18;42;35;34;11;;;;;;;1976-05-to-2008-10;loto.csv
2000100-1;2000100;1;2000-12-13;ME;historic-6-plus-complementary;21;24;29;4;44;25;48;;;;;;;1976-05-to-2008-10;loto.csv
2000100-2;2000100;2;2000-12-13;ME;historic-6-plus-complementary;7;34;27;47;2;32;36;;;;;;;1976-05-to-2008-10;loto.csv
2000101-1;2000101;1;2000-12-16;SA;historic-6-plus-complementary;41;34;20;8;48;3;16;;;;;;;1976-05-to-2008-10;loto.csv
2000101-2;2000101;2;2000-12-16;SA;historic-6-plus-complementary;35;41;32;11;33;6;18;;;;;;;1976-05-to-2008-10;loto.csv
2000102-1;2000102;1;2000-12-20;ME;historic-6-plus-complementary;1;35;41;40;9;7;31;;;;;;;1976-05-to-2008-10;loto.csv
2000102-2;2000102;2;2000-12-20;ME;historic-6-plus-complementary;36;28;21;24;7;25;11;;;;;;;1976-05-to-2008-10;loto.csv
2000103-1;2000103;1;2000-12-23;SA;historic-6-plus-complementary;30;19;39;31;8;5;20;;;;;;;1976-05-to-2008-10;loto.csv
2000103-2;2000103;2;2000-12-23;SA;historic-6-plus-complementary;35;15;47;49;9;12;4;;;;;;;1976-05-to-2008-10;loto.csv
2000104-1;2000104;1;2000-12-27;ME;historic-6-plus-complementary;3;31;13;39;44;9;17;;;;;;;1976-05-to-2008-10;loto.csv
2000104-2;2000104;2;2000-12-27;ME;historic-6-plus-complementary;31;26;10;15;37;16;18;;;;;;;1976-05-to-2008-10;loto.csv
2000105-1;2000105;1;2000-12-30;SA;historic-6-plus-complementary;18;22;29;49;21;9;40;;;;;;;1976-05-to-2008-10;loto.csv
2000105-2;2000105;2;2000-12-30;SA;historic-6-plus-complementary;1;13;6;33;22;37;7;;;;;;;1976-05-to-2008-10;loto.csv
2001001-1;2001001;1;2001-01-03;ME;historic-6-plus-complementary;35;23;43;37;17;45;47;;;;;;;1976-05-to-2008-10;loto.csv
2001001-2;2001001;2;2001-01-03;ME;historic-6-plus-complementary;30;35;1;44;49;46;26;;;;;;;1976-05-to-2008-10;loto.csv
2001002-1;2001002;1;2001-01-06;SA;historic-6-plus-complementary;45;19;34;26;16;4;8;;;;;;;1976-05-to-2008-10;loto.csv
2001002-2;2001002;2;2001-01-06;SA;historic-6-plus-complementary;45;29;19;26;9;8;12;;;;;;;1976-05-to-2008-10;loto.csv
2001003-1;2001003;1;2001-01-10;ME;historic-6-plus-complementary;27;2;48;47;35;8;1;;;;;;;1976-05-to-2008-10;loto.csv
2001003-2;2001003;2;2001-01-10;ME;historic-6-plus-complementary;22;25;19;11;20;2;39;;;;;;;1976-05-to-2008-10;loto.csv
2001004-1;2001004;1;2001-01-13;SA;historic-6-plus-complementary;22;23;42;43;28;14;29;;;;;;;1976-05-to-2008-10;loto.csv
2001004-2;2001004;2;2001-01-13;SA;historic-6-plus-complementary;3;46;45;28;18;41;2;;;;;;;1976-05-to-2008-10;loto.csv
2001005-1;2001005;1;2001-01-17;ME;historic-6-plus-complementary;18;21;27;1;37;34;3;;;;;;;1976-05-to-2008-10;loto.csv
2001005-2;2001005;2;2001-01-17;ME;historic-6-plus-complementary;32;43;49;15;36;29;42;;;;;;;1976-05-to-2008-10;loto.csv
2001006-1;2001006;1;2001-01-20;SA;historic-6-plus-complementary;11;40;6;39;30;10;17;;;;;;;1976-05-to-2008-10;loto.csv
2001006-2;2001006;2;2001-01-20;SA;historic-6-plus-complementary;12;32;16;14;45;43;41;;;;;;;1976-05-to-2008-10;loto.csv
2001007-1;2001007;1;2001-01-24;ME;historic-6-plus-complementary;49;36;25;18;44;10;5;;;;;;;1976-05-to-2008-10;loto.csv
2001007-2;2001007;2;2001-01-24;ME;historic-6-plus-complementary;20;33;46;17;1;27;7;;;;;;;1976-05-to-2008-10;loto.csv
2001008-1;2001008;1;2001-01-27;SA;historic-6-plus-complementary;11;32;46;28;1;21;43;;;;;;;1976-05-to-2008-10;loto.csv
2001008-2;2001008;2;2001-01-27;SA;historic-6-plus-complementary;10;2;18;48;42;29;36;;;;;;;1976-05-to-2008-10;loto.csv
2001009-1;2001009;1;2001-01-31;ME;historic-6-plus-complementary;47;1;39;37;5;40;28;;;;;;;1976-05-to-2008-10;loto.csv
2001009-2;2001009;2;2001-01-31;ME;historic-6-plus-complementary;29;33;43;27;44;46;26;;;;;;;1976-05-to-2008-10;loto.csv
2001010-1;2001010;1;2001-02-03;SA;historic-6-plus-complementary;43;19;15;32;1;23;13;;;;;;;1976-05-to-2008-10;loto.csv
2001010-2;2001010;2;2001-02-03;SA;historic-6-plus-complementary;15;11;38;9;49;18;33;;;;;;;1976-05-to-2008-10;loto.csv
2001011-1;2001011;1;2001-02-07;ME;historic-6-plus-complementary;33;45;48;40;36;19;17;;;;;;;1976-05-to-2008-10;loto.csv
2001011-2;2001011;2;2001-02-07;ME;historic-6-plus-complementary;32;16;9;10;34;14;49;;;;;;;1976-05-to-2008-10;loto.csv
2001012-1;2001012;1;2001-02-10;SA;historic-6-plus-complementary;43;14;26;7;17;30;35;;;;;;;1976-05-to-2008-10;loto.csv
2001012-2;2001012;2;2001-02-10;SA;historic-6-plus-complementary;23;42;20;46;11;38;6;;;;;;;1976-05-to-2008-10;loto.csv
2001013-1;2001013;1;2001-02-14;ME;historic-6-plus-complementary;4;27;23;3;48;12;38;;;;;;;1976-05-to-2008-10;loto.csv
2001013-2;2001013;2;2001-02-14;ME;historic-6-plus-complementary;46;23;38;48;19;16;41;;;;;;;1976-05-to-2008-10;loto.csv
2001014-1;2001014;1;2001-02-17;SA;historic-6-plus-complementary;28;35;46;1;22;45;24;;;;;;;1976-05-to-2008-10;loto.csv
2001014-2;2001014;2;2001-02-17;SA;historic-6-plus-complementary;28;11;40;18;48;12;1;;;;;;;1976-05-to-2008-10;loto.csv
2001015-1;2001015;1;2001-02-21;ME;historic-6-plus-complementary;6;46;32;20;8;39;30;;;;;;;1976-05-to-2008-10;loto.csv
2001015-2;2001015;2;2001-02-21;ME;historic-6-plus-complementary;39;11;12;10;5;46;43;;;;;;;1976-05-to-2008-10;loto.csv
2001016-1;2001016;1;2001-02-24;SA;historic-6-plus-complementary;16;35;28;25;18;9;40;;;;;;;1976-05-to-2008-10;loto.csv
2001016-2;2001016;2;2001-02-24;SA;historic-6-plus-complementary;49;18;23;31;14;46;47;;;;;;;1976-05-to-2008-10;loto.csv
2001017-1;2001017;1;2001-02-28;ME;historic-6-plus-complementary;21;15;12;36;41;29;33;;;;;;;1976-05-to-2008-10;loto.csv
2001017-2;2001017;2;2001-02-28;ME;historic-6-plus-complementary;1;25;11;24;41;10;46;;;;;;;1976-05-to-2008-10;loto.csv
2001018-1;2001018;1;2001-03-03;SA;historic-6-plus-complementary;25;34;36;1;4;33;42;;;;;;;1976-05-to-2008-10;loto.csv
2001018-2;2001018;2;2001-03-03;SA;historic-6-plus-complementary;35;26;46;24;22;25;32;;;;;;;1976-05-to-2008-10;loto.csv
2001019-1;2001019;1;2001-03-07;ME;historic-6-plus-complementary;11;1;6;27;14;47;13;;;;;;;1976-05-to-2008-10;loto.csv
2001019-2;2001019;2;2001-03-07;ME;historic-6-plus-complementary;26;28;42;9;40;10;5;;;;;;;1976-05-to-2008-10;loto.csv
2001020-1;2001020;1;2001-03-10;SA;historic-6-plus-complementary;2;37;46;42;27;19;8;;;;;;;1976-05-to-2008-10;loto.csv
2001020-2;2001020;2;2001-03-10;SA;historic-6-plus-complementary;32;14;27;22;12;39;26;;;;;;;1976-05-to-2008-10;loto.csv
2001021-1;2001021;1;2001-03-14;ME;historic-6-plus-complementary;40;34;36;6;42;7;24;;;;;;;1976-05-to-2008-10;loto.csv
2001021-2;2001021;2;2001-03-14;ME;historic-6-plus-complementary;31;29;4;15;47;36;17;;;;;;;1976-05-to-2008-10;loto.csv
2001022-1;2001022;1;2001-03-17;SA;historic-6-plus-complementary;28;47;16;49;29;23;7;;;;;;;1976-05-to-2008-10;loto.csv
2001022-2;2001022;2;2001-03-17;SA;historic-6-plus-complementary;39;22;29;3;33;44;37;;;;;;;1976-05-to-2008-10;loto.csv
2001023-1;2001023;1;2001-03-21;ME;historic-6-plus-complementary;20;3;42;23;2;6;36;;;;;;;1976-05-to-2008-10;loto.csv
2001023-2;2001023;2;2001-03-21;ME;historic-6-plus-complementary;3;13;16;46;23;7;6;;;;;;;1976-05-to-2008-10;loto.csv
2001024-1;2001024;1;2001-03-24;SA;historic-6-plus-complementary;49;35;48;9;44;33;45;;;;;;;1976-05-to-2008-10;loto.csv
2001024-2;2001024;2;2001-03-24;SA;historic-6-plus-complementary;32;12;7;10;34;48;22;;;;;;;1976-05-to-2008-10;loto.csv
2001025-1;2001025;1;2001-03-28;ME;historic-6-plus-complementary;31;8;24;45;36;11;7;;;;;;;1976-05-to-2008-10;loto.csv
2001025-2;2001025;2;2001-03-28;ME;historic-6-plus-complementary;14;30;20;46;31;28;10;;;;;;;1976-05-to-2008-10;loto.csv
2001026-1;2001026;1;2001-03-31;SA;historic-6-plus-complementary;20;33;42;44;1;31;6;;;;;;;1976-05-to-2008-10;loto.csv
2001026-2;2001026;2;2001-03-31;SA;historic-6-plus-complementary;18;8;17;41;21;33;5;;;;;;;1976-05-to-2008-10;loto.csv
2001027-1;2001027;1;2001-04-04;ME;historic-6-plus-complementary;40;33;47;23;16;39;3;;;;;;;1976-05-to-2008-10;loto.csv
2001027-2;2001027;2;2001-04-04;ME;historic-6-plus-complementary;16;2;43;42;9;49;39;;;;;;;1976-05-to-2008-10;loto.csv
2001028-1;2001028;1;2001-04-07;SA;historic-6-plus-complementary;35;2;24;27;5;46;26;;;;;;;1976-05-to-2008-10;loto.csv
2001028-2;2001028;2;2001-04-07;SA;historic-6-plus-complementary;11;42;15;34;13;4;39;;;;;;;1976-05-to-2008-10;loto.csv
2001029-1;2001029;1;2001-04-11;ME;historic-6-plus-complementary;45;48;41;29;32;20;16;;;;;;;1976-05-to-2008-10;loto.csv
2001029-2;2001029;2;2001-04-11;ME;historic-6-plus-complementary;35;9;29;40;38;20;48;;;;;;;1976-05-to-2008-10;loto.csv
2001030-1;2001030;1;2001-04-14;SA;historic-6-plus-complementary;19;17;20;2;26;48;23;;;;;;;1976-05-to-2008-10;loto.csv
2001030-2;2001030;2;2001-04-14;SA;historic-6-plus-complementary;39;10;43;47;2;49;8;;;;;;;1976-05-to-2008-10;loto.csv
2001031-1;2001031;1;2001-04-18;ME;historic-6-plus-complementary;12;20;24;29;48;33;40;;;;;;;1976-05-to-2008-10;loto.csv
2001031-2;2001031;2;2001-04-18;ME;historic-6-plus-complementary;20;29;27;48;10;24;1;;;;;;;1976-05-to-2008-10;loto.csv
2001032-1;2001032;1;2001-04-21;SA;historic-6-plus-complementary;33;27;13;30;14;44;24;;;;;;;1976-05-to-2008-10;loto.csv
2001032-2;2001032;2;2001-04-21;SA;historic-6-plus-complementary;31;43;26;15;6;25;4;;;;;;;1976-05-to-2008-10;loto.csv
2001033-1;2001033;1;2001-04-25;ME;historic-6-plus-complementary;48;41;49;43;42;21;12;;;;;;;1976-05-to-2008-10;loto.csv
2001033-2;2001033;2;2001-04-25;ME;historic-6-plus-complementary;6;49;10;46;33;2;36;;;;;;;1976-05-to-2008-10;loto.csv
2001034-1;2001034;1;2001-04-28;SA;historic-6-plus-complementary;9;14;30;20;26;40;22;;;;;;;1976-05-to-2008-10;loto.csv
2001034-2;2001034;2;2001-04-28;SA;historic-6-plus-complementary;34;39;30;8;42;21;44;;;;;;;1976-05-to-2008-10;loto.csv
2001035-1;2001035;1;2001-05-02;ME;historic-6-plus-complementary;4;7;18;15;44;26;23;;;;;;;1976-05-to-2008-10;loto.csv
2001035-2;2001035;2;2001-05-02;ME;historic-6-plus-complementary;30;41;49;23;24;2;46;;;;;;;1976-05-to-2008-10;loto.csv
2001036-1;2001036;1;2001-05-05;SA;historic-6-plus-complementary;29;49;33;28;10;38;45;;;;;;;1976-05-to-2008-10;loto.csv
2001036-2;2001036;2;2001-05-05;SA;historic-6-plus-complementary;36;2;12;17;7;4;33;;;;;;;1976-05-to-2008-10;loto.csv
2001037-1;2001037;1;2001-05-09;ME;historic-6-plus-complementary;34;38;10;2;24;35;37;;;;;;;1976-05-to-2008-10;loto.csv
2001037-2;2001037;2;2001-05-09;ME;historic-6-plus-complementary;12;48;18;23;42;45;14;;;;;;;1976-05-to-2008-10;loto.csv
2001038-1;2001038;1;2001-05-12;SA;historic-6-plus-complementary;21;27;1;8;33;44;14;;;;;;;1976-05-to-2008-10;loto.csv
2001038-2;2001038;2;2001-05-12;SA;historic-6-plus-complementary;38;43;12;37;22;47;45;;;;;;;1976-05-to-2008-10;loto.csv
2001039-1;2001039;1;2001-05-16;ME;historic-6-plus-complementary;23;2;27;18;48;14;47;;;;;;;1976-05-to-2008-10;loto.csv
2001039-2;2001039;2;2001-05-16;ME;historic-6-plus-complementary;31;39;42;30;4;35;25;;;;;;;1976-05-to-2008-10;loto.csv
2001040-1;2001040;1;2001-05-19;SA;historic-6-plus-complementary;23;11;36;32;42;15;1;;;;;;;1976-05-to-2008-10;loto.csv
2001040-2;2001040;2;2001-05-19;SA;historic-6-plus-complementary;8;40;16;46;23;5;34;;;;;;;1976-05-to-2008-10;loto.csv
2001041-1;2001041;1;2001-05-23;ME;historic-6-plus-complementary;6;25;16;21;38;1;46;;;;;;;1976-05-to-2008-10;loto.csv
2001041-2;2001041;2;2001-05-23;ME;historic-6-plus-complementary;5;49;44;9;13;25;34;;;;;;;1976-05-to-2008-10;loto.csv
2001042-1;2001042;1;2001-05-26;SA;historic-6-plus-complementary;11;41;45;8;37;38;31;;;;;;;1976-05-to-2008-10;loto.csv
2001042-2;2001042;2;2001-05-26;SA;historic-6-plus-complementary;34;21;35;5;47;22;38;;;;;;;1976-05-to-2008-10;loto.csv
2001043-1;2001043;1;2001-05-30;ME;historic-6-plus-complementary;19;17;32;28;23;1;25;;;;;;;1976-05-to-2008-10;loto.csv
2001043-2;2001043;2;2001-05-30;ME;historic-6-plus-complementary;14;33;21;3;8;24;43;;;;;;;1976-05-to-2008-10;loto.csv
2001044-1;2001044;1;2001-06-02;SA;historic-6-plus-complementary;4;18;30;19;45;21;2;;;;;;;1976-05-to-2008-10;loto.csv
2001044-2;2001044;2;2001-06-02;SA;historic-6-plus-complementary;30;32;10;41;8;1;23;;;;;;;1976-05-to-2008-10;loto.csv
2001045-1;2001045;1;2001-06-06;ME;historic-6-plus-complementary;18;36;46;28;5;10;45;;;;;;;1976-05-to-2008-10;loto.csv
2001045-2;2001045;2;2001-06-06;ME;historic-6-plus-complementary;11;39;2;48;3;20;46;;;;;;;1976-05-to-2008-10;loto.csv
2001046-1;2001046;1;2001-06-09;SA;historic-6-plus-complementary;11;49;48;15;6;47;43;;;;;;;1976-05-to-2008-10;loto.csv
2001046-2;2001046;2;2001-06-09;SA;historic-6-plus-complementary;5;30;33;21;3;2;19;;;;;;;1976-05-to-2008-10;loto.csv
2001047-1;2001047;1;2001-06-13;ME;historic-6-plus-complementary;20;32;1;22;35;17;11;;;;;;;1976-05-to-2008-10;loto.csv
2001047-2;2001047;2;2001-06-13;ME;historic-6-plus-complementary;26;31;27;29;43;2;41;;;;;;;1976-05-to-2008-10;loto.csv
2001048-1;2001048;1;2001-06-16;SA;historic-6-plus-complementary;46;16;23;27;14;45;5;;;;;;;1976-05-to-2008-10;loto.csv
2001048-2;2001048;2;2001-06-16;SA;historic-6-plus-complementary;4;18;20;15;47;28;46;;;;;;;1976-05-to-2008-10;loto.csv
2001049-1;2001049;1;2001-06-20;ME;historic-6-plus-complementary;36;3;1;23;8;48;42;;;;;;;1976-05-to-2008-10;loto.csv
2001049-2;2001049;2;2001-06-20;ME;historic-6-plus-complementary;27;16;30;36;10;41;31;;;;;;;1976-05-to-2008-10;loto.csv
2001050-1;2001050;1;2001-06-23;SA;historic-6-plus-complementary;4;11;12;10;41;35;47;;;;;;;1976-05-to-2008-10;loto.csv
2001050-2;2001050;2;2001-06-23;SA;historic-6-plus-complementary;32;27;9;4;22;38;37;;;;;;;1976-05-to-2008-10;loto.csv
2001051-1;2001051;1;2001-06-27;ME;historic-6-plus-complementary;14;43;49;12;5;18;46;;;;;;;1976-05-to-2008-10;loto.csv
2001051-2;2001051;2;2001-06-27;ME;historic-6-plus-complementary;38;37;45;21;31;46;4;;;;;;;1976-05-to-2008-10;loto.csv
2001052-1;2001052;1;2001-06-30;SA;historic-6-plus-complementary;30;27;23;11;35;36;33;;;;;;;1976-05-to-2008-10;loto.csv
2001052-2;2001052;2;2001-06-30;SA;historic-6-plus-complementary;16;49;25;20;14;9;32;;;;;;;1976-05-to-2008-10;loto.csv
2001053-1;2001053;1;2001-07-04;ME;historic-6-plus-complementary;44;4;26;3;9;12;25;;;;;;;1976-05-to-2008-10;loto.csv
2001053-2;2001053;2;2001-07-04;ME;historic-6-plus-complementary;19;36;4;5;23;13;20;;;;;;;1976-05-to-2008-10;loto.csv
2001054-1;2001054;1;2001-07-07;SA;historic-6-plus-complementary;34;39;9;27;35;22;41;;;;;;;1976-05-to-2008-10;loto.csv
2001054-2;2001054;2;2001-07-07;SA;historic-6-plus-complementary;46;21;44;6;38;17;30;;;;;;;1976-05-to-2008-10;loto.csv
2001055-1;2001055;1;2001-07-11;ME;historic-6-plus-complementary;49;12;17;47;46;43;27;;;;;;;1976-05-to-2008-10;loto.csv
2001055-2;2001055;2;2001-07-11;ME;historic-6-plus-complementary;29;49;23;16;22;25;7;;;;;;;1976-05-to-2008-10;loto.csv
2001056-1;2001056;1;2001-07-14;SA;historic-6-plus-complementary;40;41;16;44;3;45;5;;;;;;;1976-05-to-2008-10;loto.csv
2001056-2;2001056;2;2001-07-14;SA;historic-6-plus-complementary;39;31;41;36;22;47;28;;;;;;;1976-05-to-2008-10;loto.csv
2001057-1;2001057;1;2001-07-18;ME;historic-6-plus-complementary;25;9;21;13;29;43;42;;;;;;;1976-05-to-2008-10;loto.csv
2001057-2;2001057;2;2001-07-18;ME;historic-6-plus-complementary;40;48;17;29;23;5;36;;;;;;;1976-05-to-2008-10;loto.csv
2001058-1;2001058;1;2001-07-21;SA;historic-6-plus-complementary;9;10;41;29;3;17;6;;;;;;;1976-05-to-2008-10;loto.csv
2001058-2;2001058;2;2001-07-21;SA;historic-6-plus-complementary;37;3;43;47;23;25;40;;;;;;;1976-05-to-2008-10;loto.csv
2001059-1;2001059;1;2001-07-25;ME;historic-6-plus-complementary;14;2;6;37;1;16;25;;;;;;;1976-05-to-2008-10;loto.csv
2001059-2;2001059;2;2001-07-25;ME;historic-6-plus-complementary;7;44;2;17;15;27;40;;;;;;;1976-05-to-2008-10;loto.csv
2001060-1;2001060;1;2001-07-28;SA;historic-6-plus-complementary;35;15;23;6;20;39;30;;;;;;;1976-05-to-2008-10;loto.csv
2001060-2;2001060;2;2001-07-28;SA;historic-6-plus-complementary;10;20;39;2;5;22;17;;;;;;;1976-05-to-2008-10;loto.csv
2001061-1;2001061;1;2001-08-01;ME;historic-6-plus-complementary;23;40;20;9;19;18;47;;;;;;;1976-05-to-2008-10;loto.csv
2001061-2;2001061;2;2001-08-01;ME;historic-6-plus-complementary;4;6;19;13;30;33;22;;;;;;;1976-05-to-2008-10;loto.csv
2001062-1;2001062;1;2001-08-04;SA;historic-6-plus-complementary;30;10;32;49;42;29;41;;;;;;;1976-05-to-2008-10;loto.csv
2001062-2;2001062;2;2001-08-04;SA;historic-6-plus-complementary;46;23;1;36;15;22;13;;;;;;;1976-05-to-2008-10;loto.csv
2001063-1;2001063;1;2001-08-08;ME;historic-6-plus-complementary;15;7;13;20;24;27;6;;;;;;;1976-05-to-2008-10;loto.csv
2001063-2;2001063;2;2001-08-08;ME;historic-6-plus-complementary;18;6;27;38;49;46;21;;;;;;;1976-05-to-2008-10;loto.csv
2001064-1;2001064;1;2001-08-11;SA;historic-6-plus-complementary;6;43;45;41;10;28;3;;;;;;;1976-05-to-2008-10;loto.csv
2001064-2;2001064;2;2001-08-11;SA;historic-6-plus-complementary;27;34;10;37;45;39;35;;;;;;;1976-05-to-2008-10;loto.csv
2001065-1;2001065;1;2001-08-15;ME;historic-6-plus-complementary;34;39;37;36;19;42;18;;;;;;;1976-05-to-2008-10;loto.csv
2001065-2;2001065;2;2001-08-15;ME;historic-6-plus-complementary;32;3;49;22;29;14;33;;;;;;;1976-05-to-2008-10;loto.csv
2001066-1;2001066;1;2001-08-18;SA;historic-6-plus-complementary;46;6;25;32;7;4;16;;;;;;;1976-05-to-2008-10;loto.csv
2001066-2;2001066;2;2001-08-18;SA;historic-6-plus-complementary;21;19;24;27;2;29;16;;;;;;;1976-05-to-2008-10;loto.csv
2001067-1;2001067;1;2001-08-22;ME;historic-6-plus-complementary;15;9;24;25;36;21;16;;;;;;;1976-05-to-2008-10;loto.csv
2001067-2;2001067;2;2001-08-22;ME;historic-6-plus-complementary;18;19;36;13;6;11;16;;;;;;;1976-05-to-2008-10;loto.csv
2001068-1;2001068;1;2001-08-25;SA;historic-6-plus-complementary;25;36;4;1;47;22;42;;;;;;;1976-05-to-2008-10;loto.csv
2001068-2;2001068;2;2001-08-25;SA;historic-6-plus-complementary;36;34;7;29;31;18;44;;;;;;;1976-05-to-2008-10;loto.csv
2001069-1;2001069;1;2001-08-29;ME;historic-6-plus-complementary;30;35;27;39;8;28;13;;;;;;;1976-05-to-2008-10;loto.csv
2001069-2;2001069;2;2001-08-29;ME;historic-6-plus-complementary;31;48;23;15;37;19;10;;;;;;;1976-05-to-2008-10;loto.csv
2001070-1;2001070;1;2001-09-01;SA;historic-6-plus-complementary;32;31;16;36;30;41;33;;;;;;;1976-05-to-2008-10;loto.csv
2001070-2;2001070;2;2001-09-01;SA;historic-6-plus-complementary;2;43;20;27;3;45;17;;;;;;;1976-05-to-2008-10;loto.csv
2001071-1;2001071;1;2001-09-05;ME;historic-6-plus-complementary;48;39;19;47;23;40;14;;;;;;;1976-05-to-2008-10;loto.csv
2001071-2;2001071;2;2001-09-05;ME;historic-6-plus-complementary;15;7;31;11;27;1;41;;;;;;;1976-05-to-2008-10;loto.csv
2001072-1;2001072;1;2001-09-08;SA;historic-6-plus-complementary;15;25;2;48;38;6;1;;;;;;;1976-05-to-2008-10;loto.csv
2001072-2;2001072;2;2001-09-08;SA;historic-6-plus-complementary;45;49;44;9;16;25;6;;;;;;;1976-05-to-2008-10;loto.csv
2001073-1;2001073;1;2001-09-12;ME;historic-6-plus-complementary;34;35;13;23;12;14;7;;;;;;;1976-05-to-2008-10;loto.csv
2001073-2;2001073;2;2001-09-12;ME;historic-6-plus-complementary;46;47;15;30;43;3;31;;;;;;;1976-05-to-2008-10;loto.csv
2001074-1;2001074;1;2001-09-15;SA;historic-6-plus-complementary;22;30;48;13;20;17;36;;;;;;;1976-05-to-2008-10;loto.csv
2001074-2;2001074;2;2001-09-15;SA;historic-6-plus-complementary;46;37;47;22;6;45;44;;;;;;;1976-05-to-2008-10;loto.csv
2001075-1;2001075;1;2001-09-19;ME;historic-6-plus-complementary;12;6;35;42;34;3;10;;;;;;;1976-05-to-2008-10;loto.csv
2001075-2;2001075;2;2001-09-19;ME;historic-6-plus-complementary;37;10;31;13;32;29;2;;;;;;;1976-05-to-2008-10;loto.csv
2001076-1;2001076;1;2001-09-22;SA;historic-6-plus-complementary;38;40;24;35;48;27;19;;;;;;;1976-05-to-2008-10;loto.csv
2001076-2;2001076;2;2001-09-22;SA;historic-6-plus-complementary;39;16;17;37;27;40;20;;;;;;;1976-05-to-2008-10;loto.csv
2001077-1;2001077;1;2001-09-26;ME;historic-6-plus-complementary;39;19;45;30;35;33;46;;;;;;;1976-05-to-2008-10;loto.csv
2001077-2;2001077;2;2001-09-26;ME;historic-6-plus-complementary;1;26;10;41;30;21;18;;;;;;;1976-05-to-2008-10;loto.csv
2001078-1;2001078;1;2001-09-29;SA;historic-6-plus-complementary;27;49;22;3;18;26;39;;;;;;;1976-05-to-2008-10;loto.csv
2001078-2;2001078;2;2001-09-29;SA;historic-6-plus-complementary;48;14;23;38;39;34;32;;;;;;;1976-05-to-2008-10;loto.csv
2001079-1;2001079;1;2001-10-03;ME;historic-6-plus-complementary;44;32;33;42;43;29;17;;;;;;;1976-05-to-2008-10;loto.csv
2001079-2;2001079;2;2001-10-03;ME;historic-6-plus-complementary;5;49;12;22;10;30;4;;;;;;;1976-05-to-2008-10;loto.csv
2001080-1;2001080;1;2001-10-06;SA;historic-6-plus-complementary;41;38;36;30;27;45;39;;;;;;;1976-05-to-2008-10;loto.csv
2001080-2;2001080;2;2001-10-06;SA;historic-6-plus-complementary;6;20;27;39;4;33;37;;;;;;;1976-05-to-2008-10;loto.csv
2001081-1;2001081;1;2001-10-10;ME;historic-6-plus-complementary;19;14;26;16;22;45;24;;;;;;;1976-05-to-2008-10;loto.csv
2001081-2;2001081;2;2001-10-10;ME;historic-6-plus-complementary;17;38;1;48;23;7;46;;;;;;;1976-05-to-2008-10;loto.csv
2001082-1;2001082;1;2001-10-13;SA;historic-6-plus-complementary;1;30;21;12;20;48;10;;;;;;;1976-05-to-2008-10;loto.csv
2001082-2;2001082;2;2001-10-13;SA;historic-6-plus-complementary;37;2;36;28;33;6;49;;;;;;;1976-05-to-2008-10;loto.csv
2001083-1;2001083;1;2001-10-17;ME;historic-6-plus-complementary;43;12;4;9;18;10;40;;;;;;;1976-05-to-2008-10;loto.csv
2001083-2;2001083;2;2001-10-17;ME;historic-6-plus-complementary;8;17;26;35;44;21;27;;;;;;;1976-05-to-2008-10;loto.csv
2001084-1;2001084;1;2001-10-20;SA;historic-6-plus-complementary;44;36;30;24;23;40;11;;;;;;;1976-05-to-2008-10;loto.csv
2001084-2;2001084;2;2001-10-20;SA;historic-6-plus-complementary;35;24;3;38;23;10;12;;;;;;;1976-05-to-2008-10;loto.csv
2001085-1;2001085;1;2001-10-24;ME;historic-6-plus-complementary;15;35;6;4;11;9;13;;;;;;;1976-05-to-2008-10;loto.csv
2001085-2;2001085;2;2001-10-24;ME;historic-6-plus-complementary;34;1;45;39;35;12;32;;;;;;;1976-05-to-2008-10;loto.csv
2001086-1;2001086;1;2001-10-27;SA;historic-6-plus-complementary;37;32;28;6;26;34;2;;;;;;;1976-05-to-2008-10;loto.csv
2001086-2;2001086;2;2001-10-27;SA;historic-6-plus-complementary;6;2;27;46;10;9;4;;;;;;;1976-05-to-2008-10;loto.csv
2001087-1;2001087;1;2001-10-31;ME;historic-6-plus-complementary;45;9;25;29;47;15;49;;;;;;;1976-05-to-2008-10;loto.csv
2001087-2;2001087;2;2001-10-31;ME;historic-6-plus-complementary;11;28;32;40;38;24;34;;;;;;;1976-05-to-2008-10;loto.csv
2001088-1;2001088;1;2001-11-03;SA;historic-6-plus-complementary;5;10;9;30;42;28;36;;;;;;;1976-05-to-2008-10;loto.csv
2001088-2;2001088;2;2001-11-03;SA;historic-6-plus-complementary;8;25;36;12;22;6;42;;;;;;;1976-05-to-2008-10;loto.csv
2001089-1;2001089;1;2001-11-07;ME;historic-6-plus-complementary;31;24;22;46;35;37;29;;;;;;;1976-05-to-2008-10;loto.csv
2001089-2;2001089;2;2001-11-07;ME;historic-6-plus-complementary;19;32;40;20;37;28;9;;;;;;;1976-05-to-2008-10;loto.csv
2001090-1;2001090;1;2001-11-10;SA;historic-6-plus-complementary;34;41;11;44;5;47;28;;;;;;;1976-05-to-2008-10;loto.csv
2001090-2;2001090;2;2001-11-10;SA;historic-6-plus-complementary;1;27;18;26;16;14;24;;;;;;;1976-05-to-2008-10;loto.csv
2001091-1;2001091;1;2001-11-14;ME;historic-6-plus-complementary;5;45;34;31;28;37;3;;;;;;;1976-05-to-2008-10;loto.csv
2001091-2;2001091;2;2001-11-14;ME;historic-6-plus-complementary;6;44;9;45;37;41;27;;;;;;;1976-05-to-2008-10;loto.csv
2001092-1;2001092;1;2001-11-17;SA;historic-6-plus-complementary;4;6;10;39;31;21;23;;;;;;;1976-05-to-2008-10;loto.csv
2001092-2;2001092;2;2001-11-17;SA;historic-6-plus-complementary;28;36;31;34;7;2;40;;;;;;;1976-05-to-2008-10;loto.csv
2001093-1;2001093;1;2001-11-21;ME;historic-6-plus-complementary;35;4;5;49;3;2;46;;;;;;;1976-05-to-2008-10;loto.csv
2001093-2;2001093;2;2001-11-21;ME;historic-6-plus-complementary;33;47;16;42;37;35;41;;;;;;;1976-05-to-2008-10;loto.csv
2001094-1;2001094;1;2001-11-24;SA;historic-6-plus-complementary;41;27;9;8;32;10;39;;;;;;;1976-05-to-2008-10;loto.csv
2001094-2;2001094;2;2001-11-24;SA;historic-6-plus-complementary;24;16;27;1;37;25;13;;;;;;;1976-05-to-2008-10;loto.csv
2001095-1;2001095;1;2001-11-28;ME;historic-6-plus-complementary;23;21;7;11;31;27;29;;;;;;;1976-05-to-2008-10;loto.csv
2001095-2;2001095;2;2001-11-28;ME;historic-6-plus-complementary;36;25;31;29;32;37;17;;;;;;;1976-05-to-2008-10;loto.csv
2001096-1;2001096;1;2001-12-01;SA;historic-6-plus-complementary;38;39;26;41;45;36;20;;;;;;;1976-05-to-2008-10;loto.csv
2001096-2;2001096;2;2001-12-01;SA;historic-6-plus-complementary;19;1;25;20;22;39;48;;;;;;;1976-05-to-2008-10;loto.csv
2001097-1;2001097;1;2001-12-05;ME;historic-6-plus-complementary;8;37;49;29;24;35;14;;;;;;;1976-05-to-2008-10;loto.csv
2001097-2;2001097;2;2001-12-05;ME;historic-6-plus-complementary;35;36;19;28;7;15;10;;;;;;;1976-05-to-2008-10;loto.csv
2001098-1;2001098;1;2001-12-08;SA;historic-6-plus-complementary;45;9;41;6;39;20;5;;;;;;;1976-05-to-2008-10;loto.csv
2001098-2;2001098;2;2001-12-08;SA;historic-6-plus-complementary;42;17;34;14;48;10;3;;;;;;;1976-05-to-2008-10;loto.csv
2001099-1;2001099;1;2001-12-12;ME;historic-6-plus-complementary;28;2;19;43;41;23;22;;;;;;;1976-05-to-2008-10;loto.csv
2001099-2;2001099;2;2001-12-12;ME;historic-6-plus-complementary;5;35;44;17;37;23;15;;;;;;;1976-05-to-2008-10;loto.csv
2001100-1;2001100;1;2001-12-15;SA;historic-6-plus-complementary;26;21;45;24;2;35;1;;;;;;;1976-05-to-2008-10;loto.csv
2001100-2;2001100;2;2001-12-15;SA;historic-6-plus-complementary;16;14;11;40;27;4;47;;;;;;;1976-05-to-2008-10;loto.csv
2001101-1;2001101;1;2001-12-19;ME;historic-6-plus-complementary;48;1;5;9;24;27;29;;;;;;;1976-05-to-2008-10;loto.csv
2001101-2;2001101;2;2001-12-19;ME;historic-6-plus-complementary;49;20;35;16;47;25;36;;;;;;;1976-05-to-2008-10;loto.csv
2001102-1;2001102;1;2001-12-22;SA;historic-6-plus-complementary;13;21;36;23;16;5;43;;;;;;;1976-05-to-2008-10;loto.csv
2001102-2;2001102;2;2001-12-22;SA;historic-6-plus-complementary;31;36;38;22;2;4;40;;;;;;;1976-05-to-2008-10;loto.csv
2001103-1;2001103;1;2001-12-26;ME;historic-6-plus-complementary;8;7;37;34;44;28;32;;;;;;;1976-05-to-2008-10;loto.csv
2001103-2;2001103;2;2001-12-26;ME;historic-6-plus-complementary;40;1;36;41;28;26;25;;;;;;;1976-05-to-2008-10;loto.csv
2001104-1;2001104;1;2001-12-29;SA;historic-6-plus-complementary;37;24;44;35;46;12;17;;;;;;;1976-05-to-2008-10;loto.csv
2001104-2;2001104;2;2001-12-29;SA;historic-6-plus-complementary;17;40;28;37;44;30;15;;;;;;;1976-05-to-2008-10;loto.csv
2002001-1;2002001;1;2002-01-02;ME;historic-6-plus-complementary;5;39;7;28;18;43;24;;;;;;;1976-05-to-2008-10;loto.csv
2002001-2;2002001;2;2002-01-02;ME;historic-6-plus-complementary;9;16;34;17;36;3;33;;;;;;;1976-05-to-2008-10;loto.csv
2002002-1;2002002;1;2002-01-05;SA;historic-6-plus-complementary;9;34;13;25;7;45;28;;;;;;;1976-05-to-2008-10;loto.csv
2002002-2;2002002;2;2002-01-05;SA;historic-6-plus-complementary;3;19;27;16;24;14;26;;;;;;;1976-05-to-2008-10;loto.csv
2002003-1;2002003;1;2002-01-09;ME;historic-6-plus-complementary;8;12;48;19;2;45;46;;;;;;;1976-05-to-2008-10;loto.csv
2002003-2;2002003;2;2002-01-09;ME;historic-6-plus-complementary;21;10;44;7;5;36;22;;;;;;;1976-05-to-2008-10;loto.csv
2002004-1;2002004;1;2002-01-12;SA;historic-6-plus-complementary;42;12;3;45;26;47;2;;;;;;;1976-05-to-2008-10;loto.csv
2002004-2;2002004;2;2002-01-12;SA;historic-6-plus-complementary;20;29;31;48;17;34;16;;;;;;;1976-05-to-2008-10;loto.csv
2002005-1;2002005;1;2002-01-16;ME;historic-6-plus-complementary;13;26;48;41;30;29;37;;;;;;;1976-05-to-2008-10;loto.csv
2002005-2;2002005;2;2002-01-16;ME;historic-6-plus-complementary;35;26;18;14;17;42;5;;;;;;;1976-05-to-2008-10;loto.csv
2002006-1;2002006;1;2002-01-19;SA;historic-6-plus-complementary;46;3;17;44;25;37;2;;;;;;;1976-05-to-2008-10;loto.csv
2002006-2;2002006;2;2002-01-19;SA;historic-6-plus-complementary;29;1;27;45;17;40;21;;;;;;;1976-05-to-2008-10;loto.csv
2002007-1;2002007;1;2002-01-23;ME;historic-6-plus-complementary;5;32;19;45;34;13;36;;;;;;;1976-05-to-2008-10;loto.csv
2002007-2;2002007;2;2002-01-23;ME;historic-6-plus-complementary;34;44;4;43;45;3;9;;;;;;;1976-05-to-2008-10;loto.csv
2002008-1;2002008;1;2002-01-26;SA;historic-6-plus-complementary;23;40;33;10;14;3;4;;;;;;;1976-05-to-2008-10;loto.csv
2002008-2;2002008;2;2002-01-26;SA;historic-6-plus-complementary;18;24;7;41;27;47;44;;;;;;;1976-05-to-2008-10;loto.csv
2002009-1;2002009;1;2002-01-30;ME;historic-6-plus-complementary;25;5;46;22;21;1;33;;;;;;;1976-05-to-2008-10;loto.csv
2002009-2;2002009;2;2002-01-30;ME;historic-6-plus-complementary;14;10;26;21;19;40;37;;;;;;;1976-05-to-2008-10;loto.csv
2002010-1;2002010;1;2002-02-02;SA;historic-6-plus-complementary;48;14;5;45;6;29;42;;;;;;;1976-05-to-2008-10;loto.csv
2002010-2;2002010;2;2002-02-02;SA;historic-6-plus-complementary;47;19;4;10;30;44;36;;;;;;;1976-05-to-2008-10;loto.csv
2002011-1;2002011;1;2002-02-06;ME;historic-6-plus-complementary;33;18;14;10;7;3;36;;;;;;;1976-05-to-2008-10;loto.csv
2002011-2;2002011;2;2002-02-06;ME;historic-6-plus-complementary;2;45;12;43;38;41;30;;;;;;;1976-05-to-2008-10;loto.csv
2002012-1;2002012;1;2002-02-09;SA;historic-6-plus-complementary;41;4;46;31;32;43;29;;;;;;;1976-05-to-2008-10;loto.csv
2002012-2;2002012;2;2002-02-09;SA;historic-6-plus-complementary;9;7;3;31;4;49;6;;;;;;;1976-05-to-2008-10;loto.csv
2002013-1;2002013;1;2002-02-13;ME;historic-6-plus-complementary;44;12;37;31;24;2;45;;;;;;;1976-05-to-2008-10;loto.csv
2002013-2;2002013;2;2002-02-13;ME;historic-6-plus-complementary;2;39;23;38;17;13;37;;;;;;;1976-05-to-2008-10;loto.csv
2002014-1;2002014;1;2002-02-16;SA;historic-6-plus-complementary;47;21;23;7;37;46;35;;;;;;;1976-05-to-2008-10;loto.csv
2002014-2;2002014;2;2002-02-16;SA;historic-6-plus-complementary;35;47;31;42;4;34;17;;;;;;;1976-05-to-2008-10;loto.csv
2002015-1;2002015;1;2002-02-20;ME;historic-6-plus-complementary;6;46;4;19;8;42;40;;;;;;;1976-05-to-2008-10;loto.csv
2002015-2;2002015;2;2002-02-20;ME;historic-6-plus-complementary;16;2;24;4;45;44;37;;;;;;;1976-05-to-2008-10;loto.csv
2002016-1;2002016;1;2002-02-23;SA;historic-6-plus-complementary;3;49;17;43;11;1;2;;;;;;;1976-05-to-2008-10;loto.csv
2002016-2;2002016;2;2002-02-23;SA;historic-6-plus-complementary;39;20;11;23;3;27;32;;;;;;;1976-05-to-2008-10;loto.csv
2002017-1;2002017;1;2002-02-27;ME;historic-6-plus-complementary;43;29;45;6;32;24;25;;;;;;;1976-05-to-2008-10;loto.csv
2002017-2;2002017;2;2002-02-27;ME;historic-6-plus-complementary;18;4;37;42;46;23;14;;;;;;;1976-05-to-2008-10;loto.csv
2002018-1;2002018;1;2002-03-02;SA;historic-6-plus-complementary;10;39;1;37;40;48;29;;;;;;;1976-05-to-2008-10;loto.csv
2002018-2;2002018;2;2002-03-02;SA;historic-6-plus-complementary;32;29;49;23;45;22;30;;;;;;;1976-05-to-2008-10;loto.csv
2002019-1;2002019;1;2002-03-06;ME;historic-6-plus-complementary;16;3;1;33;10;32;19;;;;;;;1976-05-to-2008-10;loto.csv
2002019-2;2002019;2;2002-03-06;ME;historic-6-plus-complementary;34;49;9;17;22;30;18;;;;;;;1976-05-to-2008-10;loto.csv
2002020-1;2002020;1;2002-03-09;SA;historic-6-plus-complementary;22;30;38;15;25;20;48;;;;;;;1976-05-to-2008-10;loto.csv
2002020-2;2002020;2;2002-03-09;SA;historic-6-plus-complementary;8;21;25;48;34;31;39;;;;;;;1976-05-to-2008-10;loto.csv
2002021-1;2002021;1;2002-03-13;ME;historic-6-plus-complementary;26;21;45;25;6;38;33;;;;;;;1976-05-to-2008-10;loto.csv
2002021-2;2002021;2;2002-03-13;ME;historic-6-plus-complementary;39;18;42;11;8;25;22;;;;;;;1976-05-to-2008-10;loto.csv
2002022-1;2002022;1;2002-03-16;SA;historic-6-plus-complementary;12;34;39;17;40;15;44;;;;;;;1976-05-to-2008-10;loto.csv
2002022-2;2002022;2;2002-03-16;SA;historic-6-plus-complementary;31;33;26;40;3;37;18;;;;;;;1976-05-to-2008-10;loto.csv
2002023-1;2002023;1;2002-03-20;ME;historic-6-plus-complementary;14;17;27;16;37;39;8;;;;;;;1976-05-to-2008-10;loto.csv
2002023-2;2002023;2;2002-03-20;ME;historic-6-plus-complementary;43;48;38;14;49;21;9;;;;;;;1976-05-to-2008-10;loto.csv
2002024-1;2002024;1;2002-03-23;SA;historic-6-plus-complementary;2;47;39;13;36;9;12;;;;;;;1976-05-to-2008-10;loto.csv
2002024-2;2002024;2;2002-03-23;SA;historic-6-plus-complementary;10;8;42;3;46;5;1;;;;;;;1976-05-to-2008-10;loto.csv
2002025-1;2002025;1;2002-03-27;ME;historic-6-plus-complementary;47;35;21;30;49;14;12;;;;;;;1976-05-to-2008-10;loto.csv
2002025-2;2002025;2;2002-03-27;ME;historic-6-plus-complementary;23;32;19;16;26;7;47;;;;;;;1976-05-to-2008-10;loto.csv
2002026-1;2002026;1;2002-03-30;SA;historic-6-plus-complementary;48;25;40;13;24;16;4;;;;;;;1976-05-to-2008-10;loto.csv
2002026-2;2002026;2;2002-03-30;SA;historic-6-plus-complementary;10;2;1;4;9;36;22;;;;;;;1976-05-to-2008-10;loto.csv
2002027-1;2002027;1;2002-04-03;ME;historic-6-plus-complementary;15;38;29;18;43;6;36;;;;;;;1976-05-to-2008-10;loto.csv
2002027-2;2002027;2;2002-04-03;ME;historic-6-plus-complementary;36;24;33;38;15;7;25;;;;;;;1976-05-to-2008-10;loto.csv
2002028-1;2002028;1;2002-04-06;SA;historic-6-plus-complementary;16;25;19;9;4;2;34;;;;;;;1976-05-to-2008-10;loto.csv
2002028-2;2002028;2;2002-04-06;SA;historic-6-plus-complementary;15;10;2;8;13;28;25;;;;;;;1976-05-to-2008-10;loto.csv
2002029-1;2002029;1;2002-04-10;ME;historic-6-plus-complementary;4;13;12;47;35;42;21;;;;;;;1976-05-to-2008-10;loto.csv
2002029-2;2002029;2;2002-04-10;ME;historic-6-plus-complementary;27;9;36;22;46;23;20;;;;;;;1976-05-to-2008-10;loto.csv
2002030-1;2002030;1;2002-04-13;SA;historic-6-plus-complementary;12;24;30;1;38;11;2;;;;;;;1976-05-to-2008-10;loto.csv
2002030-2;2002030;2;2002-04-13;SA;historic-6-plus-complementary;34;15;8;18;22;33;23;;;;;;;1976-05-to-2008-10;loto.csv
2002031-1;2002031;1;2002-04-17;ME;historic-6-plus-complementary;15;31;11;7;27;44;28;;;;;;;1976-05-to-2008-10;loto.csv
2002031-2;2002031;2;2002-04-17;ME;historic-6-plus-complementary;15;27;6;33;26;24;23;;;;;;;1976-05-to-2008-10;loto.csv
2002032-1;2002032;1;2002-04-20;SA;historic-6-plus-complementary;46;34;11;20;16;5;39;;;;;;;1976-05-to-2008-10;loto.csv
2002032-2;2002032;2;2002-04-20;SA;historic-6-plus-complementary;33;3;20;41;11;6;25;;;;;;;1976-05-to-2008-10;loto.csv
2002033-1;2002033;1;2002-04-24;ME;historic-6-plus-complementary;36;25;10;26;41;16;39;;;;;;;1976-05-to-2008-10;loto.csv
2002033-2;2002033;2;2002-04-24;ME;historic-6-plus-complementary;44;13;32;16;49;33;23;;;;;;;1976-05-to-2008-10;loto.csv
2002034-1;2002034;1;2002-04-27;SA;historic-6-plus-complementary;12;44;24;37;20;11;10;;;;;;;1976-05-to-2008-10;loto.csv
2002034-2;2002034;2;2002-04-27;SA;historic-6-plus-complementary;12;29;2;16;4;48;33;;;;;;;1976-05-to-2008-10;loto.csv
2002035-1;2002035;1;2002-05-01;ME;historic-6-plus-complementary;12;38;17;16;18;14;5;;;;;;;1976-05-to-2008-10;loto.csv
2002035-2;2002035;2;2002-05-01;ME;historic-6-plus-complementary;11;39;4;34;16;3;46;;;;;;;1976-05-to-2008-10;loto.csv
2002036-1;2002036;1;2002-05-04;SA;historic-6-plus-complementary;22;13;38;7;46;34;19;;;;;;;1976-05-to-2008-10;loto.csv
2002036-2;2002036;2;2002-05-04;SA;historic-6-plus-complementary;39;31;15;5;34;6;20;;;;;;;1976-05-to-2008-10;loto.csv
2002037-1;2002037;1;2002-05-08;ME;historic-6-plus-complementary;35;10;31;23;6;33;14;;;;;;;1976-05-to-2008-10;loto.csv
2002037-2;2002037;2;2002-05-08;ME;historic-6-plus-complementary;8;42;44;32;22;27;41;;;;;;;1976-05-to-2008-10;loto.csv
2002038-1;2002038;1;2002-05-11;SA;historic-6-plus-complementary;23;38;44;48;47;9;40;;;;;;;1976-05-to-2008-10;loto.csv
2002038-2;2002038;2;2002-05-11;SA;historic-6-plus-complementary;14;22;35;46;23;45;12;;;;;;;1976-05-to-2008-10;loto.csv
2002039-1;2002039;1;2002-05-15;ME;historic-6-plus-complementary;32;18;39;22;30;1;12;;;;;;;1976-05-to-2008-10;loto.csv
2002039-2;2002039;2;2002-05-15;ME;historic-6-plus-complementary;47;36;45;22;39;42;3;;;;;;;1976-05-to-2008-10;loto.csv
2002040-1;2002040;1;2002-05-18;SA;historic-6-plus-complementary;11;48;30;13;31;37;32;;;;;;;1976-05-to-2008-10;loto.csv
2002040-2;2002040;2;2002-05-18;SA;historic-6-plus-complementary;25;34;1;46;6;24;41;;;;;;;1976-05-to-2008-10;loto.csv
2002041-1;2002041;1;2002-05-22;ME;historic-6-plus-complementary;34;19;42;49;46;28;41;;;;;;;1976-05-to-2008-10;loto.csv
2002041-2;2002041;2;2002-05-22;ME;historic-6-plus-complementary;39;31;9;36;22;43;46;;;;;;;1976-05-to-2008-10;loto.csv
2002042-1;2002042;1;2002-05-25;SA;historic-6-plus-complementary;6;8;32;27;29;24;18;;;;;;;1976-05-to-2008-10;loto.csv
2002042-2;2002042;2;2002-05-25;SA;historic-6-plus-complementary;38;31;5;4;20;33;34;;;;;;;1976-05-to-2008-10;loto.csv
2002043-1;2002043;1;2002-05-29;ME;historic-6-plus-complementary;21;5;39;32;38;36;22;;;;;;;1976-05-to-2008-10;loto.csv
2002043-2;2002043;2;2002-05-29;ME;historic-6-plus-complementary;5;10;8;9;11;20;39;;;;;;;1976-05-to-2008-10;loto.csv
2002044-1;2002044;1;2002-06-01;SA;historic-6-plus-complementary;38;1;28;8;19;4;45;;;;;;;1976-05-to-2008-10;loto.csv
2002044-2;2002044;2;2002-06-01;SA;historic-6-plus-complementary;46;5;40;1;47;27;33;;;;;;;1976-05-to-2008-10;loto.csv
2002045-1;2002045;1;2002-06-05;ME;historic-6-plus-complementary;32;12;8;34;28;30;36;;;;;;;1976-05-to-2008-10;loto.csv
2002045-2;2002045;2;2002-06-05;ME;historic-6-plus-complementary;34;12;20;8;13;9;15;;;;;;;1976-05-to-2008-10;loto.csv
2002046-1;2002046;1;2002-06-08;SA;historic-6-plus-complementary;34;42;49;1;19;6;7;;;;;;;1976-05-to-2008-10;loto.csv
2002046-2;2002046;2;2002-06-08;SA;historic-6-plus-complementary;35;13;26;11;5;15;8;;;;;;;1976-05-to-2008-10;loto.csv
2002047-1;2002047;1;2002-06-12;ME;historic-6-plus-complementary;29;36;1;2;35;41;48;;;;;;;1976-05-to-2008-10;loto.csv
2002047-2;2002047;2;2002-06-12;ME;historic-6-plus-complementary;35;21;37;27;43;30;42;;;;;;;1976-05-to-2008-10;loto.csv
2002048-1;2002048;1;2002-06-15;SA;historic-6-plus-complementary;21;30;34;2;42;45;15;;;;;;;1976-05-to-2008-10;loto.csv
2002048-2;2002048;2;2002-06-15;SA;historic-6-plus-complementary;40;42;45;33;28;23;21;;;;;;;1976-05-to-2008-10;loto.csv
2002049-1;2002049;1;2002-06-19;ME;historic-6-plus-complementary;32;34;2;7;29;13;41;;;;;;;1976-05-to-2008-10;loto.csv
2002049-2;2002049;2;2002-06-19;ME;historic-6-plus-complementary;14;36;13;27;17;8;19;;;;;;;1976-05-to-2008-10;loto.csv
2002050-1;2002050;1;2002-06-22;SA;historic-6-plus-complementary;37;13;7;31;35;3;9;;;;;;;1976-05-to-2008-10;loto.csv
2002050-2;2002050;2;2002-06-22;SA;historic-6-plus-complementary;25;2;10;26;23;44;47;;;;;;;1976-05-to-2008-10;loto.csv
2002051-1;2002051;1;2002-06-26;ME;historic-6-plus-complementary;3;9;37;19;10;32;12;;;;;;;1976-05-to-2008-10;loto.csv
2002051-2;2002051;2;2002-06-26;ME;historic-6-plus-complementary;38;25;12;20;43;26;34;;;;;;;1976-05-to-2008-10;loto.csv
2002052-1;2002052;1;2002-06-29;SA;historic-6-plus-complementary;34;38;39;45;9;42;15;;;;;;;1976-05-to-2008-10;loto.csv
2002052-2;2002052;2;2002-06-29;SA;historic-6-plus-complementary;25;2;44;12;13;10;35;;;;;;;1976-05-to-2008-10;loto.csv
2002053-1;2002053;1;2002-07-03;ME;historic-6-plus-complementary;33;31;19;9;1;39;2;;;;;;;1976-05-to-2008-10;loto.csv
2002053-2;2002053;2;2002-07-03;ME;historic-6-plus-complementary;40;22;32;13;19;37;11;;;;;;;1976-05-to-2008-10;loto.csv
2002054-1;2002054;1;2002-07-06;SA;historic-6-plus-complementary;15;9;17;34;27;22;7;;;;;;;1976-05-to-2008-10;loto.csv
2002054-2;2002054;2;2002-07-06;SA;historic-6-plus-complementary;10;29;22;2;35;41;48;;;;;;;1976-05-to-2008-10;loto.csv
2002055-1;2002055;1;2002-07-10;ME;historic-6-plus-complementary;7;38;8;11;26;22;37;;;;;;;1976-05-to-2008-10;loto.csv
2002055-2;2002055;2;2002-07-10;ME;historic-6-plus-complementary;2;34;16;40;8;10;15;;;;;;;1976-05-to-2008-10;loto.csv
2002056-1;2002056;1;2002-07-13;SA;historic-6-plus-complementary;25;4;41;2;22;48;15;;;;;;;1976-05-to-2008-10;loto.csv
2002056-2;2002056;2;2002-07-13;SA;historic-6-plus-complementary;13;46;29;43;45;17;49;;;;;;;1976-05-to-2008-10;loto.csv
2002057-1;2002057;1;2002-07-17;ME;historic-6-plus-complementary;7;3;28;22;44;23;16;;;;;;;1976-05-to-2008-10;loto.csv
2002057-2;2002057;2;2002-07-17;ME;historic-6-plus-complementary;12;7;23;25;32;47;49;;;;;;;1976-05-to-2008-10;loto.csv
2002058-1;2002058;1;2002-07-20;SA;historic-6-plus-complementary;12;48;20;25;10;2;11;;;;;;;1976-05-to-2008-10;loto.csv
2002058-2;2002058;2;2002-07-20;SA;historic-6-plus-complementary;9;13;47;38;16;12;10;;;;;;;1976-05-to-2008-10;loto.csv
2002059-1;2002059;1;2002-07-24;ME;historic-6-plus-complementary;24;7;49;19;21;46;11;;;;;;;1976-05-to-2008-10;loto.csv
2002059-2;2002059;2;2002-07-24;ME;historic-6-plus-complementary;19;33;6;18;16;4;48;;;;;;;1976-05-to-2008-10;loto.csv
2002060-1;2002060;1;2002-07-27;SA;historic-6-plus-complementary;29;33;19;46;44;21;11;;;;;;;1976-05-to-2008-10;loto.csv
2002060-2;2002060;2;2002-07-27;SA;historic-6-plus-complementary;42;45;47;9;18;20;28;;;;;;;1976-05-to-2008-10;loto.csv
2002061-1;2002061;1;2002-07-31;ME;historic-6-plus-complementary;17;6;39;11;16;46;22;;;;;;;1976-05-to-2008-10;loto.csv
2002061-2;2002061;2;2002-07-31;ME;historic-6-plus-complementary;38;45;31;42;21;41;44;;;;;;;1976-05-to-2008-10;loto.csv
2002062-1;2002062;1;2002-08-03;SA;historic-6-plus-complementary;45;1;25;30;48;14;28;;;;;;;1976-05-to-2008-10;loto.csv
2002062-2;2002062;2;2002-08-03;SA;historic-6-plus-complementary;21;18;40;31;45;48;43;;;;;;;1976-05-to-2008-10;loto.csv
2002063-1;2002063;1;2002-08-07;ME;historic-6-plus-complementary;7;22;20;13;49;31;24;;;;;;;1976-05-to-2008-10;loto.csv
2002063-2;2002063;2;2002-08-07;ME;historic-6-plus-complementary;43;32;29;7;19;25;8;;;;;;;1976-05-to-2008-10;loto.csv
2002064-1;2002064;1;2002-08-10;SA;historic-6-plus-complementary;6;47;30;10;41;5;4;;;;;;;1976-05-to-2008-10;loto.csv
2002064-2;2002064;2;2002-08-10;SA;historic-6-plus-complementary;13;34;11;49;45;8;28;;;;;;;1976-05-to-2008-10;loto.csv
2002065-1;2002065;1;2002-08-14;ME;historic-6-plus-complementary;6;24;35;11;13;34;7;;;;;;;1976-05-to-2008-10;loto.csv
2002065-2;2002065;2;2002-08-14;ME;historic-6-plus-complementary;7;47;48;26;9;38;18;;;;;;;1976-05-to-2008-10;loto.csv
2002066-1;2002066;1;2002-08-17;SA;historic-6-plus-complementary;42;35;30;2;36;26;44;;;;;;;1976-05-to-2008-10;loto.csv
2002066-2;2002066;2;2002-08-17;SA;historic-6-plus-complementary;15;26;28;32;30;20;33;;;;;;;1976-05-to-2008-10;loto.csv
2002067-1;2002067;1;2002-08-21;ME;historic-6-plus-complementary;19;46;1;8;29;16;40;;;;;;;1976-05-to-2008-10;loto.csv
2002067-2;2002067;2;2002-08-21;ME;historic-6-plus-complementary;23;24;39;47;9;21;41;;;;;;;1976-05-to-2008-10;loto.csv
2002068-1;2002068;1;2002-08-24;SA;historic-6-plus-complementary;46;2;26;37;16;43;19;;;;;;;1976-05-to-2008-10;loto.csv
2002068-2;2002068;2;2002-08-24;SA;historic-6-plus-complementary;1;8;28;34;45;39;32;;;;;;;1976-05-to-2008-10;loto.csv
2002069-1;2002069;1;2002-08-28;ME;historic-6-plus-complementary;8;14;2;1;12;38;48;;;;;;;1976-05-to-2008-10;loto.csv
2002069-2;2002069;2;2002-08-28;ME;historic-6-plus-complementary;34;27;30;11;5;2;44;;;;;;;1976-05-to-2008-10;loto.csv
2002070-1;2002070;1;2002-08-31;SA;historic-6-plus-complementary;21;28;45;16;34;35;31;;;;;;;1976-05-to-2008-10;loto.csv
2002070-2;2002070;2;2002-08-31;SA;historic-6-plus-complementary;45;12;14;32;46;34;9;;;;;;;1976-05-to-2008-10;loto.csv
2002071-1;2002071;1;2002-09-04;ME;historic-6-plus-complementary;7;22;45;16;13;48;2;;;;;;;1976-05-to-2008-10;loto.csv
2002071-2;2002071;2;2002-09-04;ME;historic-6-plus-complementary;26;8;36;40;5;33;29;;;;;;;1976-05-to-2008-10;loto.csv
2002072-1;2002072;1;2002-09-07;SA;historic-6-plus-complementary;4;36;28;20;42;6;45;;;;;;;1976-05-to-2008-10;loto.csv
2002072-2;2002072;2;2002-09-07;SA;historic-6-plus-complementary;11;20;44;43;22;25;32;;;;;;;1976-05-to-2008-10;loto.csv
2002073-1;2002073;1;2002-09-11;ME;historic-6-plus-complementary;45;37;32;29;15;49;46;;;;;;;1976-05-to-2008-10;loto.csv
2002073-2;2002073;2;2002-09-11;ME;historic-6-plus-complementary;38;7;47;43;41;14;29;;;;;;;1976-05-to-2008-10;loto.csv
2002074-1;2002074;1;2002-09-14;SA;historic-6-plus-complementary;3;2;33;49;32;6;40;;;;;;;1976-05-to-2008-10;loto.csv
2002074-2;2002074;2;2002-09-14;SA;historic-6-plus-complementary;4;19;12;23;37;9;17;;;;;;;1976-05-to-2008-10;loto.csv
2002075-1;2002075;1;2002-09-18;ME;historic-6-plus-complementary;21;42;38;17;7;16;1;;;;;;;1976-05-to-2008-10;loto.csv
2002075-2;2002075;2;2002-09-18;ME;historic-6-plus-complementary;14;22;49;15;12;10;19;;;;;;;1976-05-to-2008-10;loto.csv
2002076-1;2002076;1;2002-09-21;SA;historic-6-plus-complementary;9;15;45;37;17;34;2;;;;;;;1976-05-to-2008-10;loto.csv
2002076-2;2002076;2;2002-09-21;SA;historic-6-plus-complementary;48;21;25;1;15;42;9;;;;;;;1976-05-to-2008-10;loto.csv
2002077-1;2002077;1;2002-09-25;ME;historic-6-plus-complementary;10;5;19;6;24;11;30;;;;;;;1976-05-to-2008-10;loto.csv
2002077-2;2002077;2;2002-09-25;ME;historic-6-plus-complementary;36;5;26;20;4;33;40;;;;;;;1976-05-to-2008-10;loto.csv
2002078-1;2002078;1;2002-09-28;SA;historic-6-plus-complementary;6;49;36;13;8;43;31;;;;;;;1976-05-to-2008-10;loto.csv
2002078-2;2002078;2;2002-09-28;SA;historic-6-plus-complementary;49;19;20;31;9;33;37;;;;;;;1976-05-to-2008-10;loto.csv
2002079-1;2002079;1;2002-10-02;ME;historic-6-plus-complementary;34;31;49;27;24;4;32;;;;;;;1976-05-to-2008-10;loto.csv
2002079-2;2002079;2;2002-10-02;ME;historic-6-plus-complementary;16;39;21;41;24;44;48;;;;;;;1976-05-to-2008-10;loto.csv
2002080-1;2002080;1;2002-10-05;SA;historic-6-plus-complementary;29;42;36;12;47;45;16;;;;;;;1976-05-to-2008-10;loto.csv
2002080-2;2002080;2;2002-10-05;SA;historic-6-plus-complementary;48;19;41;34;14;17;10;;;;;;;1976-05-to-2008-10;loto.csv
2002081-1;2002081;1;2002-10-09;ME;historic-6-plus-complementary;38;16;8;29;24;19;27;;;;;;;1976-05-to-2008-10;loto.csv
2002081-2;2002081;2;2002-10-09;ME;historic-6-plus-complementary;39;38;33;8;42;46;11;;;;;;;1976-05-to-2008-10;loto.csv
2002082-1;2002082;1;2002-10-12;SA;historic-6-plus-complementary;43;42;47;15;31;24;30;;;;;;;1976-05-to-2008-10;loto.csv
2002082-2;2002082;2;2002-10-12;SA;historic-6-plus-complementary;29;15;20;23;39;35;12;;;;;;;1976-05-to-2008-10;loto.csv
2002083-1;2002083;1;2002-10-16;ME;historic-6-plus-complementary;9;39;43;4;21;31;49;;;;;;;1976-05-to-2008-10;loto.csv
2002083-2;2002083;2;2002-10-16;ME;historic-6-plus-complementary;33;39;36;14;44;31;15;;;;;;;1976-05-to-2008-10;loto.csv
2002084-1;2002084;1;2002-10-19;SA;historic-6-plus-complementary;48;21;49;3;14;41;24;;;;;;;1976-05-to-2008-10;loto.csv
2002084-2;2002084;2;2002-10-19;SA;historic-6-plus-complementary;8;3;17;7;18;10;30;;;;;;;1976-05-to-2008-10;loto.csv
2002085-1;2002085;1;2002-10-23;ME;historic-6-plus-complementary;22;4;13;5;20;29;25;;;;;;;1976-05-to-2008-10;loto.csv
2002085-2;2002085;2;2002-10-23;ME;historic-6-plus-complementary;17;20;36;6;42;3;24;;;;;;;1976-05-to-2008-10;loto.csv
2002086-1;2002086;1;2002-10-26;SA;historic-6-plus-complementary;31;46;20;16;7;26;39;;;;;;;1976-05-to-2008-10;loto.csv
2002086-2;2002086;2;2002-10-26;SA;historic-6-plus-complementary;47;24;9;19;36;22;29;;;;;;;1976-05-to-2008-10;loto.csv
2002087-1;2002087;1;2002-10-30;ME;historic-6-plus-complementary;28;47;22;11;26;17;4;;;;;;;1976-05-to-2008-10;loto.csv
2002087-2;2002087;2;2002-10-30;ME;historic-6-plus-complementary;6;42;20;27;1;5;18;;;;;;;1976-05-to-2008-10;loto.csv
2002088-1;2002088;1;2002-11-02;SA;historic-6-plus-complementary;39;49;29;9;12;20;28;;;;;;;1976-05-to-2008-10;loto.csv
2002088-2;2002088;2;2002-11-02;SA;historic-6-plus-complementary;15;24;44;16;45;18;14;;;;;;;1976-05-to-2008-10;loto.csv
2002089-1;2002089;1;2002-11-06;ME;historic-6-plus-complementary;30;28;29;31;10;47;38;;;;;;;1976-05-to-2008-10;loto.csv
2002089-2;2002089;2;2002-11-06;ME;historic-6-plus-complementary;46;45;44;3;10;32;41;;;;;;;1976-05-to-2008-10;loto.csv
2002090-1;2002090;1;2002-11-09;SA;historic-6-plus-complementary;28;26;4;14;49;2;15;;;;;;;1976-05-to-2008-10;loto.csv
2002090-2;2002090;2;2002-11-09;SA;historic-6-plus-complementary;16;14;7;25;21;17;45;;;;;;;1976-05-to-2008-10;loto.csv
2002091-1;2002091;1;2002-11-13;ME;historic-6-plus-complementary;30;44;12;29;33;45;20;;;;;;;1976-05-to-2008-10;loto.csv
2002091-2;2002091;2;2002-11-13;ME;historic-6-plus-complementary;40;33;12;27;5;24;37;;;;;;;1976-05-to-2008-10;loto.csv
2002092-1;2002092;1;2002-11-16;SA;historic-6-plus-complementary;49;43;9;28;6;1;16;;;;;;;1976-05-to-2008-10;loto.csv
2002092-2;2002092;2;2002-11-16;SA;historic-6-plus-complementary;26;27;20;8;18;7;11;;;;;;;1976-05-to-2008-10;loto.csv
2002093-1;2002093;1;2002-11-20;ME;historic-6-plus-complementary;20;13;22;19;37;5;40;;;;;;;1976-05-to-2008-10;loto.csv
2002093-2;2002093;2;2002-11-20;ME;historic-6-plus-complementary;16;41;40;22;13;39;5;;;;;;;1976-05-to-2008-10;loto.csv
2002094-1;2002094;1;2002-11-23;SA;historic-6-plus-complementary;14;18;46;35;33;6;27;;;;;;;1976-05-to-2008-10;loto.csv
2002094-2;2002094;2;2002-11-23;SA;historic-6-plus-complementary;14;11;43;40;32;4;31;;;;;;;1976-05-to-2008-10;loto.csv
2002095-1;2002095;1;2002-11-27;ME;historic-6-plus-complementary;42;24;9;20;17;26;5;;;;;;;1976-05-to-2008-10;loto.csv
2002095-2;2002095;2;2002-11-27;ME;historic-6-plus-complementary;5;22;38;1;29;9;41;;;;;;;1976-05-to-2008-10;loto.csv
2002096-1;2002096;1;2002-11-30;SA;historic-6-plus-complementary;45;40;7;2;17;13;47;;;;;;;1976-05-to-2008-10;loto.csv
2002096-2;2002096;2;2002-11-30;SA;historic-6-plus-complementary;7;30;28;41;15;37;42;;;;;;;1976-05-to-2008-10;loto.csv
2002097-1;2002097;1;2002-12-04;ME;historic-6-plus-complementary;32;14;23;22;2;44;45;;;;;;;1976-05-to-2008-10;loto.csv
2002097-2;2002097;2;2002-12-04;ME;historic-6-plus-complementary;25;20;12;26;14;18;33;;;;;;;1976-05-to-2008-10;loto.csv
2002098-1;2002098;1;2002-12-07;SA;historic-6-plus-complementary;22;16;1;2;8;45;13;;;;;;;1976-05-to-2008-10;loto.csv
2002098-2;2002098;2;2002-12-07;SA;historic-6-plus-complementary;25;19;18;24;48;46;17;;;;;;;1976-05-to-2008-10;loto.csv
2002099-1;2002099;1;2002-12-11;ME;historic-6-plus-complementary;4;18;11;46;24;42;40;;;;;;;1976-05-to-2008-10;loto.csv
2002099-2;2002099;2;2002-12-11;ME;historic-6-plus-complementary;20;31;30;9;4;32;40;;;;;;;1976-05-to-2008-10;loto.csv
2002100-1;2002100;1;2002-12-14;SA;historic-6-plus-complementary;11;23;43;31;26;1;19;;;;;;;1976-05-to-2008-10;loto.csv
2002100-2;2002100;2;2002-12-14;SA;historic-6-plus-complementary;24;15;11;28;6;1;43;;;;;;;1976-05-to-2008-10;loto.csv
2002101-1;2002101;1;2002-12-18;ME;historic-6-plus-complementary;40;1;49;37;43;34;13;;;;;;;1976-05-to-2008-10;loto.csv
2002101-2;2002101;2;2002-12-18;ME;historic-6-plus-complementary;24;49;6;9;38;45;44;;;;;;;1976-05-to-2008-10;loto.csv
2002102-1;2002102;1;2002-12-21;SA;historic-6-plus-complementary;32;20;9;12;46;44;8;;;;;;;1976-05-to-2008-10;loto.csv
2002102-2;2002102;2;2002-12-21;SA;historic-6-plus-complementary;15;23;21;1;13;41;29;;;;;;;1976-05-to-2008-10;loto.csv
2002103-1;2002103;1;2002-12-25;ME;historic-6-plus-complementary;13;48;45;2;40;27;4;;;;;;;1976-05-to-2008-10;loto.csv
2002103-2;2002103;2;2002-12-25;ME;historic-6-plus-complementary;42;37;19;15;28;4;38;;;;;;;1976-05-to-2008-10;loto.csv
2002104-1;2002104;1;2002-12-28;SA;historic-6-plus-complementary;45;12;17;46;16;1;8;;;;;;;1976-05-to-2008-10;loto.csv
2002104-2;2002104;2;2002-12-28;SA;historic-6-plus-complementary;13;29;1;31;37;2;35;;;;;;;1976-05-to-2008-10;loto.csv
2003001-1;2003001;1;2003-01-01;ME;historic-6-plus-complementary;42;20;9;23;17;31;41;;;;;;;1976-05-to-2008-10;loto.csv
2003001-2;2003001;2;2003-01-01;ME;historic-6-plus-complementary;5;18;43;17;10;14;40;;;;;;;1976-05-to-2008-10;loto.csv
2003002-1;2003002;1;2003-01-04;SA;historic-6-plus-complementary;17;37;18;42;36;7;22;;;;;;;1976-05-to-2008-10;loto.csv
2003002-2;2003002;2;2003-01-04;SA;historic-6-plus-complementary;26;46;47;39;40;18;23;;;;;;;1976-05-to-2008-10;loto.csv
2003003-1;2003003;1;2003-01-08;ME;historic-6-plus-complementary;34;12;24;33;28;39;10;;;;;;;1976-05-to-2008-10;loto.csv
2003003-2;2003003;2;2003-01-08;ME;historic-6-plus-complementary;11;32;16;42;49;47;48;;;;;;;1976-05-to-2008-10;loto.csv
2003004-1;2003004;1;2003-01-11;SA;historic-6-plus-complementary;43;6;35;27;48;11;46;;;;;;;1976-05-to-2008-10;loto.csv
2003004-2;2003004;2;2003-01-11;SA;historic-6-plus-complementary;22;13;39;35;6;34;21;;;;;;;1976-05-to-2008-10;loto.csv
2003005-1;2003005;1;2003-01-15;ME;historic-6-plus-complementary;16;12;1;5;28;34;9;;;;;;;1976-05-to-2008-10;loto.csv
2003005-2;2003005;2;2003-01-15;ME;historic-6-plus-complementary;10;36;37;3;15;30;41;;;;;;;1976-05-to-2008-10;loto.csv
2003006-1;2003006;1;2003-01-18;SA;historic-6-plus-complementary;49;37;20;44;5;34;7;;;;;;;1976-05-to-2008-10;loto.csv
2003006-2;2003006;2;2003-01-18;SA;historic-6-plus-complementary;49;14;29;4;15;38;18;;;;;;;1976-05-to-2008-10;loto.csv
2003007-1;2003007;1;2003-01-22;ME;historic-6-plus-complementary;28;15;27;26;46;35;22;;;;;;;1976-05-to-2008-10;loto.csv
2003007-2;2003007;2;2003-01-22;ME;historic-6-plus-complementary;45;26;29;49;1;47;35;;;;;;;1976-05-to-2008-10;loto.csv
2003008-1;2003008;1;2003-01-25;SA;historic-6-plus-complementary;20;25;46;34;17;41;28;;;;;;;1976-05-to-2008-10;loto.csv
2003008-2;2003008;2;2003-01-25;SA;historic-6-plus-complementary;38;8;42;47;1;26;12;;;;;;;1976-05-to-2008-10;loto.csv
2003009-1;2003009;1;2003-01-29;ME;historic-6-plus-complementary;37;48;34;40;3;36;46;;;;;;;1976-05-to-2008-10;loto.csv
2003009-2;2003009;2;2003-01-29;ME;historic-6-plus-complementary;19;32;40;30;35;48;4;;;;;;;1976-05-to-2008-10;loto.csv
2003010-1;2003010;1;2003-02-01;SA;historic-6-plus-complementary;43;17;45;14;38;42;35;;;;;;;1976-05-to-2008-10;loto.csv
2003010-2;2003010;2;2003-02-01;SA;historic-6-plus-complementary;15;46;42;34;8;16;10;;;;;;;1976-05-to-2008-10;loto.csv
2003011-1;2003011;1;2003-02-05;ME;historic-6-plus-complementary;38;20;10;19;49;22;39;;;;;;;1976-05-to-2008-10;loto.csv
2003011-2;2003011;2;2003-02-05;ME;historic-6-plus-complementary;26;30;27;35;47;44;3;;;;;;;1976-05-to-2008-10;loto.csv
2003012-1;2003012;1;2003-02-08;SA;historic-6-plus-complementary;31;36;12;26;18;10;1;;;;;;;1976-05-to-2008-10;loto.csv
2003012-2;2003012;2;2003-02-08;SA;historic-6-plus-complementary;45;39;34;28;48;25;42;;;;;;;1976-05-to-2008-10;loto.csv
2003013-1;2003013;1;2003-02-12;ME;historic-6-plus-complementary;41;12;31;28;16;7;18;;;;;;;1976-05-to-2008-10;loto.csv
2003013-2;2003013;2;2003-02-12;ME;historic-6-plus-complementary;1;2;39;24;20;30;7;;;;;;;1976-05-to-2008-10;loto.csv
2003014-1;2003014;1;2003-02-15;SA;historic-6-plus-complementary;49;26;31;28;11;1;19;;;;;;;1976-05-to-2008-10;loto.csv
2003014-2;2003014;2;2003-02-15;SA;historic-6-plus-complementary;12;48;22;18;19;40;42;;;;;;;1976-05-to-2008-10;loto.csv
2003015-1;2003015;1;2003-02-19;ME;historic-6-plus-complementary;16;40;31;20;35;23;4;;;;;;;1976-05-to-2008-10;loto.csv
2003015-2;2003015;2;2003-02-19;ME;historic-6-plus-complementary;1;35;32;8;33;45;46;;;;;;;1976-05-to-2008-10;loto.csv
2003016-1;2003016;1;2003-02-22;SA;historic-6-plus-complementary;27;36;9;46;44;24;45;;;;;;;1976-05-to-2008-10;loto.csv
2003016-2;2003016;2;2003-02-22;SA;historic-6-plus-complementary;27;18;11;6;2;35;13;;;;;;;1976-05-to-2008-10;loto.csv
2003017-1;2003017;1;2003-02-26;ME;historic-6-plus-complementary;23;40;13;7;22;31;36;;;;;;;1976-05-to-2008-10;loto.csv
2003017-2;2003017;2;2003-02-26;ME;historic-6-plus-complementary;42;6;19;34;16;45;33;;;;;;;1976-05-to-2008-10;loto.csv
2003018-1;2003018;1;2003-03-01;SA;historic-6-plus-complementary;1;8;44;39;33;4;47;;;;;;;1976-05-to-2008-10;loto.csv
2003018-2;2003018;2;2003-03-01;SA;historic-6-plus-complementary;11;47;13;40;45;5;18;;;;;;;1976-05-to-2008-10;loto.csv
2003019-1;2003019;1;2003-03-05;ME;historic-6-plus-complementary;33;27;9;21;49;12;25;;;;;;;1976-05-to-2008-10;loto.csv
2003019-2;2003019;2;2003-03-05;ME;historic-6-plus-complementary;21;12;17;37;27;7;30;;;;;;;1976-05-to-2008-10;loto.csv
2003020-1;2003020;1;2003-03-08;SA;historic-6-plus-complementary;6;44;49;46;30;42;34;;;;;;;1976-05-to-2008-10;loto.csv
2003020-2;2003020;2;2003-03-08;SA;historic-6-plus-complementary;9;14;11;17;30;29;21;;;;;;;1976-05-to-2008-10;loto.csv
2003021-1;2003021;1;2003-03-12;ME;historic-6-plus-complementary;11;26;32;4;47;8;36;;;;;;;1976-05-to-2008-10;loto.csv
2003021-2;2003021;2;2003-03-12;ME;historic-6-plus-complementary;35;21;42;36;3;13;40;;;;;;;1976-05-to-2008-10;loto.csv
2003022-1;2003022;1;2003-03-15;SA;historic-6-plus-complementary;26;16;21;49;46;28;9;;;;;;;1976-05-to-2008-10;loto.csv
2003022-2;2003022;2;2003-03-15;SA;historic-6-plus-complementary;46;6;14;4;31;8;29;;;;;;;1976-05-to-2008-10;loto.csv
2003023-1;2003023;1;2003-03-19;ME;historic-6-plus-complementary;40;49;36;44;2;25;8;;;;;;;1976-05-to-2008-10;loto.csv
2003023-2;2003023;2;2003-03-19;ME;historic-6-plus-complementary;48;23;34;2;21;5;39;;;;;;;1976-05-to-2008-10;loto.csv
2003024-1;2003024;1;2003-03-22;SA;historic-6-plus-complementary;42;33;9;37;27;40;28;;;;;;;1976-05-to-2008-10;loto.csv
2003024-2;2003024;2;2003-03-22;SA;historic-6-plus-complementary;7;8;34;41;19;5;31;;;;;;;1976-05-to-2008-10;loto.csv
2003025-1;2003025;1;2003-03-26;ME;historic-6-plus-complementary;29;2;23;22;42;16;46;;;;;;;1976-05-to-2008-10;loto.csv
2003025-2;2003025;2;2003-03-26;ME;historic-6-plus-complementary;15;10;5;29;48;17;2;;;;;;;1976-05-to-2008-10;loto.csv
2003026-1;2003026;1;2003-03-29;SA;historic-6-plus-complementary;39;36;18;14;37;5;22;;;;;;;1976-05-to-2008-10;loto.csv
2003026-2;2003026;2;2003-03-29;SA;historic-6-plus-complementary;45;27;32;48;33;15;21;;;;;;;1976-05-to-2008-10;loto.csv
2003027-1;2003027;1;2003-04-02;ME;historic-6-plus-complementary;37;13;47;26;44;42;19;;;;;;;1976-05-to-2008-10;loto.csv
2003027-2;2003027;2;2003-04-02;ME;historic-6-plus-complementary;27;24;19;41;5;49;43;;;;;;;1976-05-to-2008-10;loto.csv
2003028-1;2003028;1;2003-04-05;SA;historic-6-plus-complementary;9;32;4;6;12;39;1;;;;;;;1976-05-to-2008-10;loto.csv
2003028-2;2003028;2;2003-04-05;SA;historic-6-plus-complementary;18;37;25;47;17;21;7;;;;;;;1976-05-to-2008-10;loto.csv
2003029-1;2003029;1;2003-04-09;ME;historic-6-plus-complementary;24;48;45;7;13;35;4;;;;;;;1976-05-to-2008-10;loto.csv
2003029-2;2003029;2;2003-04-09;ME;historic-6-plus-complementary;41;15;37;24;46;8;38;;;;;;;1976-05-to-2008-10;loto.csv
2003030-1;2003030;1;2003-04-12;SA;historic-6-plus-complementary;13;35;6;42;37;48;36;;;;;;;1976-05-to-2008-10;loto.csv
2003030-2;2003030;2;2003-04-12;SA;historic-6-plus-complementary;34;17;13;41;40;10;8;;;;;;;1976-05-to-2008-10;loto.csv
2003031-1;2003031;1;2003-04-16;ME;historic-6-plus-complementary;44;2;12;14;16;28;41;;;;;;;1976-05-to-2008-10;loto.csv
2003031-2;2003031;2;2003-04-16;ME;historic-6-plus-complementary;42;15;49;6;4;21;46;;;;;;;1976-05-to-2008-10;loto.csv
2003032-1;2003032;1;2003-04-19;SA;historic-6-plus-complementary;21;4;41;26;49;2;11;;;;;;;1976-05-to-2008-10;loto.csv
2003032-2;2003032;2;2003-04-19;SA;historic-6-plus-complementary;1;9;23;5;31;16;27;;;;;;;1976-05-to-2008-10;loto.csv
2003033-1;2003033;1;2003-04-23;ME;historic-6-plus-complementary;45;5;24;35;42;49;1;;;;;;;1976-05-to-2008-10;loto.csv
2003033-2;2003033;2;2003-04-23;ME;historic-6-plus-complementary;40;30;34;29;26;46;33;;;;;;;1976-05-to-2008-10;loto.csv
2003034-1;2003034;1;2003-04-26;SA;historic-6-plus-complementary;44;45;49;29;20;24;9;;;;;;;1976-05-to-2008-10;loto.csv
2003034-2;2003034;2;2003-04-26;SA;historic-6-plus-complementary;38;24;48;14;13;17;36;;;;;;;1976-05-to-2008-10;loto.csv
2003035-1;2003035;1;2003-04-30;ME;historic-6-plus-complementary;38;1;6;4;49;44;37;;;;;;;1976-05-to-2008-10;loto.csv
2003035-2;2003035;2;2003-04-30;ME;historic-6-plus-complementary;9;5;47;6;16;30;39;;;;;;;1976-05-to-2008-10;loto.csv
2003036-1;2003036;1;2003-05-03;SA;historic-6-plus-complementary;6;10;20;17;30;45;16;;;;;;;1976-05-to-2008-10;loto.csv
2003036-2;2003036;2;2003-05-03;SA;historic-6-plus-complementary;15;25;3;7;40;19;47;;;;;;;1976-05-to-2008-10;loto.csv
2003037-1;2003037;1;2003-05-07;ME;historic-6-plus-complementary;36;7;17;43;47;26;11;;;;;;;1976-05-to-2008-10;loto.csv
2003037-2;2003037;2;2003-05-07;ME;historic-6-plus-complementary;40;49;34;9;23;24;12;;;;;;;1976-05-to-2008-10;loto.csv
2003038-1;2003038;1;2003-05-10;SA;historic-6-plus-complementary;44;29;34;37;40;3;48;;;;;;;1976-05-to-2008-10;loto.csv
2003038-2;2003038;2;2003-05-10;SA;historic-6-plus-complementary;44;30;1;12;10;21;7;;;;;;;1976-05-to-2008-10;loto.csv
2003039-1;2003039;1;2003-05-14;ME;historic-6-plus-complementary;46;9;44;14;24;18;5;;;;;;;1976-05-to-2008-10;loto.csv
2003039-2;2003039;2;2003-05-14;ME;historic-6-plus-complementary;41;47;10;2;48;27;33;;;;;;;1976-05-to-2008-10;loto.csv
2003040-1;2003040;1;2003-05-17;SA;historic-6-plus-complementary;28;37;42;17;46;20;4;;;;;;;1976-05-to-2008-10;loto.csv
2003040-2;2003040;2;2003-05-17;SA;historic-6-plus-complementary;42;27;39;47;11;43;46;;;;;;;1976-05-to-2008-10;loto.csv
2003041-1;2003041;1;2003-05-21;ME;historic-6-plus-complementary;31;4;6;46;32;16;36;;;;;;;1976-05-to-2008-10;loto.csv
2003041-2;2003041;2;2003-05-21;ME;historic-6-plus-complementary;24;8;45;17;27;33;42;;;;;;;1976-05-to-2008-10;loto.csv
2003042-1;2003042;1;2003-05-24;SA;historic-6-plus-complementary;20;22;41;6;13;49;1;;;;;;;1976-05-to-2008-10;loto.csv
2003042-2;2003042;2;2003-05-24;SA;historic-6-plus-complementary;37;23;42;47;10;6;18;;;;;;;1976-05-to-2008-10;loto.csv
2003043-1;2003043;1;2003-05-28;ME;historic-6-plus-complementary;38;43;32;49;2;39;20;;;;;;;1976-05-to-2008-10;loto.csv
2003043-2;2003043;2;2003-05-28;ME;historic-6-plus-complementary;4;15;19;35;3;38;16;;;;;;;1976-05-to-2008-10;loto.csv
2003044-1;2003044;1;2003-05-31;SA;historic-6-plus-complementary;27;9;30;24;12;29;22;;;;;;;1976-05-to-2008-10;loto.csv
2003044-2;2003044;2;2003-05-31;SA;historic-6-plus-complementary;17;39;22;41;9;42;19;;;;;;;1976-05-to-2008-10;loto.csv
2003045-1;2003045;1;2003-06-04;ME;historic-6-plus-complementary;34;30;45;43;24;44;13;;;;;;;1976-05-to-2008-10;loto.csv
2003045-2;2003045;2;2003-06-04;ME;historic-6-plus-complementary;3;30;18;34;38;12;28;;;;;;;1976-05-to-2008-10;loto.csv
2003046-1;2003046;1;2003-06-07;SA;historic-6-plus-complementary;13;25;12;40;22;26;36;;;;;;;1976-05-to-2008-10;loto.csv
2003046-2;2003046;2;2003-06-07;SA;historic-6-plus-complementary;23;16;12;6;37;42;11;;;;;;;1976-05-to-2008-10;loto.csv
2003047-1;2003047;1;2003-06-11;ME;historic-6-plus-complementary;20;9;16;19;22;49;18;;;;;;;1976-05-to-2008-10;loto.csv
2003047-2;2003047;2;2003-06-11;ME;historic-6-plus-complementary;38;18;28;14;10;3;27;;;;;;;1976-05-to-2008-10;loto.csv
2003048-1;2003048;1;2003-06-14;SA;historic-6-plus-complementary;48;44;3;18;4;42;31;;;;;;;1976-05-to-2008-10;loto.csv
2003048-2;2003048;2;2003-06-14;SA;historic-6-plus-complementary;2;46;28;49;35;19;12;;;;;;;1976-05-to-2008-10;loto.csv
2003049-1;2003049;1;2003-06-18;ME;historic-6-plus-complementary;27;29;19;42;32;10;44;;;;;;;1976-05-to-2008-10;loto.csv
2003049-2;2003049;2;2003-06-18;ME;historic-6-plus-complementary;15;46;28;33;23;26;40;;;;;;;1976-05-to-2008-10;loto.csv
2003050-1;2003050;1;2003-06-21;SA;historic-6-plus-complementary;14;26;47;15;33;1;11;;;;;;;1976-05-to-2008-10;loto.csv
2003050-2;2003050;2;2003-06-21;SA;historic-6-plus-complementary;46;26;36;31;29;43;34;;;;;;;1976-05-to-2008-10;loto.csv
2003051-1;2003051;1;2003-06-25;ME;historic-6-plus-complementary;25;27;33;13;42;36;41;;;;;;;1976-05-to-2008-10;loto.csv
2003051-2;2003051;2;2003-06-25;ME;historic-6-plus-complementary;48;34;45;42;7;3;16;;;;;;;1976-05-to-2008-10;loto.csv
2003052-1;2003052;1;2003-06-28;SA;historic-6-plus-complementary;47;46;34;11;12;23;33;;;;;;;1976-05-to-2008-10;loto.csv
2003052-2;2003052;2;2003-06-28;SA;historic-6-plus-complementary;7;24;12;25;15;31;27;;;;;;;1976-05-to-2008-10;loto.csv
2003053-1;2003053;1;2003-07-02;ME;historic-6-plus-complementary;41;39;40;11;22;6;4;;;;;;;1976-05-to-2008-10;loto.csv
2003053-2;2003053;2;2003-07-02;ME;historic-6-plus-complementary;34;10;36;35;18;37;16;;;;;;;1976-05-to-2008-10;loto.csv
2003054-1;2003054;1;2003-07-05;SA;historic-6-plus-complementary;31;48;35;43;49;9;17;;;;;;;1976-05-to-2008-10;loto.csv
2003054-2;2003054;2;2003-07-05;SA;historic-6-plus-complementary;21;8;47;13;16;29;24;;;;;;;1976-05-to-2008-10;loto.csv
2003055-1;2003055;1;2003-07-09;ME;historic-6-plus-complementary;6;36;5;13;41;18;44;;;;;;;1976-05-to-2008-10;loto.csv
2003055-2;2003055;2;2003-07-09;ME;historic-6-plus-complementary;18;4;30;17;21;44;41;;;;;;;1976-05-to-2008-10;loto.csv
2003056-1;2003056;1;2003-07-12;SA;historic-6-plus-complementary;18;35;46;44;36;12;34;;;;;;;1976-05-to-2008-10;loto.csv
2003056-2;2003056;2;2003-07-12;SA;historic-6-plus-complementary;10;20;1;24;23;9;31;;;;;;;1976-05-to-2008-10;loto.csv
2003057-1;2003057;1;2003-07-16;ME;historic-6-plus-complementary;21;13;22;34;5;29;32;;;;;;;1976-05-to-2008-10;loto.csv
2003057-2;2003057;2;2003-07-16;ME;historic-6-plus-complementary;10;3;26;23;27;17;13;;;;;;;1976-05-to-2008-10;loto.csv
2003058-1;2003058;1;2003-07-19;SA;historic-6-plus-complementary;8;13;4;10;20;19;41;;;;;;;1976-05-to-2008-10;loto.csv
2003058-2;2003058;2;2003-07-19;SA;historic-6-plus-complementary;37;35;39;44;10;3;5;;;;;;;1976-05-to-2008-10;loto.csv
2003059-1;2003059;1;2003-07-23;ME;historic-6-plus-complementary;6;46;5;38;9;40;1;;;;;;;1976-05-to-2008-10;loto.csv
2003059-2;2003059;2;2003-07-23;ME;historic-6-plus-complementary;33;11;41;15;14;34;25;;;;;;;1976-05-to-2008-10;loto.csv
2003060-1;2003060;1;2003-07-26;SA;historic-6-plus-complementary;41;5;35;42;16;1;14;;;;;;;1976-05-to-2008-10;loto.csv
2003060-2;2003060;2;2003-07-26;SA;historic-6-plus-complementary;35;33;38;25;47;30;12;;;;;;;1976-05-to-2008-10;loto.csv
2003061-1;2003061;1;2003-07-30;ME;historic-6-plus-complementary;18;1;14;42;4;38;44;;;;;;;1976-05-to-2008-10;loto.csv
2003061-2;2003061;2;2003-07-30;ME;historic-6-plus-complementary;10;15;20;1;7;19;47;;;;;;;1976-05-to-2008-10;loto.csv
2003062-1;2003062;1;2003-08-02;SA;historic-6-plus-complementary;3;20;9;19;17;4;10;;;;;;;1976-05-to-2008-10;loto.csv
2003062-2;2003062;2;2003-08-02;SA;historic-6-plus-complementary;12;24;38;18;2;25;40;;;;;;;1976-05-to-2008-10;loto.csv
2003063-1;2003063;1;2003-08-06;ME;historic-6-plus-complementary;31;16;28;36;29;21;19;;;;;;;1976-05-to-2008-10;loto.csv
2003063-2;2003063;2;2003-08-06;ME;historic-6-plus-complementary;3;26;35;34;1;27;39;;;;;;;1976-05-to-2008-10;loto.csv
2003064-1;2003064;1;2003-08-09;SA;historic-6-plus-complementary;39;3;19;30;21;10;32;;;;;;;1976-05-to-2008-10;loto.csv
2003064-2;2003064;2;2003-08-09;SA;historic-6-plus-complementary;8;40;10;34;24;1;7;;;;;;;1976-05-to-2008-10;loto.csv
2003065-1;2003065;1;2003-08-13;ME;historic-6-plus-complementary;12;37;45;28;1;34;17;;;;;;;1976-05-to-2008-10;loto.csv
2003065-2;2003065;2;2003-08-13;ME;historic-6-plus-complementary;32;23;7;29;10;31;42;;;;;;;1976-05-to-2008-10;loto.csv
2003066-1;2003066;1;2003-08-16;SA;historic-6-plus-complementary;7;38;10;20;11;40;6;;;;;;;1976-05-to-2008-10;loto.csv
2003066-2;2003066;2;2003-08-16;SA;historic-6-plus-complementary;5;46;37;27;33;26;49;;;;;;;1976-05-to-2008-10;loto.csv
2003067-1;2003067;1;2003-08-20;ME;historic-6-plus-complementary;34;8;4;44;23;42;20;;;;;;;1976-05-to-2008-10;loto.csv
2003067-2;2003067;2;2003-08-20;ME;historic-6-plus-complementary;38;1;34;5;10;41;45;;;;;;;1976-05-to-2008-10;loto.csv
2003068-1;2003068;1;2003-08-23;SA;historic-6-plus-complementary;32;11;43;25;9;2;34;;;;;;;1976-05-to-2008-10;loto.csv
2003068-2;2003068;2;2003-08-23;SA;historic-6-plus-complementary;49;12;17;10;26;16;42;;;;;;;1976-05-to-2008-10;loto.csv
2003069-1;2003069;1;2003-08-27;ME;historic-6-plus-complementary;3;42;33;31;26;4;45;;;;;;;1976-05-to-2008-10;loto.csv
2003069-2;2003069;2;2003-08-27;ME;historic-6-plus-complementary;10;31;7;38;28;21;1;;;;;;;1976-05-to-2008-10;loto.csv
2003070-1;2003070;1;2003-08-30;SA;historic-6-plus-complementary;25;2;32;18;11;7;49;;;;;;;1976-05-to-2008-10;loto.csv
2003070-2;2003070;2;2003-08-30;SA;historic-6-plus-complementary;39;24;44;17;11;45;48;;;;;;;1976-05-to-2008-10;loto.csv
2003071-1;2003071;1;2003-09-03;ME;historic-6-plus-complementary;15;42;13;17;16;38;6;;;;;;;1976-05-to-2008-10;loto.csv
2003071-2;2003071;2;2003-09-03;ME;historic-6-plus-complementary;23;24;26;41;40;34;32;;;;;;;1976-05-to-2008-10;loto.csv
2003072-1;2003072;1;2003-09-06;SA;historic-6-plus-complementary;2;1;20;49;47;10;18;;;;;;;1976-05-to-2008-10;loto.csv
2003072-2;2003072;2;2003-09-06;SA;historic-6-plus-complementary;37;44;27;9;10;49;31;;;;;;;1976-05-to-2008-10;loto.csv
2003073-1;2003073;1;2003-09-10;ME;historic-6-plus-complementary;37;31;15;24;44;27;48;;;;;;;1976-05-to-2008-10;loto.csv
2003073-2;2003073;2;2003-09-10;ME;historic-6-plus-complementary;44;49;27;13;23;16;41;;;;;;;1976-05-to-2008-10;loto.csv
2003074-1;2003074;1;2003-09-13;SA;historic-6-plus-complementary;38;41;26;33;43;20;27;;;;;;;1976-05-to-2008-10;loto.csv
2003074-2;2003074;2;2003-09-13;SA;historic-6-plus-complementary;22;11;42;19;43;31;16;;;;;;;1976-05-to-2008-10;loto.csv
2003075-1;2003075;1;2003-09-17;ME;historic-6-plus-complementary;15;13;7;20;21;35;48;;;;;;;1976-05-to-2008-10;loto.csv
2003075-2;2003075;2;2003-09-17;ME;historic-6-plus-complementary;8;48;3;29;23;6;7;;;;;;;1976-05-to-2008-10;loto.csv
2003076-1;2003076;1;2003-09-20;SA;historic-6-plus-complementary;25;1;48;20;12;18;43;;;;;;;1976-05-to-2008-10;loto.csv
2003076-2;2003076;2;2003-09-20;SA;historic-6-plus-complementary;5;46;26;33;35;6;36;;;;;;;1976-05-to-2008-10;loto.csv
2003077-1;2003077;1;2003-09-24;ME;historic-6-plus-complementary;11;36;33;6;17;20;28;;;;;;;1976-05-to-2008-10;loto.csv
2003077-2;2003077;2;2003-09-24;ME;historic-6-plus-complementary;10;33;18;19;13;2;6;;;;;;;1976-05-to-2008-10;loto.csv
2003078-1;2003078;1;2003-09-27;SA;historic-6-plus-complementary;12;40;8;29;49;11;3;;;;;;;1976-05-to-2008-10;loto.csv
2003078-2;2003078;2;2003-09-27;SA;historic-6-plus-complementary;33;34;5;25;6;26;2;;;;;;;1976-05-to-2008-10;loto.csv
2003079-1;2003079;1;2003-10-01;ME;historic-6-plus-complementary;49;23;1;7;17;30;35;;;;;;;1976-05-to-2008-10;loto.csv
2003079-2;2003079;2;2003-10-01;ME;historic-6-plus-complementary;40;5;17;43;29;1;30;;;;;;;1976-05-to-2008-10;loto.csv
2003080-1;2003080;1;2003-10-04;SA;historic-6-plus-complementary;31;32;10;38;6;27;33;;;;;;;1976-05-to-2008-10;loto.csv
2003080-2;2003080;2;2003-10-04;SA;historic-6-plus-complementary;7;48;40;44;45;34;37;;;;;;;1976-05-to-2008-10;loto.csv
2003081-1;2003081;1;2003-10-08;ME;historic-6-plus-complementary;6;34;2;12;4;42;24;;;;;;;1976-05-to-2008-10;loto.csv
2003081-2;2003081;2;2003-10-08;ME;historic-6-plus-complementary;18;42;23;7;14;6;25;;;;;;;1976-05-to-2008-10;loto.csv
2003082-1;2003082;1;2003-10-11;SA;historic-6-plus-complementary;32;27;14;2;25;47;18;;;;;;;1976-05-to-2008-10;loto.csv
2003082-2;2003082;2;2003-10-11;SA;historic-6-plus-complementary;38;17;35;10;48;23;29;;;;;;;1976-05-to-2008-10;loto.csv
2003083-1;2003083;1;2003-10-15;ME;historic-6-plus-complementary;18;7;44;49;25;47;29;;;;;;;1976-05-to-2008-10;loto.csv
2003083-2;2003083;2;2003-10-15;ME;historic-6-plus-complementary;12;2;31;17;48;35;44;;;;;;;1976-05-to-2008-10;loto.csv
2003084-1;2003084;1;2003-10-18;SA;historic-6-plus-complementary;6;13;40;30;11;36;18;;;;;;;1976-05-to-2008-10;loto.csv
2003084-2;2003084;2;2003-10-18;SA;historic-6-plus-complementary;8;39;41;27;33;17;13;;;;;;;1976-05-to-2008-10;loto.csv
2003085-1;2003085;1;2003-10-22;ME;historic-6-plus-complementary;17;7;34;9;8;35;49;;;;;;;1976-05-to-2008-10;loto.csv
2003085-2;2003085;2;2003-10-22;ME;historic-6-plus-complementary;6;43;27;15;22;10;7;;;;;;;1976-05-to-2008-10;loto.csv
2003086-1;2003086;1;2003-10-25;SA;historic-6-plus-complementary;10;34;12;27;28;21;46;;;;;;;1976-05-to-2008-10;loto.csv
2003086-2;2003086;2;2003-10-25;SA;historic-6-plus-complementary;28;11;43;4;3;48;36;;;;;;;1976-05-to-2008-10;loto.csv
2003087-1;2003087;1;2003-10-29;ME;historic-6-plus-complementary;14;7;31;10;4;1;28;;;;;;;1976-05-to-2008-10;loto.csv
2003087-2;2003087;2;2003-10-29;ME;historic-6-plus-complementary;7;17;34;19;27;40;47;;;;;;;1976-05-to-2008-10;loto.csv
2003088-1;2003088;1;2003-11-01;SA;historic-6-plus-complementary;26;38;28;20;27;23;6;;;;;;;1976-05-to-2008-10;loto.csv
2003088-2;2003088;2;2003-11-01;SA;historic-6-plus-complementary;7;9;40;36;24;38;32;;;;;;;1976-05-to-2008-10;loto.csv
2003089-1;2003089;1;2003-11-05;ME;historic-6-plus-complementary;49;48;33;47;12;28;30;;;;;;;1976-05-to-2008-10;loto.csv
2003089-2;2003089;2;2003-11-05;ME;historic-6-plus-complementary;48;49;17;27;28;6;30;;;;;;;1976-05-to-2008-10;loto.csv
2003090-1;2003090;1;2003-11-08;SA;historic-6-plus-complementary;20;23;31;22;35;15;28;;;;;;;1976-05-to-2008-10;loto.csv
2003090-2;2003090;2;2003-11-08;SA;historic-6-plus-complementary;19;33;48;28;49;20;5;;;;;;;1976-05-to-2008-10;loto.csv
2003091-1;2003091;1;2003-11-12;ME;historic-6-plus-complementary;27;4;46;14;6;44;29;;;;;;;1976-05-to-2008-10;loto.csv
2003091-2;2003091;2;2003-11-12;ME;historic-6-plus-complementary;31;40;29;21;30;4;22;;;;;;;1976-05-to-2008-10;loto.csv
2003092-1;2003092;1;2003-11-15;SA;historic-6-plus-complementary;27;17;10;18;32;33;4;;;;;;;1976-05-to-2008-10;loto.csv
2003092-2;2003092;2;2003-11-15;SA;historic-6-plus-complementary;8;48;6;14;13;32;23;;;;;;;1976-05-to-2008-10;loto.csv
2003093-1;2003093;1;2003-11-19;ME;historic-6-plus-complementary;38;33;5;16;28;45;21;;;;;;;1976-05-to-2008-10;loto.csv
2003093-2;2003093;2;2003-11-19;ME;historic-6-plus-complementary;41;24;34;6;8;32;38;;;;;;;1976-05-to-2008-10;loto.csv
2003094-1;2003094;1;2003-11-22;SA;historic-6-plus-complementary;13;9;20;28;10;1;35;;;;;;;1976-05-to-2008-10;loto.csv
2003094-2;2003094;2;2003-11-22;SA;historic-6-plus-complementary;15;40;26;32;29;27;16;;;;;;;1976-05-to-2008-10;loto.csv
2003095-1;2003095;1;2003-11-26;ME;historic-6-plus-complementary;8;47;22;14;33;31;5;;;;;;;1976-05-to-2008-10;loto.csv
2003095-2;2003095;2;2003-11-26;ME;historic-6-plus-complementary;26;39;13;7;28;18;42;;;;;;;1976-05-to-2008-10;loto.csv
2003096-1;2003096;1;2003-11-29;SA;historic-6-plus-complementary;34;15;47;3;46;6;39;;;;;;;1976-05-to-2008-10;loto.csv
2003096-2;2003096;2;2003-11-29;SA;historic-6-plus-complementary;39;21;43;25;40;46;24;;;;;;;1976-05-to-2008-10;loto.csv
2003097-1;2003097;1;2003-12-03;ME;historic-6-plus-complementary;33;32;37;9;1;5;3;;;;;;;1976-05-to-2008-10;loto.csv
2003097-2;2003097;2;2003-12-03;ME;historic-6-plus-complementary;30;16;19;39;34;8;27;;;;;;;1976-05-to-2008-10;loto.csv
2003098-1;2003098;1;2003-12-06;SA;historic-6-plus-complementary;40;16;20;6;30;9;7;;;;;;;1976-05-to-2008-10;loto.csv
2003098-2;2003098;2;2003-12-06;SA;historic-6-plus-complementary;46;9;10;31;32;22;15;;;;;;;1976-05-to-2008-10;loto.csv
2003099-1;2003099;1;2003-12-10;ME;historic-6-plus-complementary;17;25;5;41;48;39;37;;;;;;;1976-05-to-2008-10;loto.csv
2003099-2;2003099;2;2003-12-10;ME;historic-6-plus-complementary;2;19;5;32;11;30;3;;;;;;;1976-05-to-2008-10;loto.csv
2003100-1;2003100;1;2003-12-13;SA;historic-6-plus-complementary;29;28;26;38;47;34;37;;;;;;;1976-05-to-2008-10;loto.csv
2003100-2;2003100;2;2003-12-13;SA;historic-6-plus-complementary;23;12;22;46;16;44;3;;;;;;;1976-05-to-2008-10;loto.csv
2003101-1;2003101;1;2003-12-17;ME;historic-6-plus-complementary;32;18;4;19;31;7;8;;;;;;;1976-05-to-2008-10;loto.csv
2003101-2;2003101;2;2003-12-17;ME;historic-6-plus-complementary;49;39;23;22;9;17;47;;;;;;;1976-05-to-2008-10;loto.csv
2003102-1;2003102;1;2003-12-20;SA;historic-6-plus-complementary;26;48;14;39;28;30;31;;;;;;;1976-05-to-2008-10;loto.csv
2003102-2;2003102;2;2003-12-20;SA;historic-6-plus-complementary;48;19;21;40;49;41;11;;;;;;;1976-05-to-2008-10;loto.csv
2003103-1;2003103;1;2003-12-24;ME;historic-6-plus-complementary;35;19;40;37;34;27;13;;;;;;;1976-05-to-2008-10;loto.csv
2003103-2;2003103;2;2003-12-24;ME;historic-6-plus-complementary;30;27;38;19;13;20;10;;;;;;;1976-05-to-2008-10;loto.csv
2003104-1;2003104;1;2003-12-27;SA;historic-6-plus-complementary;17;11;33;32;37;31;28;;;;;;;1976-05-to-2008-10;loto.csv
2003104-2;2003104;2;2003-12-27;SA;historic-6-plus-complementary;43;9;36;2;22;27;47;;;;;;;1976-05-to-2008-10;loto.csv
2003105-1;2003105;1;2003-12-31;ME;historic-6-plus-complementary;26;11;24;32;46;33;38;;;;;;;1976-05-to-2008-10;loto.csv
2003105-2;2003105;2;2003-12-31;ME;historic-6-plus-complementary;5;34;16;47;30;40;27;;;;;;;1976-05-to-2008-10;loto.csv
2004001-1;2004001;1;2004-01-03;SA;historic-6-plus-complementary;16;38;3;43;18;35;39;;;;;;;1976-05-to-2008-10;loto.csv
2004001-2;2004001;2;2004-01-03;SA;historic-6-plus-complementary;13;17;3;49;43;26;44;;;;;;;1976-05-to-2008-10;loto.csv
2004002-1;2004002;1;2004-01-07;ME;historic-6-plus-complementary;28;3;13;4;47;6;27;;;;;;;1976-05-to-2008-10;loto.csv
2004002-2;2004002;2;2004-01-07;ME;historic-6-plus-complementary;42;21;8;20;45;22;15;;;;;;;1976-05-to-2008-10;loto.csv
2004003-1;2004003;1;2004-01-10;SA;historic-6-plus-complementary;23;32;18;21;15;10;4;;;;;;;1976-05-to-2008-10;loto.csv
2004003-2;2004003;2;2004-01-10;SA;historic-6-plus-complementary;38;12;26;32;6;45;19;;;;;;;1976-05-to-2008-10;loto.csv
2004004-1;2004004;1;2004-01-14;ME;historic-6-plus-complementary;33;38;11;14;32;28;25;;;;;;;1976-05-to-2008-10;loto.csv
2004004-2;2004004;2;2004-01-14;ME;historic-6-plus-complementary;18;6;40;48;12;31;10;;;;;;;1976-05-to-2008-10;loto.csv
2004005-1;2004005;1;2004-01-17;SA;historic-6-plus-complementary;43;45;20;29;15;26;38;;;;;;;1976-05-to-2008-10;loto.csv
2004005-2;2004005;2;2004-01-17;SA;historic-6-plus-complementary;29;44;32;36;31;26;20;;;;;;;1976-05-to-2008-10;loto.csv
2004006-1;2004006;1;2004-01-21;ME;historic-6-plus-complementary;8;19;28;21;36;30;12;;;;;;;1976-05-to-2008-10;loto.csv
2004006-2;2004006;2;2004-01-21;ME;historic-6-plus-complementary;28;21;19;25;15;12;34;;;;;;;1976-05-to-2008-10;loto.csv
2004007-1;2004007;1;2004-01-24;SA;historic-6-plus-complementary;5;8;2;42;40;38;20;;;;;;;1976-05-to-2008-10;loto.csv
2004007-2;2004007;2;2004-01-24;SA;historic-6-plus-complementary;12;18;46;8;28;10;31;;;;;;;1976-05-to-2008-10;loto.csv
2004008-1;2004008;1;2004-01-28;ME;historic-6-plus-complementary;21;43;4;3;31;16;39;;;;;;;1976-05-to-2008-10;loto.csv
2004008-2;2004008;2;2004-01-28;ME;historic-6-plus-complementary;39;47;16;27;44;28;37;;;;;;;1976-05-to-2008-10;loto.csv
2004009-1;2004009;1;2004-01-31;SA;historic-6-plus-complementary;33;25;20;39;13;38;46;;;;;;;1976-05-to-2008-10;loto.csv
2004009-2;2004009;2;2004-01-31;SA;historic-6-plus-complementary;12;43;20;10;26;36;35;;;;;;;1976-05-to-2008-10;loto.csv
2004010-1;2004010;1;2004-02-04;ME;historic-6-plus-complementary;13;40;17;32;21;16;47;;;;;;;1976-05-to-2008-10;loto.csv
2004010-2;2004010;2;2004-02-04;ME;historic-6-plus-complementary;45;13;8;33;7;22;42;;;;;;;1976-05-to-2008-10;loto.csv
2004011-1;2004011;1;2004-02-07;SA;historic-6-plus-complementary;8;2;27;48;15;14;33;;;;;;;1976-05-to-2008-10;loto.csv
2004011-2;2004011;2;2004-02-07;SA;historic-6-plus-complementary;34;1;29;40;22;30;5;;;;;;;1976-05-to-2008-10;loto.csv
2004012-1;2004012;1;2004-02-11;ME;historic-6-plus-complementary;23;47;10;45;24;1;20;;;;;;;1976-05-to-2008-10;loto.csv
2004012-2;2004012;2;2004-02-11;ME;historic-6-plus-complementary;47;32;48;36;44;31;27;;;;;;;1976-05-to-2008-10;loto.csv
2004013-1;2004013;1;2004-02-14;SA;historic-6-plus-complementary;11;30;12;32;44;36;24;;;;;;;1976-05-to-2008-10;loto.csv
2004013-2;2004013;2;2004-02-14;SA;historic-6-plus-complementary;44;9;5;2;10;1;29;;;;;;;1976-05-to-2008-10;loto.csv
2004014-1;2004014;1;2004-02-18;ME;historic-6-plus-complementary;12;5;35;43;23;8;13;;;;;;;1976-05-to-2008-10;loto.csv
2004014-2;2004014;2;2004-02-18;ME;historic-6-plus-complementary;35;49;17;1;37;18;5;;;;;;;1976-05-to-2008-10;loto.csv
2004015-1;2004015;1;2004-02-21;SA;historic-6-plus-complementary;20;3;18;24;28;31;7;;;;;;;1976-05-to-2008-10;loto.csv
2004015-2;2004015;2;2004-02-21;SA;historic-6-plus-complementary;25;44;7;9;37;47;41;;;;;;;1976-05-to-2008-10;loto.csv
2004016-1;2004016;1;2004-02-25;ME;historic-6-plus-complementary;28;13;18;19;41;20;46;;;;;;;1976-05-to-2008-10;loto.csv
2004016-2;2004016;2;2004-02-25;ME;historic-6-plus-complementary;21;14;37;18;43;11;29;;;;;;;1976-05-to-2008-10;loto.csv
2004017-1;2004017;1;2004-02-28;SA;historic-6-plus-complementary;23;18;47;39;33;9;42;;;;;;;1976-05-to-2008-10;loto.csv
2004017-2;2004017;2;2004-02-28;SA;historic-6-plus-complementary;7;32;43;38;21;9;6;;;;;;;1976-05-to-2008-10;loto.csv
2004018-1;2004018;1;2004-03-03;ME;historic-6-plus-complementary;33;27;44;45;47;34;1;;;;;;;1976-05-to-2008-10;loto.csv
2004018-2;2004018;2;2004-03-03;ME;historic-6-plus-complementary;34;36;44;10;18;42;47;;;;;;;1976-05-to-2008-10;loto.csv
2004019-1;2004019;1;2004-03-06;SA;historic-6-plus-complementary;16;44;24;39;25;47;32;;;;;;;1976-05-to-2008-10;loto.csv
2004019-2;2004019;2;2004-03-06;SA;historic-6-plus-complementary;38;8;35;46;18;40;12;;;;;;;1976-05-to-2008-10;loto.csv
2004020-1;2004020;1;2004-03-10;ME;historic-6-plus-complementary;8;22;6;26;42;20;10;;;;;;;1976-05-to-2008-10;loto.csv
2004020-2;2004020;2;2004-03-10;ME;historic-6-plus-complementary;19;21;37;36;3;28;6;;;;;;;1976-05-to-2008-10;loto.csv
2004021-1;2004021;1;2004-03-13;SA;historic-6-plus-complementary;46;26;30;34;37;48;8;;;;;;;1976-05-to-2008-10;loto.csv
2004021-2;2004021;2;2004-03-13;SA;historic-6-plus-complementary;49;38;14;29;5;35;13;;;;;;;1976-05-to-2008-10;loto.csv
2004022-1;2004022;1;2004-03-17;ME;historic-6-plus-complementary;30;37;31;6;38;9;29;;;;;;;1976-05-to-2008-10;loto.csv
2004022-2;2004022;2;2004-03-17;ME;historic-6-plus-complementary;28;3;49;19;48;26;37;;;;;;;1976-05-to-2008-10;loto.csv
2004023-1;2004023;1;2004-03-20;SA;historic-6-plus-complementary;37;20;38;36;30;24;11;;;;;;;1976-05-to-2008-10;loto.csv
2004023-2;2004023;2;2004-03-20;SA;historic-6-plus-complementary;5;25;15;44;38;21;14;;;;;;;1976-05-to-2008-10;loto.csv
2004024-1;2004024;1;2004-03-24;ME;historic-6-plus-complementary;3;44;14;38;34;33;25;;;;;;;1976-05-to-2008-10;loto.csv
2004024-2;2004024;2;2004-03-24;ME;historic-6-plus-complementary;27;33;43;12;5;32;1;;;;;;;1976-05-to-2008-10;loto.csv
2004025-1;2004025;1;2004-03-27;SA;historic-6-plus-complementary;12;44;2;37;45;32;35;;;;;;;1976-05-to-2008-10;loto.csv
2004025-2;2004025;2;2004-03-27;SA;historic-6-plus-complementary;4;28;30;42;43;29;36;;;;;;;1976-05-to-2008-10;loto.csv
2004026-1;2004026;1;2004-03-31;ME;historic-6-plus-complementary;40;13;19;45;46;41;23;;;;;;;1976-05-to-2008-10;loto.csv
2004026-2;2004026;2;2004-03-31;ME;historic-6-plus-complementary;7;26;29;48;16;9;5;;;;;;;1976-05-to-2008-10;loto.csv
2004027-1;2004027;1;2004-04-03;SA;historic-6-plus-complementary;15;31;33;5;14;26;35;;;;;;;1976-05-to-2008-10;loto.csv
2004027-2;2004027;2;2004-04-03;SA;historic-6-plus-complementary;26;13;22;21;36;32;48;;;;;;;1976-05-to-2008-10;loto.csv
2004028-1;2004028;1;2004-04-07;ME;historic-6-plus-complementary;11;32;25;33;1;42;16;;;;;;;1976-05-to-2008-10;loto.csv
2004028-2;2004028;2;2004-04-07;ME;historic-6-plus-complementary;36;29;21;2;24;12;28;;;;;;;1976-05-to-2008-10;loto.csv
2004029-1;2004029;1;2004-04-10;SA;historic-6-plus-complementary;38;20;27;48;29;22;21;;;;;;;1976-05-to-2008-10;loto.csv
2004029-2;2004029;2;2004-04-10;SA;historic-6-plus-complementary;14;30;48;31;13;2;27;;;;;;;1976-05-to-2008-10;loto.csv
2004030-1;2004030;1;2004-04-14;ME;historic-6-plus-complementary;38;43;4;44;35;7;32;;;;;;;1976-05-to-2008-10;loto.csv
2004030-2;2004030;2;2004-04-14;ME;historic-6-plus-complementary;21;34;29;38;13;44;15;;;;;;;1976-05-to-2008-10;loto.csv
2004031-1;2004031;1;2004-04-17;SA;historic-6-plus-complementary;32;3;43;20;21;12;44;;;;;;;1976-05-to-2008-10;loto.csv
2004031-2;2004031;2;2004-04-17;SA;historic-6-plus-complementary;43;5;20;47;34;36;6;;;;;;;1976-05-to-2008-10;loto.csv
2004032-1;2004032;1;2004-04-21;ME;historic-6-plus-complementary;25;6;39;45;15;33;9;;;;;;;1976-05-to-2008-10;loto.csv
2004032-2;2004032;2;2004-04-21;ME;historic-6-plus-complementary;4;36;42;28;41;47;20;;;;;;;1976-05-to-2008-10;loto.csv
2004033-1;2004033;1;2004-04-24;SA;historic-6-plus-complementary;47;44;24;29;45;5;10;;;;;;;1976-05-to-2008-10;loto.csv
2004033-2;2004033;2;2004-04-24;SA;historic-6-plus-complementary;9;24;16;43;30;21;3;;;;;;;1976-05-to-2008-10;loto.csv
2004034-1;2004034;1;2004-04-28;ME;historic-6-plus-complementary;31;14;43;25;6;13;10;;;;;;;1976-05-to-2008-10;loto.csv
2004034-2;2004034;2;2004-04-28;ME;historic-6-plus-complementary;1;45;36;21;48;46;15;;;;;;;1976-05-to-2008-10;loto.csv
2004035-1;2004035;1;2004-05-01;SA;historic-6-plus-complementary;17;18;11;16;48;41;6;;;;;;;1976-05-to-2008-10;loto.csv
2004035-2;2004035;2;2004-05-01;SA;historic-6-plus-complementary;40;25;46;30;39;31;34;;;;;;;1976-05-to-2008-10;loto.csv
2004036-1;2004036;1;2004-05-05;ME;historic-6-plus-complementary;34;32;15;22;31;1;8;;;;;;;1976-05-to-2008-10;loto.csv
2004036-2;2004036;2;2004-05-05;ME;historic-6-plus-complementary;3;47;43;23;14;8;38;;;;;;;1976-05-to-2008-10;loto.csv
2004037-1;2004037;1;2004-05-08;SA;historic-6-plus-complementary;13;16;31;25;4;26;37;;;;;;;1976-05-to-2008-10;loto.csv
2004037-2;2004037;2;2004-05-08;SA;historic-6-plus-complementary;18;12;23;36;44;38;41;;;;;;;1976-05-to-2008-10;loto.csv
2004038-1;2004038;1;2004-05-12;ME;historic-6-plus-complementary;5;27;30;45;44;42;3;;;;;;;1976-05-to-2008-10;loto.csv
2004038-2;2004038;2;2004-05-12;ME;historic-6-plus-complementary;26;16;24;31;38;30;25;;;;;;;1976-05-to-2008-10;loto.csv
2004039-1;2004039;1;2004-05-15;SA;historic-6-plus-complementary;21;29;25;20;39;48;16;;;;;;;1976-05-to-2008-10;loto.csv
2004039-2;2004039;2;2004-05-15;SA;historic-6-plus-complementary;17;30;27;14;16;45;1;;;;;;;1976-05-to-2008-10;loto.csv
2004040-1;2004040;1;2004-05-19;ME;historic-6-plus-complementary;47;2;43;12;22;13;19;;;;;;;1976-05-to-2008-10;loto.csv
2004040-2;2004040;2;2004-05-19;ME;historic-6-plus-complementary;48;35;42;14;36;16;32;;;;;;;1976-05-to-2008-10;loto.csv
2004041-1;2004041;1;2004-05-22;SA;historic-6-plus-complementary;9;23;20;11;27;46;16;;;;;;;1976-05-to-2008-10;loto.csv
2004041-2;2004041;2;2004-05-22;SA;historic-6-plus-complementary;26;39;7;19;8;21;13;;;;;;;1976-05-to-2008-10;loto.csv
2004042-1;2004042;1;2004-05-26;ME;historic-6-plus-complementary;36;13;8;15;34;41;49;;;;;;;1976-05-to-2008-10;loto.csv
2004042-2;2004042;2;2004-05-26;ME;historic-6-plus-complementary;38;14;2;34;22;3;5;;;;;;;1976-05-to-2008-10;loto.csv
2004043-1;2004043;1;2004-05-29;SA;historic-6-plus-complementary;10;20;43;26;46;39;41;;;;;;;1976-05-to-2008-10;loto.csv
2004043-2;2004043;2;2004-05-29;SA;historic-6-plus-complementary;23;9;44;17;5;35;11;;;;;;;1976-05-to-2008-10;loto.csv
2004044-1;2004044;1;2004-06-02;ME;historic-6-plus-complementary;41;34;8;7;42;14;36;;;;;;;1976-05-to-2008-10;loto.csv
2004044-2;2004044;2;2004-06-02;ME;historic-6-plus-complementary;7;47;14;45;8;32;35;;;;;;;1976-05-to-2008-10;loto.csv
2004045-1;2004045;1;2004-06-05;SA;historic-6-plus-complementary;43;24;20;35;38;46;14;;;;;;;1976-05-to-2008-10;loto.csv
2004045-2;2004045;2;2004-06-05;SA;historic-6-plus-complementary;46;41;38;47;43;27;48;;;;;;;1976-05-to-2008-10;loto.csv
2004046-1;2004046;1;2004-06-09;ME;historic-6-plus-complementary;31;18;23;32;9;40;8;;;;;;;1976-05-to-2008-10;loto.csv
2004046-2;2004046;2;2004-06-09;ME;historic-6-plus-complementary;3;21;35;41;43;40;36;;;;;;;1976-05-to-2008-10;loto.csv
2004047-1;2004047;1;2004-06-12;SA;historic-6-plus-complementary;4;6;43;46;45;12;38;;;;;;;1976-05-to-2008-10;loto.csv
2004047-2;2004047;2;2004-06-12;SA;historic-6-plus-complementary;21;39;19;10;17;35;43;;;;;;;1976-05-to-2008-10;loto.csv
2004048-1;2004048;1;2004-06-16;ME;historic-6-plus-complementary;16;41;21;34;13;38;12;;;;;;;1976-05-to-2008-10;loto.csv
2004048-2;2004048;2;2004-06-16;ME;historic-6-plus-complementary;43;31;6;15;11;18;34;;;;;;;1976-05-to-2008-10;loto.csv
2004049-1;2004049;1;2004-06-19;SA;historic-6-plus-complementary;41;27;44;46;12;40;26;;;;;;;1976-05-to-2008-10;loto.csv
2004049-2;2004049;2;2004-06-19;SA;historic-6-plus-complementary;20;21;40;28;19;14;35;;;;;;;1976-05-to-2008-10;loto.csv
2004050-1;2004050;1;2004-06-23;ME;historic-6-plus-complementary;13;9;10;4;15;25;32;;;;;;;1976-05-to-2008-10;loto.csv
2004050-2;2004050;2;2004-06-23;ME;historic-6-plus-complementary;5;40;2;3;7;30;34;;;;;;;1976-05-to-2008-10;loto.csv
2004051-1;2004051;1;2004-06-26;SA;historic-6-plus-complementary;1;46;22;9;39;12;42;;;;;;;1976-05-to-2008-10;loto.csv
2004051-2;2004051;2;2004-06-26;SA;historic-6-plus-complementary;37;38;33;7;27;16;2;;;;;;;1976-05-to-2008-10;loto.csv
2004052-1;2004052;1;2004-06-30;ME;historic-6-plus-complementary;4;44;47;22;20;8;38;;;;;;;1976-05-to-2008-10;loto.csv
2004052-2;2004052;2;2004-06-30;ME;historic-6-plus-complementary;1;16;38;42;29;15;2;;;;;;;1976-05-to-2008-10;loto.csv
2004053-1;2004053;1;2004-07-03;SA;historic-6-plus-complementary;33;43;30;45;12;48;18;;;;;;;1976-05-to-2008-10;loto.csv
2004053-2;2004053;2;2004-07-03;SA;historic-6-plus-complementary;2;45;44;9;15;13;30;;;;;;;1976-05-to-2008-10;loto.csv
2004054-1;2004054;1;2004-07-07;ME;historic-6-plus-complementary;46;8;6;32;36;5;9;;;;;;;1976-05-to-2008-10;loto.csv
2004054-2;2004054;2;2004-07-07;ME;historic-6-plus-complementary;29;38;10;12;45;14;3;;;;;;;1976-05-to-2008-10;loto.csv
2004055-1;2004055;1;2004-07-10;SA;historic-6-plus-complementary;29;6;33;36;12;41;39;;;;;;;1976-05-to-2008-10;loto.csv
2004055-2;2004055;2;2004-07-10;SA;historic-6-plus-complementary;44;33;15;5;27;34;39;;;;;;;1976-05-to-2008-10;loto.csv
2004056-1;2004056;1;2004-07-14;ME;historic-6-plus-complementary;14;34;5;12;29;10;16;;;;;;;1976-05-to-2008-10;loto.csv
2004056-2;2004056;2;2004-07-14;ME;historic-6-plus-complementary;10;29;32;25;26;41;40;;;;;;;1976-05-to-2008-10;loto.csv
2004057-1;2004057;1;2004-07-17;SA;historic-6-plus-complementary;26;11;18;13;31;27;33;;;;;;;1976-05-to-2008-10;loto.csv
2004057-2;2004057;2;2004-07-17;SA;historic-6-plus-complementary;32;11;47;35;36;28;40;;;;;;;1976-05-to-2008-10;loto.csv
2004058-1;2004058;1;2004-07-21;ME;historic-6-plus-complementary;34;19;29;36;45;2;39;;;;;;;1976-05-to-2008-10;loto.csv
2004058-2;2004058;2;2004-07-21;ME;historic-6-plus-complementary;17;46;19;40;35;37;26;;;;;;;1976-05-to-2008-10;loto.csv
2004059-1;2004059;1;2004-07-24;SA;historic-6-plus-complementary;22;31;6;1;20;5;49;;;;;;;1976-05-to-2008-10;loto.csv
2004059-2;2004059;2;2004-07-24;SA;historic-6-plus-complementary;34;1;11;4;10;28;5;;;;;;;1976-05-to-2008-10;loto.csv
2004060-1;2004060;1;2004-07-28;ME;historic-6-plus-complementary;35;23;45;40;2;39;32;;;;;;;1976-05-to-2008-10;loto.csv
2004060-2;2004060;2;2004-07-28;ME;historic-6-plus-complementary;32;9;22;14;24;18;34;;;;;;;1976-05-to-2008-10;loto.csv
2004061-1;2004061;1;2004-07-31;SA;historic-6-plus-complementary;19;3;37;47;34;17;29;;;;;;;1976-05-to-2008-10;loto.csv
2004061-2;2004061;2;2004-07-31;SA;historic-6-plus-complementary;38;42;2;12;37;7;9;;;;;;;1976-05-to-2008-10;loto.csv
2004062-1;2004062;1;2004-08-04;ME;historic-6-plus-complementary;26;22;43;1;49;47;48;;;;;;;1976-05-to-2008-10;loto.csv
2004062-2;2004062;2;2004-08-04;ME;historic-6-plus-complementary;42;35;1;7;49;3;11;;;;;;;1976-05-to-2008-10;loto.csv
2004063-1;2004063;1;2004-08-07;SA;historic-6-plus-complementary;30;43;39;26;24;25;48;;;;;;;1976-05-to-2008-10;loto.csv
2004063-2;2004063;2;2004-08-07;SA;historic-6-plus-complementary;21;22;43;37;19;16;31;;;;;;;1976-05-to-2008-10;loto.csv
2004064-1;2004064;1;2004-08-11;ME;historic-6-plus-complementary;35;6;5;10;30;24;38;;;;;;;1976-05-to-2008-10;loto.csv
2004064-2;2004064;2;2004-08-11;ME;historic-6-plus-complementary;19;35;29;16;25;10;12;;;;;;;1976-05-to-2008-10;loto.csv
2004065-1;2004065;1;2004-08-14;SA;historic-6-plus-complementary;8;49;45;10;25;28;42;;;;;;;1976-05-to-2008-10;loto.csv
2004065-2;2004065;2;2004-08-14;SA;historic-6-plus-complementary;30;31;36;2;9;32;22;;;;;;;1976-05-to-2008-10;loto.csv
2004066-1;2004066;1;2004-08-18;ME;historic-6-plus-complementary;31;41;46;35;25;15;45;;;;;;;1976-05-to-2008-10;loto.csv
2004066-2;2004066;2;2004-08-18;ME;historic-6-plus-complementary;30;22;6;34;40;35;23;;;;;;;1976-05-to-2008-10;loto.csv
2004067-1;2004067;1;2004-08-21;SA;historic-6-plus-complementary;13;31;14;39;16;30;15;;;;;;;1976-05-to-2008-10;loto.csv
2004067-2;2004067;2;2004-08-21;SA;historic-6-plus-complementary;39;23;24;29;45;22;17;;;;;;;1976-05-to-2008-10;loto.csv
2004068-1;2004068;1;2004-08-25;ME;historic-6-plus-complementary;37;25;16;3;14;18;10;;;;;;;1976-05-to-2008-10;loto.csv
2004068-2;2004068;2;2004-08-25;ME;historic-6-plus-complementary;30;15;25;46;35;33;20;;;;;;;1976-05-to-2008-10;loto.csv
2004069-1;2004069;1;2004-08-28;SA;historic-6-plus-complementary;20;23;4;14;25;46;21;;;;;;;1976-05-to-2008-10;loto.csv
2004069-2;2004069;2;2004-08-28;SA;historic-6-plus-complementary;2;3;1;39;41;36;22;;;;;;;1976-05-to-2008-10;loto.csv
2004070-1;2004070;1;2004-09-01;ME;historic-6-plus-complementary;34;36;47;14;9;23;40;;;;;;;1976-05-to-2008-10;loto.csv
2004070-2;2004070;2;2004-09-01;ME;historic-6-plus-complementary;20;32;28;4;3;8;38;;;;;;;1976-05-to-2008-10;loto.csv
2004071-1;2004071;1;2004-09-04;SA;historic-6-plus-complementary;22;48;14;7;9;11;42;;;;;;;1976-05-to-2008-10;loto.csv
2004071-2;2004071;2;2004-09-04;SA;historic-6-plus-complementary;37;3;24;38;19;11;28;;;;;;;1976-05-to-2008-10;loto.csv
2004072-1;2004072;1;2004-09-08;ME;historic-6-plus-complementary;39;15;47;38;37;11;19;;;;;;;1976-05-to-2008-10;loto.csv
2004072-2;2004072;2;2004-09-08;ME;historic-6-plus-complementary;15;22;41;10;11;45;1;;;;;;;1976-05-to-2008-10;loto.csv
2004073-1;2004073;1;2004-09-11;SA;historic-6-plus-complementary;36;37;34;47;5;8;49;;;;;;;1976-05-to-2008-10;loto.csv
2004073-2;2004073;2;2004-09-11;SA;historic-6-plus-complementary;26;13;27;18;10;11;31;;;;;;;1976-05-to-2008-10;loto.csv
2004074-1;2004074;1;2004-09-15;ME;historic-6-plus-complementary;28;6;38;31;17;41;30;;;;;;;1976-05-to-2008-10;loto.csv
2004074-2;2004074;2;2004-09-15;ME;historic-6-plus-complementary;46;48;1;41;49;21;30;;;;;;;1976-05-to-2008-10;loto.csv
2004075-1;2004075;1;2004-09-18;SA;historic-6-plus-complementary;26;1;25;9;3;20;41;;;;;;;1976-05-to-2008-10;loto.csv
2004075-2;2004075;2;2004-09-18;SA;historic-6-plus-complementary;46;11;40;10;42;23;6;;;;;;;1976-05-to-2008-10;loto.csv
2004076-1;2004076;1;2004-09-22;ME;historic-6-plus-complementary;5;25;20;27;26;45;46;;;;;;;1976-05-to-2008-10;loto.csv
2004076-2;2004076;2;2004-09-22;ME;historic-6-plus-complementary;37;11;21;10;35;7;19;;;;;;;1976-05-to-2008-10;loto.csv
2004077-1;2004077;1;2004-09-25;SA;historic-6-plus-complementary;41;49;19;15;8;21;38;;;;;;;1976-05-to-2008-10;loto.csv
2004077-2;2004077;2;2004-09-25;SA;historic-6-plus-complementary;37;20;39;36;28;45;15;;;;;;;1976-05-to-2008-10;loto.csv
2004078-1;2004078;1;2004-09-29;ME;historic-6-plus-complementary;24;1;17;39;26;47;16;;;;;;;1976-05-to-2008-10;loto.csv
2004078-2;2004078;2;2004-09-29;ME;historic-6-plus-complementary;47;27;19;40;44;11;33;;;;;;;1976-05-to-2008-10;loto.csv
2004079-1;2004079;1;2004-10-02;SA;historic-6-plus-complementary;1;42;47;29;18;12;35;;;;;;;1976-05-to-2008-10;loto.csv
2004079-2;2004079;2;2004-10-02;SA;historic-6-plus-complementary;11;6;10;47;22;7;30;;;;;;;1976-05-to-2008-10;loto.csv
2004080-1;2004080;1;2004-10-06;ME;historic-6-plus-complementary;34;43;6;37;26;1;36;;;;;;;1976-05-to-2008-10;loto.csv
2004080-2;2004080;2;2004-10-06;ME;historic-6-plus-complementary;19;1;10;48;18;37;34;;;;;;;1976-05-to-2008-10;loto.csv
2004081-1;2004081;1;2004-10-09;SA;historic-6-plus-complementary;22;26;5;7;11;3;1;;;;;;;1976-05-to-2008-10;loto.csv
2004081-2;2004081;2;2004-10-09;SA;historic-6-plus-complementary;14;26;28;4;9;44;16;;;;;;;1976-05-to-2008-10;loto.csv
2004082-1;2004082;1;2004-10-13;ME;historic-6-plus-complementary;29;10;46;18;14;31;15;;;;;;;1976-05-to-2008-10;loto.csv
2004082-2;2004082;2;2004-10-13;ME;historic-6-plus-complementary;35;2;33;48;30;38;14;;;;;;;1976-05-to-2008-10;loto.csv
2004083-1;2004083;1;2004-10-16;SA;historic-6-plus-complementary;21;34;2;44;13;46;28;;;;;;;1976-05-to-2008-10;loto.csv
2004083-2;2004083;2;2004-10-16;SA;historic-6-plus-complementary;6;16;47;15;20;4;36;;;;;;;1976-05-to-2008-10;loto.csv
2004084-1;2004084;1;2004-10-20;ME;historic-6-plus-complementary;29;6;5;38;14;17;32;;;;;;;1976-05-to-2008-10;loto.csv
2004084-2;2004084;2;2004-10-20;ME;historic-6-plus-complementary;1;12;7;35;23;42;17;;;;;;;1976-05-to-2008-10;loto.csv
2004085-1;2004085;1;2004-10-23;SA;historic-6-plus-complementary;6;37;34;45;14;20;39;;;;;;;1976-05-to-2008-10;loto.csv
2004085-2;2004085;2;2004-10-23;SA;historic-6-plus-complementary;36;26;47;48;3;19;22;;;;;;;1976-05-to-2008-10;loto.csv
2004086-1;2004086;1;2004-10-27;ME;historic-6-plus-complementary;45;23;2;38;27;17;24;;;;;;;1976-05-to-2008-10;loto.csv
2004086-2;2004086;2;2004-10-27;ME;historic-6-plus-complementary;26;6;35;2;1;3;44;;;;;;;1976-05-to-2008-10;loto.csv
2004087-1;2004087;1;2004-10-30;SA;historic-6-plus-complementary;9;19;8;30;14;39;34;;;;;;;1976-05-to-2008-10;loto.csv
2004087-2;2004087;2;2004-10-30;SA;historic-6-plus-complementary;45;25;48;49;4;28;23;;;;;;;1976-05-to-2008-10;loto.csv
2004088-1;2004088;1;2004-11-03;ME;historic-6-plus-complementary;5;44;34;42;15;26;40;;;;;;;1976-05-to-2008-10;loto.csv
2004088-2;2004088;2;2004-11-03;ME;historic-6-plus-complementary;25;30;31;44;41;47;49;;;;;;;1976-05-to-2008-10;loto.csv
2004089-1;2004089;1;2004-11-06;SA;historic-6-plus-complementary;38;4;16;7;21;45;13;;;;;;;1976-05-to-2008-10;loto.csv
2004089-2;2004089;2;2004-11-06;SA;historic-6-plus-complementary;14;47;26;4;39;29;19;;;;;;;1976-05-to-2008-10;loto.csv
2004090-1;2004090;1;2004-11-10;ME;historic-6-plus-complementary;14;12;30;17;48;6;10;;;;;;;1976-05-to-2008-10;loto.csv
2004090-2;2004090;2;2004-11-10;ME;historic-6-plus-complementary;14;28;30;46;40;45;33;;;;;;;1976-05-to-2008-10;loto.csv
2004091-1;2004091;1;2004-11-13;SA;historic-6-plus-complementary;40;28;48;45;1;22;39;;;;;;;1976-05-to-2008-10;loto.csv
2004091-2;2004091;2;2004-11-13;SA;historic-6-plus-complementary;8;48;6;9;47;21;20;;;;;;;1976-05-to-2008-10;loto.csv
2004092-1;2004092;1;2004-11-17;ME;historic-6-plus-complementary;7;41;27;8;15;10;26;;;;;;;1976-05-to-2008-10;loto.csv
2004092-2;2004092;2;2004-11-17;ME;historic-6-plus-complementary;43;4;25;24;26;49;27;;;;;;;1976-05-to-2008-10;loto.csv
2004093-1;2004093;1;2004-11-20;SA;historic-6-plus-complementary;9;27;3;30;47;31;43;;;;;;;1976-05-to-2008-10;loto.csv
2004093-2;2004093;2;2004-11-20;SA;historic-6-plus-complementary;45;47;2;24;35;20;6;;;;;;;1976-05-to-2008-10;loto.csv
2004094-1;2004094;1;2004-11-24;ME;historic-6-plus-complementary;2;44;35;49;4;26;14;;;;;;;1976-05-to-2008-10;loto.csv
2004094-2;2004094;2;2004-11-24;ME;historic-6-plus-complementary;20;11;7;9;40;22;33;;;;;;;1976-05-to-2008-10;loto.csv
2004095-1;2004095;1;2004-11-27;SA;historic-6-plus-complementary;35;5;38;25;6;18;26;;;;;;;1976-05-to-2008-10;loto.csv
2004095-2;2004095;2;2004-11-27;SA;historic-6-plus-complementary;34;33;26;15;24;7;43;;;;;;;1976-05-to-2008-10;loto.csv
2004096-1;2004096;1;2004-12-01;ME;historic-6-plus-complementary;32;35;29;27;21;19;47;;;;;;;1976-05-to-2008-10;loto.csv
2004096-2;2004096;2;2004-12-01;ME;historic-6-plus-complementary;2;21;45;29;43;8;32;;;;;;;1976-05-to-2008-10;loto.csv
2004097-1;2004097;1;2004-12-04;SA;historic-6-plus-complementary;25;45;13;7;10;2;8;;;;;;;1976-05-to-2008-10;loto.csv
2004097-2;2004097;2;2004-12-04;SA;historic-6-plus-complementary;17;42;19;23;43;44;8;;;;;;;1976-05-to-2008-10;loto.csv
2004098-1;2004098;1;2004-12-08;ME;historic-6-plus-complementary;41;15;20;43;48;11;34;;;;;;;1976-05-to-2008-10;loto.csv
2004098-2;2004098;2;2004-12-08;ME;historic-6-plus-complementary;17;21;12;49;38;30;43;;;;;;;1976-05-to-2008-10;loto.csv
2004099-1;2004099;1;2004-12-11;SA;historic-6-plus-complementary;35;26;7;38;39;28;14;;;;;;;1976-05-to-2008-10;loto.csv
2004099-2;2004099;2;2004-12-11;SA;historic-6-plus-complementary;47;32;15;21;33;23;49;;;;;;;1976-05-to-2008-10;loto.csv
2004100-1;2004100;1;2004-12-15;ME;historic-6-plus-complementary;15;1;29;34;38;41;31;;;;;;;1976-05-to-2008-10;loto.csv
2004100-2;2004100;2;2004-12-15;ME;historic-6-plus-complementary;4;13;9;30;19;26;22;;;;;;;1976-05-to-2008-10;loto.csv
2004101-1;2004101;1;2004-12-18;SA;historic-6-plus-complementary;44;27;24;10;45;38;20;;;;;;;1976-05-to-2008-10;loto.csv
2004101-2;2004101;2;2004-12-18;SA;historic-6-plus-complementary;25;40;39;44;33;41;17;;;;;;;1976-05-to-2008-10;loto.csv
2004102-1;2004102;1;2004-12-22;ME;historic-6-plus-complementary;16;22;33;8;2;48;7;;;;;;;1976-05-to-2008-10;loto.csv
2004102-2;2004102;2;2004-12-22;ME;historic-6-plus-complementary;15;30;45;46;18;6;31;;;;;;;1976-05-to-2008-10;loto.csv
2004103-1;2004103;1;2004-12-25;SA;historic-6-plus-complementary;42;32;20;10;41;36;19;;;;;;;1976-05-to-2008-10;loto.csv
2004103-2;2004103;2;2004-12-25;SA;historic-6-plus-complementary;8;41;20;38;24;31;6;;;;;;;1976-05-to-2008-10;loto.csv
2004104-1;2004104;1;2004-12-29;ME;historic-6-plus-complementary;33;32;25;11;43;28;30;;;;;;;1976-05-to-2008-10;loto.csv
2004104-2;2004104;2;2004-12-29;ME;historic-6-plus-complementary;37;40;22;9;42;33;34;;;;;;;1976-05-to-2008-10;loto.csv
2005001-1;2005001;1;2005-01-01;SA;historic-6-plus-complementary;46;32;34;31;30;13;22;;;;;;;1976-05-to-2008-10;loto.csv
2005001-2;2005001;2;2005-01-01;SA;historic-6-plus-complementary;3;6;31;39;44;13;16;;;;;;;1976-05-to-2008-10;loto.csv
2005002-1;2005002;1;2005-01-05;ME;historic-6-plus-complementary;49;33;36;43;25;7;48;;;;;;;1976-05-to-2008-10;loto.csv
2005002-2;2005002;2;2005-01-05;ME;historic-6-plus-complementary;46;18;25;13;45;29;37;;;;;;;1976-05-to-2008-10;loto.csv
2005003-1;2005003;1;2005-01-08;SA;historic-6-plus-complementary;9;13;14;28;7;26;3;;;;;;;1976-05-to-2008-10;loto.csv
2005003-2;2005003;2;2005-01-08;SA;historic-6-plus-complementary;37;23;35;40;48;2;38;;;;;;;1976-05-to-2008-10;loto.csv
2005004-1;2005004;1;2005-01-12;ME;historic-6-plus-complementary;27;39;1;35;14;6;26;;;;;;;1976-05-to-2008-10;loto.csv
2005004-2;2005004;2;2005-01-12;ME;historic-6-plus-complementary;2;47;39;27;37;1;49;;;;;;;1976-05-to-2008-10;loto.csv
2005005-1;2005005;1;2005-01-15;SA;historic-6-plus-complementary;16;11;19;6;4;10;15;;;;;;;1976-05-to-2008-10;loto.csv
2005005-2;2005005;2;2005-01-15;SA;historic-6-plus-complementary;28;46;42;39;31;36;3;;;;;;;1976-05-to-2008-10;loto.csv
2005006-1;2005006;1;2005-01-19;ME;historic-6-plus-complementary;35;25;1;11;41;40;45;;;;;;;1976-05-to-2008-10;loto.csv
2005006-2;2005006;2;2005-01-19;ME;historic-6-plus-complementary;39;7;41;26;16;23;34;;;;;;;1976-05-to-2008-10;loto.csv
2005007-1;2005007;1;2005-01-22;SA;historic-6-plus-complementary;26;18;23;40;31;1;32;;;;;;;1976-05-to-2008-10;loto.csv
2005007-2;2005007;2;2005-01-22;SA;historic-6-plus-complementary;36;35;15;24;19;17;45;;;;;;;1976-05-to-2008-10;loto.csv
2005008-1;2005008;1;2005-01-26;ME;historic-6-plus-complementary;19;8;36;24;28;47;46;;;;;;;1976-05-to-2008-10;loto.csv
2005008-2;2005008;2;2005-01-26;ME;historic-6-plus-complementary;4;16;11;33;41;27;6;;;;;;;1976-05-to-2008-10;loto.csv
2005009-1;2005009;1;2005-01-29;SA;historic-6-plus-complementary;33;21;19;13;1;29;15;;;;;;;1976-05-to-2008-10;loto.csv
2005009-2;2005009;2;2005-01-29;SA;historic-6-plus-complementary;4;43;40;29;38;6;21;;;;;;;1976-05-to-2008-10;loto.csv
2005010-1;2005010;1;2005-02-02;ME;historic-6-plus-complementary;4;35;45;13;15;37;2;;;;;;;1976-05-to-2008-10;loto.csv
2005010-2;2005010;2;2005-02-02;ME;historic-6-plus-complementary;41;34;18;48;6;16;45;;;;;;;1976-05-to-2008-10;loto.csv
2005011-1;2005011;1;2005-02-05;SA;historic-6-plus-complementary;27;13;49;18;44;41;24;;;;;;;1976-05-to-2008-10;loto.csv
2005011-2;2005011;2;2005-02-05;SA;historic-6-plus-complementary;35;41;23;5;22;42;30;;;;;;;1976-05-to-2008-10;loto.csv
2005012-1;2005012;1;2005-02-09;ME;historic-6-plus-complementary;49;23;33;44;26;28;34;;;;;;;1976-05-to-2008-10;loto.csv
2005012-2;2005012;2;2005-02-09;ME;historic-6-plus-complementary;38;46;33;8;1;43;31;;;;;;;1976-05-to-2008-10;loto.csv
2005013-1;2005013;1;2005-02-12;SA;historic-6-plus-complementary;4;31;20;36;7;32;37;;;;;;;1976-05-to-2008-10;loto.csv
2005013-2;2005013;2;2005-02-12;SA;historic-6-plus-complementary;14;3;26;9;23;32;34;;;;;;;1976-05-to-2008-10;loto.csv
2005014-1;2005014;1;2005-02-16;ME;historic-6-plus-complementary;24;48;8;38;30;27;1;;;;;;;1976-05-to-2008-10;loto.csv
2005014-2;2005014;2;2005-02-16;ME;historic-6-plus-complementary;4;1;31;8;6;22;5;;;;;;;1976-05-to-2008-10;loto.csv
2005015-1;2005015;1;2005-02-19;SA;historic-6-plus-complementary;19;12;47;1;11;38;33;;;;;;;1976-05-to-2008-10;loto.csv
2005015-2;2005015;2;2005-02-19;SA;historic-6-plus-complementary;27;26;23;7;38;5;9;;;;;;;1976-05-to-2008-10;loto.csv
2005016-1;2005016;1;2005-02-23;ME;historic-6-plus-complementary;23;36;28;16;22;38;39;;;;;;;1976-05-to-2008-10;loto.csv
2005016-2;2005016;2;2005-02-23;ME;historic-6-plus-complementary;35;40;15;14;33;6;46;;;;;;;1976-05-to-2008-10;loto.csv
2005017-1;2005017;1;2005-02-26;SA;historic-6-plus-complementary;47;29;48;1;27;37;49;;;;;;;1976-05-to-2008-10;loto.csv
2005017-2;2005017;2;2005-02-26;SA;historic-6-plus-complementary;3;25;15;34;27;32;28;;;;;;;1976-05-to-2008-10;loto.csv
2005018-1;2005018;1;2005-03-02;ME;historic-6-plus-complementary;4;34;8;21;30;42;17;;;;;;;1976-05-to-2008-10;loto.csv
2005018-2;2005018;2;2005-03-02;ME;historic-6-plus-complementary;39;42;16;26;46;24;48;;;;;;;1976-05-to-2008-10;loto.csv
2005019-1;2005019;1;2005-03-05;SA;historic-6-plus-complementary;24;25;9;47;43;45;36;;;;;;;1976-05-to-2008-10;loto.csv
2005019-2;2005019;2;2005-03-05;SA;historic-6-plus-complementary;10;8;40;44;48;18;9;;;;;;;1976-05-to-2008-10;loto.csv
2005020-1;2005020;1;2005-03-09;ME;historic-6-plus-complementary;34;31;45;42;33;30;28;;;;;;;1976-05-to-2008-10;loto.csv
2005020-2;2005020;2;2005-03-09;ME;historic-6-plus-complementary;17;39;32;12;42;38;6;;;;;;;1976-05-to-2008-10;loto.csv
2005021-1;2005021;1;2005-03-12;SA;historic-6-plus-complementary;26;25;11;16;6;13;36;;;;;;;1976-05-to-2008-10;loto.csv
2005021-2;2005021;2;2005-03-12;SA;historic-6-plus-complementary;27;42;16;48;39;9;7;;;;;;;1976-05-to-2008-10;loto.csv
2005022-1;2005022;1;2005-03-16;ME;historic-6-plus-complementary;8;12;17;26;5;30;40;;;;;;;1976-05-to-2008-10;loto.csv
2005022-2;2005022;2;2005-03-16;ME;historic-6-plus-complementary;40;14;47;35;32;21;5;;;;;;;1976-05-to-2008-10;loto.csv
2005023-1;2005023;1;2005-03-19;SA;historic-6-plus-complementary;37;28;11;8;5;6;48;;;;;;;1976-05-to-2008-10;loto.csv
2005023-2;2005023;2;2005-03-19;SA;historic-6-plus-complementary;6;30;38;20;21;9;18;;;;;;;1976-05-to-2008-10;loto.csv
2005024-1;2005024;1;2005-03-23;ME;historic-6-plus-complementary;34;40;49;38;45;17;47;;;;;;;1976-05-to-2008-10;loto.csv
2005024-2;2005024;2;2005-03-23;ME;historic-6-plus-complementary;35;27;42;9;8;5;45;;;;;;;1976-05-to-2008-10;loto.csv
2005025-1;2005025;1;2005-03-26;SA;historic-6-plus-complementary;45;41;40;32;9;17;4;;;;;;;1976-05-to-2008-10;loto.csv
2005025-2;2005025;2;2005-03-26;SA;historic-6-plus-complementary;31;47;49;2;15;27;45;;;;;;;1976-05-to-2008-10;loto.csv
2005026-1;2005026;1;2005-03-30;ME;historic-6-plus-complementary;24;35;22;31;10;5;28;;;;;;;1976-05-to-2008-10;loto.csv
2005026-2;2005026;2;2005-03-30;ME;historic-6-plus-complementary;19;5;41;23;43;13;20;;;;;;;1976-05-to-2008-10;loto.csv
2005027-1;2005027;1;2005-04-02;SA;historic-6-plus-complementary;31;2;21;18;42;23;15;;;;;;;1976-05-to-2008-10;loto.csv
2005027-2;2005027;2;2005-04-02;SA;historic-6-plus-complementary;3;27;1;21;13;34;4;;;;;;;1976-05-to-2008-10;loto.csv
2005028-1;2005028;1;2005-04-06;ME;historic-6-plus-complementary;47;45;40;36;25;24;1;;;;;;;1976-05-to-2008-10;loto.csv
2005028-2;2005028;2;2005-04-06;ME;historic-6-plus-complementary;5;20;4;35;46;6;12;;;;;;;1976-05-to-2008-10;loto.csv
2005029-1;2005029;1;2005-04-09;SA;historic-6-plus-complementary;9;14;27;2;36;33;20;;;;;;;1976-05-to-2008-10;loto.csv
2005029-2;2005029;2;2005-04-09;SA;historic-6-plus-complementary;26;36;45;37;18;12;47;;;;;;;1976-05-to-2008-10;loto.csv
2005030-1;2005030;1;2005-04-13;ME;historic-6-plus-complementary;13;6;19;20;3;49;45;;;;;;;1976-05-to-2008-10;loto.csv
2005030-2;2005030;2;2005-04-13;ME;historic-6-plus-complementary;34;42;41;38;40;47;14;;;;;;;1976-05-to-2008-10;loto.csv
2005031-1;2005031;1;2005-04-16;SA;historic-6-plus-complementary;47;3;16;15;36;45;6;;;;;;;1976-05-to-2008-10;loto.csv
2005031-2;2005031;2;2005-04-16;SA;historic-6-plus-complementary;27;37;17;46;45;41;30;;;;;;;1976-05-to-2008-10;loto.csv
2005032-1;2005032;1;2005-04-20;ME;historic-6-plus-complementary;44;37;4;19;1;21;47;;;;;;;1976-05-to-2008-10;loto.csv
2005032-2;2005032;2;2005-04-20;ME;historic-6-plus-complementary;25;45;15;37;18;9;24;;;;;;;1976-05-to-2008-10;loto.csv
2005033-1;2005033;1;2005-04-23;SA;historic-6-plus-complementary;23;4;5;21;11;15;27;;;;;;;1976-05-to-2008-10;loto.csv
2005033-2;2005033;2;2005-04-23;SA;historic-6-plus-complementary;24;15;11;27;14;32;13;;;;;;;1976-05-to-2008-10;loto.csv
2005034-1;2005034;1;2005-04-27;ME;historic-6-plus-complementary;23;26;5;32;14;19;45;;;;;;;1976-05-to-2008-10;loto.csv
2005034-2;2005034;2;2005-04-27;ME;historic-6-plus-complementary;3;38;36;5;23;15;25;;;;;;;1976-05-to-2008-10;loto.csv
2005035-1;2005035;1;2005-04-30;SA;historic-6-plus-complementary;2;41;6;36;12;34;27;;;;;;;1976-05-to-2008-10;loto.csv
2005035-2;2005035;2;2005-04-30;SA;historic-6-plus-complementary;36;32;9;22;39;42;33;;;;;;;1976-05-to-2008-10;loto.csv
2005036-1;2005036;1;2005-05-04;ME;historic-6-plus-complementary;10;18;29;37;24;1;31;;;;;;;1976-05-to-2008-10;loto.csv
2005036-2;2005036;2;2005-05-04;ME;historic-6-plus-complementary;45;9;46;27;36;8;10;;;;;;;1976-05-to-2008-10;loto.csv
2005037-1;2005037;1;2005-05-07;SA;historic-6-plus-complementary;14;16;33;24;40;44;11;;;;;;;1976-05-to-2008-10;loto.csv
2005037-2;2005037;2;2005-05-07;SA;historic-6-plus-complementary;32;7;3;16;29;4;39;;;;;;;1976-05-to-2008-10;loto.csv
2005038-1;2005038;1;2005-05-11;ME;historic-6-plus-complementary;17;27;35;36;7;49;39;;;;;;;1976-05-to-2008-10;loto.csv
2005038-2;2005038;2;2005-05-11;ME;historic-6-plus-complementary;16;38;41;11;7;44;39;;;;;;;1976-05-to-2008-10;loto.csv
2005039-1;2005039;1;2005-05-14;SA;historic-6-plus-complementary;8;1;37;36;2;16;33;;;;;;;1976-05-to-2008-10;loto.csv
2005039-2;2005039;2;2005-05-14;SA;historic-6-plus-complementary;11;13;41;7;25;26;44;;;;;;;1976-05-to-2008-10;loto.csv
2005040-1;2005040;1;2005-05-18;ME;historic-6-plus-complementary;27;4;8;18;29;5;3;;;;;;;1976-05-to-2008-10;loto.csv
2005040-2;2005040;2;2005-05-18;ME;historic-6-plus-complementary;44;47;3;41;13;39;7;;;;;;;1976-05-to-2008-10;loto.csv
2005041-1;2005041;1;2005-05-21;SA;historic-6-plus-complementary;11;37;16;34;13;19;9;;;;;;;1976-05-to-2008-10;loto.csv
2005041-2;2005041;2;2005-05-21;SA;historic-6-plus-complementary;5;41;12;29;2;42;23;;;;;;;1976-05-to-2008-10;loto.csv
2005042-1;2005042;1;2005-05-25;ME;historic-6-plus-complementary;15;5;22;3;8;29;17;;;;;;;1976-05-to-2008-10;loto.csv
2005042-2;2005042;2;2005-05-25;ME;historic-6-plus-complementary;8;6;14;12;22;2;37;;;;;;;1976-05-to-2008-10;loto.csv
2005043-1;2005043;1;2005-05-28;SA;historic-6-plus-complementary;19;17;10;16;46;28;15;;;;;;;1976-05-to-2008-10;loto.csv
2005043-2;2005043;2;2005-05-28;SA;historic-6-plus-complementary;11;39;1;14;36;45;48;;;;;;;1976-05-to-2008-10;loto.csv
2005044-1;2005044;1;2005-06-01;ME;historic-6-plus-complementary;15;34;30;39;8;33;11;;;;;;;1976-05-to-2008-10;loto.csv
2005044-2;2005044;2;2005-06-01;ME;historic-6-plus-complementary;16;23;48;38;41;45;8;;;;;;;1976-05-to-2008-10;loto.csv
2005045-1;2005045;1;2005-06-04;SA;historic-6-plus-complementary;10;19;23;14;48;31;30;;;;;;;1976-05-to-2008-10;loto.csv
2005045-2;2005045;2;2005-06-04;SA;historic-6-plus-complementary;3;32;4;17;37;15;6;;;;;;;1976-05-to-2008-10;loto.csv
2005046-1;2005046;1;2005-06-08;ME;historic-6-plus-complementary;41;26;6;5;13;8;48;;;;;;;1976-05-to-2008-10;loto.csv
2005046-2;2005046;2;2005-06-08;ME;historic-6-plus-complementary;10;22;35;41;39;5;24;;;;;;;1976-05-to-2008-10;loto.csv
2005047-1;2005047;1;2005-06-11;SA;historic-6-plus-complementary;30;33;35;34;43;4;8;;;;;;;1976-05-to-2008-10;loto.csv
2005047-2;2005047;2;2005-06-11;SA;historic-6-plus-complementary;48;27;10;17;41;38;7;;;;;;;1976-05-to-2008-10;loto.csv
2005048-1;2005048;1;2005-06-15;ME;historic-6-plus-complementary;2;22;37;36;9;34;29;;;;;;;1976-05-to-2008-10;loto.csv
2005048-2;2005048;2;2005-06-15;ME;historic-6-plus-complementary;42;45;17;33;23;37;3;;;;;;;1976-05-to-2008-10;loto.csv
2005049-1;2005049;1;2005-06-18;SA;historic-6-plus-complementary;30;49;34;10;42;38;18;;;;;;;1976-05-to-2008-10;loto.csv
2005049-2;2005049;2;2005-06-18;SA;historic-6-plus-complementary;41;11;38;19;1;25;37;;;;;;;1976-05-to-2008-10;loto.csv
2005050-1;2005050;1;2005-06-22;ME;historic-6-plus-complementary;43;11;40;17;29;8;30;;;;;;;1976-05-to-2008-10;loto.csv
2005050-2;2005050;2;2005-06-22;ME;historic-6-plus-complementary;28;46;48;14;9;36;41;;;;;;;1976-05-to-2008-10;loto.csv
2005051-1;2005051;1;2005-06-25;SA;historic-6-plus-complementary;15;21;29;16;3;32;44;;;;;;;1976-05-to-2008-10;loto.csv
2005051-2;2005051;2;2005-06-25;SA;historic-6-plus-complementary;20;8;29;12;7;5;15;;;;;;;1976-05-to-2008-10;loto.csv
2005052-1;2005052;1;2005-06-29;ME;historic-6-plus-complementary;24;37;43;9;14;40;45;;;;;;;1976-05-to-2008-10;loto.csv
2005052-2;2005052;2;2005-06-29;ME;historic-6-plus-complementary;24;39;31;14;16;46;29;;;;;;;1976-05-to-2008-10;loto.csv
2005053-1;2005053;1;2005-07-02;SA;historic-6-plus-complementary;12;20;17;33;23;41;16;;;;;;;1976-05-to-2008-10;loto.csv
2005053-2;2005053;2;2005-07-02;SA;historic-6-plus-complementary;41;34;46;17;22;19;12;;;;;;;1976-05-to-2008-10;loto.csv
2005054-1;2005054;1;2005-07-06;ME;historic-6-plus-complementary;13;46;17;29;49;11;18;;;;;;;1976-05-to-2008-10;loto.csv
2005054-2;2005054;2;2005-07-06;ME;historic-6-plus-complementary;47;44;40;1;25;24;26;;;;;;;1976-05-to-2008-10;loto.csv
2005055-1;2005055;1;2005-07-09;SA;historic-6-plus-complementary;37;30;5;2;24;15;18;;;;;;;1976-05-to-2008-10;loto.csv
2005055-2;2005055;2;2005-07-09;SA;historic-6-plus-complementary;34;9;5;4;18;41;32;;;;;;;1976-05-to-2008-10;loto.csv
2005056-1;2005056;1;2005-07-13;ME;historic-6-plus-complementary;40;44;49;7;32;2;39;;;;;;;1976-05-to-2008-10;loto.csv
2005056-2;2005056;2;2005-07-13;ME;historic-6-plus-complementary;22;29;30;49;20;35;41;;;;;;;1976-05-to-2008-10;loto.csv
2005057-1;2005057;1;2005-07-16;SA;historic-6-plus-complementary;7;12;31;26;1;32;15;;;;;;;1976-05-to-2008-10;loto.csv
2005057-2;2005057;2;2005-07-16;SA;historic-6-plus-complementary;39;27;43;29;35;45;12;;;;;;;1976-05-to-2008-10;loto.csv
2005058-1;2005058;1;2005-07-20;ME;historic-6-plus-complementary;38;2;13;39;40;15;22;;;;;;;1976-05-to-2008-10;loto.csv
2005058-2;2005058;2;2005-07-20;ME;historic-6-plus-complementary;14;10;48;38;7;3;46;;;;;;;1976-05-to-2008-10;loto.csv
2005059-1;2005059;1;2005-07-23;SA;historic-6-plus-complementary;13;27;5;32;29;12;8;;;;;;;1976-05-to-2008-10;loto.csv
2005059-2;2005059;2;2005-07-23;SA;historic-6-plus-complementary;8;45;44;21;25;27;16;;;;;;;1976-05-to-2008-10;loto.csv
2005060-1;2005060;1;2005-07-27;ME;historic-6-plus-complementary;4;28;26;23;16;3;14;;;;;;;1976-05-to-2008-10;loto.csv
2005060-2;2005060;2;2005-07-27;ME;historic-6-plus-complementary;29;45;5;28;6;34;40;;;;;;;1976-05-to-2008-10;loto.csv
2005061-1;2005061;1;2005-07-30;SA;historic-6-plus-complementary;9;18;11;19;47;33;32;;;;;;;1976-05-to-2008-10;loto.csv
2005061-2;2005061;2;2005-07-30;SA;historic-6-plus-complementary;33;24;32;31;7;16;25;;;;;;;1976-05-to-2008-10;loto.csv
2005062-1;2005062;1;2005-08-03;ME;historic-6-plus-complementary;6;42;2;20;29;10;5;;;;;;;1976-05-to-2008-10;loto.csv
2005062-2;2005062;2;2005-08-03;ME;historic-6-plus-complementary;9;20;49;4;32;11;28;;;;;;;1976-05-to-2008-10;loto.csv
2005063-1;2005063;1;2005-08-06;SA;historic-6-plus-complementary;4;13;12;49;42;25;5;;;;;;;1976-05-to-2008-10;loto.csv
2005063-2;2005063;2;2005-08-06;SA;historic-6-plus-complementary;19;1;47;32;24;28;2;;;;;;;1976-05-to-2008-10;loto.csv
2005064-1;2005064;1;2005-08-10;ME;historic-6-plus-complementary;29;17;3;20;16;15;6;;;;;;;1976-05-to-2008-10;loto.csv
2005064-2;2005064;2;2005-08-10;ME;historic-6-plus-complementary;18;44;5;25;28;35;26;;;;;;;1976-05-to-2008-10;loto.csv
2005065-1;2005065;1;2005-08-13;SA;historic-6-plus-complementary;28;4;1;13;30;48;45;;;;;;;1976-05-to-2008-10;loto.csv
2005065-2;2005065;2;2005-08-13;SA;historic-6-plus-complementary;16;19;12;8;21;49;3;;;;;;;1976-05-to-2008-10;loto.csv
2005066-1;2005066;1;2005-08-17;ME;historic-6-plus-complementary;28;39;35;12;13;3;4;;;;;;;1976-05-to-2008-10;loto.csv
2005066-2;2005066;2;2005-08-17;ME;historic-6-plus-complementary;24;42;28;35;9;32;34;;;;;;;1976-05-to-2008-10;loto.csv
2005067-1;2005067;1;2005-08-20;SA;historic-6-plus-complementary;24;4;22;16;2;6;25;;;;;;;1976-05-to-2008-10;loto.csv
2005067-2;2005067;2;2005-08-20;SA;historic-6-plus-complementary;7;20;35;47;5;3;1;;;;;;;1976-05-to-2008-10;loto.csv
2005068-1;2005068;1;2005-08-24;ME;historic-6-plus-complementary;23;29;43;11;49;22;15;;;;;;;1976-05-to-2008-10;loto.csv
2005068-2;2005068;2;2005-08-24;ME;historic-6-plus-complementary;31;10;41;35;38;25;45;;;;;;;1976-05-to-2008-10;loto.csv
2005069-1;2005069;1;2005-08-27;SA;historic-6-plus-complementary;30;33;15;29;44;39;18;;;;;;;1976-05-to-2008-10;loto.csv
2005069-2;2005069;2;2005-08-27;SA;historic-6-plus-complementary;14;7;28;8;19;35;16;;;;;;;1976-05-to-2008-10;loto.csv
2005070-1;2005070;1;2005-08-31;ME;historic-6-plus-complementary;47;15;40;43;33;41;23;;;;;;;1976-05-to-2008-10;loto.csv
2005070-2;2005070;2;2005-08-31;ME;historic-6-plus-complementary;11;29;18;48;10;40;25;;;;;;;1976-05-to-2008-10;loto.csv
2005071-1;2005071;1;2005-09-03;SA;historic-6-plus-complementary;1;22;24;25;12;37;47;;;;;;;1976-05-to-2008-10;loto.csv
2005071-2;2005071;2;2005-09-03;SA;historic-6-plus-complementary;19;9;29;36;43;30;45;;;;;;;1976-05-to-2008-10;loto.csv
2005072-1;2005072;1;2005-09-07;ME;historic-6-plus-complementary;8;12;46;18;44;29;7;;;;;;;1976-05-to-2008-10;loto.csv
2005072-2;2005072;2;2005-09-07;ME;historic-6-plus-complementary;12;20;37;29;33;36;4;;;;;;;1976-05-to-2008-10;loto.csv
2005073-1;2005073;1;2005-09-10;SA;historic-6-plus-complementary;11;3;26;35;42;49;5;;;;;;;1976-05-to-2008-10;loto.csv
2005073-2;2005073;2;2005-09-10;SA;historic-6-plus-complementary;4;2;8;11;5;38;28;;;;;;;1976-05-to-2008-10;loto.csv
2005074-1;2005074;1;2005-09-14;ME;historic-6-plus-complementary;17;49;5;1;31;14;4;;;;;;;1976-05-to-2008-10;loto.csv
2005074-2;2005074;2;2005-09-14;ME;historic-6-plus-complementary;39;46;16;5;1;45;40;;;;;;;1976-05-to-2008-10;loto.csv
2005075-1;2005075;1;2005-09-17;SA;historic-6-plus-complementary;29;20;6;21;11;17;40;;;;;;;1976-05-to-2008-10;loto.csv
2005075-2;2005075;2;2005-09-17;SA;historic-6-plus-complementary;16;20;10;45;26;3;22;;;;;;;1976-05-to-2008-10;loto.csv
2005076-1;2005076;1;2005-09-21;ME;historic-6-plus-complementary;1;23;13;16;5;21;26;;;;;;;1976-05-to-2008-10;loto.csv
2005076-2;2005076;2;2005-09-21;ME;historic-6-plus-complementary;9;26;14;31;46;24;10;;;;;;;1976-05-to-2008-10;loto.csv
2005077-1;2005077;1;2005-09-24;SA;historic-6-plus-complementary;21;41;4;10;42;19;49;;;;;;;1976-05-to-2008-10;loto.csv
2005077-2;2005077;2;2005-09-24;SA;historic-6-plus-complementary;15;17;24;4;25;38;39;;;;;;;1976-05-to-2008-10;loto.csv
2005078-1;2005078;1;2005-09-28;ME;historic-6-plus-complementary;3;27;5;8;10;29;19;;;;;;;1976-05-to-2008-10;loto.csv
2005078-2;2005078;2;2005-09-28;ME;historic-6-plus-complementary;33;42;36;18;16;11;22;;;;;;;1976-05-to-2008-10;loto.csv
2005079-1;2005079;1;2005-10-01;SA;historic-6-plus-complementary;2;37;39;23;40;22;35;;;;;;;1976-05-to-2008-10;loto.csv
2005079-2;2005079;2;2005-10-01;SA;historic-6-plus-complementary;20;24;47;22;25;31;23;;;;;;;1976-05-to-2008-10;loto.csv
2005080-1;2005080;1;2005-10-05;ME;historic-6-plus-complementary;39;1;25;19;6;46;8;;;;;;;1976-05-to-2008-10;loto.csv
2005080-2;2005080;2;2005-10-05;ME;historic-6-plus-complementary;20;3;29;18;5;43;2;;;;;;;1976-05-to-2008-10;loto.csv
2005081-1;2005081;1;2005-10-08;SA;historic-6-plus-complementary;37;21;29;40;11;44;22;;;;;;;1976-05-to-2008-10;loto.csv
2005081-2;2005081;2;2005-10-08;SA;historic-6-plus-complementary;48;30;34;13;45;16;18;;;;;;;1976-05-to-2008-10;loto.csv
2005082-1;2005082;1;2005-10-12;ME;historic-6-plus-complementary;1;6;27;26;34;45;20;;;;;;;1976-05-to-2008-10;loto.csv
2005082-2;2005082;2;2005-10-12;ME;historic-6-plus-complementary;20;18;8;27;16;45;3;;;;;;;1976-05-to-2008-10;loto.csv
2005083-1;2005083;1;2005-10-15;SA;historic-6-plus-complementary;25;20;23;21;39;40;43;;;;;;;1976-05-to-2008-10;loto.csv
2005083-2;2005083;2;2005-10-15;SA;historic-6-plus-complementary;16;45;2;31;38;37;48;;;;;;;1976-05-to-2008-10;loto.csv
2005084-1;2005084;1;2005-10-19;ME;historic-6-plus-complementary;34;22;25;45;18;19;26;;;;;;;1976-05-to-2008-10;loto.csv
2005084-2;2005084;2;2005-10-19;ME;historic-6-plus-complementary;37;38;24;20;32;21;7;;;;;;;1976-05-to-2008-10;loto.csv
2005085-1;2005085;1;2005-10-22;SA;historic-6-plus-complementary;44;15;27;7;28;14;30;;;;;;;1976-05-to-2008-10;loto.csv
2005085-2;2005085;2;2005-10-22;SA;historic-6-plus-complementary;4;34;20;38;11;37;41;;;;;;;1976-05-to-2008-10;loto.csv
2005086-1;2005086;1;2005-10-26;ME;historic-6-plus-complementary;32;49;21;14;1;37;24;;;;;;;1976-05-to-2008-10;loto.csv
2005086-2;2005086;2;2005-10-26;ME;historic-6-plus-complementary;37;38;29;33;9;16;40;;;;;;;1976-05-to-2008-10;loto.csv
2005087-1;2005087;1;2005-10-29;SA;historic-6-plus-complementary;33;9;43;8;4;22;28;;;;;;;1976-05-to-2008-10;loto.csv
2005087-2;2005087;2;2005-10-29;SA;historic-6-plus-complementary;31;13;23;24;8;19;37;;;;;;;1976-05-to-2008-10;loto.csv
2005088-1;2005088;1;2005-11-02;ME;historic-6-plus-complementary;43;20;40;16;26;27;45;;;;;;;1976-05-to-2008-10;loto.csv
2005088-2;2005088;2;2005-11-02;ME;historic-6-plus-complementary;43;38;17;19;14;21;31;;;;;;;1976-05-to-2008-10;loto.csv
2005089-1;2005089;1;2005-11-05;SA;historic-6-plus-complementary;4;42;25;17;26;6;28;;;;;;;1976-05-to-2008-10;loto.csv
2005089-2;2005089;2;2005-11-05;SA;historic-6-plus-complementary;20;43;21;7;13;31;40;;;;;;;1976-05-to-2008-10;loto.csv
2005090-1;2005090;1;2005-11-09;ME;historic-6-plus-complementary;2;5;42;49;3;27;41;;;;;;;1976-05-to-2008-10;loto.csv
2005090-2;2005090;2;2005-11-09;ME;historic-6-plus-complementary;45;49;43;4;39;2;47;;;;;;;1976-05-to-2008-10;loto.csv
2005091-1;2005091;1;2005-11-12;SA;historic-6-plus-complementary;1;13;45;29;20;41;18;;;;;;;1976-05-to-2008-10;loto.csv
2005091-2;2005091;2;2005-11-12;SA;historic-6-plus-complementary;47;3;14;21;6;32;17;;;;;;;1976-05-to-2008-10;loto.csv
2005092-1;2005092;1;2005-11-16;ME;historic-6-plus-complementary;13;31;23;42;26;40;37;;;;;;;1976-05-to-2008-10;loto.csv
2005092-2;2005092;2;2005-11-16;ME;historic-6-plus-complementary;4;1;16;36;19;3;44;;;;;;;1976-05-to-2008-10;loto.csv
2005093-1;2005093;1;2005-11-19;SA;historic-6-plus-complementary;25;11;12;44;13;16;33;;;;;;;1976-05-to-2008-10;loto.csv
2005093-2;2005093;2;2005-11-19;SA;historic-6-plus-complementary;34;9;4;6;24;15;19;;;;;;;1976-05-to-2008-10;loto.csv
2005094-1;2005094;1;2005-11-23;ME;historic-6-plus-complementary;47;20;8;28;21;19;4;;;;;;;1976-05-to-2008-10;loto.csv
2005094-2;2005094;2;2005-11-23;ME;historic-6-plus-complementary;19;34;16;37;41;46;38;;;;;;;1976-05-to-2008-10;loto.csv
2005095-1;2005095;1;2005-11-26;SA;historic-6-plus-complementary;48;5;39;21;35;41;19;;;;;;;1976-05-to-2008-10;loto.csv
2005095-2;2005095;2;2005-11-26;SA;historic-6-plus-complementary;8;3;49;48;29;31;38;;;;;;;1976-05-to-2008-10;loto.csv
2005096-1;2005096;1;2005-11-30;ME;historic-6-plus-complementary;38;32;34;23;25;33;37;;;;;;;1976-05-to-2008-10;loto.csv
2005096-2;2005096;2;2005-11-30;ME;historic-6-plus-complementary;41;11;49;48;10;7;16;;;;;;;1976-05-to-2008-10;loto.csv
2005097-1;2005097;1;2005-12-03;SA;historic-6-plus-complementary;19;40;8;26;25;42;36;;;;;;;1976-05-to-2008-10;loto.csv
2005097-2;2005097;2;2005-12-03;SA;historic-6-plus-complementary;32;46;30;43;44;35;16;;;;;;;1976-05-to-2008-10;loto.csv
2005098-1;2005098;1;2005-12-07;ME;historic-6-plus-complementary;27;9;20;7;5;25;3;;;;;;;1976-05-to-2008-10;loto.csv
2005098-2;2005098;2;2005-12-07;ME;historic-6-plus-complementary;11;37;28;16;46;41;29;;;;;;;1976-05-to-2008-10;loto.csv
2005099-1;2005099;1;2005-12-10;SA;historic-6-plus-complementary;7;34;26;17;2;8;48;;;;;;;1976-05-to-2008-10;loto.csv
2005099-2;2005099;2;2005-12-10;SA;historic-6-plus-complementary;3;7;2;28;37;4;6;;;;;;;1976-05-to-2008-10;loto.csv
2005100-1;2005100;1;2005-12-14;ME;historic-6-plus-complementary;7;36;12;10;8;30;2;;;;;;;1976-05-to-2008-10;loto.csv
2005100-2;2005100;2;2005-12-14;ME;historic-6-plus-complementary;10;14;23;22;42;49;17;;;;;;;1976-05-to-2008-10;loto.csv
2005101-1;2005101;1;2005-12-17;SA;historic-6-plus-complementary;8;31;25;34;39;14;23;;;;;;;1976-05-to-2008-10;loto.csv
2005101-2;2005101;2;2005-12-17;SA;historic-6-plus-complementary;13;29;23;2;8;41;3;;;;;;;1976-05-to-2008-10;loto.csv
2005102-1;2005102;1;2005-12-21;ME;historic-6-plus-complementary;40;7;6;32;10;9;11;;;;;;;1976-05-to-2008-10;loto.csv
2005102-2;2005102;2;2005-12-21;ME;historic-6-plus-complementary;22;29;34;28;48;25;35;;;;;;;1976-05-to-2008-10;loto.csv
2005103-1;2005103;1;2005-12-24;SA;historic-6-plus-complementary;33;5;48;27;12;38;25;;;;;;;1976-05-to-2008-10;loto.csv
2005103-2;2005103;2;2005-12-24;SA;historic-6-plus-complementary;14;40;25;13;49;22;4;;;;;;;1976-05-to-2008-10;loto.csv
2005104-1;2005104;1;2005-12-28;ME;historic-6-plus-complementary;17;40;5;31;43;41;32;;;;;;;1976-05-to-2008-10;loto.csv
2005104-2;2005104;2;2005-12-28;ME;historic-6-plus-complementary;13;22;3;21;11;31;29;;;;;;;1976-05-to-2008-10;loto.csv
2005105-1;2005105;1;2005-12-31;SA;historic-6-plus-complementary;31;49;48;26;36;3;14;;;;;;;1976-05-to-2008-10;loto.csv
2005105-2;2005105;2;2005-12-31;SA;historic-6-plus-complementary;42;37;33;24;36;19;1;;;;;;;1976-05-to-2008-10;loto.csv
2006001-1;2006001;1;2006-01-04;ME;historic-6-plus-complementary;15;42;27;44;35;29;34;;;;;;;1976-05-to-2008-10;loto.csv
2006001-2;2006001;2;2006-01-04;ME;historic-6-plus-complementary;49;5;36;16;14;6;38;;;;;;;1976-05-to-2008-10;loto.csv
2006002-1;2006002;1;2006-01-07;SA;historic-6-plus-complementary;22;47;44;33;46;34;43;;;;;;;1976-05-to-2008-10;loto.csv
2006002-2;2006002;2;2006-01-07;SA;historic-6-plus-complementary;33;27;8;30;7;19;48;;;;;;;1976-05-to-2008-10;loto.csv
2006003-1;2006003;1;2006-01-11;ME;historic-6-plus-complementary;27;31;28;38;16;45;48;;;;;;;1976-05-to-2008-10;loto.csv
2006003-2;2006003;2;2006-01-11;ME;historic-6-plus-complementary;7;2;26;24;32;8;23;;;;;;;1976-05-to-2008-10;loto.csv
2006004-1;2006004;1;2006-01-14;SA;historic-6-plus-complementary;42;47;36;45;34;48;33;;;;;;;1976-05-to-2008-10;loto.csv
2006004-2;2006004;2;2006-01-14;SA;historic-6-plus-complementary;40;24;39;12;36;23;41;;;;;;;1976-05-to-2008-10;loto.csv
2006005-1;2006005;1;2006-01-18;ME;historic-6-plus-complementary;28;38;19;36;1;33;34;;;;;;;1976-05-to-2008-10;loto.csv
2006005-2;2006005;2;2006-01-18;ME;historic-6-plus-complementary;45;37;32;9;40;31;35;;;;;;;1976-05-to-2008-10;loto.csv
2006006-1;2006006;1;2006-01-21;SA;historic-6-plus-complementary;42;15;20;48;46;8;19;;;;;;;1976-05-to-2008-10;loto.csv
2006006-2;2006006;2;2006-01-21;SA;historic-6-plus-complementary;38;47;44;48;3;36;29;;;;;;;1976-05-to-2008-10;loto.csv
2006007-1;2006007;1;2006-01-25;ME;historic-6-plus-complementary;33;42;49;45;3;5;24;;;;;;;1976-05-to-2008-10;loto.csv
2006007-2;2006007;2;2006-01-25;ME;historic-6-plus-complementary;36;24;16;10;23;42;11;;;;;;;1976-05-to-2008-10;loto.csv
2006008-1;2006008;1;2006-01-28;SA;historic-6-plus-complementary;9;3;11;35;13;12;39;;;;;;;1976-05-to-2008-10;loto.csv
2006008-2;2006008;2;2006-01-28;SA;historic-6-plus-complementary;4;33;40;5;10;37;18;;;;;;;1976-05-to-2008-10;loto.csv
2006009-1;2006009;1;2006-02-01;ME;historic-6-plus-complementary;30;45;28;49;6;35;22;;;;;;;1976-05-to-2008-10;loto.csv
2006009-2;2006009;2;2006-02-01;ME;historic-6-plus-complementary;11;29;44;14;21;37;31;;;;;;;1976-05-to-2008-10;loto.csv
2006010-1;2006010;1;2006-02-04;SA;historic-6-plus-complementary;39;22;43;2;26;32;38;;;;;;;1976-05-to-2008-10;loto.csv
2006010-2;2006010;2;2006-02-04;SA;historic-6-plus-complementary;47;44;30;23;2;42;31;;;;;;;1976-05-to-2008-10;loto.csv
2006011-1;2006011;1;2006-02-08;ME;historic-6-plus-complementary;41;49;16;43;35;37;36;;;;;;;1976-05-to-2008-10;loto.csv
2006011-2;2006011;2;2006-02-08;ME;historic-6-plus-complementary;2;36;16;17;24;39;7;;;;;;;1976-05-to-2008-10;loto.csv
2006012-1;2006012;1;2006-02-11;SA;historic-6-plus-complementary;47;48;11;37;33;42;23;;;;;;;1976-05-to-2008-10;loto.csv
2006012-2;2006012;2;2006-02-11;SA;historic-6-plus-complementary;35;27;43;3;30;42;46;;;;;;;1976-05-to-2008-10;loto.csv
2006013-1;2006013;1;2006-02-15;ME;historic-6-plus-complementary;42;35;20;28;4;38;24;;;;;;;1976-05-to-2008-10;loto.csv
2006013-2;2006013;2;2006-02-15;ME;historic-6-plus-complementary;1;44;18;30;39;13;4;;;;;;;1976-05-to-2008-10;loto.csv
2006014-1;2006014;1;2006-02-18;SA;historic-6-plus-complementary;47;36;4;39;24;13;1;;;;;;;1976-05-to-2008-10;loto.csv
2006014-2;2006014;2;2006-02-18;SA;historic-6-plus-complementary;39;5;15;3;34;40;37;;;;;;;1976-05-to-2008-10;loto.csv
2006015-1;2006015;1;2006-02-22;ME;historic-6-plus-complementary;14;30;5;45;22;7;3;;;;;;;1976-05-to-2008-10;loto.csv
2006015-2;2006015;2;2006-02-22;ME;historic-6-plus-complementary;34;36;46;39;10;32;11;;;;;;;1976-05-to-2008-10;loto.csv
2006016-1;2006016;1;2006-02-25;SA;historic-6-plus-complementary;43;6;1;14;15;24;5;;;;;;;1976-05-to-2008-10;loto.csv
2006016-2;2006016;2;2006-02-25;SA;historic-6-plus-complementary;22;41;25;33;38;30;34;;;;;;;1976-05-to-2008-10;loto.csv
2006017-1;2006017;1;2006-03-01;ME;historic-6-plus-complementary;32;34;49;46;19;25;39;;;;;;;1976-05-to-2008-10;loto.csv
2006017-2;2006017;2;2006-03-01;ME;historic-6-plus-complementary;45;32;34;26;31;44;4;;;;;;;1976-05-to-2008-10;loto.csv
2006018-1;2006018;1;2006-03-04;SA;historic-6-plus-complementary;15;13;28;5;14;37;6;;;;;;;1976-05-to-2008-10;loto.csv
2006018-2;2006018;2;2006-03-04;SA;historic-6-plus-complementary;4;18;1;14;23;30;7;;;;;;;1976-05-to-2008-10;loto.csv
2006019-1;2006019;1;2006-03-08;ME;historic-6-plus-complementary;15;49;1;8;23;19;30;;;;;;;1976-05-to-2008-10;loto.csv
2006019-2;2006019;2;2006-03-08;ME;historic-6-plus-complementary;3;31;15;9;34;11;30;;;;;;;1976-05-to-2008-10;loto.csv
2006020-1;2006020;1;2006-03-11;SA;historic-6-plus-complementary;4;21;44;6;43;5;19;;;;;;;1976-05-to-2008-10;loto.csv
2006020-2;2006020;2;2006-03-11;SA;historic-6-plus-complementary;13;6;43;18;27;39;11;;;;;;;1976-05-to-2008-10;loto.csv
2006021-1;2006021;1;2006-03-15;ME;historic-6-plus-complementary;41;25;34;30;45;46;19;;;;;;;1976-05-to-2008-10;loto.csv
2006021-2;2006021;2;2006-03-15;ME;historic-6-plus-complementary;21;40;48;15;18;13;25;;;;;;;1976-05-to-2008-10;loto.csv
2006022-1;2006022;1;2006-03-18;SA;historic-6-plus-complementary;25;19;32;30;21;2;39;;;;;;;1976-05-to-2008-10;loto.csv
2006022-2;2006022;2;2006-03-18;SA;historic-6-plus-complementary;8;19;27;47;31;33;5;;;;;;;1976-05-to-2008-10;loto.csv
2006023-1;2006023;1;2006-03-22;ME;historic-6-plus-complementary;28;49;14;36;12;19;21;;;;;;;1976-05-to-2008-10;loto.csv
2006023-2;2006023;2;2006-03-22;ME;historic-6-plus-complementary;18;4;47;35;9;46;31;;;;;;;1976-05-to-2008-10;loto.csv
2006024-1;2006024;1;2006-03-25;SA;historic-6-plus-complementary;29;45;10;15;16;25;18;;;;;;;1976-05-to-2008-10;loto.csv
2006024-2;2006024;2;2006-03-25;SA;historic-6-plus-complementary;26;17;32;33;44;10;27;;;;;;;1976-05-to-2008-10;loto.csv
2006025-1;2006025;1;2006-03-29;ME;historic-6-plus-complementary;5;20;33;9;13;48;6;;;;;;;1976-05-to-2008-10;loto.csv
2006025-2;2006025;2;2006-03-29;ME;historic-6-plus-complementary;43;45;12;29;46;7;8;;;;;;;1976-05-to-2008-10;loto.csv
2006026-1;2006026;1;2006-04-01;SA;historic-6-plus-complementary;49;12;6;46;5;7;32;;;;;;;1976-05-to-2008-10;loto.csv
2006026-2;2006026;2;2006-04-01;SA;historic-6-plus-complementary;28;21;24;40;30;17;7;;;;;;;1976-05-to-2008-10;loto.csv
2006027-1;2006027;1;2006-04-05;ME;historic-6-plus-complementary;10;46;30;29;44;4;12;;;;;;;1976-05-to-2008-10;loto.csv
2006027-2;2006027;2;2006-04-05;ME;historic-6-plus-complementary;8;15;48;40;30;42;2;;;;;;;1976-05-to-2008-10;loto.csv
2006028-1;2006028;1;2006-04-08;SA;historic-6-plus-complementary;42;41;39;13;21;11;46;;;;;;;1976-05-to-2008-10;loto.csv
2006028-2;2006028;2;2006-04-08;SA;historic-6-plus-complementary;3;41;29;13;44;43;36;;;;;;;1976-05-to-2008-10;loto.csv
2006029-1;2006029;1;2006-04-12;ME;historic-6-plus-complementary;45;11;18;47;26;27;46;;;;;;;1976-05-to-2008-10;loto.csv
2006029-2;2006029;2;2006-04-12;ME;historic-6-plus-complementary;20;31;6;4;39;37;29;;;;;;;1976-05-to-2008-10;loto.csv
2006030-1;2006030;1;2006-04-15;SA;historic-6-plus-complementary;24;9;34;26;40;4;16;;;;;;;1976-05-to-2008-10;loto.csv
2006030-2;2006030;2;2006-04-15;SA;historic-6-plus-complementary;48;27;13;18;31;28;46;;;;;;;1976-05-to-2008-10;loto.csv
2006031-1;2006031;1;2006-04-19;ME;historic-6-plus-complementary;48;20;36;11;37;32;9;;;;;;;1976-05-to-2008-10;loto.csv
2006031-2;2006031;2;2006-04-19;ME;historic-6-plus-complementary;11;20;28;9;35;12;42;;;;;;;1976-05-to-2008-10;loto.csv
2006032-1;2006032;1;2006-04-22;SA;historic-6-plus-complementary;32;30;39;10;11;33;8;;;;;;;1976-05-to-2008-10;loto.csv
2006032-2;2006032;2;2006-04-22;SA;historic-6-plus-complementary;23;5;17;30;28;43;46;;;;;;;1976-05-to-2008-10;loto.csv
2006033-1;2006033;1;2006-04-26;ME;historic-6-plus-complementary;16;2;48;27;36;7;45;;;;;;;1976-05-to-2008-10;loto.csv
2006033-2;2006033;2;2006-04-26;ME;historic-6-plus-complementary;30;29;23;45;11;10;49;;;;;;;1976-05-to-2008-10;loto.csv
2006034-1;2006034;1;2006-04-29;SA;historic-6-plus-complementary;36;22;41;9;35;19;2;;;;;;;1976-05-to-2008-10;loto.csv
2006034-2;2006034;2;2006-04-29;SA;historic-6-plus-complementary;42;35;43;21;18;2;33;;;;;;;1976-05-to-2008-10;loto.csv
2006035-1;2006035;1;2006-05-03;ME;historic-6-plus-complementary;30;8;37;9;24;34;29;;;;;;;1976-05-to-2008-10;loto.csv
2006035-2;2006035;2;2006-05-03;ME;historic-6-plus-complementary;3;4;13;15;11;19;8;;;;;;;1976-05-to-2008-10;loto.csv
2006036-1;2006036;1;2006-05-06;SA;historic-6-plus-complementary;34;18;48;38;46;14;26;;;;;;;1976-05-to-2008-10;loto.csv
2006036-2;2006036;2;2006-05-06;SA;historic-6-plus-complementary;17;1;46;5;25;30;28;;;;;;;1976-05-to-2008-10;loto.csv
2006037-1;2006037;1;2006-05-10;ME;historic-6-plus-complementary;38;22;4;47;30;31;42;;;;;;;1976-05-to-2008-10;loto.csv
2006037-2;2006037;2;2006-05-10;ME;historic-6-plus-complementary;4;37;38;48;41;7;29;;;;;;;1976-05-to-2008-10;loto.csv
2006038-1;2006038;1;2006-05-13;SA;historic-6-plus-complementary;41;14;10;47;16;9;18;;;;;;;1976-05-to-2008-10;loto.csv
2006038-2;2006038;2;2006-05-13;SA;historic-6-plus-complementary;17;47;34;35;16;48;26;;;;;;;1976-05-to-2008-10;loto.csv
2006039-1;2006039;1;2006-05-17;ME;historic-6-plus-complementary;44;13;30;24;11;41;35;;;;;;;1976-05-to-2008-10;loto.csv
2006039-2;2006039;2;2006-05-17;ME;historic-6-plus-complementary;31;21;37;29;15;5;49;;;;;;;1976-05-to-2008-10;loto.csv
2006040-1;2006040;1;2006-05-20;SA;historic-6-plus-complementary;30;40;32;46;44;16;47;;;;;;;1976-05-to-2008-10;loto.csv
2006040-2;2006040;2;2006-05-20;SA;historic-6-plus-complementary;32;8;7;26;19;4;29;;;;;;;1976-05-to-2008-10;loto.csv
2006041-1;2006041;1;2006-05-24;ME;historic-6-plus-complementary;7;4;12;25;20;48;31;;;;;;;1976-05-to-2008-10;loto.csv
2006041-2;2006041;2;2006-05-24;ME;historic-6-plus-complementary;26;1;15;47;23;35;33;;;;;;;1976-05-to-2008-10;loto.csv
2006042-1;2006042;1;2006-05-27;SA;historic-6-plus-complementary;5;31;28;16;35;6;20;;;;;;;1976-05-to-2008-10;loto.csv
2006042-2;2006042;2;2006-05-27;SA;historic-6-plus-complementary;1;25;14;38;24;4;6;;;;;;;1976-05-to-2008-10;loto.csv
2006043-1;2006043;1;2006-05-31;ME;historic-6-plus-complementary;16;25;1;3;7;45;8;;;;;;;1976-05-to-2008-10;loto.csv
2006043-2;2006043;2;2006-05-31;ME;historic-6-plus-complementary;23;31;11;44;5;43;14;;;;;;;1976-05-to-2008-10;loto.csv
2006044-1;2006044;1;2006-06-03;SA;historic-6-plus-complementary;39;10;36;41;16;24;47;;;;;;;1976-05-to-2008-10;loto.csv
2006044-2;2006044;2;2006-06-03;SA;historic-6-plus-complementary;48;1;47;36;2;16;32;;;;;;;1976-05-to-2008-10;loto.csv
2006045-1;2006045;1;2006-06-07;ME;historic-6-plus-complementary;34;9;14;30;25;16;21;;;;;;;1976-05-to-2008-10;loto.csv
2006045-2;2006045;2;2006-06-07;ME;historic-6-plus-complementary;8;10;4;26;9;28;24;;;;;;;1976-05-to-2008-10;loto.csv
2006046-1;2006046;1;2006-06-10;SA;historic-6-plus-complementary;10;29;25;35;1;8;45;;;;;;;1976-05-to-2008-10;loto.csv
2006046-2;2006046;2;2006-06-10;SA;historic-6-plus-complementary;28;24;35;19;44;29;11;;;;;;;1976-05-to-2008-10;loto.csv
2006047-1;2006047;1;2006-06-14;ME;historic-6-plus-complementary;42;20;30;28;41;39;49;;;;;;;1976-05-to-2008-10;loto.csv
2006047-2;2006047;2;2006-06-14;ME;historic-6-plus-complementary;45;17;9;36;10;26;24;;;;;;;1976-05-to-2008-10;loto.csv
2006048-1;2006048;1;2006-06-17;SA;historic-6-plus-complementary;38;41;13;9;10;15;14;;;;;;;1976-05-to-2008-10;loto.csv
2006048-2;2006048;2;2006-06-17;SA;historic-6-plus-complementary;46;18;12;40;21;8;32;;;;;;;1976-05-to-2008-10;loto.csv
2006049-1;2006049;1;2006-06-21;ME;historic-6-plus-complementary;17;10;44;5;42;26;36;;;;;;;1976-05-to-2008-10;loto.csv
2006049-2;2006049;2;2006-06-21;ME;historic-6-plus-complementary;16;11;23;3;8;7;24;;;;;;;1976-05-to-2008-10;loto.csv
2006050-1;2006050;1;2006-06-24;SA;historic-6-plus-complementary;34;10;3;15;5;37;30;;;;;;;1976-05-to-2008-10;loto.csv
2006050-2;2006050;2;2006-06-24;SA;historic-6-plus-complementary;13;8;32;3;36;37;38;;;;;;;1976-05-to-2008-10;loto.csv
2006051-1;2006051;1;2006-06-28;ME;historic-6-plus-complementary;43;22;5;2;19;25;7;;;;;;;1976-05-to-2008-10;loto.csv
2006051-2;2006051;2;2006-06-28;ME;historic-6-plus-complementary;8;43;20;19;1;12;38;;;;;;;1976-05-to-2008-10;loto.csv
2006052-1;2006052;1;2006-07-01;SA;historic-6-plus-complementary;3;17;47;4;44;36;7;;;;;;;1976-05-to-2008-10;loto.csv
2006052-2;2006052;2;2006-07-01;SA;historic-6-plus-complementary;38;44;2;29;7;10;23;;;;;;;1976-05-to-2008-10;loto.csv
2006053-1;2006053;1;2006-07-05;ME;historic-6-plus-complementary;25;19;33;2;17;40;39;;;;;;;1976-05-to-2008-10;loto.csv
2006053-2;2006053;2;2006-07-05;ME;historic-6-plus-complementary;37;39;28;5;46;49;32;;;;;;;1976-05-to-2008-10;loto.csv
2006054-1;2006054;1;2006-07-08;SA;historic-6-plus-complementary;18;39;4;15;1;35;33;;;;;;;1976-05-to-2008-10;loto.csv
2006054-2;2006054;2;2006-07-08;SA;historic-6-plus-complementary;35;44;38;43;6;24;41;;;;;;;1976-05-to-2008-10;loto.csv
2006055-1;2006055;1;2006-07-12;ME;historic-6-plus-complementary;1;31;22;7;21;36;3;;;;;;;1976-05-to-2008-10;loto.csv
2006055-2;2006055;2;2006-07-12;ME;historic-6-plus-complementary;15;10;26;41;34;35;13;;;;;;;1976-05-to-2008-10;loto.csv
2006056-1;2006056;1;2006-07-15;SA;historic-6-plus-complementary;35;37;16;33;14;10;22;;;;;;;1976-05-to-2008-10;loto.csv
2006056-2;2006056;2;2006-07-15;SA;historic-6-plus-complementary;16;49;22;27;19;24;17;;;;;;;1976-05-to-2008-10;loto.csv
2006057-1;2006057;1;2006-07-19;ME;historic-6-plus-complementary;32;23;12;16;36;38;33;;;;;;;1976-05-to-2008-10;loto.csv
2006057-2;2006057;2;2006-07-19;ME;historic-6-plus-complementary;31;14;35;24;44;4;21;;;;;;;1976-05-to-2008-10;loto.csv
2006058-1;2006058;1;2006-07-22;SA;historic-6-plus-complementary;40;21;28;41;27;43;33;;;;;;;1976-05-to-2008-10;loto.csv
2006058-2;2006058;2;2006-07-22;SA;historic-6-plus-complementary;44;43;13;18;45;28;35;;;;;;;1976-05-to-2008-10;loto.csv
2006059-1;2006059;1;2006-07-26;ME;historic-6-plus-complementary;3;20;45;8;27;41;32;;;;;;;1976-05-to-2008-10;loto.csv
2006059-2;2006059;2;2006-07-26;ME;historic-6-plus-complementary;15;33;34;30;42;46;48;;;;;;;1976-05-to-2008-10;loto.csv
2006060-1;2006060;1;2006-07-29;SA;historic-6-plus-complementary;15;34;35;4;44;28;21;;;;;;;1976-05-to-2008-10;loto.csv
2006060-2;2006060;2;2006-07-29;SA;historic-6-plus-complementary;39;1;26;27;21;49;38;;;;;;;1976-05-to-2008-10;loto.csv
2006061-1;2006061;1;2006-08-02;ME;historic-6-plus-complementary;49;9;41;24;36;37;19;;;;;;;1976-05-to-2008-10;loto.csv
2006061-2;2006061;2;2006-08-02;ME;historic-6-plus-complementary;43;46;30;36;13;38;39;;;;;;;1976-05-to-2008-10;loto.csv
2006062-1;2006062;1;2006-08-05;SA;historic-6-plus-complementary;2;30;37;22;14;8;42;;;;;;;1976-05-to-2008-10;loto.csv
2006062-2;2006062;2;2006-08-05;SA;historic-6-plus-complementary;36;46;32;41;43;35;4;;;;;;;1976-05-to-2008-10;loto.csv
2006063-1;2006063;1;2006-08-09;ME;historic-6-plus-complementary;19;49;27;3;39;9;20;;;;;;;1976-05-to-2008-10;loto.csv
2006063-2;2006063;2;2006-08-09;ME;historic-6-plus-complementary;31;12;7;24;43;41;44;;;;;;;1976-05-to-2008-10;loto.csv
2006064-1;2006064;1;2006-08-12;SA;historic-6-plus-complementary;43;4;14;26;16;47;20;;;;;;;1976-05-to-2008-10;loto.csv
2006064-2;2006064;2;2006-08-12;SA;historic-6-plus-complementary;4;20;27;16;9;34;6;;;;;;;1976-05-to-2008-10;loto.csv
2006065-1;2006065;1;2006-08-16;ME;historic-6-plus-complementary;30;3;15;33;13;4;11;;;;;;;1976-05-to-2008-10;loto.csv
2006065-2;2006065;2;2006-08-16;ME;historic-6-plus-complementary;46;26;8;23;38;1;34;;;;;;;1976-05-to-2008-10;loto.csv
2006066-1;2006066;1;2006-08-19;SA;historic-6-plus-complementary;15;22;32;49;41;20;21;;;;;;;1976-05-to-2008-10;loto.csv
2006066-2;2006066;2;2006-08-19;SA;historic-6-plus-complementary;13;22;42;11;40;47;4;;;;;;;1976-05-to-2008-10;loto.csv
2006067-1;2006067;1;2006-08-23;ME;historic-6-plus-complementary;21;46;10;38;36;12;2;;;;;;;1976-05-to-2008-10;loto.csv
2006067-2;2006067;2;2006-08-23;ME;historic-6-plus-complementary;28;25;33;11;12;8;45;;;;;;;1976-05-to-2008-10;loto.csv
2006068-1;2006068;1;2006-08-26;SA;historic-6-plus-complementary;11;30;45;36;25;29;10;;;;;;;1976-05-to-2008-10;loto.csv
2006068-2;2006068;2;2006-08-26;SA;historic-6-plus-complementary;34;41;9;44;48;3;30;;;;;;;1976-05-to-2008-10;loto.csv
2006069-1;2006069;1;2006-08-30;ME;historic-6-plus-complementary;27;43;35;13;11;36;48;;;;;;;1976-05-to-2008-10;loto.csv
2006069-2;2006069;2;2006-08-30;ME;historic-6-plus-complementary;3;24;6;36;2;25;22;;;;;;;1976-05-to-2008-10;loto.csv
2006070-1;2006070;1;2006-09-02;SA;historic-6-plus-complementary;11;4;21;49;34;14;24;;;;;;;1976-05-to-2008-10;loto.csv
2006070-2;2006070;2;2006-09-02;SA;historic-6-plus-complementary;2;27;49;25;3;12;24;;;;;;;1976-05-to-2008-10;loto.csv
2006071-1;2006071;1;2006-09-06;ME;historic-6-plus-complementary;23;10;22;28;5;41;19;;;;;;;1976-05-to-2008-10;loto.csv
2006071-2;2006071;2;2006-09-06;ME;historic-6-plus-complementary;45;47;15;12;22;18;20;;;;;;;1976-05-to-2008-10;loto.csv
2006072-1;2006072;1;2006-09-09;SA;historic-6-plus-complementary;26;15;39;12;48;37;31;;;;;;;1976-05-to-2008-10;loto.csv
2006072-2;2006072;2;2006-09-09;SA;historic-6-plus-complementary;49;20;13;46;4;10;29;;;;;;;1976-05-to-2008-10;loto.csv
2006073-1;2006073;1;2006-09-13;ME;historic-6-plus-complementary;5;44;8;31;22;37;7;;;;;;;1976-05-to-2008-10;loto.csv
2006073-2;2006073;2;2006-09-13;ME;historic-6-plus-complementary;11;49;15;4;41;37;17;;;;;;;1976-05-to-2008-10;loto.csv
2006074-1;2006074;1;2006-09-16;SA;historic-6-plus-complementary;18;12;31;26;37;21;44;;;;;;;1976-05-to-2008-10;loto.csv
2006074-2;2006074;2;2006-09-16;SA;historic-6-plus-complementary;40;32;17;15;34;42;20;;;;;;;1976-05-to-2008-10;loto.csv
2006075-1;2006075;1;2006-09-20;ME;historic-6-plus-complementary;30;29;11;21;44;5;47;;;;;;;1976-05-to-2008-10;loto.csv
2006075-2;2006075;2;2006-09-20;ME;historic-6-plus-complementary;30;4;8;15;49;41;34;;;;;;;1976-05-to-2008-10;loto.csv
2006076-1;2006076;1;2006-09-23;SA;historic-6-plus-complementary;22;48;44;25;47;21;23;;;;;;;1976-05-to-2008-10;loto.csv
2006076-2;2006076;2;2006-09-23;SA;historic-6-plus-complementary;31;23;29;40;15;9;5;;;;;;;1976-05-to-2008-10;loto.csv
2006077-1;2006077;1;2006-09-27;ME;historic-6-plus-complementary;26;33;9;8;23;5;3;;;;;;;1976-05-to-2008-10;loto.csv
2006077-2;2006077;2;2006-09-27;ME;historic-6-plus-complementary;46;4;36;25;31;34;22;;;;;;;1976-05-to-2008-10;loto.csv
2006078-1;2006078;1;2006-09-30;SA;historic-6-plus-complementary;2;35;8;49;44;33;13;;;;;;;1976-05-to-2008-10;loto.csv
2006078-2;2006078;2;2006-09-30;SA;historic-6-plus-complementary;17;30;24;5;35;44;14;;;;;;;1976-05-to-2008-10;loto.csv
2006079-1;2006079;1;2006-10-04;ME;historic-6-plus-complementary;11;47;3;28;14;38;21;;;;;;;1976-05-to-2008-10;loto.csv
2006079-2;2006079;2;2006-10-04;ME;historic-6-plus-complementary;33;34;48;8;14;1;11;;;;;;;1976-05-to-2008-10;loto.csv
2006080-1;2006080;1;2006-10-07;SA;historic-6-plus-complementary;2;5;38;32;21;40;48;;;;;;;1976-05-to-2008-10;loto.csv
2006080-2;2006080;2;2006-10-07;SA;historic-6-plus-complementary;2;48;26;7;4;49;38;;;;;;;1976-05-to-2008-10;loto.csv
2006081-1;2006081;1;2006-10-11;ME;historic-6-plus-complementary;7;45;37;20;16;5;44;;;;;;;1976-05-to-2008-10;loto.csv
2006081-2;2006081;2;2006-10-11;ME;historic-6-plus-complementary;31;6;7;45;15;3;23;;;;;;;1976-05-to-2008-10;loto.csv
2006082-1;2006082;1;2006-10-14;SA;historic-6-plus-complementary;26;3;35;14;46;34;22;;;;;;;1976-05-to-2008-10;loto.csv
2006082-2;2006082;2;2006-10-14;SA;historic-6-plus-complementary;33;8;18;3;30;15;17;;;;;;;1976-05-to-2008-10;loto.csv
2006083-1;2006083;1;2006-10-18;ME;historic-6-plus-complementary;37;10;21;17;22;20;1;;;;;;;1976-05-to-2008-10;loto.csv
2006083-2;2006083;2;2006-10-18;ME;historic-6-plus-complementary;44;8;32;41;43;39;35;;;;;;;1976-05-to-2008-10;loto.csv
2006084-1;2006084;1;2006-10-21;SA;historic-6-plus-complementary;9;16;26;3;40;21;12;;;;;;;1976-05-to-2008-10;loto.csv
2006084-2;2006084;2;2006-10-21;SA;historic-6-plus-complementary;2;18;40;14;27;13;49;;;;;;;1976-05-to-2008-10;loto.csv
2006085-1;2006085;1;2006-10-25;ME;historic-6-plus-complementary;12;38;18;27;43;22;5;;;;;;;1976-05-to-2008-10;loto.csv
2006085-2;2006085;2;2006-10-25;ME;historic-6-plus-complementary;45;39;18;38;16;11;35;;;;;;;1976-05-to-2008-10;loto.csv
2006086-1;2006086;1;2006-10-28;SA;historic-6-plus-complementary;13;25;10;18;20;26;44;;;;;;;1976-05-to-2008-10;loto.csv
2006086-2;2006086;2;2006-10-28;SA;historic-6-plus-complementary;33;25;30;40;10;35;15;;;;;;;1976-05-to-2008-10;loto.csv
2006087-1;2006087;1;2006-11-01;ME;historic-6-plus-complementary;6;36;16;21;33;48;43;;;;;;;1976-05-to-2008-10;loto.csv
2006087-2;2006087;2;2006-11-01;ME;historic-6-plus-complementary;42;47;3;30;15;43;5;;;;;;;1976-05-to-2008-10;loto.csv
2006088-1;2006088;1;2006-11-04;SA;historic-6-plus-complementary;7;14;25;43;39;24;34;;;;;;;1976-05-to-2008-10;loto.csv
2006088-2;2006088;2;2006-11-04;SA;historic-6-plus-complementary;27;4;48;46;23;33;7;;;;;;;1976-05-to-2008-10;loto.csv
2006089-1;2006089;1;2006-11-08;ME;historic-6-plus-complementary;1;48;28;12;11;45;10;;;;;;;1976-05-to-2008-10;loto.csv
2006089-2;2006089;2;2006-11-08;ME;historic-6-plus-complementary;38;43;2;36;25;30;7;;;;;;;1976-05-to-2008-10;loto.csv
2006090-1;2006090;1;2006-11-11;SA;historic-6-plus-complementary;24;9;11;26;2;20;16;;;;;;;1976-05-to-2008-10;loto.csv
2006090-2;2006090;2;2006-11-11;SA;historic-6-plus-complementary;17;47;10;25;13;27;34;;;;;;;1976-05-to-2008-10;loto.csv
2006091-1;2006091;1;2006-11-15;ME;historic-6-plus-complementary;37;25;16;17;45;39;32;;;;;;;1976-05-to-2008-10;loto.csv
2006091-2;2006091;2;2006-11-15;ME;historic-6-plus-complementary;19;44;22;48;8;38;30;;;;;;;1976-05-to-2008-10;loto.csv
2006092-1;2006092;1;2006-11-18;SA;historic-6-plus-complementary;43;22;17;32;1;7;34;;;;;;;1976-05-to-2008-10;loto.csv
2006092-2;2006092;2;2006-11-18;SA;historic-6-plus-complementary;26;27;2;38;16;42;13;;;;;;;1976-05-to-2008-10;loto.csv
2006093-1;2006093;1;2006-11-22;ME;historic-6-plus-complementary;33;8;45;34;41;21;14;;;;;;;1976-05-to-2008-10;loto.csv
2006093-2;2006093;2;2006-11-22;ME;historic-6-plus-complementary;25;28;24;27;45;32;13;;;;;;;1976-05-to-2008-10;loto.csv
2006094-1;2006094;1;2006-11-25;SA;historic-6-plus-complementary;4;39;21;2;13;32;14;;;;;;;1976-05-to-2008-10;loto.csv
2006094-2;2006094;2;2006-11-25;SA;historic-6-plus-complementary;17;14;43;5;31;30;44;;;;;;;1976-05-to-2008-10;loto.csv
2006095-1;2006095;1;2006-11-29;ME;historic-6-plus-complementary;21;46;23;44;10;43;36;;;;;;;1976-05-to-2008-10;loto.csv
2006095-2;2006095;2;2006-11-29;ME;historic-6-plus-complementary;5;7;10;36;49;13;21;;;;;;;1976-05-to-2008-10;loto.csv
2006096-1;2006096;1;2006-12-02;SA;historic-6-plus-complementary;19;16;22;29;30;39;43;;;;;;;1976-05-to-2008-10;loto.csv
2006096-2;2006096;2;2006-12-02;SA;historic-6-plus-complementary;4;35;17;14;20;18;7;;;;;;;1976-05-to-2008-10;loto.csv
2006097-1;2006097;1;2006-12-06;ME;historic-6-plus-complementary;31;44;35;19;9;41;48;;;;;;;1976-05-to-2008-10;loto.csv
2006097-2;2006097;2;2006-12-06;ME;historic-6-plus-complementary;15;41;8;40;36;6;44;;;;;;;1976-05-to-2008-10;loto.csv
2006098-1;2006098;1;2006-12-09;SA;historic-6-plus-complementary;40;30;15;47;5;36;46;;;;;;;1976-05-to-2008-10;loto.csv
2006098-2;2006098;2;2006-12-09;SA;historic-6-plus-complementary;39;20;30;12;33;36;32;;;;;;;1976-05-to-2008-10;loto.csv
2006099-1;2006099;1;2006-12-13;ME;historic-6-plus-complementary;42;49;32;4;37;36;29;;;;;;;1976-05-to-2008-10;loto.csv
2006099-2;2006099;2;2006-12-13;ME;historic-6-plus-complementary;39;29;31;6;10;27;3;;;;;;;1976-05-to-2008-10;loto.csv
2006100-1;2006100;1;2006-12-16;SA;historic-6-plus-complementary;48;20;10;13;43;5;24;;;;;;;1976-05-to-2008-10;loto.csv
2006100-2;2006100;2;2006-12-16;SA;historic-6-plus-complementary;10;17;32;48;37;4;38;;;;;;;1976-05-to-2008-10;loto.csv
2006101-1;2006101;1;2006-12-20;ME;historic-6-plus-complementary;5;24;45;32;20;9;44;;;;;;;1976-05-to-2008-10;loto.csv
2006101-2;2006101;2;2006-12-20;ME;historic-6-plus-complementary;29;49;9;44;25;7;20;;;;;;;1976-05-to-2008-10;loto.csv
2006102-1;2006102;1;2006-12-23;SA;historic-6-plus-complementary;48;2;37;36;33;5;3;;;;;;;1976-05-to-2008-10;loto.csv
2006102-2;2006102;2;2006-12-23;SA;historic-6-plus-complementary;39;11;3;8;6;29;13;;;;;;;1976-05-to-2008-10;loto.csv
2006103-1;2006103;1;2006-12-27;ME;historic-6-plus-complementary;14;46;3;35;2;29;48;;;;;;;1976-05-to-2008-10;loto.csv
2006103-2;2006103;2;2006-12-27;ME;historic-6-plus-complementary;26;20;17;7;47;29;10;;;;;;;1976-05-to-2008-10;loto.csv
2006104-1;2006104;1;2006-12-30;SA;historic-6-plus-complementary;26;6;23;20;33;31;21;;;;;;;1976-05-to-2008-10;loto.csv
2006104-2;2006104;2;2006-12-30;SA;historic-6-plus-complementary;23;1;36;32;28;3;30;;;;;;;1976-05-to-2008-10;loto.csv
2007001-1;2007001;1;2007-01-03;ME;historic-6-plus-complementary;46;20;29;41;49;12;11;;;;;;;1976-05-to-2008-10;loto.csv
2007001-2;2007001;2;2007-01-03;ME;historic-6-plus-complementary;39;33;49;1;45;40;31;;;;;;;1976-05-to-2008-10;loto.csv
2007002-1;2007002;1;2007-01-06;SA;historic-6-plus-complementary;20;4;21;48;40;17;41;;;;;;;1976-05-to-2008-10;loto.csv
2007002-2;2007002;2;2007-01-06;SA;historic-6-plus-complementary;7;1;38;34;27;6;37;;;;;;;1976-05-to-2008-10;loto.csv
2007003-1;2007003;1;2007-01-10;ME;historic-6-plus-complementary;38;49;37;36;32;31;44;;;;;;;1976-05-to-2008-10;loto.csv
2007003-2;2007003;2;2007-01-10;ME;historic-6-plus-complementary;42;45;34;7;24;20;36;;;;;;;1976-05-to-2008-10;loto.csv
2007004-1;2007004;1;2007-01-13;SA;historic-6-plus-complementary;16;47;35;21;22;1;8;;;;;;;1976-05-to-2008-10;loto.csv
2007004-2;2007004;2;2007-01-13;SA;historic-6-plus-complementary;6;20;5;17;39;1;30;;;;;;;1976-05-to-2008-10;loto.csv
2007005-1;2007005;1;2007-01-17;ME;historic-6-plus-complementary;26;44;25;33;12;35;1;;;;;;;1976-05-to-2008-10;loto.csv
2007005-2;2007005;2;2007-01-17;ME;historic-6-plus-complementary;39;43;22;30;6;41;26;;;;;;;1976-05-to-2008-10;loto.csv
2007006-1;2007006;1;2007-01-20;SA;historic-6-plus-complementary;19;46;16;11;10;26;2;;;;;;;1976-05-to-2008-10;loto.csv
2007006-2;2007006;2;2007-01-20;SA;historic-6-plus-complementary;19;49;43;47;42;2;5;;;;;;;1976-05-to-2008-10;loto.csv
2007007-1;2007007;1;2007-01-24;ME;historic-6-plus-complementary;40;5;37;13;32;36;4;;;;;;;1976-05-to-2008-10;loto.csv
2007007-2;2007007;2;2007-01-24;ME;historic-6-plus-complementary;21;42;49;26;13;15;28;;;;;;;1976-05-to-2008-10;loto.csv
2007008-1;2007008;1;2007-01-27;SA;historic-6-plus-complementary;47;29;11;44;42;24;43;;;;;;;1976-05-to-2008-10;loto.csv
2007008-2;2007008;2;2007-01-27;SA;historic-6-plus-complementary;38;19;30;24;42;21;46;;;;;;;1976-05-to-2008-10;loto.csv
2007009-1;2007009;1;2007-01-31;ME;historic-6-plus-complementary;27;20;12;5;43;41;1;;;;;;;1976-05-to-2008-10;loto.csv
2007009-2;2007009;2;2007-01-31;ME;historic-6-plus-complementary;31;47;10;42;26;43;21;;;;;;;1976-05-to-2008-10;loto.csv
2007010-1;2007010;1;2007-02-03;SA;historic-6-plus-complementary;31;33;44;34;46;38;10;;;;;;;1976-05-to-2008-10;loto.csv
2007010-2;2007010;2;2007-02-03;SA;historic-6-plus-complementary;10;11;44;40;45;47;20;;;;;;;1976-05-to-2008-10;loto.csv
2007011-1;2007011;1;2007-02-07;ME;historic-6-plus-complementary;27;32;24;13;44;21;6;;;;;;;1976-05-to-2008-10;loto.csv
2007011-2;2007011;2;2007-02-07;ME;historic-6-plus-complementary;34;40;37;5;30;36;16;;;;;;;1976-05-to-2008-10;loto.csv
2007012-1;2007012;1;2007-02-10;SA;historic-6-plus-complementary;11;15;8;41;49;27;26;;;;;;;1976-05-to-2008-10;loto.csv
2007012-2;2007012;2;2007-02-10;SA;historic-6-plus-complementary;46;2;29;10;20;11;13;;;;;;;1976-05-to-2008-10;loto.csv
2007013-1;2007013;1;2007-02-14;ME;historic-6-plus-complementary;19;43;4;30;42;31;18;;;;;;;1976-05-to-2008-10;loto.csv
2007013-2;2007013;2;2007-02-14;ME;historic-6-plus-complementary;38;1;15;26;28;18;16;;;;;;;1976-05-to-2008-10;loto.csv
2007014-1;2007014;1;2007-02-17;SA;historic-6-plus-complementary;2;22;29;21;3;20;17;;;;;;;1976-05-to-2008-10;loto.csv
2007014-2;2007014;2;2007-02-17;SA;historic-6-plus-complementary;10;46;35;9;40;27;12;;;;;;;1976-05-to-2008-10;loto.csv
2007015-1;2007015;1;2007-02-21;ME;historic-6-plus-complementary;17;4;26;46;23;15;49;;;;;;;1976-05-to-2008-10;loto.csv
2007015-2;2007015;2;2007-02-21;ME;historic-6-plus-complementary;16;41;24;5;26;31;4;;;;;;;1976-05-to-2008-10;loto.csv
2007016-1;2007016;1;2007-02-24;SA;historic-6-plus-complementary;23;27;14;36;35;33;47;;;;;;;1976-05-to-2008-10;loto.csv
2007016-2;2007016;2;2007-02-24;SA;historic-6-plus-complementary;23;34;13;38;30;44;17;;;;;;;1976-05-to-2008-10;loto.csv
2007017-1;2007017;1;2007-02-28;ME;historic-6-plus-complementary;11;6;24;36;25;30;12;;;;;;;1976-05-to-2008-10;loto.csv
2007017-2;2007017;2;2007-02-28;ME;historic-6-plus-complementary;18;12;49;20;25;15;30;;;;;;;1976-05-to-2008-10;loto.csv
2007018-1;2007018;1;2007-03-03;SA;historic-6-plus-complementary;27;37;42;26;38;34;35;;;;;;;1976-05-to-2008-10;loto.csv
2007018-2;2007018;2;2007-03-03;SA;historic-6-plus-complementary;36;10;4;9;19;15;8;;;;;;;1976-05-to-2008-10;loto.csv
2007019-1;2007019;1;2007-03-07;ME;historic-6-plus-complementary;36;35;14;49;38;48;18;;;;;;;1976-05-to-2008-10;loto.csv
2007019-2;2007019;2;2007-03-07;ME;historic-6-plus-complementary;14;8;35;33;38;47;45;;;;;;;1976-05-to-2008-10;loto.csv
2007020-1;2007020;1;2007-03-10;SA;historic-6-plus-complementary;10;42;24;28;15;36;12;;;;;;;1976-05-to-2008-10;loto.csv
2007020-2;2007020;2;2007-03-10;SA;historic-6-plus-complementary;10;46;12;21;8;9;15;;;;;;;1976-05-to-2008-10;loto.csv
2007021-1;2007021;1;2007-03-14;ME;historic-6-plus-complementary;2;17;8;27;26;28;4;;;;;;;1976-05-to-2008-10;loto.csv
2007021-2;2007021;2;2007-03-14;ME;historic-6-plus-complementary;31;29;33;35;12;46;45;;;;;;;1976-05-to-2008-10;loto.csv
2007022-1;2007022;1;2007-03-17;SA;historic-6-plus-complementary;32;44;48;9;27;12;10;;;;;;;1976-05-to-2008-10;loto.csv
2007022-2;2007022;2;2007-03-17;SA;historic-6-plus-complementary;6;48;41;10;34;46;31;;;;;;;1976-05-to-2008-10;loto.csv
2007023-1;2007023;1;2007-03-21;ME;historic-6-plus-complementary;23;46;15;34;20;26;19;;;;;;;1976-05-to-2008-10;loto.csv
2007023-2;2007023;2;2007-03-21;ME;historic-6-plus-complementary;9;39;38;48;12;15;1;;;;;;;1976-05-to-2008-10;loto.csv
2007024-1;2007024;1;2007-03-24;SA;historic-6-plus-complementary;15;3;10;30;17;48;5;;;;;;;1976-05-to-2008-10;loto.csv
2007024-2;2007024;2;2007-03-24;SA;historic-6-plus-complementary;34;17;45;36;42;7;22;;;;;;;1976-05-to-2008-10;loto.csv
2007025-1;2007025;1;2007-03-28;ME;historic-6-plus-complementary;34;39;46;19;44;45;9;;;;;;;1976-05-to-2008-10;loto.csv
2007025-2;2007025;2;2007-03-28;ME;historic-6-plus-complementary;36;25;18;19;21;44;2;;;;;;;1976-05-to-2008-10;loto.csv
2007026-1;2007026;1;2007-03-31;SA;historic-6-plus-complementary;17;46;36;3;21;30;22;;;;;;;1976-05-to-2008-10;loto.csv
2007026-2;2007026;2;2007-03-31;SA;historic-6-plus-complementary;16;4;30;11;24;13;22;;;;;;;1976-05-to-2008-10;loto.csv
2007027-1;2007027;1;2007-04-04;ME;historic-6-plus-complementary;26;7;41;44;5;25;30;;;;;;;1976-05-to-2008-10;loto.csv
2007027-2;2007027;2;2007-04-04;ME;historic-6-plus-complementary;20;33;5;35;26;34;17;;;;;;;1976-05-to-2008-10;loto.csv
2007028-1;2007028;1;2007-04-07;SA;historic-6-plus-complementary;46;39;17;13;9;23;45;;;;;;;1976-05-to-2008-10;loto.csv
2007028-2;2007028;2;2007-04-07;SA;historic-6-plus-complementary;42;20;28;10;24;12;36;;;;;;;1976-05-to-2008-10;loto.csv
2007029-1;2007029;1;2007-04-11;ME;historic-6-plus-complementary;37;28;20;7;47;2;19;;;;;;;1976-05-to-2008-10;loto.csv
2007029-2;2007029;2;2007-04-11;ME;historic-6-plus-complementary;44;8;33;36;34;11;7;;;;;;;1976-05-to-2008-10;loto.csv
2007030-1;2007030;1;2007-04-14;SA;historic-6-plus-complementary;49;23;44;36;7;5;45;;;;;;;1976-05-to-2008-10;loto.csv
2007030-2;2007030;2;2007-04-14;SA;historic-6-plus-complementary;36;2;26;7;17;42;4;;;;;;;1976-05-to-2008-10;loto.csv
2007031-1;2007031;1;2007-04-18;ME;historic-6-plus-complementary;26;12;5;21;8;46;24;;;;;;;1976-05-to-2008-10;loto.csv
2007031-2;2007031;2;2007-04-18;ME;historic-6-plus-complementary;39;38;44;9;11;6;1;;;;;;;1976-05-to-2008-10;loto.csv
2007032-1;2007032;1;2007-04-21;SA;historic-6-plus-complementary;41;49;10;44;15;23;18;;;;;;;1976-05-to-2008-10;loto.csv
2007032-2;2007032;2;2007-04-21;SA;historic-6-plus-complementary;10;25;48;3;33;41;32;;;;;;;1976-05-to-2008-10;loto.csv
2007033-1;2007033;1;2007-04-25;ME;historic-6-plus-complementary;8;16;27;29;18;17;41;;;;;;;1976-05-to-2008-10;loto.csv
2007033-2;2007033;2;2007-04-25;ME;historic-6-plus-complementary;14;19;2;3;40;9;37;;;;;;;1976-05-to-2008-10;loto.csv
2007034-1;2007034;1;2007-04-28;SA;historic-6-plus-complementary;42;25;37;28;46;33;12;;;;;;;1976-05-to-2008-10;loto.csv
2007034-2;2007034;2;2007-04-28;SA;historic-6-plus-complementary;13;47;4;26;23;27;30;;;;;;;1976-05-to-2008-10;loto.csv
2007035-1;2007035;1;2007-05-02;ME;historic-6-plus-complementary;1;15;3;31;19;42;23;;;;;;;1976-05-to-2008-10;loto.csv
2007035-2;2007035;2;2007-05-02;ME;historic-6-plus-complementary;6;15;48;19;32;49;10;;;;;;;1976-05-to-2008-10;loto.csv
2007036-1;2007036;1;2007-05-05;SA;historic-6-plus-complementary;27;2;40;3;36;23;4;;;;;;;1976-05-to-2008-10;loto.csv
2007036-2;2007036;2;2007-05-05;SA;historic-6-plus-complementary;21;4;20;1;48;36;39;;;;;;;1976-05-to-2008-10;loto.csv
2007037-1;2007037;1;2007-05-09;ME;historic-6-plus-complementary;3;16;21;22;35;32;7;;;;;;;1976-05-to-2008-10;loto.csv
2007037-2;2007037;2;2007-05-09;ME;historic-6-plus-complementary;8;27;36;12;49;35;9;;;;;;;1976-05-to-2008-10;loto.csv
2007038-1;2007038;1;2007-05-12;SA;historic-6-plus-complementary;35;12;39;31;26;5;34;;;;;;;1976-05-to-2008-10;loto.csv
2007038-2;2007038;2;2007-05-12;SA;historic-6-plus-complementary;26;3;39;38;2;21;13;;;;;;;1976-05-to-2008-10;loto.csv
2007039-1;2007039;1;2007-05-16;ME;historic-6-plus-complementary;8;32;47;36;30;27;4;;;;;;;1976-05-to-2008-10;loto.csv
2007039-2;2007039;2;2007-05-16;ME;historic-6-plus-complementary;22;49;19;4;41;23;16;;;;;;;1976-05-to-2008-10;loto.csv
2007040-1;2007040;1;2007-05-19;SA;historic-6-plus-complementary;9;2;48;43;41;20;5;;;;;;;1976-05-to-2008-10;loto.csv
2007040-2;2007040;2;2007-05-19;SA;historic-6-plus-complementary;10;46;34;21;35;48;27;;;;;;;1976-05-to-2008-10;loto.csv
2007041-1;2007041;1;2007-05-23;ME;historic-6-plus-complementary;47;3;15;40;7;26;18;;;;;;;1976-05-to-2008-10;loto.csv
2007041-2;2007041;2;2007-05-23;ME;historic-6-plus-complementary;36;27;1;5;8;31;29;;;;;;;1976-05-to-2008-10;loto.csv
2007042-1;2007042;1;2007-05-26;SA;historic-6-plus-complementary;2;29;16;22;21;35;20;;;;;;;1976-05-to-2008-10;loto.csv
2007042-2;2007042;2;2007-05-26;SA;historic-6-plus-complementary;30;43;6;34;46;7;37;;;;;;;1976-05-to-2008-10;loto.csv
2007043-1;2007043;1;2007-05-30;ME;historic-6-plus-complementary;9;32;10;22;15;1;27;;;;;;;1976-05-to-2008-10;loto.csv
2007043-2;2007043;2;2007-05-30;ME;historic-6-plus-complementary;25;39;49;23;11;45;13;;;;;;;1976-05-to-2008-10;loto.csv
2007044-1;2007044;1;2007-06-02;SA;historic-6-plus-complementary;17;15;27;48;28;3;2;;;;;;;1976-05-to-2008-10;loto.csv
2007044-2;2007044;2;2007-06-02;SA;historic-6-plus-complementary;14;27;49;24;47;44;33;;;;;;;1976-05-to-2008-10;loto.csv
2007045-1;2007045;1;2007-06-06;ME;historic-6-plus-complementary;35;41;16;22;47;23;28;;;;;;;1976-05-to-2008-10;loto.csv
2007045-2;2007045;2;2007-06-06;ME;historic-6-plus-complementary;31;9;33;29;46;38;47;;;;;;;1976-05-to-2008-10;loto.csv
2007046-1;2007046;1;2007-06-09;SA;historic-6-plus-complementary;28;4;26;22;35;31;5;;;;;;;1976-05-to-2008-10;loto.csv
2007046-2;2007046;2;2007-06-09;SA;historic-6-plus-complementary;17;3;10;46;35;13;28;;;;;;;1976-05-to-2008-10;loto.csv
2007047-1;2007047;1;2007-06-13;ME;historic-6-plus-complementary;8;3;13;40;22;17;38;;;;;;;1976-05-to-2008-10;loto.csv
2007047-2;2007047;2;2007-06-13;ME;historic-6-plus-complementary;15;40;3;41;34;16;39;;;;;;;1976-05-to-2008-10;loto.csv
2007048-1;2007048;1;2007-06-16;SA;historic-6-plus-complementary;32;40;26;12;3;34;31;;;;;;;1976-05-to-2008-10;loto.csv
2007048-2;2007048;2;2007-06-16;SA;historic-6-plus-complementary;20;40;38;31;37;29;47;;;;;;;1976-05-to-2008-10;loto.csv
2007049-1;2007049;1;2007-06-20;ME;historic-6-plus-complementary;14;10;2;42;5;48;41;;;;;;;1976-05-to-2008-10;loto.csv
2007049-2;2007049;2;2007-06-20;ME;historic-6-plus-complementary;12;33;45;14;15;3;43;;;;;;;1976-05-to-2008-10;loto.csv
2007050-1;2007050;1;2007-06-23;SA;historic-6-plus-complementary;43;13;28;7;45;18;39;;;;;;;1976-05-to-2008-10;loto.csv
2007050-2;2007050;2;2007-06-23;SA;historic-6-plus-complementary;47;15;37;5;11;29;7;;;;;;;1976-05-to-2008-10;loto.csv
2007051-1;2007051;1;2007-06-27;ME;historic-6-plus-complementary;42;6;29;13;12;5;45;;;;;;;1976-05-to-2008-10;loto.csv
2007051-2;2007051;2;2007-06-27;ME;historic-6-plus-complementary;8;37;34;20;39;29;26;;;;;;;1976-05-to-2008-10;loto.csv
2007052-1;2007052;1;2007-06-30;SA;historic-6-plus-complementary;35;29;11;9;24;5;48;;;;;;;1976-05-to-2008-10;loto.csv
2007052-2;2007052;2;2007-06-30;SA;historic-6-plus-complementary;6;28;33;29;43;37;45;;;;;;;1976-05-to-2008-10;loto.csv
2007053-1;2007053;1;2007-07-04;ME;historic-6-plus-complementary;45;44;36;33;20;18;27;;;;;;;1976-05-to-2008-10;loto.csv
2007053-2;2007053;2;2007-07-04;ME;historic-6-plus-complementary;8;24;38;20;34;31;46;;;;;;;1976-05-to-2008-10;loto.csv
2007054-1;2007054;1;2007-07-07;SA;historic-6-plus-complementary;36;14;22;2;35;31;48;;;;;;;1976-05-to-2008-10;loto.csv
2007054-2;2007054;2;2007-07-07;SA;historic-6-plus-complementary;17;4;24;21;27;34;30;;;;;;;1976-05-to-2008-10;loto.csv
2007055-1;2007055;1;2007-07-11;ME;historic-6-plus-complementary;35;2;23;21;3;17;16;;;;;;;1976-05-to-2008-10;loto.csv
2007055-2;2007055;2;2007-07-11;ME;historic-6-plus-complementary;23;46;15;2;20;47;37;;;;;;;1976-05-to-2008-10;loto.csv
2007056-1;2007056;1;2007-07-14;SA;historic-6-plus-complementary;10;39;4;20;24;15;43;;;;;;;1976-05-to-2008-10;loto.csv
2007056-2;2007056;2;2007-07-14;SA;historic-6-plus-complementary;23;26;16;25;33;45;48;;;;;;;1976-05-to-2008-10;loto.csv
2007057-1;2007057;1;2007-07-18;ME;historic-6-plus-complementary;21;6;31;1;13;11;22;;;;;;;1976-05-to-2008-10;loto.csv
2007057-2;2007057;2;2007-07-18;ME;historic-6-plus-complementary;12;14;38;17;28;45;40;;;;;;;1976-05-to-2008-10;loto.csv
2007058-1;2007058;1;2007-07-21;SA;historic-6-plus-complementary;31;27;13;29;34;11;35;;;;;;;1976-05-to-2008-10;loto.csv
2007058-2;2007058;2;2007-07-21;SA;historic-6-plus-complementary;3;22;15;4;33;23;36;;;;;;;1976-05-to-2008-10;loto.csv
2007059-1;2007059;1;2007-07-25;ME;historic-6-plus-complementary;21;31;6;12;17;11;5;;;;;;;1976-05-to-2008-10;loto.csv
2007059-2;2007059;2;2007-07-25;ME;historic-6-plus-complementary;8;30;33;47;6;46;32;;;;;;;1976-05-to-2008-10;loto.csv
2007060-1;2007060;1;2007-07-28;SA;historic-6-plus-complementary;22;40;36;3;20;39;37;;;;;;;1976-05-to-2008-10;loto.csv
2007060-2;2007060;2;2007-07-28;SA;historic-6-plus-complementary;39;20;48;8;33;24;15;;;;;;;1976-05-to-2008-10;loto.csv
2007061-1;2007061;1;2007-08-01;ME;historic-6-plus-complementary;24;2;41;38;42;23;27;;;;;;;1976-05-to-2008-10;loto.csv
2007061-2;2007061;2;2007-08-01;ME;historic-6-plus-complementary;41;24;29;6;33;4;25;;;;;;;1976-05-to-2008-10;loto.csv
2007062-1;2007062;1;2007-08-04;SA;historic-6-plus-complementary;32;20;26;40;49;38;3;;;;;;;1976-05-to-2008-10;loto.csv
2007062-2;2007062;2;2007-08-04;SA;historic-6-plus-complementary;8;34;32;36;46;44;29;;;;;;;1976-05-to-2008-10;loto.csv
2007063-1;2007063;1;2007-08-08;ME;historic-6-plus-complementary;21;13;46;45;32;38;11;;;;;;;1976-05-to-2008-10;loto.csv
2007063-2;2007063;2;2007-08-08;ME;historic-6-plus-complementary;47;13;35;41;19;29;43;;;;;;;1976-05-to-2008-10;loto.csv
2007064-1;2007064;1;2007-08-11;SA;historic-6-plus-complementary;12;25;46;23;38;19;9;;;;;;;1976-05-to-2008-10;loto.csv
2007064-2;2007064;2;2007-08-11;SA;historic-6-plus-complementary;18;35;36;38;13;31;2;;;;;;;1976-05-to-2008-10;loto.csv
2007065-1;2007065;1;2007-08-15;ME;historic-6-plus-complementary;9;32;44;8;33;31;3;;;;;;;1976-05-to-2008-10;loto.csv
2007065-2;2007065;2;2007-08-15;ME;historic-6-plus-complementary;7;32;38;30;36;35;8;;;;;;;1976-05-to-2008-10;loto.csv
2007066-1;2007066;1;2007-08-18;SA;historic-6-plus-complementary;29;31;30;17;10;41;43;;;;;;;1976-05-to-2008-10;loto.csv
2007066-2;2007066;2;2007-08-18;SA;historic-6-plus-complementary;39;35;13;48;8;41;1;;;;;;;1976-05-to-2008-10;loto.csv
2007067-1;2007067;1;2007-08-22;ME;historic-6-plus-complementary;14;13;48;29;30;46;37;;;;;;;1976-05-to-2008-10;loto.csv
2007067-2;2007067;2;2007-08-22;ME;historic-6-plus-complementary;7;14;34;40;36;44;24;;;;;;;1976-05-to-2008-10;loto.csv
2007068-1;2007068;1;2007-08-25;SA;historic-6-plus-complementary;22;13;12;19;8;15;5;;;;;;;1976-05-to-2008-10;loto.csv
2007068-2;2007068;2;2007-08-25;SA;historic-6-plus-complementary;44;37;45;16;3;2;18;;;;;;;1976-05-to-2008-10;loto.csv
2007069-1;2007069;1;2007-08-29;ME;historic-6-plus-complementary;39;14;32;19;20;26;5;;;;;;;1976-05-to-2008-10;loto.csv
2007069-2;2007069;2;2007-08-29;ME;historic-6-plus-complementary;17;3;14;36;11;43;44;;;;;;;1976-05-to-2008-10;loto.csv
2007070-1;2007070;1;2007-09-01;SA;historic-6-plus-complementary;45;27;39;31;18;1;34;;;;;;;1976-05-to-2008-10;loto.csv
2007070-2;2007070;2;2007-09-01;SA;historic-6-plus-complementary;46;37;16;48;9;18;20;;;;;;;1976-05-to-2008-10;loto.csv
2007071-1;2007071;1;2007-09-05;ME;historic-6-plus-complementary;31;12;43;49;18;25;13;;;;;;;1976-05-to-2008-10;loto.csv
2007071-2;2007071;2;2007-09-05;ME;historic-6-plus-complementary;38;10;5;12;35;49;28;;;;;;;1976-05-to-2008-10;loto.csv
2007072-1;2007072;1;2007-09-08;SA;historic-6-plus-complementary;26;40;28;12;43;47;5;;;;;;;1976-05-to-2008-10;loto.csv
2007072-2;2007072;2;2007-09-08;SA;historic-6-plus-complementary;4;5;19;1;17;20;48;;;;;;;1976-05-to-2008-10;loto.csv
2007073-1;2007073;1;2007-09-12;ME;historic-6-plus-complementary;45;49;23;48;6;33;11;;;;;;;1976-05-to-2008-10;loto.csv
2007073-2;2007073;2;2007-09-12;ME;historic-6-plus-complementary;7;41;21;39;2;17;3;;;;;;;1976-05-to-2008-10;loto.csv
2007074-1;2007074;1;2007-09-15;SA;historic-6-plus-complementary;47;21;30;10;28;39;12;;;;;;;1976-05-to-2008-10;loto.csv
2007074-2;2007074;2;2007-09-15;SA;historic-6-plus-complementary;18;15;23;25;41;2;27;;;;;;;1976-05-to-2008-10;loto.csv
2007075-1;2007075;1;2007-09-19;ME;historic-6-plus-complementary;8;10;28;20;33;45;38;;;;;;;1976-05-to-2008-10;loto.csv
2007075-2;2007075;2;2007-09-19;ME;historic-6-plus-complementary;10;8;41;39;46;2;21;;;;;;;1976-05-to-2008-10;loto.csv
2007076-1;2007076;1;2007-09-22;SA;historic-6-plus-complementary;24;36;27;31;8;34;21;;;;;;;1976-05-to-2008-10;loto.csv
2007076-2;2007076;2;2007-09-22;SA;historic-6-plus-complementary;38;1;25;49;2;22;9;;;;;;;1976-05-to-2008-10;loto.csv
2007077-1;2007077;1;2007-09-26;ME;historic-6-plus-complementary;8;16;31;10;34;26;48;;;;;;;1976-05-to-2008-10;loto.csv
2007077-2;2007077;2;2007-09-26;ME;historic-6-plus-complementary;18;4;5;11;48;31;27;;;;;;;1976-05-to-2008-10;loto.csv
2007078-1;2007078;1;2007-09-29;SA;historic-6-plus-complementary;1;34;29;49;33;24;42;;;;;;;1976-05-to-2008-10;loto.csv
2007078-2;2007078;2;2007-09-29;SA;historic-6-plus-complementary;23;25;30;6;24;8;21;;;;;;;1976-05-to-2008-10;loto.csv
2007079-1;2007079;1;2007-10-03;ME;historic-6-plus-complementary;2;6;30;5;15;18;19;;;;;;;1976-05-to-2008-10;loto.csv
2007079-2;2007079;2;2007-10-03;ME;historic-6-plus-complementary;42;18;40;30;21;3;44;;;;;;;1976-05-to-2008-10;loto.csv
2007080-1;2007080;1;2007-10-06;SA;historic-6-plus-complementary;31;36;28;40;14;35;17;;;;;;;1976-05-to-2008-10;loto.csv
2007080-2;2007080;2;2007-10-06;SA;historic-6-plus-complementary;38;8;5;39;1;28;33;;;;;;;1976-05-to-2008-10;loto.csv
2007081-1;2007081;1;2007-10-10;ME;historic-6-plus-complementary;15;24;34;42;40;12;26;;;;;;;1976-05-to-2008-10;loto.csv
2007081-2;2007081;2;2007-10-10;ME;historic-6-plus-complementary;21;25;2;4;46;1;8;;;;;;;1976-05-to-2008-10;loto.csv
2007082-1;2007082;1;2007-10-13;SA;historic-6-plus-complementary;30;47;39;11;40;38;44;;;;;;;1976-05-to-2008-10;loto.csv
2007082-2;2007082;2;2007-10-13;SA;historic-6-plus-complementary;25;23;11;49;3;24;9;;;;;;;1976-05-to-2008-10;loto.csv
2007083-1;2007083;1;2007-10-17;ME;historic-6-plus-complementary;45;38;14;19;9;18;17;;;;;;;1976-05-to-2008-10;loto.csv
2007083-2;2007083;2;2007-10-17;ME;historic-6-plus-complementary;2;47;28;40;13;42;49;;;;;;;1976-05-to-2008-10;loto.csv
2007084-1;2007084;1;2007-10-20;SA;historic-6-plus-complementary;5;39;37;34;9;18;2;;;;;;;1976-05-to-2008-10;loto.csv
2007084-2;2007084;2;2007-10-20;SA;historic-6-plus-complementary;31;6;48;15;4;11;29;;;;;;;1976-05-to-2008-10;loto.csv
2007085-1;2007085;1;2007-10-24;ME;historic-6-plus-complementary;27;33;6;36;17;5;10;;;;;;;1976-05-to-2008-10;loto.csv
2007085-2;2007085;2;2007-10-24;ME;historic-6-plus-complementary;36;38;29;21;3;28;25;;;;;;;1976-05-to-2008-10;loto.csv
2007086-1;2007086;1;2007-10-27;SA;historic-6-plus-complementary;25;28;8;42;37;46;31;;;;;;;1976-05-to-2008-10;loto.csv
2007086-2;2007086;2;2007-10-27;SA;historic-6-plus-complementary;39;21;26;48;28;11;49;;;;;;;1976-05-to-2008-10;loto.csv
2007087-1;2007087;1;2007-10-31;ME;historic-6-plus-complementary;39;40;19;30;7;34;43;;;;;;;1976-05-to-2008-10;loto.csv
2007087-2;2007087;2;2007-10-31;ME;historic-6-plus-complementary;16;46;24;19;23;30;41;;;;;;;1976-05-to-2008-10;loto.csv
2007088-1;2007088;1;2007-11-03;SA;historic-6-plus-complementary;4;33;3;45;28;1;27;;;;;;;1976-05-to-2008-10;loto.csv
2007088-2;2007088;2;2007-11-03;SA;historic-6-plus-complementary;11;41;6;20;39;47;4;;;;;;;1976-05-to-2008-10;loto.csv
2007089-1;2007089;1;2007-11-07;ME;historic-6-plus-complementary;45;40;42;21;8;35;44;;;;;;;1976-05-to-2008-10;loto.csv
2007089-2;2007089;2;2007-11-07;ME;historic-6-plus-complementary;9;28;44;40;42;11;7;;;;;;;1976-05-to-2008-10;loto.csv
2007090-1;2007090;1;2007-11-10;SA;historic-6-plus-complementary;30;31;41;42;19;28;25;;;;;;;1976-05-to-2008-10;loto.csv
2007090-2;2007090;2;2007-11-10;SA;historic-6-plus-complementary;46;25;11;33;48;28;35;;;;;;;1976-05-to-2008-10;loto.csv
2007091-1;2007091;1;2007-11-14;ME;historic-6-plus-complementary;7;44;41;39;32;29;12;;;;;;;1976-05-to-2008-10;loto.csv
2007091-2;2007091;2;2007-11-14;ME;historic-6-plus-complementary;43;18;34;16;17;20;15;;;;;;;1976-05-to-2008-10;loto.csv
2007092-1;2007092;1;2007-11-17;SA;historic-6-plus-complementary;23;11;1;16;40;15;34;;;;;;;1976-05-to-2008-10;loto.csv
2007092-2;2007092;2;2007-11-17;SA;historic-6-plus-complementary;22;33;8;31;34;13;38;;;;;;;1976-05-to-2008-10;loto.csv
2007093-1;2007093;1;2007-11-21;ME;historic-6-plus-complementary;20;32;6;38;27;14;42;;;;;;;1976-05-to-2008-10;loto.csv
2007093-2;2007093;2;2007-11-21;ME;historic-6-plus-complementary;8;33;22;43;17;30;35;;;;;;;1976-05-to-2008-10;loto.csv
2007094-1;2007094;1;2007-11-24;SA;historic-6-plus-complementary;19;29;16;48;9;2;13;;;;;;;1976-05-to-2008-10;loto.csv
2007094-2;2007094;2;2007-11-24;SA;historic-6-plus-complementary;44;29;17;26;27;22;3;;;;;;;1976-05-to-2008-10;loto.csv
2007095-1;2007095;1;2007-11-28;ME;historic-6-plus-complementary;36;17;30;23;42;38;33;;;;;;;1976-05-to-2008-10;loto.csv
2007095-2;2007095;2;2007-11-28;ME;historic-6-plus-complementary;35;16;34;2;29;24;37;;;;;;;1976-05-to-2008-10;loto.csv
2007096-1;2007096;1;2007-12-01;SA;historic-6-plus-complementary;34;30;23;19;48;47;38;;;;;;;1976-05-to-2008-10;loto.csv
2007096-2;2007096;2;2007-12-01;SA;historic-6-plus-complementary;2;20;15;4;39;44;11;;;;;;;1976-05-to-2008-10;loto.csv
2007097-1;2007097;1;2007-12-05;ME;historic-6-plus-complementary;39;25;37;33;32;17;2;;;;;;;1976-05-to-2008-10;loto.csv
2007097-2;2007097;2;2007-12-05;ME;historic-6-plus-complementary;28;24;20;46;49;42;39;;;;;;;1976-05-to-2008-10;loto.csv
2007098-1;2007098;1;2007-12-08;SA;historic-6-plus-complementary;43;19;3;2;42;28;13;;;;;;;1976-05-to-2008-10;loto.csv
2007098-2;2007098;2;2007-12-08;SA;historic-6-plus-complementary;44;14;25;3;15;34;8;;;;;;;1976-05-to-2008-10;loto.csv
2007099-1;2007099;1;2007-12-12;ME;historic-6-plus-complementary;17;10;38;44;4;27;30;;;;;;;1976-05-to-2008-10;loto.csv
2007099-2;2007099;2;2007-12-12;ME;historic-6-plus-complementary;45;28;22;15;21;41;23;;;;;;;1976-05-to-2008-10;loto.csv
2007100-1;2007100;1;2007-12-15;SA;historic-6-plus-complementary;21;47;15;4;40;25;30;;;;;;;1976-05-to-2008-10;loto.csv
2007100-2;2007100;2;2007-12-15;SA;historic-6-plus-complementary;46;42;37;31;7;44;17;;;;;;;1976-05-to-2008-10;loto.csv
2007101-1;2007101;1;2007-12-19;ME;historic-6-plus-complementary;45;19;48;3;30;32;29;;;;;;;1976-05-to-2008-10;loto.csv
2007101-2;2007101;2;2007-12-19;ME;historic-6-plus-complementary;20;27;14;1;15;43;17;;;;;;;1976-05-to-2008-10;loto.csv
2007102-1;2007102;1;2007-12-22;SA;historic-6-plus-complementary;31;14;25;15;11;28;35;;;;;;;1976-05-to-2008-10;loto.csv
2007102-2;2007102;2;2007-12-22;SA;historic-6-plus-complementary;17;33;43;32;28;41;45;;;;;;;1976-05-to-2008-10;loto.csv
2007103-1;2007103;1;2007-12-26;ME;historic-6-plus-complementary;41;39;27;14;35;33;43;;;;;;;1976-05-to-2008-10;loto.csv
2007103-2;2007103;2;2007-12-26;ME;historic-6-plus-complementary;9;8;16;11;40;28;22;;;;;;;1976-05-to-2008-10;loto.csv
2007104-1;2007104;1;2007-12-29;SA;historic-6-plus-complementary;32;48;31;26;25;49;29;;;;;;;1976-05-to-2008-10;loto.csv
2007104-2;2007104;2;2007-12-29;SA;historic-6-plus-complementary;27;10;13;8;41;35;48;;;;;;;1976-05-to-2008-10;loto.csv
2008001-1;2008001;1;2008-01-02;ME;historic-6-plus-complementary;6;3;19;8;37;22;18;;;;;;;1976-05-to-2008-10;loto.csv
2008001-2;2008001;2;2008-01-02;ME;historic-6-plus-complementary;29;7;37;5;31;8;38;;;;;;;1976-05-to-2008-10;loto.csv
2008002-1;2008002;1;2008-01-05;SA;historic-6-plus-complementary;3;25;46;11;5;37;33;;;;;;;1976-05-to-2008-10;loto.csv
2008002-2;2008002;2;2008-01-05;SA;historic-6-plus-complementary;20;7;40;16;47;37;8;;;;;;;1976-05-to-2008-10;loto.csv
2008003-1;2008003;1;2008-01-09;ME;historic-6-plus-complementary;16;3;11;29;5;12;43;;;;;;;1976-05-to-2008-10;loto.csv
2008003-2;2008003;2;2008-01-09;ME;historic-6-plus-complementary;26;9;39;33;44;42;11;;;;;;;1976-05-to-2008-10;loto.csv
2008004-1;2008004;1;2008-01-12;SA;historic-6-plus-complementary;5;21;24;36;19;9;47;;;;;;;1976-05-to-2008-10;loto.csv
2008004-2;2008004;2;2008-01-12;SA;historic-6-plus-complementary;34;26;39;35;37;17;22;;;;;;;1976-05-to-2008-10;loto.csv
2008005-1;2008005;1;2008-01-16;ME;historic-6-plus-complementary;38;31;1;14;26;16;43;;;;;;;1976-05-to-2008-10;loto.csv
2008005-2;2008005;2;2008-01-16;ME;historic-6-plus-complementary;2;41;33;14;34;37;36;;;;;;;1976-05-to-2008-10;loto.csv
2008006-1;2008006;1;2008-01-19;SA;historic-6-plus-complementary;34;17;24;39;37;35;27;;;;;;;1976-05-to-2008-10;loto.csv
2008006-2;2008006;2;2008-01-19;SA;historic-6-plus-complementary;15;24;44;34;16;13;7;;;;;;;1976-05-to-2008-10;loto.csv
2008007-1;2008007;1;2008-01-23;ME;historic-6-plus-complementary;28;24;10;7;25;38;11;;;;;;;1976-05-to-2008-10;loto.csv
2008007-2;2008007;2;2008-01-23;ME;historic-6-plus-complementary;38;25;45;44;31;17;35;;;;;;;1976-05-to-2008-10;loto.csv
2008008-1;2008008;1;2008-01-26;SA;historic-6-plus-complementary;42;46;22;20;48;34;39;;;;;;;1976-05-to-2008-10;loto.csv
2008008-2;2008008;2;2008-01-26;SA;historic-6-plus-complementary;33;31;38;45;47;10;35;;;;;;;1976-05-to-2008-10;loto.csv
2008009-1;2008009;1;2008-01-30;ME;historic-6-plus-complementary;3;33;38;9;48;2;28;;;;;;;1976-05-to-2008-10;loto.csv
2008009-2;2008009;2;2008-01-30;ME;historic-6-plus-complementary;19;8;35;4;34;6;17;;;;;;;1976-05-to-2008-10;loto.csv
2008010-1;2008010;1;2008-02-02;SA;historic-6-plus-complementary;31;15;32;5;30;34;35;;;;;;;1976-05-to-2008-10;loto.csv
2008010-2;2008010;2;2008-02-02;SA;historic-6-plus-complementary;39;26;19;5;6;18;42;;;;;;;1976-05-to-2008-10;loto.csv
2008011-1;2008011;1;2008-02-06;ME;historic-6-plus-complementary;8;22;46;2;10;16;7;;;;;;;1976-05-to-2008-10;loto.csv
2008011-2;2008011;2;2008-02-06;ME;historic-6-plus-complementary;2;47;3;17;44;31;39;;;;;;;1976-05-to-2008-10;loto.csv
2008012-1;2008012;1;2008-02-09;SA;historic-6-plus-complementary;38;45;13;27;12;41;21;;;;;;;1976-05-to-2008-10;loto.csv
2008012-2;2008012;2;2008-02-09;SA;historic-6-plus-complementary;37;40;14;8;18;31;35;;;;;;;1976-05-to-2008-10;loto.csv
2008013-1;2008013;1;2008-02-13;ME;historic-6-plus-complementary;13;15;6;29;33;1;47;;;;;;;1976-05-to-2008-10;loto.csv
2008013-2;2008013;2;2008-02-13;ME;historic-6-plus-complementary;7;32;31;42;23;46;34;;;;;;;1976-05-to-2008-10;loto.csv
2008014-1;2008014;1;2008-02-16;SA;historic-6-plus-complementary;5;41;47;33;46;17;32;;;;;;;1976-05-to-2008-10;loto.csv
2008014-2;2008014;2;2008-02-16;SA;historic-6-plus-complementary;49;35;27;8;39;38;32;;;;;;;1976-05-to-2008-10;loto.csv
2008015-1;2008015;1;2008-02-20;ME;historic-6-plus-complementary;40;39;31;20;29;4;13;;;;;;;1976-05-to-2008-10;loto.csv
2008015-2;2008015;2;2008-02-20;ME;historic-6-plus-complementary;13;30;14;10;19;38;41;;;;;;;1976-05-to-2008-10;loto.csv
2008016-1;2008016;1;2008-02-23;SA;historic-6-plus-complementary;26;3;8;46;19;25;39;;;;;;;1976-05-to-2008-10;loto.csv
2008016-2;2008016;2;2008-02-23;SA;historic-6-plus-complementary;22;41;17;30;3;1;40;;;;;;;1976-05-to-2008-10;loto.csv
2008017-1;2008017;1;2008-02-27;ME;historic-6-plus-complementary;23;37;39;41;21;26;14;;;;;;;1976-05-to-2008-10;loto.csv
2008017-2;2008017;2;2008-02-27;ME;historic-6-plus-complementary;3;40;12;37;46;42;5;;;;;;;1976-05-to-2008-10;loto.csv
2008018-1;2008018;1;2008-03-01;SA;historic-6-plus-complementary;23;16;44;38;4;41;30;;;;;;;1976-05-to-2008-10;loto.csv
2008018-2;2008018;2;2008-03-01;SA;historic-6-plus-complementary;2;32;40;33;34;47;43;;;;;;;1976-05-to-2008-10;loto.csv
2008019-1;2008019;1;2008-03-05;ME;historic-6-plus-complementary;1;37;9;12;11;10;34;;;;;;;1976-05-to-2008-10;loto.csv
2008019-2;2008019;2;2008-03-05;ME;historic-6-plus-complementary;41;30;28;46;42;19;35;;;;;;;1976-05-to-2008-10;loto.csv
2008020-1;2008020;1;2008-03-08;SA;historic-6-plus-complementary;18;11;12;43;10;34;13;;;;;;;1976-05-to-2008-10;loto.csv
2008020-2;2008020;2;2008-03-08;SA;historic-6-plus-complementary;24;36;11;3;42;35;8;;;;;;;1976-05-to-2008-10;loto.csv
2008021-1;2008021;1;2008-03-12;ME;historic-6-plus-complementary;32;44;8;24;14;2;20;;;;;;;1976-05-to-2008-10;loto.csv
2008021-2;2008021;2;2008-03-12;ME;historic-6-plus-complementary;19;1;31;22;39;9;45;;;;;;;1976-05-to-2008-10;loto.csv
2008022-1;2008022;1;2008-03-15;SA;historic-6-plus-complementary;17;38;23;45;9;21;41;;;;;;;1976-05-to-2008-10;loto.csv
2008022-2;2008022;2;2008-03-15;SA;historic-6-plus-complementary;44;5;6;22;30;33;17;;;;;;;1976-05-to-2008-10;loto.csv
2008023-1;2008023;1;2008-03-19;ME;historic-6-plus-complementary;36;6;33;26;42;38;27;;;;;;;1976-05-to-2008-10;loto.csv
2008023-2;2008023;2;2008-03-19;ME;historic-6-plus-complementary;20;34;37;25;1;16;18;;;;;;;1976-05-to-2008-10;loto.csv
2008024-1;2008024;1;2008-03-22;SA;historic-6-plus-complementary;43;8;31;9;10;35;29;;;;;;;1976-05-to-2008-10;loto.csv
2008024-2;2008024;2;2008-03-22;SA;historic-6-plus-complementary;11;35;38;28;44;15;19;;;;;;;1976-05-to-2008-10;loto.csv
2008025-1;2008025;1;2008-03-26;ME;historic-6-plus-complementary;49;6;21;10;17;7;3;;;;;;;1976-05-to-2008-10;loto.csv
2008025-2;2008025;2;2008-03-26;ME;historic-6-plus-complementary;4;46;34;5;18;49;6;;;;;;;1976-05-to-2008-10;loto.csv
2008026-1;2008026;1;2008-03-29;SA;historic-6-plus-complementary;7;3;10;11;38;17;35;;;;;;;1976-05-to-2008-10;loto.csv
2008026-2;2008026;2;2008-03-29;SA;historic-6-plus-complementary;36;19;4;21;18;41;39;;;;;;;1976-05-to-2008-10;loto.csv
2008027-1;2008027;1;2008-04-02;ME;historic-6-plus-complementary;7;28;41;9;2;40;45;;;;;;;1976-05-to-2008-10;loto.csv
2008027-2;2008027;2;2008-04-02;ME;historic-6-plus-complementary;14;43;27;46;42;20;10;;;;;;;1976-05-to-2008-10;loto.csv
2008028-1;2008028;1;2008-04-05;SA;historic-6-plus-complementary;10;2;32;44;20;49;16;;;;;;;1976-05-to-2008-10;loto.csv
2008028-2;2008028;2;2008-04-05;SA;historic-6-plus-complementary;21;27;6;47;30;5;37;;;;;;;1976-05-to-2008-10;loto.csv
2008029-1;2008029;1;2008-04-09;ME;historic-6-plus-complementary;8;41;19;37;3;32;7;;;;;;;1976-05-to-2008-10;loto.csv
2008029-2;2008029;2;2008-04-09;ME;historic-6-plus-complementary;32;14;9;5;48;3;13;;;;;;;1976-05-to-2008-10;loto.csv
2008030-1;2008030;1;2008-04-12;SA;historic-6-plus-complementary;44;49;27;48;24;32;34;;;;;;;1976-05-to-2008-10;loto.csv
2008030-2;2008030;2;2008-04-12;SA;historic-6-plus-complementary;45;17;18;8;24;20;25;;;;;;;1976-05-to-2008-10;loto.csv
2008031-1;2008031;1;2008-04-16;ME;historic-6-plus-complementary;37;13;31;48;25;28;39;;;;;;;1976-05-to-2008-10;loto.csv
2008031-2;2008031;2;2008-04-16;ME;historic-6-plus-complementary;41;2;44;5;47;19;42;;;;;;;1976-05-to-2008-10;loto.csv
2008032-1;2008032;1;2008-04-19;SA;historic-6-plus-complementary;10;49;26;11;34;2;43;;;;;;;1976-05-to-2008-10;loto.csv
2008032-2;2008032;2;2008-04-19;SA;historic-6-plus-complementary;10;2;8;21;15;31;29;;;;;;;1976-05-to-2008-10;loto.csv
2008033-1;2008033;1;2008-04-23;ME;historic-6-plus-complementary;23;33;3;45;39;11;37;;;;;;;1976-05-to-2008-10;loto.csv
2008033-2;2008033;2;2008-04-23;ME;historic-6-plus-complementary;14;36;3;17;25;22;31;;;;;;;1976-05-to-2008-10;loto.csv
2008034-1;2008034;1;2008-04-26;SA;historic-6-plus-complementary;15;28;27;11;37;3;2;;;;;;;1976-05-to-2008-10;loto.csv
2008034-2;2008034;2;2008-04-26;SA;historic-6-plus-complementary;34;49;37;14;3;42;21;;;;;;;1976-05-to-2008-10;loto.csv
2008035-1;2008035;1;2008-04-30;ME;historic-6-plus-complementary;42;16;29;13;35;40;37;;;;;;;1976-05-to-2008-10;loto.csv
2008035-2;2008035;2;2008-04-30;ME;historic-6-plus-complementary;49;31;27;40;38;20;22;;;;;;;1976-05-to-2008-10;loto.csv
2008036-1;2008036;1;2008-05-03;SA;historic-6-plus-complementary;41;13;16;48;14;38;47;;;;;;;1976-05-to-2008-10;loto.csv
2008036-2;2008036;2;2008-05-03;SA;historic-6-plus-complementary;41;18;16;4;34;7;26;;;;;;;1976-05-to-2008-10;loto.csv
2008037-1;2008037;1;2008-05-07;ME;historic-6-plus-complementary;45;43;37;25;47;46;9;;;;;;;1976-05-to-2008-10;loto.csv
2008037-2;2008037;2;2008-05-07;ME;historic-6-plus-complementary;21;35;14;24;12;3;41;;;;;;;1976-05-to-2008-10;loto.csv
2008038-1;2008038;1;2008-05-10;SA;historic-6-plus-complementary;17;42;14;23;15;35;16;;;;;;;1976-05-to-2008-10;loto.csv
2008038-2;2008038;2;2008-05-10;SA;historic-6-plus-complementary;47;20;40;21;7;34;28;;;;;;;1976-05-to-2008-10;loto.csv
2008039-1;2008039;1;2008-05-14;ME;historic-6-plus-complementary;39;14;18;16;10;42;30;;;;;;;1976-05-to-2008-10;loto.csv
2008039-2;2008039;2;2008-05-14;ME;historic-6-plus-complementary;12;13;5;17;31;38;43;;;;;;;1976-05-to-2008-10;loto.csv
2008040-1;2008040;1;2008-05-17;SA;historic-6-plus-complementary;10;37;25;4;36;5;12;;;;;;;1976-05-to-2008-10;loto.csv
2008040-2;2008040;2;2008-05-17;SA;historic-6-plus-complementary;20;35;28;13;1;45;38;;;;;;;1976-05-to-2008-10;loto.csv
2008041-1;2008041;1;2008-05-21;ME;historic-6-plus-complementary;5;34;17;35;13;24;1;;;;;;;1976-05-to-2008-10;loto.csv
2008041-2;2008041;2;2008-05-21;ME;historic-6-plus-complementary;14;17;33;1;7;37;4;;;;;;;1976-05-to-2008-10;loto.csv
2008042-1;2008042;1;2008-05-24;SA;historic-6-plus-complementary;32;8;39;7;1;40;35;;;;;;;1976-05-to-2008-10;loto.csv
2008042-2;2008042;2;2008-05-24;SA;historic-6-plus-complementary;33;48;32;5;16;18;6;;;;;;;1976-05-to-2008-10;loto.csv
2008043-1;2008043;1;2008-05-28;ME;historic-6-plus-complementary;14;18;29;30;32;27;40;;;;;;;1976-05-to-2008-10;loto.csv
2008043-2;2008043;2;2008-05-28;ME;historic-6-plus-complementary;24;12;17;46;14;30;21;;;;;;;1976-05-to-2008-10;loto.csv
2008044-1;2008044;1;2008-05-31;SA;historic-6-plus-complementary;23;2;46;42;32;38;29;;;;;;;1976-05-to-2008-10;loto.csv
2008044-2;2008044;2;2008-05-31;SA;historic-6-plus-complementary;43;19;48;1;3;7;36;;;;;;;1976-05-to-2008-10;loto.csv
2008045-1;2008045;1;2008-06-04;ME;historic-6-plus-complementary;39;27;30;19;13;49;45;;;;;;;1976-05-to-2008-10;loto.csv
2008045-2;2008045;2;2008-06-04;ME;historic-6-plus-complementary;46;15;11;40;8;3;35;;;;;;;1976-05-to-2008-10;loto.csv
2008046-1;2008046;1;2008-06-07;SA;historic-6-plus-complementary;20;15;40;13;2;23;46;;;;;;;1976-05-to-2008-10;loto.csv
2008046-2;2008046;2;2008-06-07;SA;historic-6-plus-complementary;30;3;1;33;9;2;25;;;;;;;1976-05-to-2008-10;loto.csv
2008047-1;2008047;1;2008-06-11;ME;historic-6-plus-complementary;6;7;35;46;45;9;1;;;;;;;1976-05-to-2008-10;loto.csv
2008047-2;2008047;2;2008-06-11;ME;historic-6-plus-complementary;22;47;45;26;35;25;31;;;;;;;1976-05-to-2008-10;loto.csv
2008048-1;2008048;1;2008-06-14;SA;historic-6-plus-complementary;24;39;1;16;35;15;30;;;;;;;1976-05-to-2008-10;loto.csv
2008048-2;2008048;2;2008-06-14;SA;historic-6-plus-complementary;1;27;11;24;20;37;45;;;;;;;1976-05-to-2008-10;loto.csv
2008049-1;2008049;1;2008-06-18;ME;historic-6-plus-complementary;49;29;21;11;48;7;1;;;;;;;1976-05-to-2008-10;loto.csv
2008049-2;2008049;2;2008-06-18;ME;historic-6-plus-complementary;46;1;39;11;32;21;33;;;;;;;1976-05-to-2008-10;loto.csv
2008050-1;2008050;1;2008-06-21;SA;historic-6-plus-complementary;29;14;41;17;28;12;25;;;;;;;1976-05-to-2008-10;loto.csv
2008050-2;2008050;2;2008-06-21;SA;historic-6-plus-complementary;30;19;2;10;22;37;44;;;;;;;1976-05-to-2008-10;loto.csv
2008051-1;2008051;1;2008-06-25;ME;historic-6-plus-complementary;12;36;2;1;30;31;25;;;;;;;1976-05-to-2008-10;loto.csv
2008051-2;2008051;2;2008-06-25;ME;historic-6-plus-complementary;5;27;44;3;35;9;16;;;;;;;1976-05-to-2008-10;loto.csv
2008052-1;2008052;1;2008-06-28;SA;historic-6-plus-complementary;30;18;17;7;22;47;4;;;;;;;1976-05-to-2008-10;loto.csv
2008052-2;2008052;2;2008-06-28;SA;historic-6-plus-complementary;44;7;16;29;26;28;25;;;;;;;1976-05-to-2008-10;loto.csv
2008053-1;2008053;1;2008-07-02;ME;historic-6-plus-complementary;43;33;38;14;27;39;34;;;;;;;1976-05-to-2008-10;loto.csv
2008053-2;2008053;2;2008-07-02;ME;historic-6-plus-complementary;34;26;3;17;4;14;43;;;;;;;1976-05-to-2008-10;loto.csv
2008054-1;2008054;1;2008-07-05;SA;historic-6-plus-complementary;18;26;17;23;12;1;45;;;;;;;1976-05-to-2008-10;loto.csv
2008054-2;2008054;2;2008-07-05;SA;historic-6-plus-complementary;35;36;44;39;13;25;43;;;;;;;1976-05-to-2008-10;loto.csv
2008055-1;2008055;1;2008-07-09;ME;historic-6-plus-complementary;46;25;36;4;16;28;40;;;;;;;1976-05-to-2008-10;loto.csv
2008055-2;2008055;2;2008-07-09;ME;historic-6-plus-complementary;45;34;39;21;13;30;28;;;;;;;1976-05-to-2008-10;loto.csv
2008056-1;2008056;1;2008-07-12;SA;historic-6-plus-complementary;26;27;4;18;20;42;25;;;;;;;1976-05-to-2008-10;loto.csv
2008056-2;2008056;2;2008-07-12;SA;historic-6-plus-complementary;6;9;7;43;8;49;30;;;;;;;1976-05-to-2008-10;loto.csv
2008057-1;2008057;1;2008-07-16;ME;historic-6-plus-complementary;47;17;10;1;16;35;40;;;;;;;1976-05-to-2008-10;loto.csv
2008057-2;2008057;2;2008-07-16;ME;historic-6-plus-complementary;23;29;34;47;21;41;24;;;;;;;1976-05-to-2008-10;loto.csv
2008058-1;2008058;1;2008-07-19;SA;historic-6-plus-complementary;41;1;11;46;19;48;12;;;;;;;1976-05-to-2008-10;loto.csv
2008058-2;2008058;2;2008-07-19;SA;historic-6-plus-complementary;3;47;10;25;40;26;30;;;;;;;1976-05-to-2008-10;loto.csv
2008059-1;2008059;1;2008-07-23;ME;historic-6-plus-complementary;16;48;6;22;5;1;45;;;;;;;1976-05-to-2008-10;loto.csv
2008059-2;2008059;2;2008-07-23;ME;historic-6-plus-complementary;29;4;35;23;17;24;8;;;;;;;1976-05-to-2008-10;loto.csv
2008060-1;2008060;1;2008-07-26;SA;historic-6-plus-complementary;41;13;27;18;42;6;3;;;;;;;1976-05-to-2008-10;loto.csv
2008060-2;2008060;2;2008-07-26;SA;historic-6-plus-complementary;45;20;48;44;31;49;2;;;;;;;1976-05-to-2008-10;loto.csv
2008061-1;2008061;1;2008-07-30;ME;historic-6-plus-complementary;32;33;7;35;36;30;5;;;;;;;1976-05-to-2008-10;loto.csv
2008061-2;2008061;2;2008-07-30;ME;historic-6-plus-complementary;44;7;48;32;40;18;25;;;;;;;1976-05-to-2008-10;loto.csv
2008062-1;2008062;1;2008-08-02;SA;historic-6-plus-complementary;34;32;15;16;17;29;24;;;;;;;1976-05-to-2008-10;loto.csv
2008062-2;2008062;2;2008-08-02;SA;historic-6-plus-complementary;11;9;27;18;46;26;1;;;;;;;1976-05-to-2008-10;loto.csv
2008063-1;2008063;1;2008-08-06;ME;historic-6-plus-complementary;13;26;35;30;47;43;36;;;;;;;1976-05-to-2008-10;loto.csv
2008063-2;2008063;2;2008-08-06;ME;historic-6-plus-complementary;16;40;46;39;43;37;1;;;;;;;1976-05-to-2008-10;loto.csv
2008064-1;2008064;1;2008-08-09;SA;historic-6-plus-complementary;24;48;47;6;2;39;14;;;;;;;1976-05-to-2008-10;loto.csv
2008064-2;2008064;2;2008-08-09;SA;historic-6-plus-complementary;19;29;25;24;6;38;7;;;;;;;1976-05-to-2008-10;loto.csv
2008065-1;2008065;1;2008-08-13;ME;historic-6-plus-complementary;23;49;29;11;38;37;36;;;;;;;1976-05-to-2008-10;loto.csv
2008065-2;2008065;2;2008-08-13;ME;historic-6-plus-complementary;41;43;25;23;4;18;32;;;;;;;1976-05-to-2008-10;loto.csv
2008066-1;2008066;1;2008-08-16;SA;historic-6-plus-complementary;42;21;41;29;24;31;30;;;;;;;1976-05-to-2008-10;loto.csv
2008066-2;2008066;2;2008-08-16;SA;historic-6-plus-complementary;5;25;34;12;20;14;45;;;;;;;1976-05-to-2008-10;loto.csv
2008067-1;2008067;1;2008-08-20;ME;historic-6-plus-complementary;5;44;10;41;11;14;31;;;;;;;1976-05-to-2008-10;loto.csv
2008067-2;2008067;2;2008-08-20;ME;historic-6-plus-complementary;15;17;26;32;12;18;35;;;;;;;1976-05-to-2008-10;loto.csv
2008068-1;2008068;1;2008-08-23;SA;historic-6-plus-complementary;37;39;3;7;26;27;20;;;;;;;1976-05-to-2008-10;loto.csv
2008068-2;2008068;2;2008-08-23;SA;historic-6-plus-complementary;12;40;43;8;31;48;41;;;;;;;1976-05-to-2008-10;loto.csv
2008069-1;2008069;1;2008-08-27;ME;historic-6-plus-complementary;39;25;8;7;43;40;13;;;;;;;1976-05-to-2008-10;loto.csv
2008069-2;2008069;2;2008-08-27;ME;historic-6-plus-complementary;49;34;21;19;32;4;44;;;;;;;1976-05-to-2008-10;loto.csv
2008070-1;2008070;1;2008-08-30;SA;historic-6-plus-complementary;47;21;5;20;37;41;42;;;;;;;1976-05-to-2008-10;loto.csv
2008070-2;2008070;2;2008-08-30;SA;historic-6-plus-complementary;6;32;23;19;47;1;40;;;;;;;1976-05-to-2008-10;loto.csv
2008071-1;2008071;1;2008-09-03;ME;historic-6-plus-complementary;28;15;26;42;14;43;45;;;;;;;1976-05-to-2008-10;loto.csv
2008071-2;2008071;2;2008-09-03;ME;historic-6-plus-complementary;29;12;27;4;2;11;25;;;;;;;1976-05-to-2008-10;loto.csv
2008072-1;2008072;1;2008-09-06;SA;historic-6-plus-complementary;22;40;12;46;29;10;35;;;;;;;1976-05-to-2008-10;loto.csv
2008072-2;2008072;2;2008-09-06;SA;historic-6-plus-complementary;20;34;49;21;46;43;30;;;;;;;1976-05-to-2008-10;loto.csv
2008073-1;2008073;1;2008-09-10;ME;historic-6-plus-complementary;38;36;19;5;39;7;48;;;;;;;1976-05-to-2008-10;loto.csv
2008073-2;2008073;2;2008-09-10;ME;historic-6-plus-complementary;7;24;6;12;2;14;15;;;;;;;1976-05-to-2008-10;loto.csv
2008074-1;2008074;1;2008-09-13;SA;historic-6-plus-complementary;28;40;8;9;17;47;7;;;;;;;1976-05-to-2008-10;loto.csv
2008074-2;2008074;2;2008-09-13;SA;historic-6-plus-complementary;11;36;34;14;35;42;17;;;;;;;1976-05-to-2008-10;loto.csv
2008075-1;2008075;1;2008-09-17;ME;historic-6-plus-complementary;26;43;49;40;48;38;47;;;;;;;1976-05-to-2008-10;loto.csv
2008075-2;2008075;2;2008-09-17;ME;historic-6-plus-complementary;31;49;9;30;29;26;27;;;;;;;1976-05-to-2008-10;loto.csv
2008076-1;2008076;1;2008-09-20;SA;historic-6-plus-complementary;31;26;47;10;12;48;39;;;;;;;1976-05-to-2008-10;loto.csv
2008076-2;2008076;2;2008-09-20;SA;historic-6-plus-complementary;24;40;13;9;47;25;14;;;;;;;1976-05-to-2008-10;loto.csv
2008077-1;2008077;1;2008-09-24;ME;historic-6-plus-complementary;9;19;32;21;20;17;40;;;;;;;1976-05-to-2008-10;loto.csv
2008077-2;2008077;2;2008-09-24;ME;historic-6-plus-complementary;2;33;34;28;8;23;47;;;;;;;1976-05-to-2008-10;loto.csv
2008078-1;2008078;1;2008-09-27;SA;historic-6-plus-complementary;28;7;24;35;32;23;33;;;;;;;1976-05-to-2008-10;loto.csv
2008078-2;2008078;2;2008-09-27;SA;historic-6-plus-complementary;24;47;39;42;45;35;46;;;;;;;1976-05-to-2008-10;loto.csv
2008079-1;2008079;1;2008-10-01;ME;historic-6-plus-complementary;29;28;3;1;6;37;11;;;;;;;1976-05-to-2008-10;loto.csv
2008079-2;2008079;2;2008-10-01;ME;historic-6-plus-complementary;41;16;14;18;10;21;24;;;;;;;1976-05-to-2008-10;loto.csv
2008080-1;2008080;1;2008-10-04;SA;historic-6-plus-complementary;36;9;16;27;25;12;48;;;;;;;1976-05-to-2008-10;loto.csv
2008080-2;2008080;2;2008-10-04;SA;historic-6-plus-complementary;33;32;42;16;15;49;37;;;;;;;1976-05-to-2008-10;loto.csv
2008081;2008081;;2008-10-06;LUNDI;modern-5-plus-chance;19;33;41;24;27;;;9;;;;;;2008-10-to-2017-03;nouveau_loto.csv
2008082;2008082;;2008-10-08;MERCREDI;modern-5-plus-chance;24;48;32;41;22;;;1;;;;;;2008-10-to-2017-03;nouveau_loto.csv
2008083;2008083;;2008-10-11;SAMEDI;modern-5-plus-chance;46;22;10;39;20;;;4;;;;;;2008-10-to-2017-03;nouveau_loto.csv
2008084;2008084;;2008-10-13;LUNDI;modern-5-plus-chance;11;10;41;37;48;;;4;;;;;;2008-10-to-2017-03;nouveau_loto.csv
2008085;2008085;;2008-10-15;MERCREDI;modern-5-plus-chance;49;28;18;20;40;;;1;;;;;;2008-10-to-2017-03;nouveau_loto.csv
2008086;2008086;;2008-10-18;SAMEDI;modern-5-plus-chance;44;35;4;32;39;;;10;;;;;;2008-10-to-2017-03;nouveau_loto.csv
2008087;2008087;;2008-10-20;LUNDI;modern-5-plus-chance;43;7;48;31;15;;;3;;;;;;2008-10-to-2017-03;nouveau_loto.csv
2008088;2008088;;2008-10-22;MERCREDI;modern-5-plus-chance;11;28;12;48;14;;;2;;;;;;2008-10-to-2017-03;nouveau_loto.csv
2008089;2008089;;2008-10-25;SAMEDI;modern-5-plus-chance;13;11;22;46;19;;;3;;;;;;2008-10-to-2017-03;nouveau_loto.csv
2008090;2008090;;2008-10-27;LUNDI;modern-5-plus-chance;46;37;44;4;6;;;2;;;;;;2008-10-to-2017-03;nouveau_loto.csv
2008091;2008091;;2008-10-29;MERCREDI;modern-5-plus-chance;43;28;22;41;49;;;4;;;;;;2008-10-to-2017-03;nouveau_loto.csv
2008092;2008092;;2008-11-01;SAMEDI;modern-5-plus-chance;22;4;27;36;45;;;3;;;;;;2008-10-to-2017-03;nouveau_loto.csv
2008093;2008093;;2008-11-03;LUNDI;modern-5-plus-chance;26;2;23;20;24;;;8;;;;;;2008-10-to-2017-03;nouveau_loto.csv
2008094;2008094;;2008-11-05;MERCREDI;modern-5-plus-chance;47;4;38;15;8;;;7;;;;;;2008-10-to-2017-03;nouveau_loto.csv
2008095;2008095;;2008-11-08;SAMEDI;modern-5-plus-chance;25;35;33;5;22;;;9;;;;;;2008-10-to-2017-03;nouveau_loto.csv
2008096;2008096;;2008-11-10;LUNDI;modern-5-plus-chance;12;9;21;45;38;;;6;;;;;;2008-10-to-2017-03;nouveau_loto.csv
2008097;2008097;;2008-11-12;MERCREDI;modern-5-plus-chance;45;35;34;40;23;;;5;;;;;;2008-10-to-2017-03;nouveau_loto.csv
2008098;2008098;;2008-11-15;SAMEDI;modern-5-plus-chance;41;10;48;43;22;;;3;;;;;;2008-10-to-2017-03;nouveau_loto.csv
2008099;2008099;;2008-11-17;LUNDI;modern-5-plus-chance;1;6;19;23;41;;;6;;;;;;2008-10-to-2017-03;nouveau_loto.csv
2008100;2008100;;2008-11-19;MERCREDI;modern-5-plus-chance;34;26;37;41;2;;;4;;;;;;2008-10-to-2017-03;nouveau_loto.csv
2008101;2008101;;2008-11-22;SAMEDI;modern-5-plus-chance;45;12;30;36;20;;;6;;;;;;2008-10-to-2017-03;nouveau_loto.csv
2008102;2008102;;2008-11-24;LUNDI;modern-5-plus-chance;43;36;31;30;17;;;8;;;;;;2008-10-to-2017-03;nouveau_loto.csv
2008103;2008103;;2008-11-26;MERCREDI;modern-5-plus-chance;49;11;13;25;28;;;5;;;;;;2008-10-to-2017-03;nouveau_loto.csv
2008104;2008104;;2008-11-29;SAMEDI;modern-5-plus-chance;18;36;20;32;22;;;7;;;;;;2008-10-to-2017-03;nouveau_loto.csv
2008105;2008105;;2008-12-01;LUNDI;modern-5-plus-chance;32;15;19;37;38;;;1;;;;;;2008-10-to-2017-03;nouveau_loto.csv
2008106;2008106;;2008-12-03;MERCREDI;modern-5-plus-chance;26;29;34;42;31;;;10;;;;;;2008-10-to-2017-03;nouveau_loto.csv
2008107;2008107;;2008-12-06;SAMEDI;modern-5-plus-chance;48;2;5;13;24;;;4;;;;;;2008-10-to-2017-03;nouveau_loto.csv
2008108;2008108;;2008-12-08;LUNDI;modern-5-plus-chance;29;15;1;31;11;;;8;;;;;;2008-10-to-2017-03;nouveau_loto.csv
2008109;2008109;;2008-12-10;MERCREDI;modern-5-plus-chance;41;38;10;35;11;;;3;;;;;;2008-10-to-2017-03;nouveau_loto.csv
2008110;2008110;;2008-12-13;SAMEDI;modern-5-plus-chance;24;38;8;42;31;;;7;;;;;;2008-10-to-2017-03;nouveau_loto.csv
2008111;2008111;;2008-12-15;LUNDI;modern-5-plus-chance;48;5;15;2;27;;;8;;;;;;2008-10-to-2017-03;nouveau_loto.csv
2008112;2008112;;2008-12-17;MERCREDI;modern-5-plus-chance;49;44;31;13;33;;;9;;;;;;2008-10-to-2017-03;nouveau_loto.csv
2008113;2008113;;2008-12-20;SAMEDI;modern-5-plus-chance;41;46;2;22;26;;;5;;;;;;2008-10-to-2017-03;nouveau_loto.csv
2008114;2008114;;2008-12-22;LUNDI;modern-5-plus-chance;5;27;2;35;48;;;3;;;;;;2008-10-to-2017-03;nouveau_loto.csv
2008115;2008115;;2008-12-24;MERCREDI;modern-5-plus-chance;33;27;2;41;4;;;5;;;;;;2008-10-to-2017-03;nouveau_loto.csv
2008116;2008116;;2008-12-27;SAMEDI;modern-5-plus-chance;36;47;17;49;37;;;10;;;;;;2008-10-to-2017-03;nouveau_loto.csv
2008117;2008117;;2008-12-29;LUNDI;modern-5-plus-chance;26;38;14;21;27;;;4;;;;;;2008-10-to-2017-03;nouveau_loto.csv
2008118;2008118;;2008-12-31;MERCREDI;modern-5-plus-chance;11;5;20;30;24;;;8;;;;;;2008-10-to-2017-03;nouveau_loto.csv
2009119;2009119;;2009-01-03;SAMEDI;modern-5-plus-chance;47;22;24;12;38;;;1;;;;;;2008-10-to-2017-03;nouveau_loto.csv
2009120;2009120;;2009-01-05;LUNDI;modern-5-plus-chance;8;29;36;25;11;;;2;;;;;;2008-10-to-2017-03;nouveau_loto.csv
2009121;2009121;;2009-01-07;MERCREDI;modern-5-plus-chance;37;39;9;33;11;;;8;;;;;;2008-10-to-2017-03;nouveau_loto.csv
2009122;2009122;;2009-01-10;SAMEDI;modern-5-plus-chance;49;40;21;10;44;;;2;;;;;;2008-10-to-2017-03;nouveau_loto.csv
2009123;2009123;;2009-01-12;LUNDI;modern-5-plus-chance;47;11;29;4;9;;;8;;;;;;2008-10-to-2017-03;nouveau_loto.csv
2009124;2009124;;2009-01-14;MERCREDI;modern-5-plus-chance;5;42;1;19;13;;;3;;;;;;2008-10-to-2017-03;nouveau_loto.csv
2009125;2009125;;2009-01-17;SAMEDI;modern-5-plus-chance;2;46;27;37;5;;;4;;;;;;2008-10-to-2017-03;nouveau_loto.csv
2009126;2009126;;2009-01-19;LUNDI;modern-5-plus-chance;39;38;7;32;26;;;9;;;;;;2008-10-to-2017-03;nouveau_loto.csv
2009127;2009127;;2009-01-21;MERCREDI;modern-5-plus-chance;32;47;10;35;3;;;3;;;;;;2008-10-to-2017-03;nouveau_loto.csv
2009128;2009128;;2009-01-24;SAMEDI;modern-5-plus-chance;5;40;15;20;28;;;10;;;;;;2008-10-to-2017-03;nouveau_loto.csv
2009129;2009129;;2009-01-26;LUNDI;modern-5-plus-chance;39;8;13;49;10;;;10;;;;;;2008-10-to-2017-03;nouveau_loto.csv
2009130;2009130;;2009-01-28;MERCREDI;modern-5-plus-chance;40;7;41;38;46;;;5;;;;;;2008-10-to-2017-03;nouveau_loto.csv
2009131;2009131;;2009-01-31;SAMEDI;modern-5-plus-chance;6;31;40;18;36;;;7;;;;;;2008-10-to-2017-03;nouveau_loto.csv
2009132;2009132;;2009-02-02;LUNDI;modern-5-plus-chance;4;38;12;31;41;;;8;;;;;;2008-10-to-2017-03;nouveau_loto.csv
2009133;2009133;;2009-02-04;MERCREDI;modern-5-plus-chance;20;43;47;27;10;;;3;;;;;;2008-10-to-2017-03;nouveau_loto.csv
2009134;2009134;;2009-02-07;SAMEDI;modern-5-plus-chance;4;16;34;22;49;;;10;;;;;;2008-10-to-2017-03;nouveau_loto.csv
2009135;2009135;;2009-02-09;LUNDI;modern-5-plus-chance;17;13;31;3;46;;;5;;;;;;2008-10-to-2017-03;nouveau_loto.csv
2009136;2009136;;2009-02-11;MERCREDI;modern-5-plus-chance;35;46;10;1;14;;;8;;;;;;2008-10-to-2017-03;nouveau_loto.csv
2009137;2009137;;2009-02-14;SAMEDI;modern-5-plus-chance;12;24;18;44;16;;;4;;;;;;2008-10-to-2017-03;nouveau_loto.csv
2009138;2009138;;2009-02-16;LUNDI;modern-5-plus-chance;46;23;29;21;16;;;4;;;;;;2008-10-to-2017-03;nouveau_loto.csv
2009139;2009139;;2009-02-18;MERCREDI;modern-5-plus-chance;28;40;10;23;43;;;9;;;;;;2008-10-to-2017-03;nouveau_loto.csv
2009140;2009140;;2009-02-21;SAMEDI;modern-5-plus-chance;47;21;48;39;40;;;5;;;;;;2008-10-to-2017-03;nouveau_loto.csv
2009141;2009141;;2009-02-23;LUNDI;modern-5-plus-chance;3;14;34;31;22;;;7;;;;;;2008-10-to-2017-03;nouveau_loto.csv
2009142;2009142;;2009-02-25;MERCREDI;modern-5-plus-chance;15;4;21;30;36;;;4;;;;;;2008-10-to-2017-03;nouveau_loto.csv
2009143;2009143;;2009-02-28;SAMEDI;modern-5-plus-chance;45;14;41;25;16;;;10;;;;;;2008-10-to-2017-03;nouveau_loto.csv
2009144;2009144;;2009-03-02;LUNDI;modern-5-plus-chance;41;29;14;48;8;;;10;;;;;;2008-10-to-2017-03;nouveau_loto.csv
2009145;2009145;;2009-03-04;MERCREDI;modern-5-plus-chance;7;9;29;25;10;;;6;;;;;;2008-10-to-2017-03;nouveau_loto.csv
2009146;2009146;;2009-03-07;SAMEDI;modern-5-plus-chance;36;15;24;2;22;;;8;;;;;;2008-10-to-2017-03;nouveau_loto.csv
2009147;2009147;;2009-03-09;LUNDI;modern-5-plus-chance;27;32;5;40;3;;;9;;;;;;2008-10-to-2017-03;nouveau_loto.csv
2009148;2009148;;2009-03-11;MERCREDI;modern-5-plus-chance;4;7;11;22;8;;;5;;;;;;2008-10-to-2017-03;nouveau_loto.csv
2009149;2009149;;2009-03-14;SAMEDI;modern-5-plus-chance;27;18;20;11;38;;;6;;;;;;2008-10-to-2017-03;nouveau_loto.csv
2009150;2009150;;2009-03-16;LUNDI;modern-5-plus-chance;27;45;35;36;44;;;2;;;;;;2008-10-to-2017-03;nouveau_loto.csv
2009151;2009151;;2009-03-18;MERCREDI;modern-5-plus-chance;42;3;39;20;34;;;2;;;;;;2008-10-to-2017-03;nouveau_loto.csv
2009152;2009152;;2009-03-21;SAMEDI;modern-5-plus-chance;45;32;15;2;39;;;10;;;;;;2008-10-to-2017-03;nouveau_loto.csv
2009153;2009153;;2009-03-23;LUNDI;modern-5-plus-chance;1;25;10;2;33;;;4;;;;;;2008-10-to-2017-03;nouveau_loto.csv
2009154;2009154;;2009-03-25;MERCREDI;modern-5-plus-chance;10;34;15;33;5;;;7;;;;;;2008-10-to-2017-03;nouveau_loto.csv
2009155;2009155;;2009-03-28;SAMEDI;modern-5-plus-chance;19;26;23;22;27;;;2;;;;;;2008-10-to-2017-03;nouveau_loto.csv
2009156;2009156;;2009-03-30;LUNDI;modern-5-plus-chance;32;47;45;29;24;;;10;;;;;;2008-10-to-2017-03;nouveau_loto.csv
2009157;2009157;;2009-04-01;MERCREDI;modern-5-plus-chance;37;27;30;22;45;;;3;;;;;;2008-10-to-2017-03;nouveau_loto.csv
2009158;2009158;;2009-04-04;SAMEDI;modern-5-plus-chance;37;41;27;8;45;;;6;;;;;;2008-10-to-2017-03;nouveau_loto.csv
2009159;2009159;;2009-04-06;LUNDI;modern-5-plus-chance;43;33;48;31;28;;;7;;;;;;2008-10-to-2017-03;nouveau_loto.csv
2009160;2009160;;2009-04-08;MERCREDI;modern-5-plus-chance;46;33;10;34;7;;;6;;;;;;2008-10-to-2017-03;nouveau_loto.csv
2009161;2009161;;2009-04-11;SAMEDI;modern-5-plus-chance;21;5;2;23;19;;;7;;;;;;2008-10-to-2017-03;nouveau_loto.csv
2009162;2009162;;2009-04-13;LUNDI;modern-5-plus-chance;20;24;30;11;9;;;1;;;;;;2008-10-to-2017-03;nouveau_loto.csv
2009163;2009163;;2009-04-15;MERCREDI;modern-5-plus-chance;23;43;37;12;39;;;8;;;;;;2008-10-to-2017-03;nouveau_loto.csv
2009164;2009164;;2009-04-18;SAMEDI;modern-5-plus-chance;31;20;45;12;32;;;8;;;;;;2008-10-to-2017-03;nouveau_loto.csv
2009165;2009165;;2009-04-20;LUNDI;modern-5-plus-chance;11;34;38;43;12;;;3;;;;;;2008-10-to-2017-03;nouveau_loto.csv
2009166;2009166;;2009-04-22;MERCREDI;modern-5-plus-chance;2;31;49;33;43;;;9;;;;;;2008-10-to-2017-03;nouveau_loto.csv
2009167;2009167;;2009-04-25;SAMEDI;modern-5-plus-chance;34;23;49;9;20;;;8;;;;;;2008-10-to-2017-03;nouveau_loto.csv
2009168;2009168;;2009-04-27;LUNDI;modern-5-plus-chance;9;37;21;34;4;;;2;;;;;;2008-10-to-2017-03;nouveau_loto.csv
2009169;2009169;;2009-04-29;MERCREDI;modern-5-plus-chance;4;30;29;26;15;;;3;;;;;;2008-10-to-2017-03;nouveau_loto.csv
2009170;2009170;;2009-05-02;SAMEDI;modern-5-plus-chance;7;15;11;5;23;;;1;;;;;;2008-10-to-2017-03;nouveau_loto.csv
2009171;2009171;;2009-05-04;LUNDI;modern-5-plus-chance;33;1;23;12;46;;;1;;;;;;2008-10-to-2017-03;nouveau_loto.csv
2009172;2009172;;2009-05-06;MERCREDI;modern-5-plus-chance;48;36;13;20;44;;;1;;;;;;2008-10-to-2017-03;nouveau_loto.csv
2009173;2009173;;2009-05-09;SAMEDI;modern-5-plus-chance;45;28;22;30;20;;;3;;;;;;2008-10-to-2017-03;nouveau_loto.csv
2009174;2009174;;2009-05-11;LUNDI;modern-5-plus-chance;15;27;48;9;34;;;6;;;;;;2008-10-to-2017-03;nouveau_loto.csv
2009175;2009175;;2009-05-13;MERCREDI;modern-5-plus-chance;38;36;49;39;12;;;10;;;;;;2008-10-to-2017-03;nouveau_loto.csv
2009176;2009176;;2009-05-16;SAMEDI;modern-5-plus-chance;1;2;26;44;7;;;9;;;;;;2008-10-to-2017-03;nouveau_loto.csv
2009177;2009177;;2009-05-18;LUNDI;modern-5-plus-chance;49;26;35;34;28;;;4;;;;;;2008-10-to-2017-03;nouveau_loto.csv
2009178;2009178;;2009-05-20;MERCREDI;modern-5-plus-chance;35;28;15;3;23;;;10;;;;;;2008-10-to-2017-03;nouveau_loto.csv
2009179;2009179;;2009-05-23;SAMEDI;modern-5-plus-chance;38;13;33;3;25;;;3;;;;;;2008-10-to-2017-03;nouveau_loto.csv
2009180;2009180;;2009-05-25;LUNDI;modern-5-plus-chance;46;40;6;3;25;;;4;;;;;;2008-10-to-2017-03;nouveau_loto.csv
2009181;2009181;;2009-05-27;MERCREDI;modern-5-plus-chance;7;48;5;3;23;;;7;;;;;;2008-10-to-2017-03;nouveau_loto.csv
2009182;2009182;;2009-05-30;SAMEDI;modern-5-plus-chance;30;25;34;14;10;;;9;;;;;;2008-10-to-2017-03;nouveau_loto.csv
2009183;2009183;;2009-06-01;LUNDI;modern-5-plus-chance;18;26;47;24;35;;;1;;;;;;2008-10-to-2017-03;nouveau_loto.csv
2009184;2009184;;2009-06-03;MERCREDI;modern-5-plus-chance;46;21;32;26;14;;;6;;;;;;2008-10-to-2017-03;nouveau_loto.csv
2009185;2009185;;2009-06-06;SAMEDI;modern-5-plus-chance;32;46;13;33;15;;;10;;;;;;2008-10-to-2017-03;nouveau_loto.csv
2009186;2009186;;2009-06-08;LUNDI;modern-5-plus-chance;31;29;41;25;22;;;5;;;;;;2008-10-to-2017-03;nouveau_loto.csv
2009187;2009187;;2009-06-10;MERCREDI;modern-5-plus-chance;45;42;27;49;48;;;7;;;;;;2008-10-to-2017-03;nouveau_loto.csv
2009188;2009188;;2009-06-13;SAMEDI;modern-5-plus-chance;39;16;46;28;24;;;4;;;;;;2008-10-to-2017-03;nouveau_loto.csv
2009189;2009189;;2009-06-15;LUNDI;modern-5-plus-chance;49;11;41;21;40;;;4;;;;;;2008-10-to-2017-03;nouveau_loto.csv
2009190;2009190;;2009-06-17;MERCREDI;modern-5-plus-chance;3;27;41;8;37;;;2;;;;;;2008-10-to-2017-03;nouveau_loto.csv
2009191;2009191;;2009-06-20;SAMEDI;modern-5-plus-chance;26;27;49;21;33;;;7;;;;;;2008-10-to-2017-03;nouveau_loto.csv
2009192;2009192;;2009-06-22;LUNDI;modern-5-plus-chance;36;17;42;28;41;;;4;;;;;;2008-10-to-2017-03;nouveau_loto.csv
2009193;2009193;;2009-06-24;MERCREDI;modern-5-plus-chance;17;21;22;16;4;;;1;;;;;;2008-10-to-2017-03;nouveau_loto.csv
2009194;2009194;;2009-06-27;SAMEDI;modern-5-plus-chance;13;4;3;41;6;;;8;;;;;;2008-10-to-2017-03;nouveau_loto.csv
2009195;2009195;;2009-06-29;LUNDI;modern-5-plus-chance;35;43;9;28;10;;;8;;;;;;2008-10-to-2017-03;nouveau_loto.csv
2009196;2009196;;2009-07-01;MERCREDI;modern-5-plus-chance;34;5;28;13;29;;;4;;;;;;2008-10-to-2017-03;nouveau_loto.csv
2009197;2009197;;2009-07-04;SAMEDI;modern-5-plus-chance;39;4;8;43;27;;;3;;;;;;2008-10-to-2017-03;nouveau_loto.csv
2009198;2009198;;2009-07-06;LUNDI;modern-5-plus-chance;12;31;32;44;45;;;2;;;;;;2008-10-to-2017-03;nouveau_loto.csv
2009199;2009199;;2009-07-08;MERCREDI;modern-5-plus-chance;16;4;10;6;5;;;3;;;;;;2008-10-to-2017-03;nouveau_loto.csv
2009200;2009200;;2009-07-11;SAMEDI;modern-5-plus-chance;14;17;35;5;42;;;1;;;;;;2008-10-to-2017-03;nouveau_loto.csv
2009201;2009201;;2009-07-13;LUNDI;modern-5-plus-chance;26;2;20;34;18;;;1;;;;;;2008-10-to-2017-03;nouveau_loto.csv
2009202;2009202;;2009-07-15;MERCREDI;modern-5-plus-chance;4;1;23;14;25;;;10;;;;;;2008-10-to-2017-03;nouveau_loto.csv
2009203;2009203;;2009-07-18;SAMEDI;modern-5-plus-chance;44;14;26;34;9;;;9;;;;;;2008-10-to-2017-03;nouveau_loto.csv
2009204;2009204;;2009-07-20;LUNDI;modern-5-plus-chance;27;23;44;34;5;;;1;;;;;;2008-10-to-2017-03;nouveau_loto.csv
2009205;2009205;;2009-07-22;MERCREDI;modern-5-plus-chance;24;35;45;28;17;;;6;;;;;;2008-10-to-2017-03;nouveau_loto.csv
2009206;2009206;;2009-07-25;SAMEDI;modern-5-plus-chance;27;40;3;14;33;;;9;;;;;;2008-10-to-2017-03;nouveau_loto.csv
2009207;2009207;;2009-07-27;LUNDI;modern-5-plus-chance;18;47;7;13;48;;;4;;;;;;2008-10-to-2017-03;nouveau_loto.csv
2009208;2009208;;2009-07-29;MERCREDI;modern-5-plus-chance;16;25;14;35;3;;;3;;;;;;2008-10-to-2017-03;nouveau_loto.csv
2009209;2009209;;2009-08-01;SAMEDI;modern-5-plus-chance;44;10;18;45;22;;;6;;;;;;2008-10-to-2017-03;nouveau_loto.csv
2009210;2009210;;2009-08-03;LUNDI;modern-5-plus-chance;9;38;18;26;49;;;8;;;;;;2008-10-to-2017-03;nouveau_loto.csv
2009211;2009211;;2009-08-05;MERCREDI;modern-5-plus-chance;40;10;29;20;43;;;7;;;;;;2008-10-to-2017-03;nouveau_loto.csv
2009212;2009212;;2009-08-08;SAMEDI;modern-5-plus-chance;41;20;16;38;2;;;9;;;;;;2008-10-to-2017-03;nouveau_loto.csv
2009213;2009213;;2009-08-10;LUNDI;modern-5-plus-chance;5;22;31;2;24;;;6;;;;;;2008-10-to-2017-03;nouveau_loto.csv
2009214;2009214;;2009-08-12;MERCREDI;modern-5-plus-chance;6;33;17;34;39;;;5;;;;;;2008-10-to-2017-03;nouveau_loto.csv
2009215;2009215;;2009-08-15;SAMEDI;modern-5-plus-chance;1;41;32;24;27;;;9;;;;;;2008-10-to-2017-03;nouveau_loto.csv
2009216;2009216;;2009-08-17;LUNDI;modern-5-plus-chance;2;9;17;14;25;;;9;;;;;;2008-10-to-2017-03;nouveau_loto.csv
2009217;2009217;;2009-08-19;MERCREDI;modern-5-plus-chance;35;42;7;33;28;;;10;;;;;;2008-10-to-2017-03;nouveau_loto.csv
2009218;2009218;;2009-08-22;SAMEDI;modern-5-plus-chance;31;21;8;27;29;;;10;;;;;;2008-10-to-2017-03;nouveau_loto.csv
2009219;2009219;;2009-08-24;LUNDI;modern-5-plus-chance;22;18;33;28;11;;;2;;;;;;2008-10-to-2017-03;nouveau_loto.csv
2009220;2009220;;2009-08-26;MERCREDI;modern-5-plus-chance;44;31;7;38;14;;;1;;;;;;2008-10-to-2017-03;nouveau_loto.csv
2009221;2009221;;2009-08-29;SAMEDI;modern-5-plus-chance;34;7;27;23;19;;;7;;;;;;2008-10-to-2017-03;nouveau_loto.csv
2009222;2009222;;2009-08-31;LUNDI;modern-5-plus-chance;16;13;1;5;20;;;2;;;;;;2008-10-to-2017-03;nouveau_loto.csv
2009223;2009223;;2009-09-02;MERCREDI;modern-5-plus-chance;17;5;12;6;15;;;1;;;;;;2008-10-to-2017-03;nouveau_loto.csv
2009224;2009224;;2009-09-05;SAMEDI;modern-5-plus-chance;1;37;17;44;20;;;8;;;;;;2008-10-to-2017-03;nouveau_loto.csv
2009225;2009225;;2009-09-07;LUNDI;modern-5-plus-chance;8;21;4;31;39;;;2;;;;;;2008-10-to-2017-03;nouveau_loto.csv
2009226;2009226;;2009-09-09;MERCREDI;modern-5-plus-chance;1;12;23;22;7;;;4;;;;;;2008-10-to-2017-03;nouveau_loto.csv
2009227;2009227;;2009-09-12;SAMEDI;modern-5-plus-chance;41;11;4;29;7;;;4;;;;;;2008-10-to-2017-03;nouveau_loto.csv
2009228;2009228;;2009-09-14;LUNDI;modern-5-plus-chance;9;18;43;32;22;;;1;;;;;;2008-10-to-2017-03;nouveau_loto.csv
2009229;2009229;;2009-09-16;MERCREDI;modern-5-plus-chance;40;7;21;25;30;;;1;;;;;;2008-10-to-2017-03;nouveau_loto.csv
2009230;2009230;;2009-09-19;SAMEDI;modern-5-plus-chance;12;27;38;33;19;;;7;;;;;;2008-10-to-2017-03;nouveau_loto.csv
2009231;2009231;;2009-09-21;LUNDI;modern-5-plus-chance;3;4;38;46;7;;;2;;;;;;2008-10-to-2017-03;nouveau_loto.csv
2009232;2009232;;2009-09-23;MERCREDI;modern-5-plus-chance;24;42;4;47;5;;;6;;;;;;2008-10-to-2017-03;nouveau_loto.csv
2009233;2009233;;2009-09-26;SAMEDI;modern-5-plus-chance;2;37;43;21;25;;;9;;;;;;2008-10-to-2017-03;nouveau_loto.csv
2009234;2009234;;2009-09-28;LUNDI;modern-5-plus-chance;30;20;16;3;44;;;4;;;;;;2008-10-to-2017-03;nouveau_loto.csv
2009235;2009235;;2009-09-30;MERCREDI;modern-5-plus-chance;33;35;40;5;2;;;4;;;;;;2008-10-to-2017-03;nouveau_loto.csv
2009236;2009236;;2009-10-03;SAMEDI;modern-5-plus-chance;47;15;49;7;9;;;7;;;;;;2008-10-to-2017-03;nouveau_loto.csv
2009237;2009237;;2009-10-05;LUNDI;modern-5-plus-chance;21;12;20;11;32;;;4;;;;;;2008-10-to-2017-03;nouveau_loto.csv
2009238;2009238;;2009-10-07;MERCREDI;modern-5-plus-chance;4;1;21;12;46;;;8;;;;;;2008-10-to-2017-03;nouveau_loto.csv
2009239;2009239;;2009-10-10;SAMEDI;modern-5-plus-chance;3;38;1;23;16;;;3;;;;;;2008-10-to-2017-03;nouveau_loto.csv
2009240;2009240;;2009-10-12;LUNDI;modern-5-plus-chance;38;7;48;43;28;;;5;;;;;;2008-10-to-2017-03;nouveau_loto.csv
2009241;2009241;;2009-10-14;MERCREDI;modern-5-plus-chance;6;35;36;42;24;;;2;;;;;;2008-10-to-2017-03;nouveau_loto.csv
2009242;2009242;;2009-10-17;SAMEDI;modern-5-plus-chance;12;49;8;20;16;;;5;;;;;;2008-10-to-2017-03;nouveau_loto.csv
2009243;2009243;;2009-10-19;LUNDI;modern-5-plus-chance;4;31;11;3;6;;;1;;;;;;2008-10-to-2017-03;nouveau_loto.csv
2009244;2009244;;2009-10-21;MERCREDI;modern-5-plus-chance;10;49;26;15;1;;;7;;;;;;2008-10-to-2017-03;nouveau_loto.csv
2009245;2009245;;2009-10-24;SAMEDI;modern-5-plus-chance;39;28;15;38;27;;;10;;;;;;2008-10-to-2017-03;nouveau_loto.csv
2009246;2009246;;2009-10-26;LUNDI;modern-5-plus-chance;49;47;42;1;3;;;7;;;;;;2008-10-to-2017-03;nouveau_loto.csv
2009247;2009247;;2009-10-28;MERCREDI;modern-5-plus-chance;8;11;7;37;30;;;3;;;;;;2008-10-to-2017-03;nouveau_loto.csv
2009248;2009248;;2009-10-31;SAMEDI;modern-5-plus-chance;23;39;36;27;30;;;2;;;;;;2008-10-to-2017-03;nouveau_loto.csv
2009249;2009249;;2009-11-02;LUNDI;modern-5-plus-chance;17;34;23;40;9;;;9;;;;;;2008-10-to-2017-03;nouveau_loto.csv
2009250;2009250;;2009-11-04;MERCREDI;modern-5-plus-chance;33;18;19;22;23;;;1;;;;;;2008-10-to-2017-03;nouveau_loto.csv
2009251;2009251;;2009-11-07;SAMEDI;modern-5-plus-chance;1;41;13;3;18;;;1;;;;;;2008-10-to-2017-03;nouveau_loto.csv
2009252;2009252;;2009-11-09;LUNDI;modern-5-plus-chance;3;2;29;48;1;;;9;;;;;;2008-10-to-2017-03;nouveau_loto.csv
2009253;2009253;;2009-11-11;MERCREDI;modern-5-plus-chance;41;47;22;17;7;;;6;;;;;;2008-10-to-2017-03;nouveau_loto.csv
2009254;2009254;;2009-11-14;SAMEDI;modern-5-plus-chance;39;16;47;28;24;;;9;;;;;;2008-10-to-2017-03;nouveau_loto.csv
2009255;2009255;;2009-11-16;LUNDI;modern-5-plus-chance;20;32;36;19;27;;;7;;;;;;2008-10-to-2017-03;nouveau_loto.csv
2009256;2009256;;2009-11-18;MERCREDI;modern-5-plus-chance;24;20;22;19;1;;;6;;;;;;2008-10-to-2017-03;nouveau_loto.csv
2009257;2009257;;2009-11-21;SAMEDI;modern-5-plus-chance;20;33;46;40;12;;;6;;;;;;2008-10-to-2017-03;nouveau_loto.csv
2009258;2009258;;2009-11-23;LUNDI;modern-5-plus-chance;13;12;3;37;30;;;8;;;;;;2008-10-to-2017-03;nouveau_loto.csv
2009259;2009259;;2009-11-25;MERCREDI;modern-5-plus-chance;14;33;39;15;11;;;6;;;;;;2008-10-to-2017-03;nouveau_loto.csv
2009260;2009260;;2009-11-28;SAMEDI;modern-5-plus-chance;35;37;41;15;39;;;4;;;;;;2008-10-to-2017-03;nouveau_loto.csv
2009261;2009261;;2009-11-30;LUNDI;modern-5-plus-chance;12;43;7;23;27;;;6;;;;;;2008-10-to-2017-03;nouveau_loto.csv
2009262;2009262;;2009-12-02;MERCREDI;modern-5-plus-chance;10;47;20;28;21;;;6;;;;;;2008-10-to-2017-03;nouveau_loto.csv
2009263;2009263;;2009-12-05;SAMEDI;modern-5-plus-chance;28;22;7;16;39;;;7;;;;;;2008-10-to-2017-03;nouveau_loto.csv
2009264;2009264;;2009-12-07;LUNDI;modern-5-plus-chance;20;42;43;33;19;;;5;;;;;;2008-10-to-2017-03;nouveau_loto.csv
2009265;2009265;;2009-12-09;MERCREDI;modern-5-plus-chance;1;31;11;22;23;;;1;;;;;;2008-10-to-2017-03;nouveau_loto.csv
2009266;2009266;;2009-12-12;SAMEDI;modern-5-plus-chance;4;30;13;18;39;;;1;;;;;;2008-10-to-2017-03;nouveau_loto.csv
2009267;2009267;;2009-12-14;LUNDI;modern-5-plus-chance;46;8;26;13;38;;;2;;;;;;2008-10-to-2017-03;nouveau_loto.csv
2009268;2009268;;2009-12-16;MERCREDI;modern-5-plus-chance;39;15;23;49;30;;;5;;;;;;2008-10-to-2017-03;nouveau_loto.csv
2009269;2009269;;2009-12-19;SAMEDI;modern-5-plus-chance;40;15;16;6;9;;;6;;;;;;2008-10-to-2017-03;nouveau_loto.csv
2009270;2009270;;2009-12-21;LUNDI;modern-5-plus-chance;38;42;28;3;27;;;9;;;;;;2008-10-to-2017-03;nouveau_loto.csv
2009271;2009271;;2009-12-23;MERCREDI;modern-5-plus-chance;24;44;18;17;15;;;6;;;;;;2008-10-to-2017-03;nouveau_loto.csv
2009272;2009272;;2009-12-26;SAMEDI;modern-5-plus-chance;7;6;41;25;16;;;5;;;;;;2008-10-to-2017-03;nouveau_loto.csv
2009273;2009273;;2009-12-28;LUNDI;modern-5-plus-chance;23;12;15;27;46;;;6;;;;;;2008-10-to-2017-03;nouveau_loto.csv
2009274;2009274;;2009-12-30;MERCREDI;modern-5-plus-chance;21;39;5;2;15;;;10;;;;;;2008-10-to-2017-03;nouveau_loto.csv
2010001;2010001;;2010-01-02;SAMEDI;modern-5-plus-chance;43;5;23;49;17;;;4;;;;;;2008-10-to-2017-03;nouveau_loto.csv
2010002;2010002;;2010-01-04;LUNDI;modern-5-plus-chance;33;21;41;18;32;;;9;;;;;;2008-10-to-2017-03;nouveau_loto.csv
2010003;2010003;;2010-01-06;MERCREDI;modern-5-plus-chance;19;49;31;44;38;;;3;;;;;;2008-10-to-2017-03;nouveau_loto.csv
2010004;2010004;;2010-01-09;SAMEDI;modern-5-plus-chance;35;4;14;23;46;;;7;;;;;;2008-10-to-2017-03;nouveau_loto.csv
2010005;2010005;;2010-01-11;LUNDI;modern-5-plus-chance;24;20;31;36;6;;;4;;;;;;2008-10-to-2017-03;nouveau_loto.csv
2010006;2010006;;2010-01-13;MERCREDI;modern-5-plus-chance;31;4;14;37;7;;;8;;;;;;2008-10-to-2017-03;nouveau_loto.csv
2010007;2010007;;2010-01-16;SAMEDI;modern-5-plus-chance;21;38;32;3;33;;;10;;;;;;2008-10-to-2017-03;nouveau_loto.csv
2010008;2010008;;2010-01-18;LUNDI;modern-5-plus-chance;8;7;22;28;38;;;10;;;;;;2008-10-to-2017-03;nouveau_loto.csv
2010009;2010009;;2010-01-20;MERCREDI;modern-5-plus-chance;13;37;48;45;28;;;9;;;;;;2008-10-to-2017-03;nouveau_loto.csv
2010010;2010010;;2010-01-23;SAMEDI;modern-5-plus-chance;24;39;2;13;48;;;1;;;;;;2008-10-to-2017-03;nouveau_loto.csv
2010011;2010011;;2010-01-25;LUNDI;modern-5-plus-chance;6;8;31;45;36;;;9;;;;;;2008-10-to-2017-03;nouveau_loto.csv
2010012;2010012;;2010-01-27;MERCREDI;modern-5-plus-chance;10;15;43;45;5;;;9;;;;;;2008-10-to-2017-03;nouveau_loto.csv
2010013;2010013;;2010-01-30;SAMEDI;modern-5-plus-chance;44;26;18;21;47;;;3;;;;;;2008-10-to-2017-03;nouveau_loto.csv
2010014;2010014;;2010-02-01;LUNDI;modern-5-plus-chance;29;1;39;40;18;;;2;;;;;;2008-10-to-2017-03;nouveau_loto.csv
2010015;2010015;;2010-02-03;MERCREDI;modern-5-plus-chance;44;48;7;30;13;;;7;;;;;;2008-10-to-2017-03;nouveau_loto.csv
2010016;2010016;;2010-02-06;SAMEDI;modern-5-plus-chance;16;37;18;5;34;;;5;;;;;;2008-10-to-2017-03;nouveau_loto.csv
2010017;2010017;;2010-02-08;LUNDI;modern-5-plus-chance;36;13;24;7;42;;;4;;;;;;2008-10-to-2017-03;nouveau_loto.csv
2010018;2010018;;2010-02-10;MERCREDI;modern-5-plus-chance;6;45;19;12;11;;;10;;;;;;2008-10-to-2017-03;nouveau_loto.csv
2010019;2010019;;2010-02-13;SAMEDI;modern-5-plus-chance;1;7;38;3;14;;;5;;;;;;2008-10-to-2017-03;nouveau_loto.csv
2010020;2010020;;2010-02-15;LUNDI;modern-5-plus-chance;48;39;24;8;15;;;8;;;;;;2008-10-to-2017-03;nouveau_loto.csv
2010021;2010021;;2010-02-17;MERCREDI;modern-5-plus-chance;23;40;26;22;29;;;5;;;;;;2008-10-to-2017-03;nouveau_loto.csv
2010022;2010022;;2010-02-20;SAMEDI;modern-5-plus-chance;34;49;36;39;23;;;8;;;;;;2008-10-to-2017-03;nouveau_loto.csv
2010023;2010023;;2010-02-22;LUNDI;modern-5-plus-chance;41;48;18;11;24;;;2;;;;;;2008-10-to-2017-03;nouveau_loto.csv
2010024;2010024;;2010-02-24;MERCREDI;modern-5-plus-chance;45;2;1;27;31;;;8;;;;;;2008-10-to-2017-03;nouveau_loto.csv
2010025;2010025;;2010-02-27;SAMEDI;modern-5-plus-chance;13;40;2;10;35;;;1;;;;;;2008-10-to-2017-03;nouveau_loto.csv
2010026;2010026;;2010-03-01;LUNDI;modern-5-plus-chance;19;11;8;48;49;;;7;;;;;;2008-10-to-2017-03;nouveau_loto.csv
2010027;2010027;;2010-03-03;MERCREDI;modern-5-plus-chance;17;37;23;25;2;;;7;;;;;;2008-10-to-2017-03;nouveau_loto.csv
2010028;2010028;;2010-03-06;SAMEDI;modern-5-plus-chance;5;18;26;9;36;;;9;;;;;;2008-10-to-2017-03;nouveau_loto.csv
2010029;2010029;;2010-03-08;LUNDI;modern-5-plus-chance;23;11;43;49;10;;;10;;;;;;2008-10-to-2017-03;nouveau_loto.csv
2010030;2010030;;2010-03-10;MERCREDI;modern-5-plus-chance;36;13;44;1;48;;;2;;;;;;2008-10-to-2017-03;nouveau_loto.csv
2010031;2010031;;2010-03-13;SAMEDI;modern-5-plus-chance;32;37;16;6;8;;;7;;;;;;2008-10-to-2017-03;nouveau_loto.csv
2010032;2010032;;2010-03-15;LUNDI;modern-5-plus-chance;18;15;1;4;38;;;6;;;;;;2008-10-to-2017-03;nouveau_loto.csv
2010033;2010033;;2010-03-17;MERCREDI;modern-5-plus-chance;46;1;24;18;9;;;7;;;;;;2008-10-to-2017-03;nouveau_loto.csv
2010034;2010034;;2010-03-20;SAMEDI;modern-5-plus-chance;15;36;28;49;2;;;3;;;;;;2008-10-to-2017-03;nouveau_loto.csv
2010035;2010035;;2010-03-22;LUNDI;modern-5-plus-chance;44;34;25;47;29;;;9;;;;;;2008-10-to-2017-03;nouveau_loto.csv
2010036;2010036;;2010-03-24;MERCREDI;modern-5-plus-chance;28;9;35;8;42;;;6;;;;;;2008-10-to-2017-03;nouveau_loto.csv
2010037;2010037;;2010-03-27;SAMEDI;modern-5-plus-chance;43;42;9;21;46;;;6;;;;;;2008-10-to-2017-03;nouveau_loto.csv
2010038;2010038;;2010-03-29;LUNDI;modern-5-plus-chance;2;44;41;34;46;;;2;;;;;;2008-10-to-2017-03;nouveau_loto.csv
2010039;2010039;;2010-03-31;MERCREDI;modern-5-plus-chance;46;28;21;39;49;;;1;;;;;;2008-10-to-2017-03;nouveau_loto.csv
2010040;2010040;;2010-04-03;SAMEDI;modern-5-plus-chance;35;39;20;48;42;;;2;;;;;;2008-10-to-2017-03;nouveau_loto.csv
2010041;2010041;;2010-04-05;LUNDI;modern-5-plus-chance;17;18;36;21;47;;;6;;;;;;2008-10-to-2017-03;nouveau_loto.csv
2010042;2010042;;2010-04-07;MERCREDI;modern-5-plus-chance;28;11;2;33;43;;;1;;;;;;2008-10-to-2017-03;nouveau_loto.csv
2010043;2010043;;2010-04-10;SAMEDI;modern-5-plus-chance;33;13;49;36;22;;;4;;;;;;2008-10-to-2017-03;nouveau_loto.csv
2010044;2010044;;2010-04-12;LUNDI;modern-5-plus-chance;4;36;11;31;46;;;10;;;;;;2008-10-to-2017-03;nouveau_loto.csv
2010045;2010045;;2010-04-14;MERCREDI;modern-5-plus-chance;9;12;29;2;21;;;7;;;;;;2008-10-to-2017-03;nouveau_loto.csv
2010046;2010046;;2010-04-17;SAMEDI;modern-5-plus-chance;24;42;16;9;32;;;3;;;;;;2008-10-to-2017-03;nouveau_loto.csv
2010047;2010047;;2010-04-19;LUNDI;modern-5-plus-chance;44;22;17;38;2;;;8;;;;;;2008-10-to-2017-03;nouveau_loto.csv
2010048;2010048;;2010-04-21;MERCREDI;modern-5-plus-chance;24;26;35;9;1;;;4;;;;;;2008-10-to-2017-03;nouveau_loto.csv
2010049;2010049;;2010-04-24;SAMEDI;modern-5-plus-chance;17;34;27;3;41;;;4;;;;;;2008-10-to-2017-03;nouveau_loto.csv
2010050;2010050;;2010-04-26;LUNDI;modern-5-plus-chance;29;24;4;46;7;;;10;;;;;;2008-10-to-2017-03;nouveau_loto.csv
2010051;2010051;;2010-04-28;MERCREDI;modern-5-plus-chance;34;49;9;25;38;;;1;;;;;;2008-10-to-2017-03;nouveau_loto.csv
2010052;2010052;;2010-05-01;SAMEDI;modern-5-plus-chance;39;28;3;42;6;;;5;;;;;;2008-10-to-2017-03;nouveau_loto.csv
2010053;2010053;;2010-05-03;LUNDI;modern-5-plus-chance;8;11;12;26;48;;;6;;;;;;2008-10-to-2017-03;nouveau_loto.csv
2010054;2010054;;2010-05-05;MERCREDI;modern-5-plus-chance;10;30;18;27;4;;;1;;;;;;2008-10-to-2017-03;nouveau_loto.csv
2010055;2010055;;2010-05-08;SAMEDI;modern-5-plus-chance;16;29;31;39;1;;;2;;;;;;2008-10-to-2017-03;nouveau_loto.csv
2010056;2010056;;2010-05-10;LUNDI;modern-5-plus-chance;41;4;35;33;10;;;5;;;;;;2008-10-to-2017-03;nouveau_loto.csv
2010057;2010057;;2010-05-12;MERCREDI;modern-5-plus-chance;28;22;27;14;23;;;4;;;;;;2008-10-to-2017-03;nouveau_loto.csv
2010058;2010058;;2010-05-15;SAMEDI;modern-5-plus-chance;32;31;44;27;9;;;8;;;;;;2008-10-to-2017-03;nouveau_loto.csv
2010059;2010059;;2010-05-17;LUNDI;modern-5-plus-chance;9;27;26;29;36;;;5;;;;;;2008-10-to-2017-03;nouveau_loto.csv
2010060;2010060;;2010-05-19;MERCREDI;modern-5-plus-chance;24;12;17;38;30;;;7;;;;;;2008-10-to-2017-03;nouveau_loto.csv
2010061;2010061;;2010-05-22;SAMEDI;modern-5-plus-chance;2;48;40;46;17;;;10;;;;;;2008-10-to-2017-03;nouveau_loto.csv
2010062;2010062;;2010-05-24;LUNDI;modern-5-plus-chance;8;35;29;12;3;;;1;;;;;;2008-10-to-2017-03;nouveau_loto.csv
2010063;2010063;;2010-05-26;MERCREDI;modern-5-plus-chance;47;3;35;22;6;;;1;;;;;;2008-10-to-2017-03;nouveau_loto.csv
2010064;2010064;;2010-05-29;SAMEDI;modern-5-plus-chance;33;21;49;26;46;;;1;;;;;;2008-10-to-2017-03;nouveau_loto.csv
2010065;2010065;;2010-05-31;LUNDI;modern-5-plus-chance;46;49;32;5;33;;;1;;;;;;2008-10-to-2017-03;nouveau_loto.csv
2010066;2010066;;2010-06-02;MERCREDI;modern-5-plus-chance;43;11;14;23;17;;;10;;;;;;2008-10-to-2017-03;nouveau_loto.csv
2010067;2010067;;2010-06-05;SAMEDI;modern-5-plus-chance;37;43;31;45;22;;;5;;;;;;2008-10-to-2017-03;nouveau_loto.csv
2010068;2010068;;2010-06-07;LUNDI;modern-5-plus-chance;29;48;42;28;26;;;1;;;;;;2008-10-to-2017-03;nouveau_loto.csv
2010069;2010069;;2010-06-09;MERCREDI;modern-5-plus-chance;14;48;44;24;20;;;10;;;;;;2008-10-to-2017-03;nouveau_loto.csv
2010070;2010070;;2010-06-12;SAMEDI;modern-5-plus-chance;30;43;48;24;15;;;7;;;;;;2008-10-to-2017-03;nouveau_loto.csv
2010071;2010071;;2010-06-14;LUNDI;modern-5-plus-chance;15;48;23;49;45;;;2;;;;;;2008-10-to-2017-03;nouveau_loto.csv
2010072;2010072;;2010-06-16;MERCREDI;modern-5-plus-chance;40;48;15;9;3;;;10;;;;;;2008-10-to-2017-03;nouveau_loto.csv
2010073;2010073;;2010-06-19;SAMEDI;modern-5-plus-chance;21;23;19;36;49;;;4;;;;;;2008-10-to-2017-03;nouveau_loto.csv
2010074;2010074;;2010-06-21;LUNDI;modern-5-plus-chance;45;35;24;37;48;;;2;;;;;;2008-10-to-2017-03;nouveau_loto.csv
2010075;2010075;;2010-06-23;MERCREDI;modern-5-plus-chance;16;27;41;1;35;;;1;;;;;;2008-10-to-2017-03;nouveau_loto.csv
2010076;2010076;;2010-06-26;SAMEDI;modern-5-plus-chance;47;16;11;37;7;;;10;;;;;;2008-10-to-2017-03;nouveau_loto.csv
2010077;2010077;;2010-06-28;LUNDI;modern-5-plus-chance;41;49;42;19;12;;;8;;;;;;2008-10-to-2017-03;nouveau_loto.csv
2010078;2010078;;2010-06-30;MERCREDI;modern-5-plus-chance;14;44;28;18;17;;;2;;;;;;2008-10-to-2017-03;nouveau_loto.csv
2010079;2010079;;2010-07-03;SAMEDI;modern-5-plus-chance;10;46;2;33;28;;;8;;;;;;2008-10-to-2017-03;nouveau_loto.csv
2010080;2010080;;2010-07-05;LUNDI;modern-5-plus-chance;39;33;43;22;31;;;10;;;;;;2008-10-to-2017-03;nouveau_loto.csv
2010081;2010081;;2010-07-07;MERCREDI;modern-5-plus-chance;20;47;49;26;31;;;10;;;;;;2008-10-to-2017-03;nouveau_loto.csv
2010082;2010082;;2010-07-10;SAMEDI;modern-5-plus-chance;27;32;12;42;30;;;7;;;;;;2008-10-to-2017-03;nouveau_loto.csv
2010083;2010083;;2010-07-12;LUNDI;modern-5-plus-chance;47;11;15;24;38;;;6;;;;;;2008-10-to-2017-03;nouveau_loto.csv
2010084;2010084;;2010-07-14;MERCREDI;modern-5-plus-chance;48;30;5;26;11;;;1;;;;;;2008-10-to-2017-03;nouveau_loto.csv
2010085;2010085;;2010-07-17;SAMEDI;modern-5-plus-chance;32;28;47;20;22;;;6;;;;;;2008-10-to-2017-03;nouveau_loto.csv
2010086;2010086;;2010-07-19;LUNDI;modern-5-plus-chance;27;24;16;10;47;;;5;;;;;;2008-10-to-2017-03;nouveau_loto.csv
2010087;2010087;;2010-07-21;MERCREDI;modern-5-plus-chance;43;45;21;3;9;;;1;;;;;;2008-10-to-2017-03;nouveau_loto.csv
2010088;2010088;;2010-07-24;SAMEDI;modern-5-plus-chance;18;43;16;7;33;;;5;;;;;;2008-10-to-2017-03;nouveau_loto.csv
2010089;2010089;;2010-07-26;LUNDI;modern-5-plus-chance;4;42;37;23;43;;;7;;;;;;2008-10-to-2017-03;nouveau_loto.csv
2010090;2010090;;2010-07-28;MERCREDI;modern-5-plus-chance;25;37;7;10;47;;;10;;;;;;2008-10-to-2017-03;nouveau_loto.csv
2010091;2010091;;2010-07-31;SAMEDI;modern-5-plus-chance;2;25;44;28;8;;;4;;;;;;2008-10-to-2017-03;nouveau_loto.csv
2010092;2010092;;2010-08-02;LUNDI;modern-5-plus-chance;16;32;44;38;37;;;3;;;;;;2008-10-to-2017-03;nouveau_loto.csv
2010093;2010093;;2010-08-04;MERCREDI;modern-5-plus-chance;32;8;46;22;9;;;8;;;;;;2008-10-to-2017-03;nouveau_loto.csv
2010094;2010094;;2010-08-07;SAMEDI;modern-5-plus-chance;43;6;46;27;5;;;7;;;;;;2008-10-to-2017-03;nouveau_loto.csv
2010095;2010095;;2010-08-09;LUNDI;modern-5-plus-chance;7;15;18;8;25;;;6;;;;;;2008-10-to-2017-03;nouveau_loto.csv
2010096;2010096;;2010-08-11;MERCREDI;modern-5-plus-chance;7;22;8;26;5;;;2;;;;;;2008-10-to-2017-03;nouveau_loto.csv
2010097;2010097;;2010-08-14;SAMEDI;modern-5-plus-chance;21;27;9;49;11;;;5;;;;;;2008-10-to-2017-03;nouveau_loto.csv
2010098;2010098;;2010-08-16;LUNDI;modern-5-plus-chance;13;22;40;28;31;;;9;;;;;;2008-10-to-2017-03;nouveau_loto.csv
2010099;2010099;;2010-08-18;MERCREDI;modern-5-plus-chance;49;43;46;27;23;;;6;;;;;;2008-10-to-2017-03;nouveau_loto.csv
2010100;2010100;;2010-08-21;SAMEDI;modern-5-plus-chance;8;44;14;48;29;;;7;;;;;;2008-10-to-2017-03;nouveau_loto.csv
2010101;2010101;;2010-08-23;LUNDI;modern-5-plus-chance;49;41;9;28;16;;;5;;;;;;2008-10-to-2017-03;nouveau_loto.csv
2010102;2010102;;2010-08-25;MERCREDI;modern-5-plus-chance;39;49;23;19;36;;;3;;;;;;2008-10-to-2017-03;nouveau_loto.csv
2010103;2010103;;2010-08-28;SAMEDI;modern-5-plus-chance;13;16;18;20;19;;;2;;;;;;2008-10-to-2017-03;nouveau_loto.csv
2010104;2010104;;2010-08-30;LUNDI;modern-5-plus-chance;22;49;28;3;16;;;4;;;;;;2008-10-to-2017-03;nouveau_loto.csv
2010105;2010105;;2010-09-01;MERCREDI;modern-5-plus-chance;20;39;33;21;16;;;2;;;;;;2008-10-to-2017-03;nouveau_loto.csv
2010106;2010106;;2010-09-04;SAMEDI;modern-5-plus-chance;11;42;9;49;15;;;3;;;;;;2008-10-to-2017-03;nouveau_loto.csv
2010107;2010107;;2010-09-06;LUNDI;modern-5-plus-chance;29;22;17;19;43;;;8;;;;;;2008-10-to-2017-03;nouveau_loto.csv
2010108;2010108;;2010-09-08;MERCREDI;modern-5-plus-chance;24;47;21;44;13;;;3;;;;;;2008-10-to-2017-03;nouveau_loto.csv
2010109;2010109;;2010-09-11;SAMEDI;modern-5-plus-chance;36;41;45;13;7;;;5;;;;;;2008-10-to-2017-03;nouveau_loto.csv
2010110;2010110;;2010-09-13;LUNDI;modern-5-plus-chance;33;39;25;43;8;;;8;;;;;;2008-10-to-2017-03;nouveau_loto.csv
2010111;2010111;;2010-09-15;MERCREDI;modern-5-plus-chance;40;1;30;8;38;;;6;;;;;;2008-10-to-2017-03;nouveau_loto.csv
2010112;2010112;;2010-09-18;SAMEDI;modern-5-plus-chance;7;43;33;11;1;;;1;;;;;;2008-10-to-2017-03;nouveau_loto.csv
2010113;2010113;;2010-09-20;LUNDI;modern-5-plus-chance;1;37;25;45;17;;;9;;;;;;2008-10-to-2017-03;nouveau_loto.csv
2010114;2010114;;2010-09-22;MERCREDI;modern-5-plus-chance;37;38;2;14;17;;;1;;;;;;2008-10-to-2017-03;nouveau_loto.csv
2010115;2010115;;2010-09-25;SAMEDI;modern-5-plus-chance;42;5;12;29;21;;;2;;;;;;2008-10-to-2017-03;nouveau_loto.csv
2010116;2010116;;2010-09-27;LUNDI;modern-5-plus-chance;15;1;23;22;46;;;9;;;;;;2008-10-to-2017-03;nouveau_loto.csv
2010117;2010117;;2010-09-29;MERCREDI;modern-5-plus-chance;41;32;33;25;26;;;3;;;;;;2008-10-to-2017-03;nouveau_loto.csv
2010118;2010118;;2010-10-02;SAMEDI;modern-5-plus-chance;35;13;16;41;7;;;1;;;;;;2008-10-to-2017-03;nouveau_loto.csv
2010119;2010119;;2010-10-04;LUNDI;modern-5-plus-chance;7;46;31;29;9;;;8;;;;;;2008-10-to-2017-03;nouveau_loto.csv
2010120;2010120;;2010-10-06;MERCREDI;modern-5-plus-chance;33;6;43;25;37;;;1;;;;;;2008-10-to-2017-03;nouveau_loto.csv
2010121;2010121;;2010-10-09;SAMEDI;modern-5-plus-chance;17;43;23;2;26;;;3;;;;;;2008-10-to-2017-03;nouveau_loto.csv
2010122;2010122;;2010-10-11;LUNDI;modern-5-plus-chance;9;20;35;4;1;;;8;;;;;;2008-10-to-2017-03;nouveau_loto.csv
2010123;2010123;;2010-10-13;MERCREDI;modern-5-plus-chance;33;22;9;44;25;;;3;;;;;;2008-10-to-2017-03;nouveau_loto.csv
2010124;2010124;;2010-10-16;SAMEDI;modern-5-plus-chance;37;22;46;13;1;;;9;;;;;;2008-10-to-2017-03;nouveau_loto.csv
2010125;2010125;;2010-10-18;LUNDI;modern-5-plus-chance;1;31;38;26;29;;;5;;;;;;2008-10-to-2017-03;nouveau_loto.csv
2010126;2010126;;2010-10-20;MERCREDI;modern-5-plus-chance;13;24;33;18;11;;;7;;;;;;2008-10-to-2017-03;nouveau_loto.csv
2010127;2010127;;2010-10-23;SAMEDI;modern-5-plus-chance;47;49;9;16;14;;;7;;;;;;2008-10-to-2017-03;nouveau_loto.csv
2010128;2010128;;2010-10-25;LUNDI;modern-5-plus-chance;4;36;40;10;41;;;10;;;;;;2008-10-to-2017-03;nouveau_loto.csv
2010129;2010129;;2010-10-27;MERCREDI;modern-5-plus-chance;32;13;15;46;3;;;5;;;;;;2008-10-to-2017-03;nouveau_loto.csv
2010130;2010130;;2010-10-30;SAMEDI;modern-5-plus-chance;38;35;4;22;14;;;5;;;;;;2008-10-to-2017-03;nouveau_loto.csv
2010131;2010131;;2010-11-01;LUNDI;modern-5-plus-chance;17;24;28;1;15;;;10;;;;;;2008-10-to-2017-03;nouveau_loto.csv
2010132;2010132;;2010-11-03;MERCREDI;modern-5-plus-chance;46;33;15;6;49;;;1;;;;;;2008-10-to-2017-03;nouveau_loto.csv
2010133;2010133;;2010-11-06;SAMEDI;modern-5-plus-chance;24;19;35;7;42;;;3;;;;;;2008-10-to-2017-03;nouveau_loto.csv
2010134;2010134;;2010-11-08;LUNDI;modern-5-plus-chance;35;6;9;14;47;;;9;;;;;;2008-10-to-2017-03;nouveau_loto.csv
2010135;2010135;;2010-11-10;MERCREDI;modern-5-plus-chance;47;48;20;39;16;;;4;;;;;;2008-10-to-2017-03;nouveau_loto.csv
2010136;2010136;;2010-11-13;SAMEDI;modern-5-plus-chance;5;17;25;38;29;;;2;;;;;;2008-10-to-2017-03;nouveau_loto.csv
2010137;2010137;;2010-11-15;LUNDI;modern-5-plus-chance;33;47;14;20;17;;;1;;;;;;2008-10-to-2017-03;nouveau_loto.csv
2010138;2010138;;2010-11-17;MERCREDI;modern-5-plus-chance;30;38;4;9;46;;;10;;;;;;2008-10-to-2017-03;nouveau_loto.csv
2010139;2010139;;2010-11-20;SAMEDI;modern-5-plus-chance;27;12;11;29;1;;;2;;;;;;2008-10-to-2017-03;nouveau_loto.csv
2010140;2010140;;2010-11-22;LUNDI;modern-5-plus-chance;4;21;17;23;26;;;2;;;;;;2008-10-to-2017-03;nouveau_loto.csv
2010141;2010141;;2010-11-24;MERCREDI;modern-5-plus-chance;32;20;22;47;14;;;5;;;;;;2008-10-to-2017-03;nouveau_loto.csv
2010142;2010142;;2010-11-27;SAMEDI;modern-5-plus-chance;9;43;15;44;10;;;5;;;;;;2008-10-to-2017-03;nouveau_loto.csv
2010143;2010143;;2010-11-29;LUNDI;modern-5-plus-chance;15;23;16;41;30;;;8;;;;;;2008-10-to-2017-03;nouveau_loto.csv
2010144;2010144;;2010-12-01;MERCREDI;modern-5-plus-chance;34;14;32;31;46;;;3;;;;;;2008-10-to-2017-03;nouveau_loto.csv
2010145;2010145;;2010-12-04;SAMEDI;modern-5-plus-chance;33;12;24;7;15;;;6;;;;;;2008-10-to-2017-03;nouveau_loto.csv
2010146;2010146;;2010-12-06;LUNDI;modern-5-plus-chance;13;30;33;25;36;;;9;;;;;;2008-10-to-2017-03;nouveau_loto.csv
2010147;2010147;;2010-12-08;MERCREDI;modern-5-plus-chance;19;15;44;4;24;;;1;;;;;;2008-10-to-2017-03;nouveau_loto.csv
2010148;2010148;;2010-12-11;SAMEDI;modern-5-plus-chance;38;3;9;11;28;;;1;;;;;;2008-10-to-2017-03;nouveau_loto.csv
2010149;2010149;;2010-12-13;LUNDI;modern-5-plus-chance;6;14;49;40;9;;;3;;;;;;2008-10-to-2017-03;nouveau_loto.csv
2010150;2010150;;2010-12-15;MERCREDI;modern-5-plus-chance;37;6;16;28;4;;;8;;;;;;2008-10-to-2017-03;nouveau_loto.csv
2010151;2010151;;2010-12-18;SAMEDI;modern-5-plus-chance;35;41;40;11;22;;;7;;;;;;2008-10-to-2017-03;nouveau_loto.csv
2010152;2010152;;2010-12-20;LUNDI;modern-5-plus-chance;32;23;9;6;13;;;4;;;;;;2008-10-to-2017-03;nouveau_loto.csv
2010153;2010153;;2010-12-22;MERCREDI;modern-5-plus-chance;8;18;36;1;29;;;9;;;;;;2008-10-to-2017-03;nouveau_loto.csv
2010154;2010154;;2010-12-25;SAMEDI;modern-5-plus-chance;16;30;29;7;10;;;5;;;;;;2008-10-to-2017-03;nouveau_loto.csv
2010155;2010155;;2010-12-27;LUNDI;modern-5-plus-chance;30;44;42;39;13;;;9;;;;;;2008-10-to-2017-03;nouveau_loto.csv
2010156;2010156;;2010-12-29;MERCREDI;modern-5-plus-chance;47;15;46;29;11;;;3;;;;;;2008-10-to-2017-03;nouveau_loto.csv
2011001;2011001;;2011-01-01;SAMEDI;modern-5-plus-chance;43;49;46;34;11;;;3;;;;;;2008-10-to-2017-03;nouveau_loto.csv
2011002;2011002;;2011-01-03;LUNDI;modern-5-plus-chance;34;37;10;18;30;;;2;;;;;;2008-10-to-2017-03;nouveau_loto.csv
2011003;2011003;;2011-01-05;MERCREDI;modern-5-plus-chance;27;47;4;5;32;;;5;;;;;;2008-10-to-2017-03;nouveau_loto.csv
2011004;2011004;;2011-01-08;SAMEDI;modern-5-plus-chance;47;34;12;30;31;;;10;;;;;;2008-10-to-2017-03;nouveau_loto.csv
2011005;2011005;;2011-01-10;LUNDI;modern-5-plus-chance;35;33;40;37;11;;;4;;;;;;2008-10-to-2017-03;nouveau_loto.csv
2011006;2011006;;2011-01-12;MERCREDI;modern-5-plus-chance;41;40;30;28;17;;;7;;;;;;2008-10-to-2017-03;nouveau_loto.csv
2011007;2011007;;2011-01-15;SAMEDI;modern-5-plus-chance;26;43;6;36;29;;;8;;;;;;2008-10-to-2017-03;nouveau_loto.csv
2011008;2011008;;2011-01-17;LUNDI;modern-5-plus-chance;48;49;36;24;21;;;5;;;;;;2008-10-to-2017-03;nouveau_loto.csv
2011009;2011009;;2011-01-19;MERCREDI;modern-5-plus-chance;36;4;12;13;1;;;4;;;;;;2008-10-to-2017-03;nouveau_loto.csv
2011010;2011010;;2011-01-22;SAMEDI;modern-5-plus-chance;13;27;6;31;8;;;7;;;;;;2008-10-to-2017-03;nouveau_loto.csv
2011011;2011011;;2011-01-24;LUNDI;modern-5-plus-chance;3;39;6;48;9;;;4;;;;;;2008-10-to-2017-03;nouveau_loto.csv
2011012;2011012;;2011-01-26;MERCREDI;modern-5-plus-chance;23;45;6;48;17;;;1;;;;;;2008-10-to-2017-03;nouveau_loto.csv
2011013;2011013;;2011-01-29;SAMEDI;modern-5-plus-chance;14;33;44;31;12;;;8;;;;;;2008-10-to-2017-03;nouveau_loto.csv
2011014;2011014;;2011-01-31;LUNDI;modern-5-plus-chance;20;10;13;43;3;;;5;;;;;;2008-10-to-2017-03;nouveau_loto.csv
2011015;2011015;;2011-02-02;MERCREDI;modern-5-plus-chance;27;6;44;23;22;;;3;;;;;;2008-10-to-2017-03;nouveau_loto.csv
2011016;2011016;;2011-02-05;SAMEDI;modern-5-plus-chance;31;22;37;6;1;;;7;;;;;;2008-10-to-2017-03;nouveau_loto.csv
2011017;2011017;;2011-02-07;LUNDI;modern-5-plus-chance;6;8;49;35;25;;;1;;;;;;2008-10-to-2017-03;nouveau_loto.csv
2011018;2011018;;2011-02-09;MERCREDI;modern-5-plus-chance;15;31;41;27;43;;;7;;;;;;2008-10-to-2017-03;nouveau_loto.csv
2011019;2011019;;2011-02-12;SAMEDI;modern-5-plus-chance;13;38;2;45;4;;;2;;;;;;2008-10-to-2017-03;nouveau_loto.csv
2011020;2011020;;2011-02-14;LUNDI;modern-5-plus-chance;31;35;40;9;48;;;1;;;;;;2008-10-to-2017-03;nouveau_loto.csv
2011021;2011021;;2011-02-16;MERCREDI;modern-5-plus-chance;44;35;32;8;33;;;9;;;;;;2008-10-to-2017-03;nouveau_loto.csv
2011022;2011022;;2011-02-19;SAMEDI;modern-5-plus-chance;25;2;49;32;1;;;6;;;;;;2008-10-to-2017-03;nouveau_loto.csv
2011023;2011023;;2011-02-21;LUNDI;modern-5-plus-chance;36;20;21;9;46;;;6;;;;;;2008-10-to-2017-03;nouveau_loto.csv
2011024;2011024;;2011-02-23;MERCREDI;modern-5-plus-chance;5;2;33;21;28;;;10;;;;;;2008-10-to-2017-03;nouveau_loto.csv
2011025;2011025;;2011-02-26;SAMEDI;modern-5-plus-chance;35;24;10;26;48;;;1;;;;;;2008-10-to-2017-03;nouveau_loto.csv
2011026;2011026;;2011-02-28;LUNDI;modern-5-plus-chance;20;49;40;17;31;;;6;;;;;;2008-10-to-2017-03;nouveau_loto.csv
2011027;2011027;;2011-03-02;MERCREDI;modern-5-plus-chance;20;22;40;2;3;;;7;;;;;;2008-10-to-2017-03;nouveau_loto.csv
2011028;2011028;;2011-03-05;SAMEDI;modern-5-plus-chance;11;45;44;27;31;;;2;;;;;;2008-10-to-2017-03;nouveau_loto.csv
2011029;2011029;;2011-03-07;LUNDI;modern-5-plus-chance;7;38;23;9;17;;;5;;;;;;2008-10-to-2017-03;nouveau_loto.csv
2011030;2011030;;2011-03-09;MERCREDI;modern-5-plus-chance;9;43;3;29;15;;;8;;;;;;2008-10-to-2017-03;nouveau_loto.csv
2011031;2011031;;2011-03-12;SAMEDI;modern-5-plus-chance;15;34;22;33;16;;;9;;;;;;2008-10-to-2017-03;nouveau_loto.csv
2011032;2011032;;2011-03-14;LUNDI;modern-5-plus-chance;32;38;36;34;27;;;7;;;;;;2008-10-to-2017-03;nouveau_loto.csv
2011033;2011033;;2011-03-16;MERCREDI;modern-5-plus-chance;23;20;32;7;14;;;4;;;;;;2008-10-to-2017-03;nouveau_loto.csv
2011034;2011034;;2011-03-19;SAMEDI;modern-5-plus-chance;26;10;11;23;1;;;8;;;;;;2008-10-to-2017-03;nouveau_loto.csv
2011035;2011035;;2011-03-21;LUNDI;modern-5-plus-chance;28;23;3;40;31;;;1;;;;;;2008-10-to-2017-03;nouveau_loto.csv
2011036;2011036;;2011-03-23;MERCREDI;modern-5-plus-chance;13;4;24;21;10;;;5;;;;;;2008-10-to-2017-03;nouveau_loto.csv
2011037;2011037;;2011-03-26;SAMEDI;modern-5-plus-chance;17;26;34;4;30;;;9;;;;;;2008-10-to-2017-03;nouveau_loto.csv
2011038;2011038;;2011-03-28;LUNDI;modern-5-plus-chance;15;10;16;46;43;;;1;;;;;;2008-10-to-2017-03;nouveau_loto.csv
2011039;2011039;;2011-03-30;MERCREDI;modern-5-plus-chance;15;23;27;43;29;;;10;;;;;;2008-10-to-2017-03;nouveau_loto.csv
2011040;2011040;;2011-04-02;SAMEDI;modern-5-plus-chance;5;24;7;46;35;;;3;;;;;;2008-10-to-2017-03;nouveau_loto.csv
2011041;2011041;;2011-04-04;LUNDI;modern-5-plus-chance;12;23;37;13;10;;;7;;;;;;2008-10-to-2017-03;nouveau_loto.csv
2011042;2011042;;2011-04-06;MERCREDI;modern-5-plus-chance;12;19;1;32;44;;;3;;;;;;2008-10-to-2017-03;nouveau_loto.csv
2011043;2011043;;2011-04-09;SAMEDI;modern-5-plus-chance;6;20;31;22;41;;;8;;;;;;2008-10-to-2017-03;nouveau_loto.csv
2011044;2011044;;2011-04-11;LUNDI;modern-5-plus-chance;13;47;22;3;32;;;6;;;;;;2008-10-to-2017-03;nouveau_loto.csv
2011045;2011045;;2011-04-13;MERCREDI;modern-5-plus-chance;38;6;33;43;23;;;1;;;;;;2008-10-to-2017-03;nouveau_loto.csv
2011046;2011046;;2011-04-16;SAMEDI;modern-5-plus-chance;17;35;24;47;6;;;8;;;;;;2008-10-to-2017-03;nouveau_loto.csv
2011047;2011047;;2011-04-18;LUNDI;modern-5-plus-chance;6;10;22;7;21;;;5;;;;;;2008-10-to-2017-03;nouveau_loto.csv
2011048;2011048;;2011-04-20;MERCREDI;modern-5-plus-chance;15;41;18;17;33;;;9;;;;;;2008-10-to-2017-03;nouveau_loto.csv
2011049;2011049;;2011-04-23;SAMEDI;modern-5-plus-chance;40;21;28;32;8;;;9;;;;;;2008-10-to-2017-03;nouveau_loto.csv
2011050;2011050;;2011-04-25;LUNDI;modern-5-plus-chance;18;2;21;34;10;;;2;;;;;;2008-10-to-2017-03;nouveau_loto.csv
2011051;2011051;;2011-04-27;MERCREDI;modern-5-plus-chance;5;26;14;28;23;;;6;;;;;;2008-10-to-2017-03;nouveau_loto.csv
2011052;2011052;;2011-04-30;SAMEDI;modern-5-plus-chance;8;49;42;9;2;;;3;;;;;;2008-10-to-2017-03;nouveau_loto.csv
2011053;2011053;;2011-05-02;LUNDI;modern-5-plus-chance;25;23;4;1;40;;;2;;;;;;2008-10-to-2017-03;nouveau_loto.csv
2011054;2011054;;2011-05-04;MERCREDI;modern-5-plus-chance;44;29;11;7;13;;;2;;;;;;2008-10-to-2017-03;nouveau_loto.csv
2011055;2011055;;2011-05-07;SAMEDI;modern-5-plus-chance;42;28;37;38;3;;;8;;;;;;2008-10-to-2017-03;nouveau_loto.csv
2011056;2011056;;2011-05-09;LUNDI;modern-5-plus-chance;13;48;3;26;22;;;7;;;;;;2008-10-to-2017-03;nouveau_loto.csv
2011057;2011057;;2011-05-11;MERCREDI;modern-5-plus-chance;45;14;26;28;38;;;5;;;;;;2008-10-to-2017-03;nouveau_loto.csv
2011058;2011058;;2011-05-14;SAMEDI;modern-5-plus-chance;38;31;35;42;3;;;8;;;;;;2008-10-to-2017-03;nouveau_loto.csv
2011059;2011059;;2011-05-16;LUNDI;modern-5-plus-chance;41;43;9;11;46;;;8;;;;;;2008-10-to-2017-03;nouveau_loto.csv
2011060;2011060;;2011-05-18;MERCREDI;modern-5-plus-chance;27;23;16;17;47;;;1;;;;;;2008-10-to-2017-03;nouveau_loto.csv
2011061;2011061;;2011-05-21;SAMEDI;modern-5-plus-chance;27;15;35;5;14;;;10;;;;;;2008-10-to-2017-03;nouveau_loto.csv
2011062;2011062;;2011-05-23;LUNDI;modern-5-plus-chance;15;29;38;19;33;;;3;;;;;;2008-10-to-2017-03;nouveau_loto.csv
2011063;2011063;;2011-05-25;MERCREDI;modern-5-plus-chance;14;45;34;27;38;;;3;;;;;;2008-10-to-2017-03;nouveau_loto.csv
2011064;2011064;;2011-05-28;SAMEDI;modern-5-plus-chance;2;5;3;1;43;;;9;;;;;;2008-10-to-2017-03;nouveau_loto.csv
2011065;2011065;;2011-05-30;LUNDI;modern-5-plus-chance;14;22;47;20;21;;;9;;;;;;2008-10-to-2017-03;nouveau_loto.csv
2011066;2011066;;2011-06-01;MERCREDI;modern-5-plus-chance;30;45;32;25;26;;;5;;;;;;2008-10-to-2017-03;nouveau_loto.csv
2011067;2011067;;2011-06-04;SAMEDI;modern-5-plus-chance;35;4;27;15;3;;;2;;;;;;2008-10-to-2017-03;nouveau_loto.csv
2011068;2011068;;2011-06-06;LUNDI;modern-5-plus-chance;10;30;45;22;13;;;1;;;;;;2008-10-to-2017-03;nouveau_loto.csv
2011069;2011069;;2011-06-08;MERCREDI;modern-5-plus-chance;20;16;40;11;24;;;5;;;;;;2008-10-to-2017-03;nouveau_loto.csv
2011070;2011070;;2011-06-11;SAMEDI;modern-5-plus-chance;39;32;44;37;5;;;5;;;;;;2008-10-to-2017-03;nouveau_loto.csv
2011071;2011071;;2011-06-13;LUNDI;modern-5-plus-chance;22;3;18;17;28;;;6;;;;;;2008-10-to-2017-03;nouveau_loto.csv
2011072;2011072;;2011-06-15;MERCREDI;modern-5-plus-chance;47;41;9;37;36;;;8;;;;;;2008-10-to-2017-03;nouveau_loto.csv
2011073;2011073;;2011-06-18;SAMEDI;modern-5-plus-chance;9;12;43;46;33;;;10;;;;;;2008-10-to-2017-03;nouveau_loto.csv
2011074;2011074;;2011-06-20;LUNDI;modern-5-plus-chance;27;2;23;8;36;;;9;;;;;;2008-10-to-2017-03;nouveau_loto.csv
2011075;2011075;;2011-06-22;MERCREDI;modern-5-plus-chance;33;21;26;28;22;;;5;;;;;;2008-10-to-2017-03;nouveau_loto.csv
2011076;2011076;;2011-06-25;SAMEDI;modern-5-plus-chance;39;43;10;17;6;;;3;;;;;;2008-10-to-2017-03;nouveau_loto.csv
2011077;2011077;;2011-06-27;LUNDI;modern-5-plus-chance;43;5;14;20;12;;;3;;;;;;2008-10-to-2017-03;nouveau_loto.csv
2011078;2011078;;2011-06-29;MERCREDI;modern-5-plus-chance;38;11;37;1;18;;;4;;;;;;2008-10-to-2017-03;nouveau_loto.csv
2011079;2011079;;2011-07-02;SAMEDI;modern-5-plus-chance;49;11;26;1;7;;;5;;;;;;2008-10-to-2017-03;nouveau_loto.csv
2011080;2011080;;2011-07-04;LUNDI;modern-5-plus-chance;14;46;31;25;37;;;4;;;;;;2008-10-to-2017-03;nouveau_loto.csv
2011081;2011081;;2011-07-06;MERCREDI;modern-5-plus-chance;9;33;10;24;3;;;6;;;;;;2008-10-to-2017-03;nouveau_loto.csv
2011082;2011082;;2011-07-09;SAMEDI;modern-5-plus-chance;15;4;31;45;44;;;6;;;;;;2008-10-to-2017-03;nouveau_loto.csv
2011083;2011083;;2011-07-11;LUNDI;modern-5-plus-chance;7;43;23;48;47;;;9;;;;;;2008-10-to-2017-03;nouveau_loto.csv
2011084;2011084;;2011-07-13;MERCREDI;modern-5-plus-chance;4;46;41;12;16;;;6;;;;;;2008-10-to-2017-03;nouveau_loto.csv
2011085;2011085;;2011-07-16;SAMEDI;modern-5-plus-chance;27;35;42;18;37;;;3;;;;;;2008-10-to-2017-03;nouveau_loto.csv
2011086;2011086;;2011-07-18;LUNDI;modern-5-plus-chance;19;5;38;47;26;;;7;;;;;;2008-10-to-2017-03;nouveau_loto.csv
2011087;2011087;;2011-07-20;MERCREDI;modern-5-plus-chance;26;45;18;23;6;;;6;;;;;;2008-10-to-2017-03;nouveau_loto.csv
2011088;2011088;;2011-07-23;SAMEDI;modern-5-plus-chance;43;32;18;13;46;;;5;;;;;;2008-10-to-2017-03;nouveau_loto.csv
2011089;2011089;;2011-07-25;LUNDI;modern-5-plus-chance;38;22;3;11;41;;;7;;;;;;2008-10-to-2017-03;nouveau_loto.csv
2011090;2011090;;2011-07-27;MERCREDI;modern-5-plus-chance;6;11;7;5;4;;;10;;;;;;2008-10-to-2017-03;nouveau_loto.csv
2011091;2011091;;2011-07-30;SAMEDI;modern-5-plus-chance;8;41;20;46;12;;;1;;;;;;2008-10-to-2017-03;nouveau_loto.csv
2011092;2011092;;2011-08-01;LUNDI;modern-5-plus-chance;32;37;43;10;25;;;3;;;;;;2008-10-to-2017-03;nouveau_loto.csv
2011093;2011093;;2011-08-03;MERCREDI;modern-5-plus-chance;20;4;19;17;5;;;10;;;;;;2008-10-to-2017-03;nouveau_loto.csv
2011094;2011094;;2011-08-06;SAMEDI;modern-5-plus-chance;17;13;15;4;39;;;4;;;;;;2008-10-to-2017-03;nouveau_loto.csv
2011095;2011095;;2011-08-08;LUNDI;modern-5-plus-chance;18;12;1;26;30;;;9;;;;;;2008-10-to-2017-03;nouveau_loto.csv
2011096;2011096;;2011-08-10;MERCREDI;modern-5-plus-chance;28;4;27;29;38;;;2;;;;;;2008-10-to-2017-03;nouveau_loto.csv
2011097;2011097;;2011-08-13;SAMEDI;modern-5-plus-chance;3;13;4;41;5;;;9;;;;;;2008-10-to-2017-03;nouveau_loto.csv
2011098;2011098;;2011-08-15;LUNDI;modern-5-plus-chance;23;3;8;4;1;;;8;;;;;;2008-10-to-2017-03;nouveau_loto.csv
2011099;2011099;;2011-08-17;MERCREDI;modern-5-plus-chance;8;49;29;45;3;;;9;;;;;;2008-10-to-2017-03;nouveau_loto.csv
2011100;2011100;;2011-08-20;SAMEDI;modern-5-plus-chance;21;40;49;31;22;;;4;;;;;;2008-10-to-2017-03;nouveau_loto.csv
2011101;2011101;;2011-08-22;LUNDI;modern-5-plus-chance;40;36;38;44;17;;;1;;;;;;2008-10-to-2017-03;nouveau_loto.csv
2011102;2011102;;2011-08-24;MERCREDI;modern-5-plus-chance;3;36;47;4;17;;;4;;;;;;2008-10-to-2017-03;nouveau_loto.csv
2011103;2011103;;2011-08-27;SAMEDI;modern-5-plus-chance;27;21;19;13;45;;;2;;;;;;2008-10-to-2017-03;nouveau_loto.csv
2011104;2011104;;2011-08-29;LUNDI;modern-5-plus-chance;46;30;12;3;10;;;2;;;;;;2008-10-to-2017-03;nouveau_loto.csv
2011105;2011105;;2011-08-31;MERCREDI;modern-5-plus-chance;7;42;39;9;5;;;3;;;;;;2008-10-to-2017-03;nouveau_loto.csv
2011106;2011106;;2011-09-03;SAMEDI;modern-5-plus-chance;42;41;7;13;47;;;5;;;;;;2008-10-to-2017-03;nouveau_loto.csv
2011107;2011107;;2011-09-05;LUNDI;modern-5-plus-chance;7;17;22;10;23;;;5;;;;;;2008-10-to-2017-03;nouveau_loto.csv
2011108;2011108;;2011-09-07;MERCREDI;modern-5-plus-chance;13;40;41;3;12;;;7;;;;;;2008-10-to-2017-03;nouveau_loto.csv
2011109;2011109;;2011-09-10;SAMEDI;modern-5-plus-chance;15;1;28;24;10;;;5;;;;;;2008-10-to-2017-03;nouveau_loto.csv
2011110;2011110;;2011-09-12;LUNDI;modern-5-plus-chance;13;45;18;32;30;;;2;;;;;;2008-10-to-2017-03;nouveau_loto.csv
2011111;2011111;;2011-09-14;MERCREDI;modern-5-plus-chance;14;42;5;16;11;;;3;;;;;;2008-10-to-2017-03;nouveau_loto.csv
2011112;2011112;;2011-09-17;SAMEDI;modern-5-plus-chance;15;40;1;23;2;;;4;;;;;;2008-10-to-2017-03;nouveau_loto.csv
2011113;2011113;;2011-09-19;LUNDI;modern-5-plus-chance;13;1;27;48;35;;;7;;;;;;2008-10-to-2017-03;nouveau_loto.csv
2011114;2011114;;2011-09-21;MERCREDI;modern-5-plus-chance;40;20;46;19;16;;;4;;;;;;2008-10-to-2017-03;nouveau_loto.csv
2011115;2011115;;2011-09-24;SAMEDI;modern-5-plus-chance;36;4;41;33;40;;;6;;;;;;2008-10-to-2017-03;nouveau_loto.csv
2011116;2011116;;2011-09-26;LUNDI;modern-5-plus-chance;11;44;33;4;49;;;9;;;;;;2008-10-to-2017-03;nouveau_loto.csv
2011117;2011117;;2011-09-28;MERCREDI;modern-5-plus-chance;16;42;36;3;8;;;3;;;;;;2008-10-to-2017-03;nouveau_loto.csv
2011118;2011118;;2011-10-01;SAMEDI;modern-5-plus-chance;25;38;14;32;15;;;3;;;;;;2008-10-to-2017-03;nouveau_loto.csv
2011119;2011119;;2011-10-03;LUNDI;modern-5-plus-chance;40;28;27;12;4;;;1;;;;;;2008-10-to-2017-03;nouveau_loto.csv
2011120;2011120;;2011-10-05;MERCREDI;modern-5-plus-chance;20;2;7;42;27;;;5;;;;;;2008-10-to-2017-03;nouveau_loto.csv
2011121;2011121;;2011-10-08;SAMEDI;modern-5-plus-chance;31;44;21;30;22;;;7;;;;;;2008-10-to-2017-03;nouveau_loto.csv
2011122;2011122;;2011-10-10;LUNDI;modern-5-plus-chance;15;47;16;45;3;;;7;;;;;;2008-10-to-2017-03;nouveau_loto.csv
2011123;2011123;;2011-10-12;MERCREDI;modern-5-plus-chance;12;9;20;30;25;;;5;;;;;;2008-10-to-2017-03;nouveau_loto.csv
2011124;2011124;;2011-10-15;SAMEDI;modern-5-plus-chance;13;37;27;5;39;;;3;;;;;;2008-10-to-2017-03;nouveau_loto.csv
2011125;2011125;;2011-10-17;LUNDI;modern-5-plus-chance;14;13;18;4;48;;;10;;;;;;2008-10-to-2017-03;nouveau_loto.csv
2011126;2011126;;2011-10-19;MERCREDI;modern-5-plus-chance;38;35;23;3;44;;;8;;;;;;2008-10-to-2017-03;nouveau_loto.csv
2011127;2011127;;2011-10-22;SAMEDI;modern-5-plus-chance;45;44;32;29;6;;;7;;;;;;2008-10-to-2017-03;nouveau_loto.csv
2011128;2011128;;2011-10-24;LUNDI;modern-5-plus-chance;15;18;17;5;31;;;7;;;;;;2008-10-to-2017-03;nouveau_loto.csv
2011129;2011129;;2011-10-26;MERCREDI;modern-5-plus-chance;35;6;2;3;20;;;1;;;;;;2008-10-to-2017-03;nouveau_loto.csv
2011130;2011130;;2011-10-29;SAMEDI;modern-5-plus-chance;12;17;46;42;38;;;8;;;;;;2008-10-to-2017-03;nouveau_loto.csv
2011131;2011131;;2011-10-31;LUNDI;modern-5-plus-chance;24;13;47;37;21;;;7;;;;;;2008-10-to-2017-03;nouveau_loto.csv
2011132;2011132;;2011-11-02;MERCREDI;modern-5-plus-chance;2;38;44;35;42;;;9;;;;;;2008-10-to-2017-03;nouveau_loto.csv
2011133;2011133;;2011-11-05;SAMEDI;modern-5-plus-chance;38;2;13;32;20;;;10;;;;;;2008-10-to-2017-03;nouveau_loto.csv
2011134;2011134;;2011-11-07;LUNDI;modern-5-plus-chance;18;47;11;2;30;;;5;;;;;;2008-10-to-2017-03;nouveau_loto.csv
2011135;2011135;;2011-11-09;MERCREDI;modern-5-plus-chance;17;8;23;12;37;;;2;;;;;;2008-10-to-2017-03;nouveau_loto.csv
2011136;2011136;;2011-11-12;SAMEDI;modern-5-plus-chance;44;48;13;33;12;;;7;;;;;;2008-10-to-2017-03;nouveau_loto.csv
2011137;2011137;;2011-11-14;LUNDI;modern-5-plus-chance;25;43;18;22;3;;;7;;;;;;2008-10-to-2017-03;nouveau_loto.csv
2011138;2011138;;2011-11-16;MERCREDI;modern-5-plus-chance;37;41;27;17;12;;;10;;;;;;2008-10-to-2017-03;nouveau_loto.csv
2011139;2011139;;2011-11-19;SAMEDI;modern-5-plus-chance;45;37;22;33;34;;;5;;;;;;2008-10-to-2017-03;nouveau_loto.csv
2011140;2011140;;2011-11-21;LUNDI;modern-5-plus-chance;46;33;31;49;18;;;1;;;;;;2008-10-to-2017-03;nouveau_loto.csv
2011141;2011141;;2011-11-23;MERCREDI;modern-5-plus-chance;39;16;6;10;21;;;5;;;;;;2008-10-to-2017-03;nouveau_loto.csv
2011142;2011142;;2011-11-26;SAMEDI;modern-5-plus-chance;47;31;16;3;39;;;1;;;;;;2008-10-to-2017-03;nouveau_loto.csv
2011143;2011143;;2011-11-28;LUNDI;modern-5-plus-chance;11;24;1;15;2;;;9;;;;;;2008-10-to-2017-03;nouveau_loto.csv
2011144;2011144;;2011-11-30;MERCREDI;modern-5-plus-chance;29;2;42;49;4;;;2;;;;;;2008-10-to-2017-03;nouveau_loto.csv
2011145;2011145;;2011-12-03;SAMEDI;modern-5-plus-chance;31;6;49;34;26;;;1;;;;;;2008-10-to-2017-03;nouveau_loto.csv
2011146;2011146;;2011-12-05;LUNDI;modern-5-plus-chance;43;47;38;36;30;;;5;;;;;;2008-10-to-2017-03;nouveau_loto.csv
2011147;2011147;;2011-12-07;MERCREDI;modern-5-plus-chance;32;35;31;48;8;;;1;;;;;;2008-10-to-2017-03;nouveau_loto.csv
2011148;2011148;;2011-12-10;SAMEDI;modern-5-plus-chance;14;43;26;30;28;;;8;;;;;;2008-10-to-2017-03;nouveau_loto.csv
2011149;2011149;;2011-12-12;LUNDI;modern-5-plus-chance;48;29;1;25;16;;;1;;;;;;2008-10-to-2017-03;nouveau_loto.csv
2011150;2011150;;2011-12-14;MERCREDI;modern-5-plus-chance;42;14;21;33;48;;;1;;;;;;2008-10-to-2017-03;nouveau_loto.csv
2011151;2011151;;2011-12-17;SAMEDI;modern-5-plus-chance;41;9;37;38;34;;;5;;;;;;2008-10-to-2017-03;nouveau_loto.csv
2011152;2011152;;2011-12-19;LUNDI;modern-5-plus-chance;42;23;13;35;26;;;5;;;;;;2008-10-to-2017-03;nouveau_loto.csv
2011153;2011153;;2011-12-21;MERCREDI;modern-5-plus-chance;27;42;33;45;37;;;2;;;;;;2008-10-to-2017-03;nouveau_loto.csv
2011154;2011154;;2011-12-24;SAMEDI;modern-5-plus-chance;7;10;28;11;12;;;8;;;;;;2008-10-to-2017-03;nouveau_loto.csv
2011155;2011155;;2011-12-26;LUNDI;modern-5-plus-chance;36;43;42;23;28;;;4;;;;;;2008-10-to-2017-03;nouveau_loto.csv
2011156;2011156;;2011-12-28;MERCREDI;modern-5-plus-chance;39;41;16;31;36;;;5;;;;;;2008-10-to-2017-03;nouveau_loto.csv
2011157;2011157;;2011-12-31;SAMEDI;modern-5-plus-chance;32;35;17;28;2;;;2;;;;;;2008-10-to-2017-03;nouveau_loto.csv
2012001;2012001;;2012-01-02;LUNDI;modern-5-plus-chance;3;36;30;16;24;;;9;;;;;;2008-10-to-2017-03;nouveau_loto.csv
2012002;2012002;;2012-01-04;MERCREDI;modern-5-plus-chance;10;23;2;43;34;;;5;;;;;;2008-10-to-2017-03;nouveau_loto.csv
2012003;2012003;;2012-01-07;SAMEDI;modern-5-plus-chance;1;6;12;10;8;;;8;;;;;;2008-10-to-2017-03;nouveau_loto.csv
2012004;2012004;;2012-01-09;LUNDI;modern-5-plus-chance;34;15;26;25;32;;;4;;;;;;2008-10-to-2017-03;nouveau_loto.csv
2012005;2012005;;2012-01-11;MERCREDI;modern-5-plus-chance;9;7;44;36;23;;;7;;;;;;2008-10-to-2017-03;nouveau_loto.csv
2012006;2012006;;2012-01-14;SAMEDI;modern-5-plus-chance;1;38;19;49;29;;;8;;;;;;2008-10-to-2017-03;nouveau_loto.csv
2012007;2012007;;2012-01-16;LUNDI;modern-5-plus-chance;39;36;29;47;38;;;8;;;;;;2008-10-to-2017-03;nouveau_loto.csv
2012008;2012008;;2012-01-18;MERCREDI;modern-5-plus-chance;21;9;33;13;42;;;4;;;;;;2008-10-to-2017-03;nouveau_loto.csv
2012009;2012009;;2012-01-21;SAMEDI;modern-5-plus-chance;36;23;1;31;17;;;4;;;;;;2008-10-to-2017-03;nouveau_loto.csv
2012010;2012010;;2012-01-23;LUNDI;modern-5-plus-chance;39;44;48;20;25;;;6;;;;;;2008-10-to-2017-03;nouveau_loto.csv
2012011;2012011;;2012-01-25;MERCREDI;modern-5-plus-chance;2;23;8;30;48;;;5;;;;;;2008-10-to-2017-03;nouveau_loto.csv
2012012;2012012;;2012-01-28;SAMEDI;modern-5-plus-chance;23;12;47;15;18;;;6;;;;;;2008-10-to-2017-03;nouveau_loto.csv
2012013;2012013;;2012-01-30;LUNDI;modern-5-plus-chance;22;40;1;35;32;;;8;;;;;;2008-10-to-2017-03;nouveau_loto.csv
2012014;2012014;;2012-02-01;MERCREDI;modern-5-plus-chance;16;5;49;43;2;;;7;;;;;;2008-10-to-2017-03;nouveau_loto.csv
2012015;2012015;;2012-02-04;SAMEDI;modern-5-plus-chance;38;32;10;17;9;;;3;;;;;;2008-10-to-2017-03;nouveau_loto.csv
2012016;2012016;;2012-02-06;LUNDI;modern-5-plus-chance;15;49;24;13;29;;;3;;;;;;2008-10-to-2017-03;nouveau_loto.csv
2012017;2012017;;2012-02-08;MERCREDI;modern-5-plus-chance;27;19;12;37;15;;;3;;;;;;2008-10-to-2017-03;nouveau_loto.csv
2012018;2012018;;2012-02-11;SAMEDI;modern-5-plus-chance;11;12;46;32;36;;;6;;;;;;2008-10-to-2017-03;nouveau_loto.csv
2012019;2012019;;2012-02-13;LUNDI;modern-5-plus-chance;23;9;22;24;36;;;5;;;;;;2008-10-to-2017-03;nouveau_loto.csv
2012020;2012020;;2012-02-15;MERCREDI;modern-5-plus-chance;11;36;10;22;31;;;1;;;;;;2008-10-to-2017-03;nouveau_loto.csv
2012021;2012021;;2012-02-18;SAMEDI;modern-5-plus-chance;49;48;5;17;47;;;6;;;;;;2008-10-to-2017-03;nouveau_loto.csv
2012022;2012022;;2012-02-20;LUNDI;modern-5-plus-chance;34;31;9;3;35;;;5;;;;;;2008-10-to-2017-03;nouveau_loto.csv
2012023;2012023;;2012-02-22;MERCREDI;modern-5-plus-chance;43;33;39;11;31;;;10;;;;;;2008-10-to-2017-03;nouveau_loto.csv
2012024;2012024;;2012-02-25;SAMEDI;modern-5-plus-chance;8;7;19;4;27;;;1;;;;;;2008-10-to-2017-03;nouveau_loto.csv
2012025;2012025;;2012-02-27;LUNDI;modern-5-plus-chance;45;41;33;8;23;;;1;;;;;;2008-10-to-2017-03;nouveau_loto.csv
2012026;2012026;;2012-02-29;MERCREDI;modern-5-plus-chance;14;27;11;17;35;;;4;;;;;;2008-10-to-2017-03;nouveau_loto.csv
2012027;2012027;;2012-03-03;SAMEDI;modern-5-plus-chance;2;24;3;39;27;;;8;;;;;;2008-10-to-2017-03;nouveau_loto.csv
2012028;2012028;;2012-03-05;LUNDI;modern-5-plus-chance;31;30;28;34;17;;;3;;;;;;2008-10-to-2017-03;nouveau_loto.csv
2012029;2012029;;2012-03-07;MERCREDI;modern-5-plus-chance;6;39;31;22;16;;;7;;;;;;2008-10-to-2017-03;nouveau_loto.csv
2012030;2012030;;2012-03-10;SAMEDI;modern-5-plus-chance;2;40;4;44;37;;;5;;;;;;2008-10-to-2017-03;nouveau_loto.csv
2012031;2012031;;2012-03-12;LUNDI;modern-5-plus-chance;48;25;16;46;14;;;10;;;;;;2008-10-to-2017-03;nouveau_loto.csv
2012032;2012032;;2012-03-14;MERCREDI;modern-5-plus-chance;13;7;31;36;43;;;9;;;;;;2008-10-to-2017-03;nouveau_loto.csv
2012033;2012033;;2012-03-17;SAMEDI;modern-5-plus-chance;32;14;49;23;13;;;1;;;;;;2008-10-to-2017-03;nouveau_loto.csv
2012034;2012034;;2012-03-19;LUNDI;modern-5-plus-chance;10;28;4;11;15;;;4;;;;;;2008-10-to-2017-03;nouveau_loto.csv
2012035;2012035;;2012-03-21;MERCREDI;modern-5-plus-chance;8;14;43;37;48;;;5;;;;;;2008-10-to-2017-03;nouveau_loto.csv
2012036;2012036;;2012-03-24;SAMEDI;modern-5-plus-chance;48;8;18;13;11;;;8;;;;;;2008-10-to-2017-03;nouveau_loto.csv
2012037;2012037;;2012-03-26;LUNDI;modern-5-plus-chance;36;14;49;29;13;;;6;;;;;;2008-10-to-2017-03;nouveau_loto.csv
2012038;2012038;;2012-03-28;MERCREDI;modern-5-plus-chance;15;20;45;17;4;;;9;;;;;;2008-10-to-2017-03;nouveau_loto.csv
2012039;2012039;;2012-03-31;SAMEDI;modern-5-plus-chance;16;25;1;26;2;;;9;;;;;;2008-10-to-2017-03;nouveau_loto.csv
2012040;2012040;;2012-04-02;LUNDI;modern-5-plus-chance;33;23;3;19;39;;;2;;;;;;2008-10-to-2017-03;nouveau_loto.csv
2012041;2012041;;2012-04-04;MERCREDI;modern-5-plus-chance;36;40;27;38;11;;;8;;;;;;2008-10-to-2017-03;nouveau_loto.csv
2012042;2012042;;2012-04-07;SAMEDI;modern-5-plus-chance;46;19;45;42;47;;;8;;;;;;2008-10-to-2017-03;nouveau_loto.csv
2012043;2012043;;2012-04-09;LUNDI;modern-5-plus-chance;26;14;31;33;2;;;10;;;;;;2008-10-to-2017-03;nouveau_loto.csv
2012044;2012044;;2012-04-11;MERCREDI;modern-5-plus-chance;49;27;15;29;19;;;1;;;;;;2008-10-to-2017-03;nouveau_loto.csv
2012045;2012045;;2012-04-14;SAMEDI;modern-5-plus-chance;1;22;45;40;3;;;1;;;;;;2008-10-to-2017-03;nouveau_loto.csv
2012046;2012046;;2012-04-16;LUNDI;modern-5-plus-chance;2;21;13;1;16;;;2;;;;;;2008-10-to-2017-03;nouveau_loto.csv
2012047;2012047;;2012-04-18;MERCREDI;modern-5-plus-chance;34;5;3;20;24;;;3;;;;;;2008-10-to-2017-03;nouveau_loto.csv
2012048;2012048;;2012-04-21;SAMEDI;modern-5-plus-chance;41;3;48;31;18;;;10;;;;;;2008-10-to-2017-03;nouveau_loto.csv
2012049;2012049;;2012-04-23;LUNDI;modern-5-plus-chance;33;9;34;45;24;;;6;;;;;;2008-10-to-2017-03;nouveau_loto.csv
2012050;2012050;;2012-04-25;MERCREDI;modern-5-plus-chance;44;15;20;30;29;;;7;;;;;;2008-10-to-2017-03;nouveau_loto.csv
2012051;2012051;;2012-04-28;SAMEDI;modern-5-plus-chance;48;22;10;2;37;;;4;;;;;;2008-10-to-2017-03;nouveau_loto.csv
2012052;2012052;;2012-04-30;LUNDI;modern-5-plus-chance;39;22;32;18;4;;;4;;;;;;2008-10-to-2017-03;nouveau_loto.csv
2012053;2012053;;2012-05-02;MERCREDI;modern-5-plus-chance;35;26;29;3;38;;;1;;;;;;2008-10-to-2017-03;nouveau_loto.csv
2012054;2012054;;2012-05-05;SAMEDI;modern-5-plus-chance;21;10;37;8;11;;;9;;;;;;2008-10-to-2017-03;nouveau_loto.csv
2012055;2012055;;2012-05-07;LUNDI;modern-5-plus-chance;21;13;26;46;12;;;10;;;;;;2008-10-to-2017-03;nouveau_loto.csv
2012056;2012056;;2012-05-09;MERCREDI;modern-5-plus-chance;36;26;18;41;32;;;4;;;;;;2008-10-to-2017-03;nouveau_loto.csv
2012057;2012057;;2012-05-12;SAMEDI;modern-5-plus-chance;6;34;22;20;19;;;5;;;;;;2008-10-to-2017-03;nouveau_loto.csv
2012058;2012058;;2012-05-14;LUNDI;modern-5-plus-chance;26;11;3;22;43;;;6;;;;;;2008-10-to-2017-03;nouveau_loto.csv
2012059;2012059;;2012-05-16;MERCREDI;modern-5-plus-chance;21;49;22;15;31;;;1;;;;;;2008-10-to-2017-03;nouveau_loto.csv
2012060;2012060;;2012-05-19;SAMEDI;modern-5-plus-chance;11;23;48;24;42;;;2;;;;;;2008-10-to-2017-03;nouveau_loto.csv
2012061;2012061;;2012-05-21;LUNDI;modern-5-plus-chance;37;45;23;19;7;;;10;;;;;;2008-10-to-2017-03;nouveau_loto.csv
2012062;2012062;;2012-05-23;MERCREDI;modern-5-plus-chance;19;1;35;49;3;;;9;;;;;;2008-10-to-2017-03;nouveau_loto.csv
2012063;2012063;;2012-05-26;SAMEDI;modern-5-plus-chance;27;47;40;41;29;;;7;;;;;;2008-10-to-2017-03;nouveau_loto.csv
2012064;2012064;;2012-05-28;LUNDI;modern-5-plus-chance;30;42;38;15;41;;;3;;;;;;2008-10-to-2017-03;nouveau_loto.csv
2012065;2012065;;2012-05-30;MERCREDI;modern-5-plus-chance;9;30;13;17;5;;;3;;;;;;2008-10-to-2017-03;nouveau_loto.csv
2012066;2012066;;2012-06-02;SAMEDI;modern-5-plus-chance;26;9;34;39;22;;;1;;;;;;2008-10-to-2017-03;nouveau_loto.csv
2012067;2012067;;2012-06-04;LUNDI;modern-5-plus-chance;38;42;35;43;40;;;4;;;;;;2008-10-to-2017-03;nouveau_loto.csv
2012068;2012068;;2012-06-06;MERCREDI;modern-5-plus-chance;21;23;12;24;13;;;6;;;;;;2008-10-to-2017-03;nouveau_loto.csv
2012069;2012069;;2012-06-09;SAMEDI;modern-5-plus-chance;13;25;14;18;20;;;6;;;;;;2008-10-to-2017-03;nouveau_loto.csv
2012070;2012070;;2012-06-11;LUNDI;modern-5-plus-chance;20;6;16;4;29;;;1;;;;;;2008-10-to-2017-03;nouveau_loto.csv
2012071;2012071;;2012-06-13;MERCREDI;modern-5-plus-chance;33;48;20;8;3;;;10;;;;;;2008-10-to-2017-03;nouveau_loto.csv
2012072;2012072;;2012-06-16;SAMEDI;modern-5-plus-chance;14;31;1;39;27;;;6;;;;;;2008-10-to-2017-03;nouveau_loto.csv
2012073;2012073;;2012-06-18;LUNDI;modern-5-plus-chance;37;5;7;16;38;;;3;;;;;;2008-10-to-2017-03;nouveau_loto.csv
2012074;2012074;;2012-06-20;MERCREDI;modern-5-plus-chance;36;33;15;41;47;;;5;;;;;;2008-10-to-2017-03;nouveau_loto.csv
2012075;2012075;;2012-06-23;SAMEDI;modern-5-plus-chance;41;12;6;47;27;;;3;;;;;;2008-10-to-2017-03;nouveau_loto.csv
2012076;2012076;;2012-06-25;LUNDI;modern-5-plus-chance;27;11;40;10;13;;;7;;;;;;2008-10-to-2017-03;nouveau_loto.csv
2012077;2012077;;2012-06-27;MERCREDI;modern-5-plus-chance;22;41;5;1;11;;;7;;;;;;2008-10-to-2017-03;nouveau_loto.csv
2012078;2012078;;2012-06-30;SAMEDI;modern-5-plus-chance;13;45;1;42;12;;;4;;;;;;2008-10-to-2017-03;nouveau_loto.csv
2012079;2012079;;2012-07-02;LUNDI;modern-5-plus-chance;2;15;7;46;6;;;5;;;;;;2008-10-to-2017-03;nouveau_loto.csv
2012080;2012080;;2012-07-04;MERCREDI;modern-5-plus-chance;13;40;37;17;39;;;6;;;;;;2008-10-to-2017-03;nouveau_loto.csv
2012081;2012081;;2012-07-07;SAMEDI;modern-5-plus-chance;5;30;17;1;44;;;1;;;;;;2008-10-to-2017-03;nouveau_loto.csv
2012082;2012082;;2012-07-09;LUNDI;modern-5-plus-chance;15;38;41;45;26;;;3;;;;;;2008-10-to-2017-03;nouveau_loto.csv
2012083;2012083;;2012-07-11;MERCREDI;modern-5-plus-chance;23;20;30;21;36;;;9;;;;;;2008-10-to-2017-03;nouveau_loto.csv
2012084;2012084;;2012-07-14;SAMEDI;modern-5-plus-chance;22;44;40;5;41;;;6;;;;;;2008-10-to-2017-03;nouveau_loto.csv
2012085;2012085;;2012-07-16;LUNDI;modern-5-plus-chance;3;32;6;19;37;;;2;;;;;;2008-10-to-2017-03;nouveau_loto.csv
2012086;2012086;;2012-07-18;MERCREDI;modern-5-plus-chance;26;25;4;28;32;;;5;;;;;;2008-10-to-2017-03;nouveau_loto.csv
2012087;2012087;;2012-07-21;SAMEDI;modern-5-plus-chance;22;3;1;44;40;;;3;;;;;;2008-10-to-2017-03;nouveau_loto.csv
2012088;2012088;;2012-07-23;LUNDI;modern-5-plus-chance;40;31;38;23;28;;;3;;;;;;2008-10-to-2017-03;nouveau_loto.csv
2012089;2012089;;2012-07-25;MERCREDI;modern-5-plus-chance;17;16;14;32;36;;;6;;;;;;2008-10-to-2017-03;nouveau_loto.csv
2012090;2012090;;2012-07-28;SAMEDI;modern-5-plus-chance;29;4;6;39;7;;;3;;;;;;2008-10-to-2017-03;nouveau_loto.csv
2012091;2012091;;2012-07-30;LUNDI;modern-5-plus-chance;35;6;38;4;13;;;3;;;;;;2008-10-to-2017-03;nouveau_loto.csv
2012092;2012092;;2012-08-01;MERCREDI;modern-5-plus-chance;33;45;17;30;11;;;6;;;;;;2008-10-to-2017-03;nouveau_loto.csv
2012093;2012093;;2012-08-04;SAMEDI;modern-5-plus-chance;29;49;34;26;25;;;6;;;;;;2008-10-to-2017-03;nouveau_loto.csv
2012094;2012094;;2012-08-06;LUNDI;modern-5-plus-chance;12;7;10;34;47;;;7;;;;;;2008-10-to-2017-03;nouveau_loto.csv
2012095;2012095;;2012-08-08;MERCREDI;modern-5-plus-chance;32;35;42;11;1;;;4;;;;;;2008-10-to-2017-03;nouveau_loto.csv
2012096;2012096;;2012-08-11;SAMEDI;modern-5-plus-chance;7;1;10;45;44;;;9;;;;;;2008-10-to-2017-03;nouveau_loto.csv
2012097;2012097;;2012-08-13;LUNDI;modern-5-plus-chance;49;25;12;16;4;;;4;;;;;;2008-10-to-2017-03;nouveau_loto.csv
2012098;2012098;;2012-08-15;MERCREDI;modern-5-plus-chance;13;24;2;15;19;;;5;;;;;;2008-10-to-2017-03;nouveau_loto.csv
2012099;2012099;;2012-08-18;SAMEDI;modern-5-plus-chance;25;26;42;12;2;;;7;;;;;;2008-10-to-2017-03;nouveau_loto.csv
2012100;2012100;;2012-08-20;LUNDI;modern-5-plus-chance;45;26;33;27;11;;;2;;;;;;2008-10-to-2017-03;nouveau_loto.csv
2012101;2012101;;2012-08-22;MERCREDI;modern-5-plus-chance;14;13;18;33;22;;;7;;;;;;2008-10-to-2017-03;nouveau_loto.csv
2012102;2012102;;2012-08-25;SAMEDI;modern-5-plus-chance;9;13;2;29;10;;;9;;;;;;2008-10-to-2017-03;nouveau_loto.csv
2012103;2012103;;2012-08-27;LUNDI;modern-5-plus-chance;18;32;40;7;8;;;5;;;;;;2008-10-to-2017-03;nouveau_loto.csv
2012104;2012104;;2012-08-29;MERCREDI;modern-5-plus-chance;20;29;26;11;8;;;9;;;;;;2008-10-to-2017-03;nouveau_loto.csv
2012105;2012105;;2012-09-01;SAMEDI;modern-5-plus-chance;28;5;22;25;13;;;10;;;;;;2008-10-to-2017-03;nouveau_loto.csv
2012106;2012106;;2012-09-03;LUNDI;modern-5-plus-chance;34;27;22;18;37;;;3;;;;;;2008-10-to-2017-03;nouveau_loto.csv
2012107;2012107;;2012-09-05;MERCREDI;modern-5-plus-chance;37;8;1;26;10;;;4;;;;;;2008-10-to-2017-03;nouveau_loto.csv
2012108;2012108;;2012-09-08;SAMEDI;modern-5-plus-chance;9;22;43;34;15;;;4;;;;;;2008-10-to-2017-03;nouveau_loto.csv
2012109;2012109;;2012-09-10;LUNDI;modern-5-plus-chance;19;28;43;3;25;;;9;;;;;;2008-10-to-2017-03;nouveau_loto.csv
2012110;2012110;;2012-09-12;MERCREDI;modern-5-plus-chance;32;1;49;12;38;;;8;;;;;;2008-10-to-2017-03;nouveau_loto.csv
2012111;2012111;;2012-09-15;SAMEDI;modern-5-plus-chance;17;21;43;37;15;;;2;;;;;;2008-10-to-2017-03;nouveau_loto.csv
2012112;2012112;;2012-09-17;LUNDI;modern-5-plus-chance;16;25;14;7;17;;;7;;;;;;2008-10-to-2017-03;nouveau_loto.csv
2012113;2012113;;2012-09-19;MERCREDI;modern-5-plus-chance;49;5;34;27;41;;;7;;;;;;2008-10-to-2017-03;nouveau_loto.csv
2012114;2012114;;2012-09-22;SAMEDI;modern-5-plus-chance;17;23;37;44;25;;;9;;;;;;2008-10-to-2017-03;nouveau_loto.csv
2012115;2012115;;2012-09-24;LUNDI;modern-5-plus-chance;41;18;40;1;21;;;6;;;;;;2008-10-to-2017-03;nouveau_loto.csv
2012116;2012116;;2012-09-26;MERCREDI;modern-5-plus-chance;42;29;38;12;46;;;9;;;;;;2008-10-to-2017-03;nouveau_loto.csv
2012117;2012117;;2012-09-29;SAMEDI;modern-5-plus-chance;21;18;47;10;7;;;1;;;;;;2008-10-to-2017-03;nouveau_loto.csv
2012118;2012118;;2012-10-01;LUNDI;modern-5-plus-chance;34;2;40;29;41;;;6;;;;;;2008-10-to-2017-03;nouveau_loto.csv
2012119;2012119;;2012-10-03;MERCREDI;modern-5-plus-chance;16;44;25;26;24;;;1;;;;;;2008-10-to-2017-03;nouveau_loto.csv
2012120;2012120;;2012-10-06;SAMEDI;modern-5-plus-chance;27;1;47;30;39;;;4;;;;;;2008-10-to-2017-03;nouveau_loto.csv
2012121;2012121;;2012-10-08;LUNDI;modern-5-plus-chance;39;32;24;13;27;;;2;;;;;;2008-10-to-2017-03;nouveau_loto.csv
2012122;2012122;;2012-10-10;MERCREDI;modern-5-plus-chance;16;35;37;3;19;;;3;;;;;;2008-10-to-2017-03;nouveau_loto.csv
2012123;2012123;;2012-10-13;SAMEDI;modern-5-plus-chance;41;49;1;35;16;;;4;;;;;;2008-10-to-2017-03;nouveau_loto.csv
2012124;2012124;;2012-10-15;LUNDI;modern-5-plus-chance;7;23;11;39;44;;;8;;;;;;2008-10-to-2017-03;nouveau_loto.csv
2012125;2012125;;2012-10-17;MERCREDI;modern-5-plus-chance;19;10;32;20;13;;;2;;;;;;2008-10-to-2017-03;nouveau_loto.csv
2012126;2012126;;2012-10-20;SAMEDI;modern-5-plus-chance;34;14;11;24;41;;;5;;;;;;2008-10-to-2017-03;nouveau_loto.csv
2012127;2012127;;2012-10-22;LUNDI;modern-5-plus-chance;28;25;24;14;41;;;5;;;;;;2008-10-to-2017-03;nouveau_loto.csv
2012128;2012128;;2012-10-24;MERCREDI;modern-5-plus-chance;30;24;5;40;17;;;7;;;;;;2008-10-to-2017-03;nouveau_loto.csv
2012129;2012129;;2012-10-27;SAMEDI;modern-5-plus-chance;29;2;41;47;10;;;1;;;;;;2008-10-to-2017-03;nouveau_loto.csv
2012130;2012130;;2012-10-29;LUNDI;modern-5-plus-chance;19;16;46;13;38;;;7;;;;;;2008-10-to-2017-03;nouveau_loto.csv
2012131;2012131;;2012-10-31;MERCREDI;modern-5-plus-chance;29;23;41;16;5;;;1;;;;;;2008-10-to-2017-03;nouveau_loto.csv
2012132;2012132;;2012-11-03;SAMEDI;modern-5-plus-chance;15;11;9;22;36;;;8;;;;;;2008-10-to-2017-03;nouveau_loto.csv
2012133;2012133;;2012-11-05;LUNDI;modern-5-plus-chance;27;14;37;9;33;;;7;;;;;;2008-10-to-2017-03;nouveau_loto.csv
2012134;2012134;;2012-11-07;MERCREDI;modern-5-plus-chance;34;16;21;2;40;;;7;;;;;;2008-10-to-2017-03;nouveau_loto.csv
2012135;2012135;;2012-11-10;SAMEDI;modern-5-plus-chance;19;46;17;3;43;;;5;;;;;;2008-10-to-2017-03;nouveau_loto.csv
2012136;2012136;;2012-11-12;LUNDI;modern-5-plus-chance;25;45;20;6;48;;;7;;;;;;2008-10-to-2017-03;nouveau_loto.csv
2012137;2012137;;2012-11-14;MERCREDI;modern-5-plus-chance;29;40;39;46;21;;;8;;;;;;2008-10-to-2017-03;nouveau_loto.csv
2012138;2012138;;2012-11-17;SAMEDI;modern-5-plus-chance;8;6;27;37;33;;;7;;;;;;2008-10-to-2017-03;nouveau_loto.csv
2012139;2012139;;2012-11-19;LUNDI;modern-5-plus-chance;6;41;16;1;3;;;1;;;;;;2008-10-to-2017-03;nouveau_loto.csv
2012140;2012140;;2012-11-21;MERCREDI;modern-5-plus-chance;10;43;6;4;46;;;10;;;;;;2008-10-to-2017-03;nouveau_loto.csv
2012141;2012141;;2012-11-24;SAMEDI;modern-5-plus-chance;18;21;19;5;28;;;2;;;;;;2008-10-to-2017-03;nouveau_loto.csv
2012142;2012142;;2012-11-26;LUNDI;modern-5-plus-chance;35;15;48;44;9;;;6;;;;;;2008-10-to-2017-03;nouveau_loto.csv
2012143;2012143;;2012-11-28;MERCREDI;modern-5-plus-chance;16;34;28;4;11;;;1;;;;;;2008-10-to-2017-03;nouveau_loto.csv
2012144;2012144;;2012-12-01;SAMEDI;modern-5-plus-chance;19;25;12;45;44;;;10;;;;;;2008-10-to-2017-03;nouveau_loto.csv
2012145;2012145;;2012-12-03;LUNDI;modern-5-plus-chance;39;25;16;6;11;;;6;;;;;;2008-10-to-2017-03;nouveau_loto.csv
2012146;2012146;;2012-12-05;MERCREDI;modern-5-plus-chance;28;24;36;45;27;;;8;;;;;;2008-10-to-2017-03;nouveau_loto.csv
2012147;2012147;;2012-12-08;SAMEDI;modern-5-plus-chance;22;47;45;24;28;;;2;;;;;;2008-10-to-2017-03;nouveau_loto.csv
2012148;2012148;;2012-12-10;LUNDI;modern-5-plus-chance;36;16;4;20;47;;;8;;;;;;2008-10-to-2017-03;nouveau_loto.csv
2012149;2012149;;2012-12-12;MERCREDI;modern-5-plus-chance;37;19;32;36;20;;;4;;;;;;2008-10-to-2017-03;nouveau_loto.csv
2012150;2012150;;2012-12-15;SAMEDI;modern-5-plus-chance;26;24;11;33;41;;;9;;;;;;2008-10-to-2017-03;nouveau_loto.csv
2012151;2012151;;2012-12-17;LUNDI;modern-5-plus-chance;16;27;39;29;32;;;5;;;;;;2008-10-to-2017-03;nouveau_loto.csv
2012152;2012152;;2012-12-19;MERCREDI;modern-5-plus-chance;5;10;25;19;49;;;8;;;;;;2008-10-to-2017-03;nouveau_loto.csv
2012153;2012153;;2012-12-22;SAMEDI;modern-5-plus-chance;47;1;2;34;24;;;1;;;;;;2008-10-to-2017-03;nouveau_loto.csv
2012154;2012154;;2012-12-24;LUNDI;modern-5-plus-chance;5;12;32;7;47;;;6;;;;;;2008-10-to-2017-03;nouveau_loto.csv
2012155;2012155;;2012-12-26;MERCREDI;modern-5-plus-chance;3;17;31;5;2;;;9;;;;;;2008-10-to-2017-03;nouveau_loto.csv
2012156;2012156;;2012-12-29;SAMEDI;modern-5-plus-chance;45;7;11;37;23;;;4;;;;;;2008-10-to-2017-03;nouveau_loto.csv
2012157;2012157;;2012-12-31;LUNDI;modern-5-plus-chance;4;47;21;44;36;;;3;;;;;;2008-10-to-2017-03;nouveau_loto.csv
2013001;2013001;;2013-01-02;MERCREDI;modern-5-plus-chance;33;21;37;22;31;;;4;;;;;;2008-10-to-2017-03;nouveau_loto.csv
2013002;2013002;;2013-01-05;SAMEDI;modern-5-plus-chance;30;46;47;6;45;;;6;;;;;;2008-10-to-2017-03;nouveau_loto.csv
2013003;2013003;;2013-01-07;LUNDI;modern-5-plus-chance;45;31;15;32;48;;;5;;;;;;2008-10-to-2017-03;nouveau_loto.csv
2013004;2013004;;2013-01-09;MERCREDI;modern-5-plus-chance;30;33;22;29;26;;;9;;;;;;2008-10-to-2017-03;nouveau_loto.csv
2013005;2013005;;2013-01-12;SAMEDI;modern-5-plus-chance;13;48;40;6;37;;;7;;;;;;2008-10-to-2017-03;nouveau_loto.csv
2013006;2013006;;2013-01-14;LUNDI;modern-5-plus-chance;35;30;10;37;7;;;6;;;;;;2008-10-to-2017-03;nouveau_loto.csv
2013007;2013007;;2013-01-16;MERCREDI;modern-5-plus-chance;27;6;16;24;46;;;5;;;;;;2008-10-to-2017-03;nouveau_loto.csv
2013008;2013008;;2013-01-19;SAMEDI;modern-5-plus-chance;22;23;45;42;9;;;8;;;;;;2008-10-to-2017-03;nouveau_loto.csv
2013009;2013009;;2013-01-21;LUNDI;modern-5-plus-chance;35;7;32;38;22;;;6;;;;;;2008-10-to-2017-03;nouveau_loto.csv
2013010;2013010;;2013-01-23;MERCREDI;modern-5-plus-chance;11;49;36;9;19;;;6;;;;;;2008-10-to-2017-03;nouveau_loto.csv
2013011;2013011;;2013-01-26;SAMEDI;modern-5-plus-chance;18;39;2;23;34;;;6;;;;;;2008-10-to-2017-03;nouveau_loto.csv
2013012;2013012;;2013-01-28;LUNDI;modern-5-plus-chance;38;29;20;40;28;;;9;;;;;;2008-10-to-2017-03;nouveau_loto.csv
2013013;2013013;;2013-01-30;MERCREDI;modern-5-plus-chance;41;31;40;11;48;;;5;;;;;;2008-10-to-2017-03;nouveau_loto.csv
2013014;2013014;;2013-02-02;SAMEDI;modern-5-plus-chance;45;33;7;6;34;;;3;;;;;;2008-10-to-2017-03;nouveau_loto.csv
2013015;2013015;;2013-02-04;LUNDI;modern-5-plus-chance;34;33;18;6;30;;;2;;;;;;2008-10-to-2017-03;nouveau_loto.csv
2013016;2013016;;2013-02-06;MERCREDI;modern-5-plus-chance;40;3;7;33;25;;;1;;;;;;2008-10-to-2017-03;nouveau_loto.csv
2013017;2013017;;2013-02-09;SAMEDI;modern-5-plus-chance;23;5;2;47;4;;;7;;;;;;2008-10-to-2017-03;nouveau_loto.csv
2013018;2013018;;2013-02-11;LUNDI;modern-5-plus-chance;25;42;1;36;45;;;7;;;;;;2008-10-to-2017-03;nouveau_loto.csv
2013019;2013019;;2013-02-13;MERCREDI;modern-5-plus-chance;39;48;19;46;14;;;2;;;;;;2008-10-to-2017-03;nouveau_loto.csv
2013020;2013020;;2013-02-16;SAMEDI;modern-5-plus-chance;19;34;26;27;4;;;6;;;;;;2008-10-to-2017-03;nouveau_loto.csv
2013021;2013021;;2013-02-18;LUNDI;modern-5-plus-chance;2;13;19;41;5;;;5;;;;;;2008-10-to-2017-03;nouveau_loto.csv
2013022;2013022;;2013-02-20;MERCREDI;modern-5-plus-chance;6;8;42;27;7;;;1;;;;;;2008-10-to-2017-03;nouveau_loto.csv
2013023;2013023;;2013-02-23;SAMEDI;modern-5-plus-chance;47;36;42;30;45;;;5;;;;;;2008-10-to-2017-03;nouveau_loto.csv
2013024;2013024;;2013-02-25;LUNDI;modern-5-plus-chance;43;18;17;14;46;;;2;;;;;;2008-10-to-2017-03;nouveau_loto.csv
2013025;2013025;;2013-02-27;MERCREDI;modern-5-plus-chance;25;40;21;34;6;;;7;;;;;;2008-10-to-2017-03;nouveau_loto.csv
2013026;2013026;;2013-03-02;SAMEDI;modern-5-plus-chance;18;38;5;22;30;;;2;;;;;;2008-10-to-2017-03;nouveau_loto.csv
2013027;2013027;;2013-03-04;LUNDI;modern-5-plus-chance;47;1;45;9;30;;;10;;;;;;2008-10-to-2017-03;nouveau_loto.csv
2013028;2013028;;2013-03-06;MERCREDI;modern-5-plus-chance;28;36;42;26;44;;;4;;;;;;2008-10-to-2017-03;nouveau_loto.csv
2013029;2013029;;2013-03-09;SAMEDI;modern-5-plus-chance;49;4;40;11;22;;;5;;;;;;2008-10-to-2017-03;nouveau_loto.csv
2013030;2013030;;2013-03-11;LUNDI;modern-5-plus-chance;8;16;44;7;49;;;6;;;;;;2008-10-to-2017-03;nouveau_loto.csv
2013031;2013031;;2013-03-13;MERCREDI;modern-5-plus-chance;13;12;34;41;40;;;7;;;;;;2008-10-to-2017-03;nouveau_loto.csv
2013032;2013032;;2013-03-16;SAMEDI;modern-5-plus-chance;16;5;46;33;38;;;5;;;;;;2008-10-to-2017-03;nouveau_loto.csv
2013033;2013033;;2013-03-18;LUNDI;modern-5-plus-chance;10;20;18;24;32;;;9;;;;;;2008-10-to-2017-03;nouveau_loto.csv
2013034;2013034;;2013-03-20;MERCREDI;modern-5-plus-chance;37;5;1;49;12;;;7;;;;;;2008-10-to-2017-03;nouveau_loto.csv
2013035;2013035;;2013-03-23;SAMEDI;modern-5-plus-chance;17;11;41;9;24;;;6;;;;;;2008-10-to-2017-03;nouveau_loto.csv
2013036;2013036;;2013-03-25;LUNDI;modern-5-plus-chance;29;25;14;41;10;;;4;;;;;;2008-10-to-2017-03;nouveau_loto.csv
2013037;2013037;;2013-03-27;MERCREDI;modern-5-plus-chance;21;47;24;49;33;;;3;;;;;;2008-10-to-2017-03;nouveau_loto.csv
2013038;2013038;;2013-03-30;SAMEDI;modern-5-plus-chance;26;10;9;30;34;;;2;;;;;;2008-10-to-2017-03;nouveau_loto.csv
2013039;2013039;;2013-04-01;LUNDI;modern-5-plus-chance;47;16;10;43;27;;;2;;;;;;2008-10-to-2017-03;nouveau_loto.csv
2013040;2013040;;2013-04-03;MERCREDI;modern-5-plus-chance;36;18;37;42;45;;;8;;;;;;2008-10-to-2017-03;nouveau_loto.csv
2013041;2013041;;2013-04-06;SAMEDI;modern-5-plus-chance;15;29;42;1;33;;;7;;;;;;2008-10-to-2017-03;nouveau_loto.csv
2013042;2013042;;2013-04-08;LUNDI;modern-5-plus-chance;19;6;38;8;37;;;2;;;;;;2008-10-to-2017-03;nouveau_loto.csv
2013043;2013043;;2013-04-10;MERCREDI;modern-5-plus-chance;9;18;3;45;28;;;5;;;;;;2008-10-to-2017-03;nouveau_loto.csv
2013044;2013044;;2013-04-13;SAMEDI;modern-5-plus-chance;23;43;22;41;33;;;4;;;;;;2008-10-to-2017-03;nouveau_loto.csv
2013045;2013045;;2013-04-15;LUNDI;modern-5-plus-chance;45;20;21;26;46;;;3;;;;;;2008-10-to-2017-03;nouveau_loto.csv
2013046;2013046;;2013-04-17;MERCREDI;modern-5-plus-chance;38;16;32;12;29;;;8;;;;;;2008-10-to-2017-03;nouveau_loto.csv
2013047;2013047;;2013-04-20;SAMEDI;modern-5-plus-chance;28;24;3;42;9;;;9;;;;;;2008-10-to-2017-03;nouveau_loto.csv
2013048;2013048;;2013-04-22;LUNDI;modern-5-plus-chance;22;16;11;37;14;;;1;;;;;;2008-10-to-2017-03;nouveau_loto.csv
2013049;2013049;;2013-04-24;MERCREDI;modern-5-plus-chance;1;48;13;6;5;;;9;;;;;;2008-10-to-2017-03;nouveau_loto.csv
2013050;2013050;;2013-04-27;SAMEDI;modern-5-plus-chance;17;26;39;19;9;;;10;;;;;;2008-10-to-2017-03;nouveau_loto.csv
2013051;2013051;;2013-04-29;LUNDI;modern-5-plus-chance;12;21;39;11;27;;;9;;;;;;2008-10-to-2017-03;nouveau_loto.csv
2013052;2013052;;2013-05-01;MERCREDI;modern-5-plus-chance;7;41;31;32;4;;;9;;;;;;2008-10-to-2017-03;nouveau_loto.csv
2013053;2013053;;2013-05-04;SAMEDI;modern-5-plus-chance;6;13;40;45;15;;;4;;;;;;2008-10-to-2017-03;nouveau_loto.csv
2013054;2013054;;2013-05-06;LUNDI;modern-5-plus-chance;48;13;15;24;23;;;7;;;;;;2008-10-to-2017-03;nouveau_loto.csv
2013055;2013055;;2013-05-08;MERCREDI;modern-5-plus-chance;13;5;43;25;15;;;10;;;;;;2008-10-to-2017-03;nouveau_loto.csv
2013056;2013056;;2013-05-11;SAMEDI;modern-5-plus-chance;26;49;45;3;16;;;9;;;;;;2008-10-to-2017-03;nouveau_loto.csv
2013057;2013057;;2013-05-13;LUNDI;modern-5-plus-chance;23;29;40;49;15;;;5;;;;;;2008-10-to-2017-03;nouveau_loto.csv
2013058;2013058;;2013-05-15;MERCREDI;modern-5-plus-chance;32;27;8;13;11;;;4;;;;;;2008-10-to-2017-03;nouveau_loto.csv
2013059;2013059;;2013-05-18;SAMEDI;modern-5-plus-chance;4;5;20;7;17;;;3;;;;;;2008-10-to-2017-03;nouveau_loto.csv
2013060;2013060;;2013-05-20;LUNDI;modern-5-plus-chance;47;27;25;23;9;;;3;;;;;;2008-10-to-2017-03;nouveau_loto.csv
2013061;2013061;;2013-05-22;MERCREDI;modern-5-plus-chance;3;34;2;17;13;;;9;;;;;;2008-10-to-2017-03;nouveau_loto.csv
2013062;2013062;;2013-05-25;SAMEDI;modern-5-plus-chance;42;7;36;13;40;;;2;;;;;;2008-10-to-2017-03;nouveau_loto.csv
2013063;2013063;;2013-05-27;LUNDI;modern-5-plus-chance;37;15;9;28;13;;;2;;;;;;2008-10-to-2017-03;nouveau_loto.csv
2013064;2013064;;2013-05-29;MERCREDI;modern-5-plus-chance;34;41;48;23;45;;;7;;;;;;2008-10-to-2017-03;nouveau_loto.csv
2013065;2013065;;2013-06-01;SAMEDI;modern-5-plus-chance;21;30;8;7;6;;;3;;;;;;2008-10-to-2017-03;nouveau_loto.csv
2013066;2013066;;2013-06-03;LUNDI;modern-5-plus-chance;14;4;38;34;25;;;9;;;;;;2008-10-to-2017-03;nouveau_loto.csv
2013067;2013067;;2013-06-05;MERCREDI;modern-5-plus-chance;27;41;23;25;4;;;1;;;;;;2008-10-to-2017-03;nouveau_loto.csv
2013068;2013068;;2013-06-08;SAMEDI;modern-5-plus-chance;19;33;29;32;17;;;2;;;;;;2008-10-to-2017-03;nouveau_loto.csv
2013069;2013069;;2013-06-10;LUNDI;modern-5-plus-chance;13;15;3;35;32;;;1;;;;;;2008-10-to-2017-03;nouveau_loto.csv
2013070;2013070;;2013-06-12;MERCREDI;modern-5-plus-chance;20;40;46;3;44;;;4;;;;;;2008-10-to-2017-03;nouveau_loto.csv
2013071;2013071;;2013-06-15;SAMEDI;modern-5-plus-chance;32;38;26;4;23;;;2;;;;;;2008-10-to-2017-03;nouveau_loto.csv
2013072;2013072;;2013-06-17;LUNDI;modern-5-plus-chance;38;39;3;17;1;;;1;;;;;;2008-10-to-2017-03;nouveau_loto.csv
2013073;2013073;;2013-06-19;MERCREDI;modern-5-plus-chance;32;22;17;43;19;;;1;;;;;;2008-10-to-2017-03;nouveau_loto.csv
2013074;2013074;;2013-06-22;SAMEDI;modern-5-plus-chance;21;26;37;16;35;;;8;;;;;;2008-10-to-2017-03;nouveau_loto.csv
2013075;2013075;;2013-06-24;LUNDI;modern-5-plus-chance;29;5;24;19;10;;;1;;;;;;2008-10-to-2017-03;nouveau_loto.csv
2013076;2013076;;2013-06-26;MERCREDI;modern-5-plus-chance;39;16;19;29;12;;;8;;;;;;2008-10-to-2017-03;nouveau_loto.csv
2013077;2013077;;2013-06-29;SAMEDI;modern-5-plus-chance;23;37;8;14;9;;;7;;;;;;2008-10-to-2017-03;nouveau_loto.csv
2013078;2013078;;2013-07-01;LUNDI;modern-5-plus-chance;5;31;21;37;38;;;6;;;;;;2008-10-to-2017-03;nouveau_loto.csv
2013079;2013079;;2013-07-03;MERCREDI;modern-5-plus-chance;36;2;7;25;39;;;4;;;;;;2008-10-to-2017-03;nouveau_loto.csv
2013080;2013080;;2013-07-06;SAMEDI;modern-5-plus-chance;13;35;30;44;12;;;2;;;;;;2008-10-to-2017-03;nouveau_loto.csv
2013081;2013081;;2013-07-08;LUNDI;modern-5-plus-chance;44;8;24;25;26;;;5;;;;;;2008-10-to-2017-03;nouveau_loto.csv
2013082;2013082;;2013-07-10;MERCREDI;modern-5-plus-chance;31;37;24;39;14;;;7;;;;;;2008-10-to-2017-03;nouveau_loto.csv
2013083;2013083;;2013-07-13;SAMEDI;modern-5-plus-chance;31;21;37;10;28;;;8;;;;;;2008-10-to-2017-03;nouveau_loto.csv
2013084;2013084;;2013-07-15;LUNDI;modern-5-plus-chance;34;7;43;33;44;;;9;;;;;;2008-10-to-2017-03;nouveau_loto.csv
2013085;2013085;;2013-07-17;MERCREDI;modern-5-plus-chance;16;8;17;48;31;;;4;;;;;;2008-10-to-2017-03;nouveau_loto.csv
2013086;2013086;;2013-07-20;SAMEDI;modern-5-plus-chance;48;28;9;17;30;;;7;;;;;;2008-10-to-2017-03;nouveau_loto.csv
2013087;2013087;;2013-07-22;LUNDI;modern-5-plus-chance;12;32;29;7;38;;;1;;;;;;2008-10-to-2017-03;nouveau_loto.csv
2013088;2013088;;2013-07-24;MERCREDI;modern-5-plus-chance;27;37;19;36;44;;;3;;;;;;2008-10-to-2017-03;nouveau_loto.csv
2013089;2013089;;2013-07-27;SAMEDI;modern-5-plus-chance;35;44;29;37;10;;;4;;;;;;2008-10-to-2017-03;nouveau_loto.csv
2013090;2013090;;2013-07-29;LUNDI;modern-5-plus-chance;4;34;40;35;36;;;5;;;;;;2008-10-to-2017-03;nouveau_loto.csv
2013091;2013091;;2013-07-31;MERCREDI;modern-5-plus-chance;28;31;23;41;8;;;7;;;;;;2008-10-to-2017-03;nouveau_loto.csv
2013092;2013092;;2013-08-03;SAMEDI;modern-5-plus-chance;44;22;33;27;17;;;9;;;;;;2008-10-to-2017-03;nouveau_loto.csv
2013093;2013093;;2013-08-05;LUNDI;modern-5-plus-chance;24;39;11;6;43;;;4;;;;;;2008-10-to-2017-03;nouveau_loto.csv
2013094;2013094;;2013-08-07;MERCREDI;modern-5-plus-chance;45;33;16;40;3;;;4;;;;;;2008-10-to-2017-03;nouveau_loto.csv
2013095;2013095;;2013-08-10;SAMEDI;modern-5-plus-chance;19;5;41;15;24;;;5;;;;;;2008-10-to-2017-03;nouveau_loto.csv
2013096;2013096;;2013-08-12;LUNDI;modern-5-plus-chance;4;11;38;28;21;;;7;;;;;;2008-10-to-2017-03;nouveau_loto.csv
2013097;2013097;;2013-08-14;MERCREDI;modern-5-plus-chance;30;22;5;35;17;;;2;;;;;;2008-10-to-2017-03;nouveau_loto.csv
2013098;2013098;;2013-08-17;SAMEDI;modern-5-plus-chance;43;33;32;26;41;;;10;;;;;;2008-10-to-2017-03;nouveau_loto.csv
2013099;2013099;;2013-08-19;LUNDI;modern-5-plus-chance;40;25;2;3;46;;;9;;;;;;2008-10-to-2017-03;nouveau_loto.csv
2013100;2013100;;2013-08-21;MERCREDI;modern-5-plus-chance;39;12;38;11;26;;;10;;;;;;2008-10-to-2017-03;nouveau_loto.csv
2013101;2013101;;2013-08-24;SAMEDI;modern-5-plus-chance;39;11;5;29;41;;;7;;;;;;2008-10-to-2017-03;nouveau_loto.csv
2013102;2013102;;2013-08-26;LUNDI;modern-5-plus-chance;49;1;9;14;25;;;10;;;;;;2008-10-to-2017-03;nouveau_loto.csv
2013103;2013103;;2013-08-28;MERCREDI;modern-5-plus-chance;40;23;30;2;33;;;1;;;;;;2008-10-to-2017-03;nouveau_loto.csv
2013104;2013104;;2013-08-31;SAMEDI;modern-5-plus-chance;26;3;2;33;14;;;7;;;;;;2008-10-to-2017-03;nouveau_loto.csv
2013105;2013105;;2013-09-02;LUNDI;modern-5-plus-chance;46;16;20;41;8;;;8;;;;;;2008-10-to-2017-03;nouveau_loto.csv
2013106;2013106;;2013-09-04;MERCREDI;modern-5-plus-chance;49;6;25;17;42;;;6;;;;;;2008-10-to-2017-03;nouveau_loto.csv
2013107;2013107;;2013-09-07;SAMEDI;modern-5-plus-chance;25;24;44;11;1;;;3;;;;;;2008-10-to-2017-03;nouveau_loto.csv
2013108;2013108;;2013-09-09;LUNDI;modern-5-plus-chance;22;23;35;3;5;;;7;;;;;;2008-10-to-2017-03;nouveau_loto.csv
2013109;2013109;;2013-09-11;MERCREDI;modern-5-plus-chance;35;13;7;6;23;;;2;;;;;;2008-10-to-2017-03;nouveau_loto.csv
2013110;2013110;;2013-09-14;SAMEDI;modern-5-plus-chance;49;18;28;24;43;;;7;;;;;;2008-10-to-2017-03;nouveau_loto.csv
2013111;2013111;;2013-09-16;LUNDI;modern-5-plus-chance;6;15;24;38;26;;;5;;;;;;2008-10-to-2017-03;nouveau_loto.csv
2013112;2013112;;2013-09-18;MERCREDI;modern-5-plus-chance;35;26;45;4;40;;;3;;;;;;2008-10-to-2017-03;nouveau_loto.csv
2013113;2013113;;2013-09-21;SAMEDI;modern-5-plus-chance;41;30;17;26;16;;;9;;;;;;2008-10-to-2017-03;nouveau_loto.csv
2013114;2013114;;2013-09-23;LUNDI;modern-5-plus-chance;2;11;21;1;36;;;1;;;;;;2008-10-to-2017-03;nouveau_loto.csv
2013115;2013115;;2013-09-25;MERCREDI;modern-5-plus-chance;6;2;44;43;12;;;5;;;;;;2008-10-to-2017-03;nouveau_loto.csv
2013116;2013116;;2013-09-28;SAMEDI;modern-5-plus-chance;34;29;45;1;9;;;5;;;;;;2008-10-to-2017-03;nouveau_loto.csv
2013117;2013117;;2013-09-30;LUNDI;modern-5-plus-chance;10;26;45;15;28;;;9;;;;;;2008-10-to-2017-03;nouveau_loto.csv
2013118;2013118;;2013-10-02;MERCREDI;modern-5-plus-chance;11;21;39;17;6;;;7;;;;;;2008-10-to-2017-03;nouveau_loto.csv
2013119;2013119;;2013-10-05;SAMEDI;modern-5-plus-chance;9;7;14;27;38;;;9;;;;;;2008-10-to-2017-03;nouveau_loto.csv
2013120;2013120;;2013-10-07;LUNDI;modern-5-plus-chance;16;31;6;46;15;;;5;;;;;;2008-10-to-2017-03;nouveau_loto.csv
2013121;2013121;;2013-10-09;MERCREDI;modern-5-plus-chance;1;26;18;20;12;;;2;;;;;;2008-10-to-2017-03;nouveau_loto.csv
2013122;2013122;;2013-10-12;SAMEDI;modern-5-plus-chance;24;32;22;4;17;;;8;;;;;;2008-10-to-2017-03;nouveau_loto.csv
2013123;2013123;;2013-10-14;LUNDI;modern-5-plus-chance;21;35;19;15;33;;;4;;;;;;2008-10-to-2017-03;nouveau_loto.csv
2013124;2013124;;2013-10-16;MERCREDI;modern-5-plus-chance;9;12;40;23;14;;;8;;;;;;2008-10-to-2017-03;nouveau_loto.csv
2013125;2013125;;2013-10-19;SAMEDI;modern-5-plus-chance;33;49;44;8;25;;;1;;;;;;2008-10-to-2017-03;nouveau_loto.csv
2013126;2013126;;2013-10-21;LUNDI;modern-5-plus-chance;25;32;35;17;36;;;7;;;;;;2008-10-to-2017-03;nouveau_loto.csv
2013127;2013127;;2013-10-23;MERCREDI;modern-5-plus-chance;5;11;20;22;10;;;3;;;;;;2008-10-to-2017-03;nouveau_loto.csv
2013128;2013128;;2013-10-26;SAMEDI;modern-5-plus-chance;40;3;35;42;47;;;7;;;;;;2008-10-to-2017-03;nouveau_loto.csv
2013129;2013129;;2013-10-28;LUNDI;modern-5-plus-chance;44;32;8;14;23;;;8;;;;;;2008-10-to-2017-03;nouveau_loto.csv
2013130;2013130;;2013-10-30;MERCREDI;modern-5-plus-chance;46;48;14;21;35;;;1;;;;;;2008-10-to-2017-03;nouveau_loto.csv
2013131;2013131;;2013-11-02;SAMEDI;modern-5-plus-chance;7;12;4;13;18;;;9;;;;;;2008-10-to-2017-03;nouveau_loto.csv
2013132;2013132;;2013-11-04;LUNDI;modern-5-plus-chance;13;18;8;24;15;;;6;;;;;;2008-10-to-2017-03;nouveau_loto.csv
2013133;2013133;;2013-11-06;MERCREDI;modern-5-plus-chance;20;40;30;16;6;;;3;;;;;;2008-10-to-2017-03;nouveau_loto.csv
2013134;2013134;;2013-11-09;SAMEDI;modern-5-plus-chance;39;33;12;30;9;;;4;;;;;;2008-10-to-2017-03;nouveau_loto.csv
2013135;2013135;;2013-11-11;LUNDI;modern-5-plus-chance;42;48;32;12;16;;;9;;;;;;2008-10-to-2017-03;nouveau_loto.csv
2013136;2013136;;2013-11-13;MERCREDI;modern-5-plus-chance;7;38;16;36;47;;;6;;;;;;2008-10-to-2017-03;nouveau_loto.csv
2013137;2013137;;2013-11-16;SAMEDI;modern-5-plus-chance;38;44;20;29;33;;;8;;;;;;2008-10-to-2017-03;nouveau_loto.csv
2013138;2013138;;2013-11-18;LUNDI;modern-5-plus-chance;36;46;29;3;28;;;10;;;;;;2008-10-to-2017-03;nouveau_loto.csv
2013139;2013139;;2013-11-20;MERCREDI;modern-5-plus-chance;35;28;46;14;18;;;1;;;;;;2008-10-to-2017-03;nouveau_loto.csv
2013140;2013140;;2013-11-23;SAMEDI;modern-5-plus-chance;4;2;48;12;33;;;9;;;;;;2008-10-to-2017-03;nouveau_loto.csv
2013141;2013141;;2013-11-25;LUNDI;modern-5-plus-chance;27;15;16;4;42;;;4;;;;;;2008-10-to-2017-03;nouveau_loto.csv
2013142;2013142;;2013-11-27;MERCREDI;modern-5-plus-chance;16;12;45;34;11;;;9;;;;;;2008-10-to-2017-03;nouveau_loto.csv
2013143;2013143;;2013-11-30;SAMEDI;modern-5-plus-chance;19;36;20;40;2;;;2;;;;;;2008-10-to-2017-03;nouveau_loto.csv
2013144;2013144;;2013-12-02;LUNDI;modern-5-plus-chance;33;34;19;40;36;;;5;;;;;;2008-10-to-2017-03;nouveau_loto.csv
2013145;2013145;;2013-12-04;MERCREDI;modern-5-plus-chance;21;34;27;25;29;;;3;;;;;;2008-10-to-2017-03;nouveau_loto.csv
2013146;2013146;;2013-12-07;SAMEDI;modern-5-plus-chance;17;14;2;8;34;;;7;;;;;;2008-10-to-2017-03;nouveau_loto.csv
2013147;2013147;;2013-12-09;LUNDI;modern-5-plus-chance;45;33;20;24;6;;;6;;;;;;2008-10-to-2017-03;nouveau_loto.csv
2013148;2013148;;2013-12-11;MERCREDI;modern-5-plus-chance;43;4;39;40;27;;;8;;;;;;2008-10-to-2017-03;nouveau_loto.csv
2013149;2013149;;2013-12-14;SAMEDI;modern-5-plus-chance;46;45;8;30;18;;;1;;;;;;2008-10-to-2017-03;nouveau_loto.csv
2013150;2013150;;2013-12-16;LUNDI;modern-5-plus-chance;36;31;1;37;33;;;6;;;;;;2008-10-to-2017-03;nouveau_loto.csv
2013151;2013151;;2013-12-18;MERCREDI;modern-5-plus-chance;36;46;38;8;30;;;1;;;;;;2008-10-to-2017-03;nouveau_loto.csv
2013152;2013152;;2013-12-21;SAMEDI;modern-5-plus-chance;24;18;19;33;10;;;4;;;;;;2008-10-to-2017-03;nouveau_loto.csv
2013153;2013153;;2013-12-23;LUNDI;modern-5-plus-chance;34;29;41;37;18;;;5;;;;;;2008-10-to-2017-03;nouveau_loto.csv
2013154;2013154;;2013-12-25;MERCREDI;modern-5-plus-chance;36;23;45;28;24;;;3;;;;;;2008-10-to-2017-03;nouveau_loto.csv
2013155;2013155;;2013-12-28;SAMEDI;modern-5-plus-chance;1;16;20;32;26;;;7;;;;;;2008-10-to-2017-03;nouveau_loto.csv
2013156;2013156;;2013-12-30;LUNDI;modern-5-plus-chance;20;22;44;41;11;;;8;;;;;;2008-10-to-2017-03;nouveau_loto.csv
2014001;2014001;;2014-01-01;MERCREDI;modern-5-plus-chance;39;37;34;26;6;;;7;;;;;;2008-10-to-2017-03;nouveau_loto.csv
2014002;2014002;;2014-01-04;SAMEDI;modern-5-plus-chance;1;29;45;6;16;;;5;;;;;;2008-10-to-2017-03;nouveau_loto.csv
2014003;2014003;;2014-01-06;LUNDI;modern-5-plus-chance;30;29;17;13;19;;;9;;;;;;2008-10-to-2017-03;nouveau_loto.csv
2014004;2014004;;2014-01-08;MERCREDI;modern-5-plus-chance;4;42;29;45;14;;;8;;;;;;2008-10-to-2017-03;nouveau_loto.csv
2014005;2014005;;2014-01-11;SAMEDI;modern-5-plus-chance;35;25;18;8;39;;;9;;;;;;2008-10-to-2017-03;nouveau_loto.csv
2014006;2014006;;2014-01-13;LUNDI;modern-5-plus-chance;33;3;47;29;20;;;4;;;;;;2008-10-to-2017-03;nouveau_loto.csv
2014007;2014007;;2014-01-15;MERCREDI;modern-5-plus-chance;7;20;35;37;30;;;6;;;;;;2008-10-to-2017-03;nouveau_loto.csv
2014008;2014008;;2014-01-18;SAMEDI;modern-5-plus-chance;43;1;37;47;2;;;8;;;;;;2008-10-to-2017-03;nouveau_loto.csv
2014009;2014009;;2014-01-20;LUNDI;modern-5-plus-chance;10;1;42;40;35;;;5;;;;;;2008-10-to-2017-03;nouveau_loto.csv
2014010;2014010;;2014-01-22;MERCREDI;modern-5-plus-chance;38;42;1;22;40;;;7;;;;;;2008-10-to-2017-03;nouveau_loto.csv
2014011;2014011;;2014-01-25;SAMEDI;modern-5-plus-chance;18;37;17;14;30;;;5;;;;;;2008-10-to-2017-03;nouveau_loto.csv
2014012;2014012;;2014-01-27;LUNDI;modern-5-plus-chance;46;19;33;1;48;;;4;;;;;;2008-10-to-2017-03;nouveau_loto.csv
2014013;2014013;;2014-01-29;MERCREDI;modern-5-plus-chance;35;8;6;25;2;;;8;;;;;;2008-10-to-2017-03;nouveau_loto.csv
2014014;2014014;;2014-02-01;SAMEDI;modern-5-plus-chance;21;2;48;41;10;;;6;;;;;;2008-10-to-2017-03;nouveau_loto.csv
2014015;2014015;;2014-02-03;LUNDI;modern-5-plus-chance;44;33;5;1;13;;;2;;;;;;2008-10-to-2017-03;nouveau_loto.csv
2014016;2014016;;2014-02-05;MERCREDI;modern-5-plus-chance;2;48;16;7;41;;;8;;;;;;2008-10-to-2017-03;nouveau_loto.csv
2014017;2014017;;2014-02-08;SAMEDI;modern-5-plus-chance;6;7;39;38;14;;;7;;;;;;2008-10-to-2017-03;nouveau_loto.csv
2014018;2014018;;2014-02-10;LUNDI;modern-5-plus-chance;18;11;41;45;17;;;2;;;;;;2008-10-to-2017-03;nouveau_loto.csv
2014019;2014019;;2014-02-12;MERCREDI;modern-5-plus-chance;7;16;48;15;10;;;7;;;;;;2008-10-to-2017-03;nouveau_loto.csv
2014020;2014020;;2014-02-15;SAMEDI;modern-5-plus-chance;33;4;12;49;18;;;9;;;;;;2008-10-to-2017-03;nouveau_loto.csv
2014021;2014021;;2014-02-17;LUNDI;modern-5-plus-chance;20;32;9;23;1;;;1;;;;;;2008-10-to-2017-03;nouveau_loto.csv
2014022;2014022;;2014-02-19;MERCREDI;modern-5-plus-chance;44;32;25;47;27;;;7;;;;;;2008-10-to-2017-03;nouveau_loto.csv
2014023;2014023;;2014-02-22;SAMEDI;modern-5-plus-chance;30;26;48;32;1;;;10;;;;;;2008-10-to-2017-03;nouveau_loto.csv
2014024;2014024;;2014-02-24;LUNDI;modern-5-plus-chance;18;8;5;21;38;;;7;;;;;;2008-10-to-2017-03;nouveau_loto.csv
2014025;2014025;;2014-02-26;MERCREDI;modern-5-plus-chance;19;41;5;22;33;;;1;;;;;;2008-10-to-2017-03;nouveau_loto.csv
2014026;2014026;;2014-03-01;SAMEDI;modern-5-plus-chance;17;20;15;5;4;;;5;;;;;;2008-10-to-2017-03;nouveau_loto.csv
2014027;2014027;;2014-03-03;LUNDI;modern-5-plus-chance;41;40;28;21;36;;;10;;;;;;2008-10-to-2017-03;nouveau_loto.csv
2014028;2014028;;2014-03-05;MERCREDI;modern-5-plus-chance;12;1;32;42;31;;;1;;;;;;2008-10-to-2017-03;nouveau_loto.csv
2014029;2014029;;2014-03-08;SAMEDI;modern-5-plus-chance;35;40;6;46;15;;;7;;;;;;2008-10-to-2017-03;nouveau_loto.csv
2014030;2014030;;2014-03-10;LUNDI;modern-5-plus-chance;43;16;4;6;30;;;9;;;;;;2008-10-to-2017-03;nouveau_loto.csv
2014031;2014031;;2014-03-12;MERCREDI;modern-5-plus-chance;42;36;1;20;25;;;10;;;;;;2008-10-to-2017-03;nouveau_loto.csv
2014032;2014032;;2014-03-15;SAMEDI;modern-5-plus-chance;5;26;30;15;37;;;4;;;;;;2008-10-to-2017-03;nouveau_loto.csv
2014033;2014033;;2014-03-17;LUNDI;modern-5-plus-chance;8;33;22;45;19;;;6;;;;;;2008-10-to-2017-03;nouveau_loto.csv
2014034;2014034;;2014-03-19;MERCREDI;modern-5-plus-chance;27;19;5;26;28;;;9;;;;;;2008-10-to-2017-03;nouveau_loto.csv
2014035;2014035;;2014-03-22;SAMEDI;modern-5-plus-chance;20;49;14;26;4;;;2;;;;;;2008-10-to-2017-03;nouveau_loto.csv
2014036;2014036;;2014-03-24;LUNDI;modern-5-plus-chance;18;41;39;21;37;;;9;;;;;;2008-10-to-2017-03;nouveau_loto.csv
2014037;2014037;;2014-03-26;MERCREDI;modern-5-plus-chance;40;47;38;11;21;;;6;;;;;;2008-10-to-2017-03;nouveau_loto.csv
2014038;2014038;;2014-03-29;SAMEDI;modern-5-plus-chance;19;12;28;29;45;;;4;;;;;;2008-10-to-2017-03;nouveau_loto.csv
2014039;2014039;;2014-03-31;LUNDI;modern-5-plus-chance;28;6;7;32;2;;;4;;;;;;2008-10-to-2017-03;nouveau_loto.csv
2014040;2014040;;2014-04-02;MERCREDI;modern-5-plus-chance;6;41;28;16;34;;;4;;;;;;2008-10-to-2017-03;nouveau_loto.csv
2014041;2014041;;2014-04-05;SAMEDI;modern-5-plus-chance;40;9;22;13;45;;;5;;;;;;2008-10-to-2017-03;nouveau_loto.csv
2014042;2014042;;2014-04-07;LUNDI;modern-5-plus-chance;23;42;11;31;13;;;4;;;;;;2008-10-to-2017-03;nouveau_loto.csv
2014043;2014043;;2014-04-09;MERCREDI;modern-5-plus-chance;28;14;39;12;38;;;10;;;;;;2008-10-to-2017-03;nouveau_loto.csv
2014044;2014044;;2014-04-12;SAMEDI;modern-5-plus-chance;5;34;42;16;10;;;10;;;;;;2008-10-to-2017-03;nouveau_loto.csv
2014045;2014045;;2014-04-14;LUNDI;modern-5-plus-chance;11;7;43;45;14;;;3;;;;;;2008-10-to-2017-03;nouveau_loto.csv
2014046;2014046;;2014-04-16;MERCREDI;modern-5-plus-chance;26;25;12;49;8;;;1;;;;;;2008-10-to-2017-03;nouveau_loto.csv
2014047;2014047;;2014-04-19;SAMEDI;modern-5-plus-chance;22;40;21;12;45;;;8;;;;;;2008-10-to-2017-03;nouveau_loto.csv
2014048;2014048;;2014-04-21;LUNDI;modern-5-plus-chance;27;9;38;18;20;;;1;;;;;;2008-10-to-2017-03;nouveau_loto.csv
2014049;2014049;;2014-04-23;MERCREDI;modern-5-plus-chance;3;30;10;29;39;;;10;;;;;;2008-10-to-2017-03;nouveau_loto.csv
2014050;2014050;;2014-04-26;SAMEDI;modern-5-plus-chance;2;38;43;14;3;;;4;;;;;;2008-10-to-2017-03;nouveau_loto.csv
2014051;2014051;;2014-04-28;LUNDI;modern-5-plus-chance;45;32;19;49;36;;;7;;;;;;2008-10-to-2017-03;nouveau_loto.csv
2014052;2014052;;2014-04-30;MERCREDI;modern-5-plus-chance;32;35;19;23;43;;;10;;;;;;2008-10-to-2017-03;nouveau_loto.csv
2014053;2014053;;2014-05-03;SAMEDI;modern-5-plus-chance;16;5;41;11;36;;;5;;;;;;2008-10-to-2017-03;nouveau_loto.csv
2014054;2014054;;2014-05-05;LUNDI;modern-5-plus-chance;28;16;37;19;2;;;10;;;;;;2008-10-to-2017-03;nouveau_loto.csv
2014055;2014055;;2014-05-07;MERCREDI;modern-5-plus-chance;6;46;47;11;1;;;5;;;;;;2008-10-to-2017-03;nouveau_loto.csv
2014056;2014056;;2014-05-10;SAMEDI;modern-5-plus-chance;37;6;15;21;17;;;4;;;;;;2008-10-to-2017-03;nouveau_loto.csv
2014057;2014057;;2014-05-12;LUNDI;modern-5-plus-chance;43;33;36;12;2;;;5;;;;;;2008-10-to-2017-03;nouveau_loto.csv
2014058;2014058;;2014-05-14;MERCREDI;modern-5-plus-chance;6;25;21;5;33;;;1;;;;;;2008-10-to-2017-03;nouveau_loto.csv
2014059;2014059;;2014-05-17;SAMEDI;modern-5-plus-chance;48;41;37;32;43;;;7;;;;;;2008-10-to-2017-03;nouveau_loto.csv
2014060;2014060;;2014-05-19;LUNDI;modern-5-plus-chance;49;41;8;9;40;;;3;;;;;;2008-10-to-2017-03;nouveau_loto.csv
2014061;2014061;;2014-05-21;MERCREDI;modern-5-plus-chance;49;9;35;23;1;;;1;;;;;;2008-10-to-2017-03;nouveau_loto.csv
2014062;2014062;;2014-05-24;SAMEDI;modern-5-plus-chance;40;18;39;24;17;;;1;;;;;;2008-10-to-2017-03;nouveau_loto.csv
2014063;2014063;;2014-05-26;LUNDI;modern-5-plus-chance;3;8;40;39;32;;;1;;;;;;2008-10-to-2017-03;nouveau_loto.csv
2014064;2014064;;2014-05-28;MERCREDI;modern-5-plus-chance;9;26;8;48;46;;;7;;;;;;2008-10-to-2017-03;nouveau_loto.csv
2014065;2014065;;2014-05-31;SAMEDI;modern-5-plus-chance;16;2;28;40;14;;;1;;;;;;2008-10-to-2017-03;nouveau_loto.csv
2014066;2014066;;2014-06-02;LUNDI;modern-5-plus-chance;41;35;47;26;22;;;5;;;;;;2008-10-to-2017-03;nouveau_loto.csv
2014067;2014067;;2014-06-04;MERCREDI;modern-5-plus-chance;43;36;8;22;3;;;3;;;;;;2008-10-to-2017-03;nouveau_loto.csv
2014068;2014068;;2014-06-07;SAMEDI;modern-5-plus-chance;5;37;45;38;21;;;2;;;;;;2008-10-to-2017-03;nouveau_loto.csv
2014069;2014069;;2014-06-09;LUNDI;modern-5-plus-chance;47;34;45;35;10;;;9;;;;;;2008-10-to-2017-03;nouveau_loto.csv
2014070;2014070;;2014-06-11;MERCREDI;modern-5-plus-chance;22;9;42;15;32;;;6;;;;;;2008-10-to-2017-03;nouveau_loto.csv
2014071;2014071;;2014-06-14;SAMEDI;modern-5-plus-chance;7;24;18;34;5;;;5;;;;;;2008-10-to-2017-03;nouveau_loto.csv
2014072;2014072;;2014-06-16;LUNDI;modern-5-plus-chance;5;37;16;42;3;;;1;;;;;;2008-10-to-2017-03;nouveau_loto.csv
2014073;2014073;;2014-06-18;MERCREDI;modern-5-plus-chance;47;13;30;9;18;;;3;;;;;;2008-10-to-2017-03;nouveau_loto.csv
2014074;2014074;;2014-06-21;SAMEDI;modern-5-plus-chance;11;3;30;29;32;;;1;;;;;;2008-10-to-2017-03;nouveau_loto.csv
2014075;2014075;;2014-06-23;LUNDI;modern-5-plus-chance;40;38;32;4;31;;;4;;;;;;2008-10-to-2017-03;nouveau_loto.csv
2014076;2014076;;2014-06-25;MERCREDI;modern-5-plus-chance;5;4;23;30;41;;;4;;;;;;2008-10-to-2017-03;nouveau_loto.csv
2014077;2014077;;2014-06-28;SAMEDI;modern-5-plus-chance;40;24;22;13;43;;;3;;;;;;2008-10-to-2017-03;nouveau_loto.csv
2014078;2014078;;2014-06-30;LUNDI;modern-5-plus-chance;47;27;5;24;46;;;2;;;;;;2008-10-to-2017-03;nouveau_loto.csv
2014079;2014079;;2014-07-02;MERCREDI;modern-5-plus-chance;36;27;8;39;47;;;3;;;;;;2008-10-to-2017-03;nouveau_loto.csv
2014080;2014080;;2014-07-05;SAMEDI;modern-5-plus-chance;25;11;7;33;3;;;6;;;;;;2008-10-to-2017-03;nouveau_loto.csv
2014081;2014081;;2014-07-07;LUNDI;modern-5-plus-chance;31;41;32;14;13;;;10;;;;;;2008-10-to-2017-03;nouveau_loto.csv
2014082;2014082;;2014-07-09;MERCREDI;modern-5-plus-chance;8;6;36;4;34;;;5;;;;;;2008-10-to-2017-03;nouveau_loto.csv
2014083;2014083;;2014-07-12;SAMEDI;modern-5-plus-chance;29;23;22;13;1;;;1;;;;;;2008-10-to-2017-03;nouveau_loto.csv
2014084;2014084;;2014-07-14;LUNDI;modern-5-plus-chance;21;41;32;38;37;;;9;;;;;;2008-10-to-2017-03;nouveau_loto.csv
2014085;2014085;;2014-07-16;MERCREDI;modern-5-plus-chance;42;3;36;28;49;;;7;;;;;;2008-10-to-2017-03;nouveau_loto.csv
2014086;2014086;;2014-07-19;SAMEDI;modern-5-plus-chance;8;44;29;43;45;;;6;;;;;;2008-10-to-2017-03;nouveau_loto.csv
2014087;2014087;;2014-07-21;LUNDI;modern-5-plus-chance;21;3;9;27;10;;;4;;;;;;2008-10-to-2017-03;nouveau_loto.csv
2014088;2014088;;2014-07-23;MERCREDI;modern-5-plus-chance;1;32;8;15;24;;;6;;;;;;2008-10-to-2017-03;nouveau_loto.csv
2014089;2014089;;2014-07-26;SAMEDI;modern-5-plus-chance;1;5;43;41;22;;;4;;;;;;2008-10-to-2017-03;nouveau_loto.csv
2014090;2014090;;2014-07-28;LUNDI;modern-5-plus-chance;45;14;1;42;43;;;9;;;;;;2008-10-to-2017-03;nouveau_loto.csv
2014091;2014091;;2014-07-30;MERCREDI;modern-5-plus-chance;25;7;13;9;8;;;9;;;;;;2008-10-to-2017-03;nouveau_loto.csv
2014092;2014092;;2014-08-02;SAMEDI;modern-5-plus-chance;25;32;4;8;41;;;10;;;;;;2008-10-to-2017-03;nouveau_loto.csv
2014093;2014093;;2014-08-04;LUNDI;modern-5-plus-chance;16;28;36;24;43;;;6;;;;;;2008-10-to-2017-03;nouveau_loto.csv
2014094;2014094;;2014-08-06;MERCREDI;modern-5-plus-chance;13;41;34;21;15;;;8;;;;;;2008-10-to-2017-03;nouveau_loto.csv
2014095;2014095;;2014-08-09;SAMEDI;modern-5-plus-chance;34;4;5;9;21;;;7;;;;;;2008-10-to-2017-03;nouveau_loto.csv
2014096;2014096;;2014-08-11;LUNDI;modern-5-plus-chance;36;32;11;46;25;;;7;;;;;;2008-10-to-2017-03;nouveau_loto.csv
2014097;2014097;;2014-08-13;MERCREDI;modern-5-plus-chance;3;18;13;43;28;;;5;;;;;;2008-10-to-2017-03;nouveau_loto.csv
2014098;2014098;;2014-08-16;SAMEDI;modern-5-plus-chance;22;40;23;37;9;;;4;;;;;;2008-10-to-2017-03;nouveau_loto.csv
2014099;2014099;;2014-08-18;LUNDI;modern-5-plus-chance;24;45;19;1;46;;;3;;;;;;2008-10-to-2017-03;nouveau_loto.csv
2014100;2014100;;2014-08-20;MERCREDI;modern-5-plus-chance;22;33;31;41;15;;;4;;;;;;2008-10-to-2017-03;nouveau_loto.csv
2014101;2014101;;2014-08-23;SAMEDI;modern-5-plus-chance;7;17;29;26;21;;;7;;;;;;2008-10-to-2017-03;nouveau_loto.csv
2014102;2014102;;2014-08-25;LUNDI;modern-5-plus-chance;26;9;45;31;43;;;1;;;;;;2008-10-to-2017-03;nouveau_loto.csv
2014103;2014103;;2014-08-27;MERCREDI;modern-5-plus-chance;4;44;32;22;14;;;2;;;;;;2008-10-to-2017-03;nouveau_loto.csv
2014104;2014104;;2014-08-30;SAMEDI;modern-5-plus-chance;25;40;30;36;6;;;8;;;;;;2008-10-to-2017-03;nouveau_loto.csv
2014105;2014105;;2014-09-01;LUNDI;modern-5-plus-chance;42;22;47;16;38;;;1;;;;;;2008-10-to-2017-03;nouveau_loto.csv
2014106;2014106;;2014-09-03;MERCREDI;modern-5-plus-chance;10;38;20;4;13;;;4;;;;;;2008-10-to-2017-03;nouveau_loto.csv
2014107;2014107;;2014-09-06;SAMEDI;modern-5-plus-chance;42;14;15;13;3;;;7;;;;;;2008-10-to-2017-03;nouveau_loto.csv
2014108;2014108;;2014-09-08;LUNDI;modern-5-plus-chance;1;40;17;43;42;;;10;;;;;;2008-10-to-2017-03;nouveau_loto.csv
2014109;2014109;;2014-09-10;MERCREDI;modern-5-plus-chance;6;16;31;26;40;;;7;;;;;;2008-10-to-2017-03;nouveau_loto.csv
2014110;2014110;;2014-09-13;SAMEDI;modern-5-plus-chance;7;28;27;23;33;;;1;;;;;;2008-10-to-2017-03;nouveau_loto.csv
2014111;2014111;;2014-09-15;LUNDI;modern-5-plus-chance;16;44;2;10;35;;;6;;;;;;2008-10-to-2017-03;nouveau_loto.csv
2014112;2014112;;2014-09-17;MERCREDI;modern-5-plus-chance;23;18;10;6;3;;;4;;;;;;2008-10-to-2017-03;nouveau_loto.csv
2014113;2014113;;2014-09-20;SAMEDI;modern-5-plus-chance;34;31;25;46;22;;;6;;;;;;2008-10-to-2017-03;nouveau_loto.csv
2014114;2014114;;2014-09-22;LUNDI;modern-5-plus-chance;44;31;26;1;13;;;6;;;;;;2008-10-to-2017-03;nouveau_loto.csv
2014115;2014115;;2014-09-24;MERCREDI;modern-5-plus-chance;16;49;10;38;25;;;9;;;;;;2008-10-to-2017-03;nouveau_loto.csv
2014116;2014116;;2014-09-27;SAMEDI;modern-5-plus-chance;26;29;9;35;38;;;5;;;;;;2008-10-to-2017-03;nouveau_loto.csv
2014117;2014117;;2014-09-29;LUNDI;modern-5-plus-chance;41;28;17;4;33;;;5;;;;;;2008-10-to-2017-03;nouveau_loto.csv
2014118;2014118;;2014-10-01;MERCREDI;modern-5-plus-chance;17;42;44;27;16;;;8;;;;;;2008-10-to-2017-03;nouveau_loto.csv
2014119;2014119;;2014-10-04;SAMEDI;modern-5-plus-chance;14;45;29;12;41;;;7;;;;;;2008-10-to-2017-03;nouveau_loto.csv
2014120;2014120;;2014-10-06;LUNDI;modern-5-plus-chance;20;22;46;40;9;;;7;;;;;;2008-10-to-2017-03;nouveau_loto.csv
2014121;2014121;;2014-10-08;MERCREDI;modern-5-plus-chance;13;4;21;43;23;;;10;;;;;;2008-10-to-2017-03;nouveau_loto.csv
2014122;2014122;;2014-10-11;SAMEDI;modern-5-plus-chance;24;19;10;28;15;;;9;;;;;;2008-10-to-2017-03;nouveau_loto.csv
2014123;2014123;;2014-10-13;LUNDI;modern-5-plus-chance;29;15;1;12;30;;;1;;;;;;2008-10-to-2017-03;nouveau_loto.csv
2014124;2014124;;2014-10-15;MERCREDI;modern-5-plus-chance;28;9;37;41;46;;;10;;;;;;2008-10-to-2017-03;nouveau_loto.csv
2014125;2014125;;2014-10-18;SAMEDI;modern-5-plus-chance;1;43;24;15;27;;;7;;;;;;2008-10-to-2017-03;nouveau_loto.csv
2014126;2014126;;2014-10-20;LUNDI;modern-5-plus-chance;30;40;13;21;26;;;5;;;;;;2008-10-to-2017-03;nouveau_loto.csv
2014127;2014127;;2014-10-22;MERCREDI;modern-5-plus-chance;10;19;47;35;33;;;2;;;;;;2008-10-to-2017-03;nouveau_loto.csv
2014128;2014128;;2014-10-25;SAMEDI;modern-5-plus-chance;14;39;24;49;47;;;4;;;;;;2008-10-to-2017-03;nouveau_loto.csv
2014129;2014129;;2014-10-27;LUNDI;modern-5-plus-chance;13;32;12;28;33;;;6;;;;;;2008-10-to-2017-03;nouveau_loto.csv
2014130;2014130;;2014-10-29;MERCREDI;modern-5-plus-chance;32;18;17;6;29;;;9;;;;;;2008-10-to-2017-03;nouveau_loto.csv
2014131;2014131;;2014-11-01;SAMEDI;modern-5-plus-chance;48;29;2;36;9;;;10;;;;;;2008-10-to-2017-03;nouveau_loto.csv
2014132;2014132;;2014-11-03;LUNDI;modern-5-plus-chance;34;45;18;44;24;;;8;;;;;;2008-10-to-2017-03;nouveau_loto.csv
2014133;2014133;;2014-11-05;MERCREDI;modern-5-plus-chance;27;24;37;46;1;;;1;;;;;;2008-10-to-2017-03;nouveau_loto.csv
2014134;2014134;;2014-11-08;SAMEDI;modern-5-plus-chance;40;14;46;27;7;;;5;;;;;;2008-10-to-2017-03;nouveau_loto.csv
2014135;2014135;;2014-11-10;LUNDI;modern-5-plus-chance;24;23;30;6;18;;;7;;;;;;2008-10-to-2017-03;nouveau_loto.csv
2014136;2014136;;2014-11-12;MERCREDI;modern-5-plus-chance;27;13;19;40;23;;;5;;;;;;2008-10-to-2017-03;nouveau_loto.csv
2014137;2014137;;2014-11-15;SAMEDI;modern-5-plus-chance;28;16;39;23;3;;;10;;;;;;2008-10-to-2017-03;nouveau_loto.csv
2014138;2014138;;2014-11-17;LUNDI;modern-5-plus-chance;23;47;16;48;35;;;10;;;;;;2008-10-to-2017-03;nouveau_loto.csv
2014139;2014139;;2014-11-19;MERCREDI;modern-5-plus-chance;41;18;13;14;29;;;3;;;;;;2008-10-to-2017-03;nouveau_loto.csv
2014140;2014140;;2014-11-22;SAMEDI;modern-5-plus-chance;22;1;44;9;26;;;10;;;;;;2008-10-to-2017-03;nouveau_loto.csv
2014141;2014141;;2014-11-24;LUNDI;modern-5-plus-chance;18;47;49;32;17;;;3;;;;;;2008-10-to-2017-03;nouveau_loto.csv
2014142;2014142;;2014-11-26;MERCREDI;modern-5-plus-chance;5;34;47;12;20;;;3;;;;;;2008-10-to-2017-03;nouveau_loto.csv
2014143;2014143;;2014-11-29;SAMEDI;modern-5-plus-chance;18;44;2;47;49;;;2;;;;;;2008-10-to-2017-03;nouveau_loto.csv
2014144;2014144;;2014-12-01;LUNDI;modern-5-plus-chance;43;49;40;48;44;;;8;;;;;;2008-10-to-2017-03;nouveau_loto.csv
2014145;2014145;;2014-12-03;MERCREDI;modern-5-plus-chance;49;26;28;31;11;;;7;;;;;;2008-10-to-2017-03;nouveau_loto.csv
2014146;2014146;;2014-12-06;SAMEDI;modern-5-plus-chance;43;37;20;10;18;;;8;;;;;;2008-10-to-2017-03;nouveau_loto.csv
2014147;2014147;;2014-12-08;LUNDI;modern-5-plus-chance;10;14;43;32;47;;;10;;;;;;2008-10-to-2017-03;nouveau_loto.csv
2014148;2014148;;2014-12-10;MERCREDI;modern-5-plus-chance;27;11;16;3;8;;;6;;;;;;2008-10-to-2017-03;nouveau_loto.csv
2014149;2014149;;2014-12-13;SAMEDI;modern-5-plus-chance;43;13;10;20;38;;;1;;;;;;2008-10-to-2017-03;nouveau_loto.csv
2014150;2014150;;2014-12-15;LUNDI;modern-5-plus-chance;23;47;41;42;15;;;4;;;;;;2008-10-to-2017-03;nouveau_loto.csv
2014151;2014151;;2014-12-17;MERCREDI;modern-5-plus-chance;32;46;6;8;13;;;10;;;;;;2008-10-to-2017-03;nouveau_loto.csv
2014152;2014152;;2014-12-20;SAMEDI;modern-5-plus-chance;19;10;26;21;22;;;9;;;;;;2008-10-to-2017-03;nouveau_loto.csv
2014153;2014153;;2014-12-22;LUNDI;modern-5-plus-chance;34;35;23;16;6;;;8;;;;;;2008-10-to-2017-03;nouveau_loto.csv
2014154;2014154;;2014-12-24;MERCREDI;modern-5-plus-chance;31;36;4;22;18;;;7;;;;;;2008-10-to-2017-03;nouveau_loto.csv
2014155;2014155;;2014-12-27;SAMEDI;modern-5-plus-chance;20;48;34;39;4;;;10;;;;;;2008-10-to-2017-03;nouveau_loto.csv
2014156;2014156;;2014-12-29;LUNDI;modern-5-plus-chance;30;26;44;27;49;;;1;;;;;;2008-10-to-2017-03;nouveau_loto.csv
2014157;2014157;;2014-12-31;MERCREDI;modern-5-plus-chance;46;43;41;37;34;;;10;;;;;;2008-10-to-2017-03;nouveau_loto.csv
2015001;2015001;;2015-01-03;SAMEDI;modern-5-plus-chance;31;32;12;28;48;;;3;;;;;;2008-10-to-2017-03;nouveau_loto.csv
2015002;2015002;;2015-01-05;LUNDI;modern-5-plus-chance;37;8;49;31;45;;;7;;;;;;2008-10-to-2017-03;nouveau_loto.csv
2015003;2015003;;2015-01-07;MERCREDI;modern-5-plus-chance;20;29;21;33;7;;;1;;;;;;2008-10-to-2017-03;nouveau_loto.csv
2015004;2015004;;2015-01-10;SAMEDI;modern-5-plus-chance;18;5;33;2;23;;;4;;;;;;2008-10-to-2017-03;nouveau_loto.csv
2015005;2015005;;2015-01-12;LUNDI;modern-5-plus-chance;20;15;27;13;34;;;1;;;;;;2008-10-to-2017-03;nouveau_loto.csv
2015006;2015006;;2015-01-14;MERCREDI;modern-5-plus-chance;23;18;7;2;21;;;6;;;;;;2008-10-to-2017-03;nouveau_loto.csv
2015007;2015007;;2015-01-17;SAMEDI;modern-5-plus-chance;43;19;30;39;40;;;4;;;;;;2008-10-to-2017-03;nouveau_loto.csv
2015008;2015008;;2015-01-19;LUNDI;modern-5-plus-chance;25;4;18;7;35;;;4;;;;;;2008-10-to-2017-03;nouveau_loto.csv
2015009;2015009;;2015-01-21;MERCREDI;modern-5-plus-chance;19;6;34;49;42;;;10;;;;;;2008-10-to-2017-03;nouveau_loto.csv
2015010;2015010;;2015-01-24;SAMEDI;modern-5-plus-chance;36;44;21;13;5;;;1;;;;;;2008-10-to-2017-03;nouveau_loto.csv
2015011;2015011;;2015-01-26;LUNDI;modern-5-plus-chance;18;17;27;35;40;;;6;;;;;;2008-10-to-2017-03;nouveau_loto.csv
2015012;2015012;;2015-01-28;MERCREDI;modern-5-plus-chance;41;12;33;9;16;;;1;;;;;;2008-10-to-2017-03;nouveau_loto.csv
2015013;2015013;;2015-01-31;SAMEDI;modern-5-plus-chance;14;31;46;25;4;;;5;;;;;;2008-10-to-2017-03;nouveau_loto.csv
2015014;2015014;;2015-02-02;LUNDI;modern-5-plus-chance;17;16;14;1;11;;;10;;;;;;2008-10-to-2017-03;nouveau_loto.csv
2015015;2015015;;2015-02-04;MERCREDI;modern-5-plus-chance;49;9;28;24;35;;;4;;;;;;2008-10-to-2017-03;nouveau_loto.csv
2015016;2015016;;2015-02-07;SAMEDI;modern-5-plus-chance;21;29;7;37;19;;;2;;;;;;2008-10-to-2017-03;nouveau_loto.csv
2015017;2015017;;2015-02-09;LUNDI;modern-5-plus-chance;40;49;34;27;4;;;2;;;;;;2008-10-to-2017-03;nouveau_loto.csv
2015018;2015018;;2015-02-11;MERCREDI;modern-5-plus-chance;13;40;24;17;45;;;3;;;;;;2008-10-to-2017-03;nouveau_loto.csv
2015019;2015019;;2015-02-14;SAMEDI;modern-5-plus-chance;27;41;38;26;2;;;7;;;;;;2008-10-to-2017-03;nouveau_loto.csv
2015020;2015020;;2015-02-16;LUNDI;modern-5-plus-chance;36;14;9;1;20;;;2;;;;;;2008-10-to-2017-03;nouveau_loto.csv
2015021;2015021;;2015-02-18;MERCREDI;modern-5-plus-chance;44;21;29;9;25;;;7;;;;;;2008-10-to-2017-03;nouveau_loto.csv
2015022;2015022;;2015-02-21;SAMEDI;modern-5-plus-chance;3;45;47;13;27;;;4;;;;;;2008-10-to-2017-03;nouveau_loto.csv
2015023;2015023;;2015-02-23;LUNDI;modern-5-plus-chance;40;3;22;4;28;;;2;;;;;;2008-10-to-2017-03;nouveau_loto.csv
2015024;2015024;;2015-02-25;MERCREDI;modern-5-plus-chance;44;47;20;30;29;;;1;;;;;;2008-10-to-2017-03;nouveau_loto.csv
2015025;2015025;;2015-02-28;SAMEDI;modern-5-plus-chance;14;46;5;30;36;;;6;;;;;;2008-10-to-2017-03;nouveau_loto.csv
2015026;2015026;;2015-03-02;LUNDI;modern-5-plus-chance;17;11;27;48;23;;;1;;;;;;2008-10-to-2017-03;nouveau_loto.csv
2015027;2015027;;2015-03-04;MERCREDI;modern-5-plus-chance;32;16;8;23;34;;;4;;;;;;2008-10-to-2017-03;nouveau_loto.csv
2015028;2015028;;2015-03-07;SAMEDI;modern-5-plus-chance;48;9;18;43;3;;;2;;;;;;2008-10-to-2017-03;nouveau_loto.csv
2015029;2015029;;2015-03-09;LUNDI;modern-5-plus-chance;35;31;26;34;28;;;5;;;;;;2008-10-to-2017-03;nouveau_loto.csv
2015030;2015030;;2015-03-11;MERCREDI;modern-5-plus-chance;49;2;35;1;36;;;4;;;;;;2008-10-to-2017-03;nouveau_loto.csv
2015031;2015031;;2015-03-14;SAMEDI;modern-5-plus-chance;30;39;3;14;8;;;10;;;;;;2008-10-to-2017-03;nouveau_loto.csv
2015032;2015032;;2015-03-16;LUNDI;modern-5-plus-chance;35;11;49;7;48;;;7;;;;;;2008-10-to-2017-03;nouveau_loto.csv
2015033;2015033;;2015-03-18;MERCREDI;modern-5-plus-chance;26;15;10;4;30;;;5;;;;;;2008-10-to-2017-03;nouveau_loto.csv
2015034;2015034;;2015-03-21;SAMEDI;modern-5-plus-chance;28;47;41;22;21;;;5;;;;;;2008-10-to-2017-03;nouveau_loto.csv
2015035;2015035;;2015-03-23;LUNDI;modern-5-plus-chance;48;49;3;1;20;;;7;;;;;;2008-10-to-2017-03;nouveau_loto.csv
2015036;2015036;;2015-03-25;MERCREDI;modern-5-plus-chance;43;10;20;9;17;;;7;;;;;;2008-10-to-2017-03;nouveau_loto.csv
2015037;2015037;;2015-03-28;SAMEDI;modern-5-plus-chance;20;19;40;39;27;;;8;;;;;;2008-10-to-2017-03;nouveau_loto.csv
2015038;2015038;;2015-03-30;LUNDI;modern-5-plus-chance;4;20;13;10;32;;;1;;;;;;2008-10-to-2017-03;nouveau_loto.csv
2015039;2015039;;2015-04-01;MERCREDI;modern-5-plus-chance;13;21;25;20;41;;;4;;;;;;2008-10-to-2017-03;nouveau_loto.csv
2015040;2015040;;2015-04-04;SAMEDI;modern-5-plus-chance;33;15;23;28;39;;;1;;;;;;2008-10-to-2017-03;nouveau_loto.csv
2015041;2015041;;2015-04-06;LUNDI;modern-5-plus-chance;31;16;33;17;1;;;3;;;;;;2008-10-to-2017-03;nouveau_loto.csv
2015042;2015042;;2015-04-08;MERCREDI;modern-5-plus-chance;15;36;38;30;2;;;2;;;;;;2008-10-to-2017-03;nouveau_loto.csv
2015043;2015043;;2015-04-11;SAMEDI;modern-5-plus-chance;45;41;5;17;33;;;9;;;;;;2008-10-to-2017-03;nouveau_loto.csv
2015044;2015044;;2015-04-13;LUNDI;modern-5-plus-chance;41;9;43;48;36;;;2;;;;;;2008-10-to-2017-03;nouveau_loto.csv
2015045;2015045;;2015-04-15;MERCREDI;modern-5-plus-chance;43;6;10;30;39;;;5;;;;;;2008-10-to-2017-03;nouveau_loto.csv
2015046;2015046;;2015-04-18;SAMEDI;modern-5-plus-chance;44;1;49;38;20;;;3;;;;;;2008-10-to-2017-03;nouveau_loto.csv
2015047;2015047;;2015-04-20;LUNDI;modern-5-plus-chance;10;37;28;15;2;;;2;;;;;;2008-10-to-2017-03;nouveau_loto.csv
2015048;2015048;;2015-04-22;MERCREDI;modern-5-plus-chance;10;43;21;25;45;;;5;;;;;;2008-10-to-2017-03;nouveau_loto.csv
2015049;2015049;;2015-04-25;SAMEDI;modern-5-plus-chance;30;20;29;10;27;;;6;;;;;;2008-10-to-2017-03;nouveau_loto.csv
2015050;2015050;;2015-04-27;LUNDI;modern-5-plus-chance;15;28;43;41;5;;;4;;;;;;2008-10-to-2017-03;nouveau_loto.csv
2015051;2015051;;2015-04-29;MERCREDI;modern-5-plus-chance;42;20;2;35;49;;;3;;;;;;2008-10-to-2017-03;nouveau_loto.csv
2015052;2015052;;2015-05-02;SAMEDI;modern-5-plus-chance;46;33;30;19;3;;;5;;;;;;2008-10-to-2017-03;nouveau_loto.csv
2015053;2015053;;2015-05-04;LUNDI;modern-5-plus-chance;14;30;48;8;49;;;1;;;;;;2008-10-to-2017-03;nouveau_loto.csv
2015054;2015054;;2015-05-06;MERCREDI;modern-5-plus-chance;35;32;29;7;34;;;10;;;;;;2008-10-to-2017-03;nouveau_loto.csv
2015055;2015055;;2015-05-09;SAMEDI;modern-5-plus-chance;4;46;8;29;40;;;3;;;;;;2008-10-to-2017-03;nouveau_loto.csv
2015056;2015056;;2015-05-11;LUNDI;modern-5-plus-chance;49;1;34;28;31;;;4;;;;;;2008-10-to-2017-03;nouveau_loto.csv
2015057;2015057;;2015-05-13;MERCREDI;modern-5-plus-chance;45;22;37;15;6;;;5;;;;;;2008-10-to-2017-03;nouveau_loto.csv
2015058;2015058;;2015-05-16;SAMEDI;modern-5-plus-chance;39;8;22;46;23;;;3;;;;;;2008-10-to-2017-03;nouveau_loto.csv
2015059;2015059;;2015-05-18;LUNDI;modern-5-plus-chance;38;41;39;2;10;;;5;;;;;;2008-10-to-2017-03;nouveau_loto.csv
2015060;2015060;;2015-05-20;MERCREDI;modern-5-plus-chance;12;10;22;37;41;;;10;;;;;;2008-10-to-2017-03;nouveau_loto.csv
2015061;2015061;;2015-05-23;SAMEDI;modern-5-plus-chance;45;41;12;26;19;;;7;;;;;;2008-10-to-2017-03;nouveau_loto.csv
2015062;2015062;;2015-05-25;LUNDI;modern-5-plus-chance;44;35;49;15;29;;;3;;;;;;2008-10-to-2017-03;nouveau_loto.csv
2015063;2015063;;2015-05-27;MERCREDI;modern-5-plus-chance;22;32;42;8;29;;;3;;;;;;2008-10-to-2017-03;nouveau_loto.csv
2015064;2015064;;2015-05-30;SAMEDI;modern-5-plus-chance;43;6;30;47;45;;;5;;;;;;2008-10-to-2017-03;nouveau_loto.csv
2015065;2015065;;2015-06-01;LUNDI;modern-5-plus-chance;3;38;4;49;12;;;2;;;;;;2008-10-to-2017-03;nouveau_loto.csv
2015066;2015066;;2015-06-03;MERCREDI;modern-5-plus-chance;12;18;30;25;47;;;2;;;;;;2008-10-to-2017-03;nouveau_loto.csv
2015067;2015067;;2015-06-06;SAMEDI;modern-5-plus-chance;4;24;29;47;30;;;3;;;;;;2008-10-to-2017-03;nouveau_loto.csv
2015068;2015068;;2015-06-08;LUNDI;modern-5-plus-chance;41;3;8;9;44;;;10;;;;;;2008-10-to-2017-03;nouveau_loto.csv
2015069;2015069;;2015-06-10;MERCREDI;modern-5-plus-chance;12;46;40;8;19;;;8;;;;;;2008-10-to-2017-03;nouveau_loto.csv
2015070;2015070;;2015-06-13;SAMEDI;modern-5-plus-chance;16;11;29;15;46;;;4;;;;;;2008-10-to-2017-03;nouveau_loto.csv
2015071;2015071;;2015-06-15;LUNDI;modern-5-plus-chance;35;19;37;22;16;;;2;;;;;;2008-10-to-2017-03;nouveau_loto.csv
2015072;2015072;;2015-06-17;MERCREDI;modern-5-plus-chance;44;30;26;48;41;;;1;;;;;;2008-10-to-2017-03;nouveau_loto.csv
2015073;2015073;;2015-06-20;SAMEDI;modern-5-plus-chance;32;8;3;13;37;;;4;;;;;;2008-10-to-2017-03;nouveau_loto.csv
2015074;2015074;;2015-06-22;LUNDI;modern-5-plus-chance;35;43;37;24;38;;;2;;;;;;2008-10-to-2017-03;nouveau_loto.csv
2015075;2015075;;2015-06-24;MERCREDI;modern-5-plus-chance;29;49;38;25;41;;;2;;;;;;2008-10-to-2017-03;nouveau_loto.csv
2015076;2015076;;2015-06-27;SAMEDI;modern-5-plus-chance;47;14;42;40;29;;;4;;;;;;2008-10-to-2017-03;nouveau_loto.csv
2015077;2015077;;2015-06-29;LUNDI;modern-5-plus-chance;14;16;2;12;42;;;7;;;;;;2008-10-to-2017-03;nouveau_loto.csv
2015078;2015078;;2015-07-01;MERCREDI;modern-5-plus-chance;49;5;19;18;38;;;10;;;;;;2008-10-to-2017-03;nouveau_loto.csv
2015079;2015079;;2015-07-04;SAMEDI;modern-5-plus-chance;4;49;38;29;40;;;3;;;;;;2008-10-to-2017-03;nouveau_loto.csv
2015080;2015080;;2015-07-06;LUNDI;modern-5-plus-chance;17;12;36;35;43;;;3;;;;;;2008-10-to-2017-03;nouveau_loto.csv
2015081;2015081;;2015-07-08;MERCREDI;modern-5-plus-chance;5;39;32;42;20;;;7;;;;;;2008-10-to-2017-03;nouveau_loto.csv
2015082;2015082;;2015-07-11;SAMEDI;modern-5-plus-chance;14;26;4;23;36;;;1;;;;;;2008-10-to-2017-03;nouveau_loto.csv
2015083;2015083;;2015-07-13;LUNDI;modern-5-plus-chance;22;39;31;37;29;;;8;;;;;;2008-10-to-2017-03;nouveau_loto.csv
2015084;2015084;;2015-07-15;MERCREDI;modern-5-plus-chance;46;2;30;43;14;;;8;;;;;;2008-10-to-2017-03;nouveau_loto.csv
2015085;2015085;;2015-07-18;SAMEDI;modern-5-plus-chance;45;41;37;35;18;;;3;;;;;;2008-10-to-2017-03;nouveau_loto.csv
2015086;2015086;;2015-07-20;LUNDI;modern-5-plus-chance;31;17;2;24;29;;;1;;;;;;2008-10-to-2017-03;nouveau_loto.csv
2015087;2015087;;2015-07-22;MERCREDI;modern-5-plus-chance;36;30;33;31;24;;;1;;;;;;2008-10-to-2017-03;nouveau_loto.csv
2015088;2015088;;2015-07-25;SAMEDI;modern-5-plus-chance;43;7;5;10;13;;;4;;;;;;2008-10-to-2017-03;nouveau_loto.csv
2015089;2015089;;2015-07-27;LUNDI;modern-5-plus-chance;14;28;37;41;6;;;5;;;;;;2008-10-to-2017-03;nouveau_loto.csv
2015090;2015090;;2015-07-29;MERCREDI;modern-5-plus-chance;22;2;3;42;36;;;9;;;;;;2008-10-to-2017-03;nouveau_loto.csv
2015091;2015091;;2015-08-01;SAMEDI;modern-5-plus-chance;9;31;24;34;23;;;9;;;;;;2008-10-to-2017-03;nouveau_loto.csv
2015092;2015092;;2015-08-03;LUNDI;modern-5-plus-chance;48;10;49;1;39;;;1;;;;;;2008-10-to-2017-03;nouveau_loto.csv
2015093;2015093;;2015-08-05;MERCREDI;modern-5-plus-chance;34;10;22;36;9;;;4;;;;;;2008-10-to-2017-03;nouveau_loto.csv
2015094;2015094;;2015-08-08;SAMEDI;modern-5-plus-chance;12;8;11;35;33;;;9;;;;;;2008-10-to-2017-03;nouveau_loto.csv
2015095;2015095;;2015-08-10;LUNDI;modern-5-plus-chance;37;44;14;12;28;;;5;;;;;;2008-10-to-2017-03;nouveau_loto.csv
2015096;2015096;;2015-08-12;MERCREDI;modern-5-plus-chance;15;43;1;24;8;;;2;;;;;;2008-10-to-2017-03;nouveau_loto.csv
2015097;2015097;;2015-08-15;SAMEDI;modern-5-plus-chance;49;13;6;25;47;;;4;;;;;;2008-10-to-2017-03;nouveau_loto.csv
2015098;2015098;;2015-08-17;LUNDI;modern-5-plus-chance;29;9;26;36;42;;;1;;;;;;2008-10-to-2017-03;nouveau_loto.csv
2015099;2015099;;2015-08-19;MERCREDI;modern-5-plus-chance;21;6;45;34;38;;;4;;;;;;2008-10-to-2017-03;nouveau_loto.csv
2015100;2015100;;2015-08-22;SAMEDI;modern-5-plus-chance;19;4;20;29;49;;;9;;;;;;2008-10-to-2017-03;nouveau_loto.csv
2015101;2015101;;2015-08-24;LUNDI;modern-5-plus-chance;6;5;17;42;30;;;1;;;;;;2008-10-to-2017-03;nouveau_loto.csv
2015102;2015102;;2015-08-26;MERCREDI;modern-5-plus-chance;44;26;41;15;37;;;8;;;;;;2008-10-to-2017-03;nouveau_loto.csv
2015103;2015103;;2015-08-29;SAMEDI;modern-5-plus-chance;43;40;2;38;23;;;8;;;;;;2008-10-to-2017-03;nouveau_loto.csv
2015104;2015104;;2015-08-31;LUNDI;modern-5-plus-chance;12;41;38;1;31;;;4;;;;;;2008-10-to-2017-03;nouveau_loto.csv
2015105;2015105;;2015-09-02;MERCREDI;modern-5-plus-chance;29;6;9;17;28;;;2;;;;;;2008-10-to-2017-03;nouveau_loto.csv
2015106;2015106;;2015-09-05;SAMEDI;modern-5-plus-chance;24;45;14;25;42;;;9;;;;;;2008-10-to-2017-03;nouveau_loto.csv
2015107;2015107;;2015-09-07;LUNDI;modern-5-plus-chance;5;19;21;32;29;;;3;;;;;;2008-10-to-2017-03;nouveau_loto.csv
2015108;2015108;;2015-09-09;MERCREDI;modern-5-plus-chance;3;19;10;44;41;;;7;;;;;;2008-10-to-2017-03;nouveau_loto.csv
2015109;2015109;;2015-09-12;SAMEDI;modern-5-plus-chance;41;1;30;38;31;;;10;;;;;;2008-10-to-2017-03;nouveau_loto.csv
2015110;2015110;;2015-09-14;LUNDI;modern-5-plus-chance;3;43;48;37;49;;;2;;;;;;2008-10-to-2017-03;nouveau_loto.csv
2015111;2015111;;2015-09-16;MERCREDI;modern-5-plus-chance;7;34;42;11;17;;;6;;;;;;2008-10-to-2017-03;nouveau_loto.csv
2015112;2015112;;2015-09-19;SAMEDI;modern-5-plus-chance;2;25;43;16;33;;;9;;;;;;2008-10-to-2017-03;nouveau_loto.csv
2015113;2015113;;2015-09-21;LUNDI;modern-5-plus-chance;42;47;28;27;12;;;5;;;;;;2008-10-to-2017-03;nouveau_loto.csv
2015114;2015114;;2015-09-23;MERCREDI;modern-5-plus-chance;35;49;18;20;31;;;3;;;;;;2008-10-to-2017-03;nouveau_loto.csv
2015115;2015115;;2015-09-26;SAMEDI;modern-5-plus-chance;14;13;4;24;21;;;1;;;;;;2008-10-to-2017-03;nouveau_loto.csv
2015116;2015116;;2015-09-28;LUNDI;modern-5-plus-chance;23;39;37;36;49;;;8;;;;;;2008-10-to-2017-03;nouveau_loto.csv
2015117;2015117;;2015-09-30;MERCREDI;modern-5-plus-chance;16;18;15;35;26;;;7;;;;;;2008-10-to-2017-03;nouveau_loto.csv
2015118;2015118;;2015-10-03;SAMEDI;modern-5-plus-chance;27;18;8;37;20;;;4;;;;;;2008-10-to-2017-03;nouveau_loto.csv
2015119;2015119;;2015-10-05;LUNDI;modern-5-plus-chance;27;28;13;31;42;;;6;;;;;;2008-10-to-2017-03;nouveau_loto.csv
2015120;2015120;;2015-10-07;MERCREDI;modern-5-plus-chance;29;27;2;14;28;;;9;;;;;;2008-10-to-2017-03;nouveau_loto.csv
2015121;2015121;;2015-10-10;SAMEDI;modern-5-plus-chance;41;23;15;30;45;;;7;;;;;;2008-10-to-2017-03;nouveau_loto.csv
2015122;2015122;;2015-10-12;LUNDI;modern-5-plus-chance;1;16;49;3;4;;;4;;;;;;2008-10-to-2017-03;nouveau_loto.csv
2015123;2015123;;2015-10-14;MERCREDI;modern-5-plus-chance;38;20;33;6;35;;;2;;;;;;2008-10-to-2017-03;nouveau_loto.csv
2015124;2015124;;2015-10-17;SAMEDI;modern-5-plus-chance;22;33;14;46;9;;;8;;;;;;2008-10-to-2017-03;nouveau_loto.csv
2015125;2015125;;2015-10-19;LUNDI;modern-5-plus-chance;36;33;31;48;47;;;7;;;;;;2008-10-to-2017-03;nouveau_loto.csv
2015126;2015126;;2015-10-21;MERCREDI;modern-5-plus-chance;25;35;22;26;31;;;6;;;;;;2008-10-to-2017-03;nouveau_loto.csv
2015127;2015127;;2015-10-24;SAMEDI;modern-5-plus-chance;7;12;39;29;11;;;2;;;;;;2008-10-to-2017-03;nouveau_loto.csv
2015128;2015128;;2015-10-26;LUNDI;modern-5-plus-chance;17;19;23;4;49;;;3;;;;;;2008-10-to-2017-03;nouveau_loto.csv
2015129;2015129;;2015-10-28;MERCREDI;modern-5-plus-chance;49;2;17;30;5;;;2;;;;;;2008-10-to-2017-03;nouveau_loto.csv
2015130;2015130;;2015-10-31;SAMEDI;modern-5-plus-chance;33;36;48;43;34;;;10;;;;;;2008-10-to-2017-03;nouveau_loto.csv
2015131;2015131;;2015-11-02;LUNDI;modern-5-plus-chance;21;32;8;48;7;;;4;;;;;;2008-10-to-2017-03;nouveau_loto.csv
2015132;2015132;;2015-11-04;MERCREDI;modern-5-plus-chance;32;11;8;21;15;;;6;;;;;;2008-10-to-2017-03;nouveau_loto.csv
2015133;2015133;;2015-11-07;SAMEDI;modern-5-plus-chance;7;32;4;23;28;;;1;;;;;;2008-10-to-2017-03;nouveau_loto.csv
2015134;2015134;;2015-11-09;LUNDI;modern-5-plus-chance;25;32;8;37;39;;;10;;;;;;2008-10-to-2017-03;nouveau_loto.csv
2015135;2015135;;2015-11-11;MERCREDI;modern-5-plus-chance;17;1;6;13;15;;;2;;;;;;2008-10-to-2017-03;nouveau_loto.csv
2015136;2015136;;2015-11-14;SAMEDI;modern-5-plus-chance;34;29;47;10;37;;;10;;;;;;2008-10-to-2017-03;nouveau_loto.csv
2015137;2015137;;2015-11-16;LUNDI;modern-5-plus-chance;28;47;40;12;42;;;1;;;;;;2008-10-to-2017-03;nouveau_loto.csv
2015138;2015138;;2015-11-18;MERCREDI;modern-5-plus-chance;25;23;5;1;47;;;1;;;;;;2008-10-to-2017-03;nouveau_loto.csv
2015139;2015139;;2015-11-21;SAMEDI;modern-5-plus-chance;43;24;12;18;16;;;10;;;;;;2008-10-to-2017-03;nouveau_loto.csv
2015140;2015140;;2015-11-23;LUNDI;modern-5-plus-chance;47;12;14;37;20;;;6;;;;;;2008-10-to-2017-03;nouveau_loto.csv
2015141;2015141;;2015-11-25;MERCREDI;modern-5-plus-chance;24;18;22;41;7;;;3;;;;;;2008-10-to-2017-03;nouveau_loto.csv
2015142;2015142;;2015-11-28;SAMEDI;modern-5-plus-chance;30;19;37;12;46;;;9;;;;;;2008-10-to-2017-03;nouveau_loto.csv
2015143;2015143;;2015-11-30;LUNDI;modern-5-plus-chance;27;19;5;35;40;;;9;;;;;;2008-10-to-2017-03;nouveau_loto.csv
2015144;2015144;;2015-12-02;MERCREDI;modern-5-plus-chance;39;9;3;45;10;;;7;;;;;;2008-10-to-2017-03;nouveau_loto.csv
2015145;2015145;;2015-12-05;SAMEDI;modern-5-plus-chance;9;26;47;20;27;;;7;;;;;;2008-10-to-2017-03;nouveau_loto.csv
2015146;2015146;;2015-12-07;LUNDI;modern-5-plus-chance;22;28;42;37;14;;;10;;;;;;2008-10-to-2017-03;nouveau_loto.csv
2015147;2015147;;2015-12-09;MERCREDI;modern-5-plus-chance;6;34;12;49;10;;;7;;;;;;2008-10-to-2017-03;nouveau_loto.csv
2015148;2015148;;2015-12-12;SAMEDI;modern-5-plus-chance;13;40;2;34;15;;;8;;;;;;2008-10-to-2017-03;nouveau_loto.csv
2015149;2015149;;2015-12-14;LUNDI;modern-5-plus-chance;31;49;7;20;11;;;7;;;;;;2008-10-to-2017-03;nouveau_loto.csv
2015150;2015150;;2015-12-16;MERCREDI;modern-5-plus-chance;46;41;24;35;22;;;10;;;;;;2008-10-to-2017-03;nouveau_loto.csv
2015151;2015151;;2015-12-19;SAMEDI;modern-5-plus-chance;4;25;42;39;38;;;7;;;;;;2008-10-to-2017-03;nouveau_loto.csv
2015152;2015152;;2015-12-21;LUNDI;modern-5-plus-chance;11;19;33;41;7;;;3;;;;;;2008-10-to-2017-03;nouveau_loto.csv
2015153;2015153;;2015-12-23;MERCREDI;modern-5-plus-chance;13;17;28;46;42;;;2;;;;;;2008-10-to-2017-03;nouveau_loto.csv
2015154;2015154;;2015-12-26;SAMEDI;modern-5-plus-chance;15;21;20;38;43;;;1;;;;;;2008-10-to-2017-03;nouveau_loto.csv
2015155;2015155;;2015-12-28;LUNDI;modern-5-plus-chance;10;12;7;20;45;;;7;;;;;;2008-10-to-2017-03;nouveau_loto.csv
2015156;2015156;;2015-12-30;MERCREDI;modern-5-plus-chance;16;2;34;25;1;;;5;;;;;;2008-10-to-2017-03;nouveau_loto.csv
2016001;2016001;;2016-01-02;SAMEDI;modern-5-plus-chance;19;44;37;46;10;;;10;;;;;;2008-10-to-2017-03;nouveau_loto.csv
2016002;2016002;;2016-01-04;LUNDI;modern-5-plus-chance;34;43;23;15;40;;;3;;;;;;2008-10-to-2017-03;nouveau_loto.csv
2016003;2016003;;2016-01-06;MERCREDI;modern-5-plus-chance;49;22;14;5;2;;;4;;;;;;2008-10-to-2017-03;nouveau_loto.csv
2016004;2016004;;2016-01-09;SAMEDI;modern-5-plus-chance;22;39;4;49;45;;;6;;;;;;2008-10-to-2017-03;nouveau_loto.csv
2016005;2016005;;2016-01-11;LUNDI;modern-5-plus-chance;41;29;19;43;14;;;9;;;;;;2008-10-to-2017-03;nouveau_loto.csv
2016006;2016006;;2016-01-13;MERCREDI;modern-5-plus-chance;30;11;35;33;3;;;2;;;;;;2008-10-to-2017-03;nouveau_loto.csv
2016007;2016007;;2016-01-16;SAMEDI;modern-5-plus-chance;17;45;26;27;13;;;6;;;;;;2008-10-to-2017-03;nouveau_loto.csv
2016008;2016008;;2016-01-18;LUNDI;modern-5-plus-chance;2;5;3;10;1;;;4;;;;;;2008-10-to-2017-03;nouveau_loto.csv
2016009;2016009;;2016-01-20;MERCREDI;modern-5-plus-chance;34;21;9;42;31;;;8;;;;;;2008-10-to-2017-03;nouveau_loto.csv
2016010;2016010;;2016-01-23;SAMEDI;modern-5-plus-chance;42;3;15;41;33;;;3;;;;;;2008-10-to-2017-03;nouveau_loto.csv
2016011;2016011;;2016-01-25;LUNDI;modern-5-plus-chance;12;4;38;10;41;;;3;;;;;;2008-10-to-2017-03;nouveau_loto.csv
2016012;2016012;;2016-01-27;MERCREDI;modern-5-plus-chance;31;44;48;37;32;;;9;;;;;;2008-10-to-2017-03;nouveau_loto.csv
2016013;2016013;;2016-01-30;SAMEDI;modern-5-plus-chance;1;3;31;11;49;;;1;;;;;;2008-10-to-2017-03;nouveau_loto.csv
2016014;2016014;;2016-02-01;LUNDI;modern-5-plus-chance;18;36;13;40;48;;;4;;;;;;2008-10-to-2017-03;nouveau_loto.csv
2016015;2016015;;2016-02-03;MERCREDI;modern-5-plus-chance;5;44;24;28;25;;;3;;;;;;2008-10-to-2017-03;nouveau_loto.csv
2016016;2016016;;2016-02-06;SAMEDI;modern-5-plus-chance;44;25;2;41;28;;;9;;;;;;2008-10-to-2017-03;nouveau_loto.csv
2016017;2016017;;2016-02-08;LUNDI;modern-5-plus-chance;30;1;28;39;11;;;6;;;;;;2008-10-to-2017-03;nouveau_loto.csv
2016018;2016018;;2016-02-10;MERCREDI;modern-5-plus-chance;44;46;1;27;48;;;10;;;;;;2008-10-to-2017-03;nouveau_loto.csv
2016019;2016019;;2016-02-13;SAMEDI;modern-5-plus-chance;38;30;27;41;10;;;4;;;;;;2008-10-to-2017-03;nouveau_loto.csv
2016020;2016020;;2016-02-15;LUNDI;modern-5-plus-chance;37;21;38;4;10;;;5;;;;;;2008-10-to-2017-03;nouveau_loto.csv
2016021;2016021;;2016-02-17;MERCREDI;modern-5-plus-chance;29;17;40;34;2;;;10;;;;;;2008-10-to-2017-03;nouveau_loto.csv
2016022;2016022;;2016-02-20;SAMEDI;modern-5-plus-chance;9;33;34;41;20;;;8;;;;;;2008-10-to-2017-03;nouveau_loto.csv
2016023;2016023;;2016-02-22;LUNDI;modern-5-plus-chance;23;2;5;48;26;;;5;;;;;;2008-10-to-2017-03;nouveau_loto.csv
2016024;2016024;;2016-02-24;MERCREDI;modern-5-plus-chance;20;18;44;1;49;;;7;;;;;;2008-10-to-2017-03;nouveau_loto.csv
2016025;2016025;;2016-02-27;SAMEDI;modern-5-plus-chance;11;47;13;10;28;;;6;;;;;;2008-10-to-2017-03;nouveau_loto.csv
2016026;2016026;;2016-02-29;LUNDI;modern-5-plus-chance;13;3;1;24;45;;;1;;;;;;2008-10-to-2017-03;nouveau_loto.csv
2016027;2016027;;2016-03-02;MERCREDI;modern-5-plus-chance;40;48;44;20;34;;;2;;;;;;2008-10-to-2017-03;nouveau_loto.csv
2016028;2016028;;2016-03-05;SAMEDI;modern-5-plus-chance;34;5;14;49;23;;;6;;;;;;2008-10-to-2017-03;nouveau_loto.csv
2016029;2016029;;2016-03-07;LUNDI;modern-5-plus-chance;11;6;49;41;12;;;1;;;;;;2008-10-to-2017-03;nouveau_loto.csv
2016030;2016030;;2016-03-09;MERCREDI;modern-5-plus-chance;40;22;20;19;41;;;2;;;;;;2008-10-to-2017-03;nouveau_loto.csv
2016031;2016031;;2016-03-12;SAMEDI;modern-5-plus-chance;27;17;9;25;46;;;6;;;;;;2008-10-to-2017-03;nouveau_loto.csv
2016032;2016032;;2016-03-14;LUNDI;modern-5-plus-chance;19;39;27;14;36;;;8;;;;;;2008-10-to-2017-03;nouveau_loto.csv
2016033;2016033;;2016-03-16;MERCREDI;modern-5-plus-chance;43;18;11;7;9;;;10;;;;;;2008-10-to-2017-03;nouveau_loto.csv
2016034;2016034;;2016-03-19;SAMEDI;modern-5-plus-chance;49;13;4;36;18;;;5;;;;;;2008-10-to-2017-03;nouveau_loto.csv
2016035;2016035;;2016-03-21;LUNDI;modern-5-plus-chance;3;34;42;37;10;;;2;;;;;;2008-10-to-2017-03;nouveau_loto.csv
2016036;2016036;;2016-03-23;MERCREDI;modern-5-plus-chance;14;19;17;8;5;;;9;;;;;;2008-10-to-2017-03;nouveau_loto.csv
2016037;2016037;;2016-03-26;SAMEDI;modern-5-plus-chance;14;3;20;17;1;;;1;;;;;;2008-10-to-2017-03;nouveau_loto.csv
2016038;2016038;;2016-03-28;LUNDI;modern-5-plus-chance;26;2;28;4;15;;;2;;;;;;2008-10-to-2017-03;nouveau_loto.csv
2016039;2016039;;2016-03-30;MERCREDI;modern-5-plus-chance;43;20;46;35;23;;;6;;;;;;2008-10-to-2017-03;nouveau_loto.csv
2016040;2016040;;2016-04-02;SAMEDI;modern-5-plus-chance;29;34;18;22;19;;;1;;;;;;2008-10-to-2017-03;nouveau_loto.csv
2016041;2016041;;2016-04-04;LUNDI;modern-5-plus-chance;36;7;48;11;8;;;3;;;;;;2008-10-to-2017-03;nouveau_loto.csv
2016042;2016042;;2016-04-06;MERCREDI;modern-5-plus-chance;21;19;28;24;44;;;5;;;;;;2008-10-to-2017-03;nouveau_loto.csv
2016043;2016043;;2016-04-09;SAMEDI;modern-5-plus-chance;42;49;39;14;16;;;6;;;;;;2008-10-to-2017-03;nouveau_loto.csv
2016044;2016044;;2016-04-11;LUNDI;modern-5-plus-chance;34;29;4;26;25;;;2;;;;;;2008-10-to-2017-03;nouveau_loto.csv
2016045;2016045;;2016-04-13;MERCREDI;modern-5-plus-chance;31;49;34;2;4;;;4;;;;;;2008-10-to-2017-03;nouveau_loto.csv
2016046;2016046;;2016-04-16;SAMEDI;modern-5-plus-chance;33;25;36;39;40;;;9;;;;;;2008-10-to-2017-03;nouveau_loto.csv
2016047;2016047;;2016-04-18;LUNDI;modern-5-plus-chance;47;29;24;38;26;;;7;;;;;;2008-10-to-2017-03;nouveau_loto.csv
2016048;2016048;;2016-04-20;MERCREDI;modern-5-plus-chance;12;15;36;41;13;;;9;;;;;;2008-10-to-2017-03;nouveau_loto.csv
2016049;2016049;;2016-04-23;SAMEDI;modern-5-plus-chance;26;15;22;2;17;;;7;;;;;;2008-10-to-2017-03;nouveau_loto.csv
2016050;2016050;;2016-04-25;LUNDI;modern-5-plus-chance;39;19;13;18;22;;;6;;;;;;2008-10-to-2017-03;nouveau_loto.csv
2016051;2016051;;2016-04-27;MERCREDI;modern-5-plus-chance;9;36;25;45;44;;;10;;;;;;2008-10-to-2017-03;nouveau_loto.csv
2016052;2016052;;2016-04-30;SAMEDI;modern-5-plus-chance;49;29;2;30;36;;;7;;;;;;2008-10-to-2017-03;nouveau_loto.csv
2016053;2016053;;2016-05-02;LUNDI;modern-5-plus-chance;47;36;43;48;26;;;6;;;;;;2008-10-to-2017-03;nouveau_loto.csv
2016054;2016054;;2016-05-04;MERCREDI;modern-5-plus-chance;15;7;42;8;24;;;9;;;;;;2008-10-to-2017-03;nouveau_loto.csv
2016055;2016055;;2016-05-07;SAMEDI;modern-5-plus-chance;35;33;42;20;14;;;4;;;;;;2008-10-to-2017-03;nouveau_loto.csv
2016056;2016056;;2016-05-09;LUNDI;modern-5-plus-chance;24;29;4;11;14;;;1;;;;;;2008-10-to-2017-03;nouveau_loto.csv
2016057;2016057;;2016-05-11;MERCREDI;modern-5-plus-chance;31;44;29;19;15;;;10;;;;;;2008-10-to-2017-03;nouveau_loto.csv
2016058;2016058;;2016-05-14;SAMEDI;modern-5-plus-chance;42;28;30;1;27;;;5;;;;;;2008-10-to-2017-03;nouveau_loto.csv
2016059;2016059;;2016-05-16;LUNDI;modern-5-plus-chance;36;38;31;6;16;;;1;;;;;;2008-10-to-2017-03;nouveau_loto.csv
2016060;2016060;;2016-05-18;MERCREDI;modern-5-plus-chance;22;1;40;38;49;;;9;;;;;;2008-10-to-2017-03;nouveau_loto.csv
2016061;2016061;;2016-05-21;SAMEDI;modern-5-plus-chance;41;26;23;12;48;;;4;;;;;;2008-10-to-2017-03;nouveau_loto.csv
2016062;2016062;;2016-05-23;LUNDI;modern-5-plus-chance;41;48;22;26;7;;;2;;;;;;2008-10-to-2017-03;nouveau_loto.csv
2016063;2016063;;2016-05-25;MERCREDI;modern-5-plus-chance;20;12;36;21;4;;;3;;;;;;2008-10-to-2017-03;nouveau_loto.csv
2016064;2016064;;2016-05-28;SAMEDI;modern-5-plus-chance;19;3;1;14;13;;;6;;;;;;2008-10-to-2017-03;nouveau_loto.csv
2016065;2016065;;2016-05-30;LUNDI;modern-5-plus-chance;6;38;7;13;40;;;3;;;;;;2008-10-to-2017-03;nouveau_loto.csv
2016066;2016066;;2016-06-01;MERCREDI;modern-5-plus-chance;27;35;26;44;22;;;10;;;;;;2008-10-to-2017-03;nouveau_loto.csv
2016067;2016067;;2016-06-04;SAMEDI;modern-5-plus-chance;39;2;16;19;25;;;1;;;;;;2008-10-to-2017-03;nouveau_loto.csv
2016068;2016068;;2016-06-06;LUNDI;modern-5-plus-chance;23;32;48;47;25;;;5;;;;;;2008-10-to-2017-03;nouveau_loto.csv
2016069;2016069;;2016-06-08;MERCREDI;modern-5-plus-chance;45;6;8;49;33;;;9;;;;;;2008-10-to-2017-03;nouveau_loto.csv
2016070;2016070;;2016-06-11;SAMEDI;modern-5-plus-chance;7;17;22;46;44;;;6;;;;;;2008-10-to-2017-03;nouveau_loto.csv
2016071;2016071;;2016-06-13;LUNDI;modern-5-plus-chance;28;36;5;21;8;;;8;;;;;;2008-10-to-2017-03;nouveau_loto.csv
2016072;2016072;;2016-06-15;MERCREDI;modern-5-plus-chance;34;2;8;5;33;;;10;;;;;;2008-10-to-2017-03;nouveau_loto.csv
2016073;2016073;;2016-06-18;SAMEDI;modern-5-plus-chance;18;33;10;20;39;;;3;;;;;;2008-10-to-2017-03;nouveau_loto.csv
2016074;2016074;;2016-06-20;LUNDI;modern-5-plus-chance;38;4;45;13;43;;;10;;;;;;2008-10-to-2017-03;nouveau_loto.csv
2016075;2016075;;2016-06-22;MERCREDI;modern-5-plus-chance;4;27;10;36;5;;;9;;;;;;2008-10-to-2017-03;nouveau_loto.csv
2016076;2016076;;2016-06-25;SAMEDI;modern-5-plus-chance;16;20;19;35;49;;;3;;;;;;2008-10-to-2017-03;nouveau_loto.csv
2016077;2016077;;2016-06-27;LUNDI;modern-5-plus-chance;22;23;8;41;24;;;7;;;;;;2008-10-to-2017-03;nouveau_loto.csv
2016078;2016078;;2016-06-29;MERCREDI;modern-5-plus-chance;17;22;9;14;48;;;10;;;;;;2008-10-to-2017-03;nouveau_loto.csv
2016079;2016079;;2016-07-02;SAMEDI;modern-5-plus-chance;8;24;31;17;16;;;5;;;;;;2008-10-to-2017-03;nouveau_loto.csv
2016080;2016080;;2016-07-04;LUNDI;modern-5-plus-chance;12;10;25;22;47;;;1;;;;;;2008-10-to-2017-03;nouveau_loto.csv
2016081;2016081;;2016-07-06;MERCREDI;modern-5-plus-chance;26;38;47;13;16;;;8;;;;;;2008-10-to-2017-03;nouveau_loto.csv
2016082;2016082;;2016-07-09;SAMEDI;modern-5-plus-chance;46;15;6;39;3;;;10;;;;;;2008-10-to-2017-03;nouveau_loto.csv
2016083;2016083;;2016-07-11;LUNDI;modern-5-plus-chance;36;35;2;25;27;;;4;;;;;;2008-10-to-2017-03;nouveau_loto.csv
2016084;2016084;;2016-07-13;MERCREDI;modern-5-plus-chance;30;28;47;34;7;;;10;;;;;;2008-10-to-2017-03;nouveau_loto.csv
2016085;2016085;;2016-07-16;SAMEDI;modern-5-plus-chance;45;21;46;48;11;;;4;;;;;;2008-10-to-2017-03;nouveau_loto.csv
2016086;2016086;;2016-07-18;LUNDI;modern-5-plus-chance;29;25;2;39;20;;;7;;;;;;2008-10-to-2017-03;nouveau_loto.csv
2016087;2016087;;2016-07-20;MERCREDI;modern-5-plus-chance;32;1;13;29;46;;;1;;;;;;2008-10-to-2017-03;nouveau_loto.csv
2016088;2016088;;2016-07-23;SAMEDI;modern-5-plus-chance;2;27;33;21;15;;;10;;;;;;2008-10-to-2017-03;nouveau_loto.csv
2016089;2016089;;2016-07-25;LUNDI;modern-5-plus-chance;3;29;46;5;1;;;4;;;;;;2008-10-to-2017-03;nouveau_loto.csv
2016090;2016090;;2016-07-27;MERCREDI;modern-5-plus-chance;34;7;44;19;8;;;6;;;;;;2008-10-to-2017-03;nouveau_loto.csv
2016091;2016091;;2016-07-30;SAMEDI;modern-5-plus-chance;30;9;22;46;23;;;9;;;;;;2008-10-to-2017-03;nouveau_loto.csv
2016092;2016092;;2016-08-01;LUNDI;modern-5-plus-chance;45;29;36;42;24;;;7;;;;;;2008-10-to-2017-03;nouveau_loto.csv
2016093;2016093;;2016-08-03;MERCREDI;modern-5-plus-chance;18;27;39;44;24;;;3;;;;;;2008-10-to-2017-03;nouveau_loto.csv
2016094;2016094;;2016-08-06;SAMEDI;modern-5-plus-chance;44;12;7;25;31;;;10;;;;;;2008-10-to-2017-03;nouveau_loto.csv
2016095;2016095;;2016-08-08;LUNDI;modern-5-plus-chance;1;26;2;36;3;;;7;;;;;;2008-10-to-2017-03;nouveau_loto.csv
2016096;2016096;;2016-08-10;MERCREDI;modern-5-plus-chance;49;30;19;17;7;;;3;;;;;;2008-10-to-2017-03;nouveau_loto.csv
2016097;2016097;;2016-08-13;SAMEDI;modern-5-plus-chance;33;1;9;6;46;;;6;;;;;;2008-10-to-2017-03;nouveau_loto.csv
2016098;2016098;;2016-08-15;LUNDI;modern-5-plus-chance;16;31;25;27;26;;;7;;;;;;2008-10-to-2017-03;nouveau_loto.csv
2016099;2016099;;2016-08-17;MERCREDI;modern-5-plus-chance;12;21;35;24;40;;;4;;;;;;2008-10-to-2017-03;nouveau_loto.csv
2016100;2016100;;2016-08-20;SAMEDI;modern-5-plus-chance;35;10;28;43;15;;;9;;;;;;2008-10-to-2017-03;nouveau_loto.csv
2016101;2016101;;2016-08-22;LUNDI;modern-5-plus-chance;21;44;42;12;34;;;7;;;;;;2008-10-to-2017-03;nouveau_loto.csv
2016102;2016102;;2016-08-24;MERCREDI;modern-5-plus-chance;3;4;34;41;42;;;2;;;;;;2008-10-to-2017-03;nouveau_loto.csv
2016103;2016103;;2016-08-27;SAMEDI;modern-5-plus-chance;45;21;2;31;23;;;8;;;;;;2008-10-to-2017-03;nouveau_loto.csv
2016104;2016104;;2016-08-29;LUNDI;modern-5-plus-chance;44;36;49;25;48;;;2;;;;;;2008-10-to-2017-03;nouveau_loto.csv
2016105;2016105;;2016-08-31;MERCREDI;modern-5-plus-chance;12;26;19;47;10;;;1;;;;;;2008-10-to-2017-03;nouveau_loto.csv
2016106;2016106;;2016-09-03;SAMEDI;modern-5-plus-chance;36;24;45;49;47;;;5;;;;;;2008-10-to-2017-03;nouveau_loto.csv
2016107;2016107;;2016-09-05;LUNDI;modern-5-plus-chance;43;48;7;42;30;;;4;;;;;;2008-10-to-2017-03;nouveau_loto.csv
2016108;2016108;;2016-09-07;MERCREDI;modern-5-plus-chance;26;34;38;13;42;;;9;;;;;;2008-10-to-2017-03;nouveau_loto.csv
2016109;2016109;;2016-09-10;SAMEDI;modern-5-plus-chance;46;38;29;31;19;;;6;;;;;;2008-10-to-2017-03;nouveau_loto.csv
2016110;2016110;;2016-09-12;LUNDI;modern-5-plus-chance;6;5;11;13;22;;;10;;;;;;2008-10-to-2017-03;nouveau_loto.csv
2016111;2016111;;2016-09-14;MERCREDI;modern-5-plus-chance;29;18;37;7;47;;;7;;;;;;2008-10-to-2017-03;nouveau_loto.csv
2016112;2016112;;2016-09-17;SAMEDI;modern-5-plus-chance;12;3;4;34;25;;;2;;;;;;2008-10-to-2017-03;nouveau_loto.csv
2016113;2016113;;2016-09-19;LUNDI;modern-5-plus-chance;41;37;20;18;45;;;10;;;;;;2008-10-to-2017-03;nouveau_loto.csv
2016114;2016114;;2016-09-21;MERCREDI;modern-5-plus-chance;30;15;40;13;20;;;10;;;;;;2008-10-to-2017-03;nouveau_loto.csv
2016115;2016115;;2016-09-24;SAMEDI;modern-5-plus-chance;33;32;31;41;43;;;10;;;;;;2008-10-to-2017-03;nouveau_loto.csv
2016116;2016116;;2016-09-26;LUNDI;modern-5-plus-chance;4;23;26;19;27;;;7;;;;;;2008-10-to-2017-03;nouveau_loto.csv
2016117;2016117;;2016-09-28;MERCREDI;modern-5-plus-chance;44;46;29;42;45;;;3;;;;;;2008-10-to-2017-03;nouveau_loto.csv
2016118;2016118;;2016-10-01;SAMEDI;modern-5-plus-chance;13;42;8;16;23;;;1;;;;;;2008-10-to-2017-03;nouveau_loto.csv
2016119;2016119;;2016-10-03;LUNDI;modern-5-plus-chance;46;43;7;22;8;;;10;;;;;;2008-10-to-2017-03;nouveau_loto.csv
2016120;2016120;;2016-10-05;MERCREDI;modern-5-plus-chance;18;28;15;2;43;;;3;;;;;;2008-10-to-2017-03;nouveau_loto.csv
2016121;2016121;;2016-10-08;SAMEDI;modern-5-plus-chance;5;26;28;46;35;;;9;;;;;;2008-10-to-2017-03;nouveau_loto.csv
2016122;2016122;;2016-10-10;LUNDI;modern-5-plus-chance;18;19;3;48;9;;;2;;;;;;2008-10-to-2017-03;nouveau_loto.csv
2016123;2016123;;2016-10-12;MERCREDI;modern-5-plus-chance;2;19;34;47;23;;;2;;;;;;2008-10-to-2017-03;nouveau_loto.csv
2016124;2016124;;2016-10-15;SAMEDI;modern-5-plus-chance;47;30;41;32;39;;;7;;;;;;2008-10-to-2017-03;nouveau_loto.csv
2016125;2016125;;2016-10-17;LUNDI;modern-5-plus-chance;8;31;48;39;22;;;4;;;;;;2008-10-to-2017-03;nouveau_loto.csv
2016126;2016126;;2016-10-19;MERCREDI;modern-5-plus-chance;32;28;29;26;38;;;1;;;;;;2008-10-to-2017-03;nouveau_loto.csv
2016127;2016127;;2016-10-22;SAMEDI;modern-5-plus-chance;29;41;3;43;35;;;8;;;;;;2008-10-to-2017-03;nouveau_loto.csv
2016128;2016128;;2016-10-24;LUNDI;modern-5-plus-chance;18;29;36;17;23;;;7;;;;;;2008-10-to-2017-03;nouveau_loto.csv
2016129;2016129;;2016-10-26;MERCREDI;modern-5-plus-chance;1;46;20;40;35;;;10;;;;;;2008-10-to-2017-03;nouveau_loto.csv
2016130;2016130;;2016-10-29;SAMEDI;modern-5-plus-chance;21;36;44;26;14;;;4;;;;;;2008-10-to-2017-03;nouveau_loto.csv
2016131;2016131;;2016-10-31;LUNDI;modern-5-plus-chance;11;35;16;29;41;;;4;;;;;;2008-10-to-2017-03;nouveau_loto.csv
2016132;2016132;;2016-11-02;MERCREDI;modern-5-plus-chance;26;1;49;7;14;;;10;;;;;;2008-10-to-2017-03;nouveau_loto.csv
2016133;2016133;;2016-11-05;SAMEDI;modern-5-plus-chance;16;42;21;6;34;;;5;;;;;;2008-10-to-2017-03;nouveau_loto.csv
2016134;2016134;;2016-11-07;LUNDI;modern-5-plus-chance;1;46;21;6;31;;;6;;;;;;2008-10-to-2017-03;nouveau_loto.csv
2016135;2016135;;2016-11-09;MERCREDI;modern-5-plus-chance;3;22;47;14;8;;;5;;;;;;2008-10-to-2017-03;nouveau_loto.csv
2016136;2016136;;2016-11-12;SAMEDI;modern-5-plus-chance;29;11;19;16;2;;;8;;;;;;2008-10-to-2017-03;nouveau_loto.csv
2016137;2016137;;2016-11-14;LUNDI;modern-5-plus-chance;41;6;14;16;26;;;2;;;;;;2008-10-to-2017-03;nouveau_loto.csv
2016138;2016138;;2016-11-16;MERCREDI;modern-5-plus-chance;37;48;1;26;24;;;7;;;;;;2008-10-to-2017-03;nouveau_loto.csv
2016139;2016139;;2016-11-19;SAMEDI;modern-5-plus-chance;34;48;41;46;36;;;7;;;;;;2008-10-to-2017-03;nouveau_loto.csv
2016140;2016140;;2016-11-21;LUNDI;modern-5-plus-chance;7;18;12;45;3;;;8;;;;;;2008-10-to-2017-03;nouveau_loto.csv
2016141;2016141;;2016-11-23;MERCREDI;modern-5-plus-chance;47;7;25;2;12;;;7;;;;;;2008-10-to-2017-03;nouveau_loto.csv
2016142;2016142;;2016-11-26;SAMEDI;modern-5-plus-chance;9;21;44;6;11;;;7;;;;;;2008-10-to-2017-03;nouveau_loto.csv
2016143;2016143;;2016-11-28;LUNDI;modern-5-plus-chance;41;45;20;10;38;;;6;;;;;;2008-10-to-2017-03;nouveau_loto.csv
2016144;2016144;;2016-11-30;MERCREDI;modern-5-plus-chance;9;33;31;3;40;;;5;;;;;;2008-10-to-2017-03;nouveau_loto.csv
2016145;2016145;;2016-12-03;SAMEDI;modern-5-plus-chance;11;13;38;4;44;;;7;;;;;;2008-10-to-2017-03;nouveau_loto.csv
2016146;2016146;;2016-12-05;LUNDI;modern-5-plus-chance;29;30;23;6;26;;;4;;;;;;2008-10-to-2017-03;nouveau_loto.csv
2016147;2016147;;2016-12-07;MERCREDI;modern-5-plus-chance;5;44;7;2;45;;;3;;;;;;2008-10-to-2017-03;nouveau_loto.csv
2016148;2016148;;2016-12-10;SAMEDI;modern-5-plus-chance;41;43;27;24;28;;;9;;;;;;2008-10-to-2017-03;nouveau_loto.csv
2016149;2016149;;2016-12-12;LUNDI;modern-5-plus-chance;12;14;11;6;36;;;6;;;;;;2008-10-to-2017-03;nouveau_loto.csv
2016150;2016150;;2016-12-14;MERCREDI;modern-5-plus-chance;10;9;44;14;46;;;7;;;;;;2008-10-to-2017-03;nouveau_loto.csv
2016151;2016151;;2016-12-17;SAMEDI;modern-5-plus-chance;13;5;16;32;2;;;5;;;;;;2008-10-to-2017-03;nouveau_loto.csv
2016152;2016152;;2016-12-19;LUNDI;modern-5-plus-chance;17;40;41;26;3;;;7;;;;;;2008-10-to-2017-03;nouveau_loto.csv
2016153;2016153;;2016-12-21;MERCREDI;modern-5-plus-chance;25;42;17;39;22;;;6;;;;;;2008-10-to-2017-03;nouveau_loto.csv
2016154;2016154;;2016-12-24;SAMEDI;modern-5-plus-chance;22;48;7;20;35;;;1;;;;;;2008-10-to-2017-03;nouveau_loto.csv
2016155;2016155;;2016-12-26;LUNDI;modern-5-plus-chance;3;16;27;29;37;;;6;;;;;;2008-10-to-2017-03;nouveau_loto.csv
2016156;2016156;;2016-12-28;MERCREDI;modern-5-plus-chance;34;35;16;39;15;;;4;;;;;;2008-10-to-2017-03;nouveau_loto.csv
2016157;2016157;;2016-12-31;SAMEDI;modern-5-plus-chance;45;49;43;33;4;;;8;;;;;;2008-10-to-2017-03;nouveau_loto.csv
2017001;2017001;;2017-01-02;LUNDI;modern-5-plus-chance;31;38;11;19;40;;;5;;;;;;2008-10-to-2017-03;nouveau_loto.csv
2017002;2017002;;2017-01-04;MERCREDI;modern-5-plus-chance;17;36;16;26;38;;;7;;;;;;2008-10-to-2017-03;nouveau_loto.csv
2017003;2017003;;2017-01-07;SAMEDI;modern-5-plus-chance;33;46;24;21;22;;;8;;;;;;2008-10-to-2017-03;nouveau_loto.csv
2017004;2017004;;2017-01-09;LUNDI;modern-5-plus-chance;21;16;6;42;2;;;7;;;;;;2008-10-to-2017-03;nouveau_loto.csv
2017005;2017005;;2017-01-11;MERCREDI;modern-5-plus-chance;30;13;28;22;19;;;3;;;;;;2008-10-to-2017-03;nouveau_loto.csv
2017006;2017006;;2017-01-14;SAMEDI;modern-5-plus-chance;19;18;44;37;16;;;1;;;;;;2008-10-to-2017-03;nouveau_loto.csv
2017007;2017007;;2017-01-16;LUNDI;modern-5-plus-chance;35;32;14;37;26;;;5;;;;;;2008-10-to-2017-03;nouveau_loto.csv
2017008;2017008;;2017-01-18;MERCREDI;modern-5-plus-chance;48;29;34;5;47;;;4;;;;;;2008-10-to-2017-03;nouveau_loto.csv
2017009;2017009;;2017-01-21;SAMEDI;modern-5-plus-chance;40;36;32;8;31;;;6;;;;;;2008-10-to-2017-03;nouveau_loto.csv
2017010;2017010;;2017-01-23;LUNDI;modern-5-plus-chance;15;5;17;49;31;;;9;;;;;;2008-10-to-2017-03;nouveau_loto.csv
2017011;2017011;;2017-01-25;MERCREDI;modern-5-plus-chance;10;19;20;28;4;;;2;;;;;;2008-10-to-2017-03;nouveau_loto.csv
2017012;2017012;;2017-01-28;SAMEDI;modern-5-plus-chance;6;5;10;2;26;;;5;;;;;;2008-10-to-2017-03;nouveau_loto.csv
2017013;2017013;;2017-01-30;LUNDI;modern-5-plus-chance;4;22;40;23;32;;;4;;;;;;2008-10-to-2017-03;nouveau_loto.csv
2017014;2017014;;2017-02-01;MERCREDI;modern-5-plus-chance;45;24;17;46;9;;;7;;;;;;2008-10-to-2017-03;nouveau_loto.csv
2017015;2017015;;2017-02-04;SAMEDI;modern-5-plus-chance;32;22;1;35;37;;;7;;;;;;2008-10-to-2017-03;nouveau_loto.csv
2017016;2017016;;2017-02-06;LUNDI;modern-5-plus-chance;19;31;33;40;30;;;2;;;;;;2008-10-to-2017-03;nouveau_loto.csv
2017017;2017017;;2017-02-08;MERCREDI;modern-5-plus-chance;17;33;37;40;19;;;6;;;;;;2008-10-to-2017-03;nouveau_loto.csv
2017018;2017018;;2017-02-11;SAMEDI;modern-5-plus-chance;37;17;29;15;1;;;3;;;;;;2008-10-to-2017-03;nouveau_loto.csv
2017019;2017019;;2017-02-13;LUNDI;modern-5-plus-chance;5;16;39;44;18;;;3;;;;;;2008-10-to-2017-03;nouveau_loto.csv
2017020;2017020;;2017-02-15;MERCREDI;modern-5-plus-chance;8;16;21;14;24;;;10;;;;;;2008-10-to-2017-03;nouveau_loto.csv
2017021;2017021;;2017-02-18;SAMEDI;modern-5-plus-chance;32;23;49;1;3;;;4;;;;;;2008-10-to-2017-03;nouveau_loto.csv
2017022;2017022;;2017-02-20;LUNDI;modern-5-plus-chance;20;29;43;41;15;;;10;;;;;;2008-10-to-2017-03;nouveau_loto.csv
2017023;2017023;;2017-02-22;MERCREDI;modern-5-plus-chance;17;25;22;35;43;;;10;;;;;;2008-10-to-2017-03;nouveau_loto.csv
2017024;2017024;;2017-02-25;SAMEDI;modern-5-plus-chance;40;32;43;11;48;;;2;;;;;;2008-10-to-2017-03;nouveau_loto.csv
2017025;2017025;;2017-02-27;LUNDI;modern-5-plus-chance;3;37;16;17;47;;;5;;;;;;2008-10-to-2017-03;nouveau_loto.csv
2017026;2017026;;2017-03-01;MERCREDI;modern-5-plus-chance;33;31;16;46;20;;;5;;;;;;2008-10-to-2017-03;nouveau_loto.csv
2017027;2017027;;2017-03-04;SAMEDI;modern-5-plus-chance;28;14;37;32;4;;;4;;;;;;2008-10-to-2017-03;nouveau_loto.csv
2017028;2017028;;2017-03-06;LUNDI;modern-5-plus-chance;26;10;6;41;3;;;9;;;;;;2017-03-to-2019-02;loto2017.csv
2017029;2017029;;2017-03-08;MERCREDI;modern-5-plus-chance;40;16;46;42;47;;;2;;;;;;2017-03-to-2019-02;loto2017.csv
2017030;2017030;;2017-03-11;SAMEDI;modern-5-plus-chance;1;39;31;13;42;;;7;;;;;;2017-03-to-2019-02;loto2017.csv
2017031;2017031;;2017-03-13;LUNDI;modern-5-plus-chance;16;21;34;48;24;;;3;;;;;;2017-03-to-2019-02;loto2017.csv
2017032;2017032;;2017-03-15;MERCREDI;modern-5-plus-chance;25;5;46;36;31;;;8;;;;;;2017-03-to-2019-02;loto2017.csv
2017033;2017033;;2017-03-18;SAMEDI;modern-5-plus-chance;33;18;1;30;6;;;2;;;;;;2017-03-to-2019-02;loto2017.csv
2017034;2017034;;2017-03-20;LUNDI;modern-5-plus-chance;42;39;28;13;40;;;1;;;;;;2017-03-to-2019-02;loto2017.csv
2017035;2017035;;2017-03-22;MERCREDI;modern-5-plus-chance;43;25;28;2;11;;;5;;;;;;2017-03-to-2019-02;loto2017.csv
2017036;2017036;;2017-03-25;SAMEDI;modern-5-plus-chance;2;5;8;43;49;;;1;;;;;;2017-03-to-2019-02;loto2017.csv
2017037;2017037;;2017-03-27;LUNDI;modern-5-plus-chance;2;49;9;38;18;;;8;;;;;;2017-03-to-2019-02;loto2017.csv
2017038;2017038;;2017-03-29;MERCREDI;modern-5-plus-chance;35;14;10;26;25;;;5;;;;;;2017-03-to-2019-02;loto2017.csv
2017039;2017039;;2017-04-01;SAMEDI;modern-5-plus-chance;46;2;44;9;25;;;9;;;;;;2017-03-to-2019-02;loto2017.csv
2017040;2017040;;2017-04-03;LUNDI;modern-5-plus-chance;34;16;44;3;9;;;3;;;;;;2017-03-to-2019-02;loto2017.csv
2017041;2017041;;2017-04-05;MERCREDI;modern-5-plus-chance;10;40;42;20;6;;;10;;;;;;2017-03-to-2019-02;loto2017.csv
2017042;2017042;;2017-04-08;SAMEDI;modern-5-plus-chance;17;44;18;45;29;;;5;;;;;;2017-03-to-2019-02;loto2017.csv
2017043;2017043;;2017-04-10;LUNDI;modern-5-plus-chance;11;3;20;14;1;;;2;;;;;;2017-03-to-2019-02;loto2017.csv
2017044;2017044;;2017-04-12;MERCREDI;modern-5-plus-chance;48;18;3;28;40;;;7;;;;;;2017-03-to-2019-02;loto2017.csv
2017045;2017045;;2017-04-15;SAMEDI;modern-5-plus-chance;28;29;41;40;49;;;5;;;;;;2017-03-to-2019-02;loto2017.csv
2017046;2017046;;2017-04-17;LUNDI;modern-5-plus-chance;8;36;46;4;33;;;7;;;;;;2017-03-to-2019-02;loto2017.csv
2017047;2017047;;2017-04-19;MERCREDI;modern-5-plus-chance;47;39;38;41;48;;;9;;;;;;2017-03-to-2019-02;loto2017.csv
2017048;2017048;;2017-04-22;SAMEDI;modern-5-plus-chance;17;21;31;1;46;;;5;;;;;;2017-03-to-2019-02;loto2017.csv
2017049;2017049;;2017-04-24;LUNDI;modern-5-plus-chance;7;42;28;45;41;;;9;;;;;;2017-03-to-2019-02;loto2017.csv
2017050;2017050;;2017-04-26;MERCREDI;modern-5-plus-chance;27;6;8;14;16;;;5;;;;;;2017-03-to-2019-02;loto2017.csv
2017051;2017051;;2017-04-29;SAMEDI;modern-5-plus-chance;48;37;46;44;34;;;9;;;;;;2017-03-to-2019-02;loto2017.csv
2017052;2017052;;2017-05-01;LUNDI;modern-5-plus-chance;18;46;37;16;35;;;6;;;;;;2017-03-to-2019-02;loto2017.csv
2017053;2017053;;2017-05-03;MERCREDI;modern-5-plus-chance;20;15;27;46;6;;;3;;;;;;2017-03-to-2019-02;loto2017.csv
2017054;2017054;;2017-05-06;SAMEDI;modern-5-plus-chance;27;41;34;6;45;;;5;;;;;;2017-03-to-2019-02;loto2017.csv
2017055;2017055;;2017-05-08;LUNDI;modern-5-plus-chance;33;7;47;22;43;;;6;;;;;;2017-03-to-2019-02;loto2017.csv
2017056;2017056;;2017-05-10;MERCREDI;modern-5-plus-chance;30;22;20;43;12;;;9;;;;;;2017-03-to-2019-02;loto2017.csv
2017057;2017057;;2017-05-13;SAMEDI;modern-5-plus-chance;16;13;9;28;47;;;10;;;;;;2017-03-to-2019-02;loto2017.csv
2017058;2017058;;2017-05-15;LUNDI;modern-5-plus-chance;22;13;1;27;5;;;1;;;;;;2017-03-to-2019-02;loto2017.csv
2017059;2017059;;2017-05-17;MERCREDI;modern-5-plus-chance;25;44;6;30;22;;;7;;;;;;2017-03-to-2019-02;loto2017.csv
2017060;2017060;;2017-05-20;SAMEDI;modern-5-plus-chance;33;31;28;34;42;;;3;;;;;;2017-03-to-2019-02;loto2017.csv
2017061;2017061;;2017-05-22;LUNDI;modern-5-plus-chance;27;21;22;7;31;;;10;;;;;;2017-03-to-2019-02;loto2017.csv
2017062;2017062;;2017-05-24;MERCREDI;modern-5-plus-chance;17;22;18;8;30;;;5;;;;;;2017-03-to-2019-02;loto2017.csv
2017063;2017063;;2017-05-27;SAMEDI;modern-5-plus-chance;9;8;28;40;17;;;8;;;;;;2017-03-to-2019-02;loto2017.csv
2017064;2017064;;2017-05-29;LUNDI;modern-5-plus-chance;40;43;39;41;1;;;9;;;;;;2017-03-to-2019-02;loto2017.csv
2017065;2017065;;2017-05-31;MERCREDI;modern-5-plus-chance;1;36;9;41;27;;;1;;;;;;2017-03-to-2019-02;loto2017.csv
2017066;2017066;;2017-06-03;SAMEDI;modern-5-plus-chance;23;45;36;34;44;;;3;;;;;;2017-03-to-2019-02;loto2017.csv
2017067;2017067;;2017-06-05;LUNDI;modern-5-plus-chance;49;12;17;41;21;;;7;;;;;;2017-03-to-2019-02;loto2017.csv
2017068;2017068;;2017-06-07;MERCREDI;modern-5-plus-chance;22;43;36;40;21;;;5;;;;;;2017-03-to-2019-02;loto2017.csv
2017069;2017069;;2017-06-10;SAMEDI;modern-5-plus-chance;49;34;37;36;8;;;10;;;;;;2017-03-to-2019-02;loto2017.csv
2017070;2017070;;2017-06-12;LUNDI;modern-5-plus-chance;5;29;4;7;27;;;5;;;;;;2017-03-to-2019-02;loto2017.csv
2017071;2017071;;2017-06-14;MERCREDI;modern-5-plus-chance;44;43;49;41;31;;;5;;;;;;2017-03-to-2019-02;loto2017.csv
2017072;2017072;;2017-06-17;SAMEDI;modern-5-plus-chance;26;25;40;14;39;;;3;;;;;;2017-03-to-2019-02;loto2017.csv
2017073;2017073;;2017-06-19;LUNDI;modern-5-plus-chance;25;43;18;47;40;;;9;;;;;;2017-03-to-2019-02;loto2017.csv
2017074;2017074;;2017-06-21;MERCREDI;modern-5-plus-chance;12;22;34;18;39;;;6;;;;;;2017-03-to-2019-02;loto2017.csv
2017075;2017075;;2017-06-24;SAMEDI;modern-5-plus-chance;48;27;23;35;24;;;5;;;;;;2017-03-to-2019-02;loto2017.csv
2017076;2017076;;2017-06-26;LUNDI;modern-5-plus-chance;1;49;5;29;38;;;9;;;;;;2017-03-to-2019-02;loto2017.csv
2017077;2017077;;2017-06-28;MERCREDI;modern-5-plus-chance;48;30;37;29;9;;;1;;;;;;2017-03-to-2019-02;loto2017.csv
2017078;2017078;;2017-07-01;SAMEDI;modern-5-plus-chance;26;47;16;33;21;;;8;;;;;;2017-03-to-2019-02;loto2017.csv
2017079;2017079;;2017-07-03;LUNDI;modern-5-plus-chance;48;8;10;28;2;;;2;;;;;;2017-03-to-2019-02;loto2017.csv
2017080;2017080;;2017-07-05;MERCREDI;modern-5-plus-chance;18;29;17;34;8;;;6;;;;;;2017-03-to-2019-02;loto2017.csv
2017081;2017081;;2017-07-08;SAMEDI;modern-5-plus-chance;9;30;46;43;31;;;10;;;;;;2017-03-to-2019-02;loto2017.csv
2017082;2017082;;2017-07-10;LUNDI;modern-5-plus-chance;23;43;17;21;18;;;4;;;;;;2017-03-to-2019-02;loto2017.csv
2017083;2017083;;2017-07-12;MERCREDI;modern-5-plus-chance;3;16;31;43;18;;;5;;;;;;2017-03-to-2019-02;loto2017.csv
2017084;2017084;;2017-07-15;SAMEDI;modern-5-plus-chance;34;37;24;48;29;;;2;;;;;;2017-03-to-2019-02;loto2017.csv
2017085;2017085;;2017-07-17;LUNDI;modern-5-plus-chance;40;41;5;33;16;;;2;;;;;;2017-03-to-2019-02;loto2017.csv
2017086;2017086;;2017-07-19;MERCREDI;modern-5-plus-chance;16;26;6;8;9;;;7;;;;;;2017-03-to-2019-02;loto2017.csv
2017087;2017087;;2017-07-22;SAMEDI;modern-5-plus-chance;40;30;16;5;28;;;9;;;;;;2017-03-to-2019-02;loto2017.csv
2017088;2017088;;2017-07-24;LUNDI;modern-5-plus-chance;14;11;38;21;35;;;3;;;;;;2017-03-to-2019-02;loto2017.csv
2017089;2017089;;2017-07-26;MERCREDI;modern-5-plus-chance;13;44;35;3;25;;;2;;;;;;2017-03-to-2019-02;loto2017.csv
2017090;2017090;;2017-07-29;SAMEDI;modern-5-plus-chance;24;41;45;23;10;;;1;;;;;;2017-03-to-2019-02;loto2017.csv
2017091;2017091;;2017-07-31;LUNDI;modern-5-plus-chance;45;37;47;25;31;;;7;;;;;;2017-03-to-2019-02;loto2017.csv
2017092;2017092;;2017-08-02;MERCREDI;modern-5-plus-chance;34;30;9;12;32;;;7;;;;;;2017-03-to-2019-02;loto2017.csv
2017093;2017093;;2017-08-05;SAMEDI;modern-5-plus-chance;3;25;30;13;37;;;2;;;;;;2017-03-to-2019-02;loto2017.csv
2017094;2017094;;2017-08-07;LUNDI;modern-5-plus-chance;38;24;42;21;14;;;4;;;;;;2017-03-to-2019-02;loto2017.csv
2017095;2017095;;2017-08-09;MERCREDI;modern-5-plus-chance;32;38;36;31;49;;;1;;;;;;2017-03-to-2019-02;loto2017.csv
2017096;2017096;;2017-08-12;SAMEDI;modern-5-plus-chance;13;36;41;15;5;;;10;;;;;;2017-03-to-2019-02;loto2017.csv
2017097;2017097;;2017-08-14;LUNDI;modern-5-plus-chance;13;15;39;2;9;;;4;;;;;;2017-03-to-2019-02;loto2017.csv
2017098;2017098;;2017-08-16;MERCREDI;modern-5-plus-chance;31;29;25;19;41;;;4;;;;;;2017-03-to-2019-02;loto2017.csv
2017099;2017099;;2017-08-19;SAMEDI;modern-5-plus-chance;39;8;40;21;7;;;7;;;;;;2017-03-to-2019-02;loto2017.csv
2017100;2017100;;2017-08-21;LUNDI;modern-5-plus-chance;8;36;43;27;14;;;5;;;;;;2017-03-to-2019-02;loto2017.csv
2017101;2017101;;2017-08-23;MERCREDI;modern-5-plus-chance;32;23;16;1;4;;;7;;;;;;2017-03-to-2019-02;loto2017.csv
2017102;2017102;;2017-08-26;SAMEDI;modern-5-plus-chance;10;40;35;32;38;;;3;;;;;;2017-03-to-2019-02;loto2017.csv
2017103;2017103;;2017-08-28;LUNDI;modern-5-plus-chance;6;8;20;24;42;;;6;;;;;;2017-03-to-2019-02;loto2017.csv
2017104;2017104;;2017-08-30;MERCREDI;modern-5-plus-chance;29;26;7;12;47;;;9;;;;;;2017-03-to-2019-02;loto2017.csv
2017105;2017105;;2017-09-02;SAMEDI;modern-5-plus-chance;10;14;1;40;18;;;7;;;;;;2017-03-to-2019-02;loto2017.csv
2017106;2017106;;2017-09-04;LUNDI;modern-5-plus-chance;33;6;27;1;35;;;9;;;;;;2017-03-to-2019-02;loto2017.csv
2017107;2017107;;2017-09-06;MERCREDI;modern-5-plus-chance;49;46;28;19;39;;;4;;;;;;2017-03-to-2019-02;loto2017.csv
2017108;2017108;;2017-09-09;SAMEDI;modern-5-plus-chance;44;13;19;15;39;;;1;;;;;;2017-03-to-2019-02;loto2017.csv
2017109;2017109;;2017-09-11;LUNDI;modern-5-plus-chance;23;42;48;45;12;;;9;;;;;;2017-03-to-2019-02;loto2017.csv
2017110;2017110;;2017-09-13;MERCREDI;modern-5-plus-chance;18;45;4;25;33;;;1;;;;;;2017-03-to-2019-02;loto2017.csv
2017111;2017111;;2017-09-16;SAMEDI;modern-5-plus-chance;37;46;4;18;16;;;5;;;;;;2017-03-to-2019-02;loto2017.csv
2017112;2017112;;2017-09-18;LUNDI;modern-5-plus-chance;12;25;37;29;34;;;9;;;;;;2017-03-to-2019-02;loto2017.csv
2017113;2017113;;2017-09-20;MERCREDI;modern-5-plus-chance;37;6;4;17;22;;;6;;;;;;2017-03-to-2019-02;loto2017.csv
2017114;2017114;;2017-09-23;SAMEDI;modern-5-plus-chance;15;33;22;19;37;;;4;;;;;;2017-03-to-2019-02;loto2017.csv
2017115;2017115;;2017-09-25;LUNDI;modern-5-plus-chance;37;16;17;33;34;;;6;;;;;;2017-03-to-2019-02;loto2017.csv
2017116;2017116;;2017-09-27;MERCREDI;modern-5-plus-chance;13;10;16;42;35;;;4;;;;;;2017-03-to-2019-02;loto2017.csv
2017117;2017117;;2017-09-30;SAMEDI;modern-5-plus-chance;16;44;3;38;27;;;7;;;;;;2017-03-to-2019-02;loto2017.csv
2017118;2017118;;2017-10-02;LUNDI;modern-5-plus-chance;1;11;28;12;20;;;7;;;;;;2017-03-to-2019-02;loto2017.csv
2017119;2017119;;2017-10-04;MERCREDI;modern-5-plus-chance;45;34;20;30;1;;;9;;;;;;2017-03-to-2019-02;loto2017.csv
2017120;2017120;;2017-10-07;SAMEDI;modern-5-plus-chance;41;44;8;37;46;;;3;;;;;;2017-03-to-2019-02;loto2017.csv
2017121;2017121;;2017-10-09;LUNDI;modern-5-plus-chance;47;30;6;15;3;;;9;;;;;;2017-03-to-2019-02;loto2017.csv
2017122;2017122;;2017-10-11;MERCREDI;modern-5-plus-chance;44;48;6;29;15;;;4;;;;;;2017-03-to-2019-02;loto2017.csv
2017123;2017123;;2017-10-14;SAMEDI;modern-5-plus-chance;18;20;38;43;47;;;3;;;;;;2017-03-to-2019-02;loto2017.csv
2017124;2017124;;2017-10-16;LUNDI;modern-5-plus-chance;39;48;30;5;32;;;8;;;;;;2017-03-to-2019-02;loto2017.csv
2017125;2017125;;2017-10-18;MERCREDI;modern-5-plus-chance;5;13;25;12;24;;;7;;;;;;2017-03-to-2019-02;loto2017.csv
2017126;2017126;;2017-10-21;SAMEDI;modern-5-plus-chance;2;42;6;20;21;;;8;;;;;;2017-03-to-2019-02;loto2017.csv
2017127;2017127;;2017-10-23;LUNDI;modern-5-plus-chance;12;21;47;44;25;;;3;;;;;;2017-03-to-2019-02;loto2017.csv
2017128;2017128;;2017-10-25;MERCREDI;modern-5-plus-chance;9;3;19;41;43;;;8;;;;;;2017-03-to-2019-02;loto2017.csv
2017129;2017129;;2017-10-28;SAMEDI;modern-5-plus-chance;22;12;47;5;29;;;8;;;;;;2017-03-to-2019-02;loto2017.csv
2017130;2017130;;2017-10-30;LUNDI;modern-5-plus-chance;32;42;12;44;34;;;5;;;;;;2017-03-to-2019-02;loto2017.csv
2017131;2017131;;2017-11-01;MERCREDI;modern-5-plus-chance;18;8;26;9;32;;;1;;;;;;2017-03-to-2019-02;loto2017.csv
2017132;2017132;;2017-11-04;SAMEDI;modern-5-plus-chance;23;7;38;35;6;;;7;;;;;;2017-03-to-2019-02;loto2017.csv
2017133;2017133;;2017-11-06;LUNDI;modern-5-plus-chance;30;45;49;27;48;;;1;;;;;;2017-03-to-2019-02;loto2017.csv
2017134;2017134;;2017-11-08;MERCREDI;modern-5-plus-chance;37;41;13;26;2;;;5;;;;;;2017-03-to-2019-02;loto2017.csv
2017135;2017135;;2017-11-11;SAMEDI;modern-5-plus-chance;40;47;48;1;36;;;3;;;;;;2017-03-to-2019-02;loto2017.csv
2017136;2017136;;2017-11-13;LUNDI;modern-5-plus-chance;30;29;24;3;43;;;5;;;;;;2017-03-to-2019-02;loto2017.csv
2017137;2017137;;2017-11-15;MERCREDI;modern-5-plus-chance;12;10;16;35;14;;;6;;;;;;2017-03-to-2019-02;loto2017.csv
2017138;2017138;;2017-11-18;SAMEDI;modern-5-plus-chance;13;9;17;37;48;;;1;;;;;;2017-03-to-2019-02;loto2017.csv
2017139;2017139;;2017-11-20;LUNDI;modern-5-plus-chance;6;30;40;43;35;;;3;;;;;;2017-03-to-2019-02;loto2017.csv
2017140;2017140;;2017-11-22;MERCREDI;modern-5-plus-chance;30;1;10;2;39;;;8;;;;;;2017-03-to-2019-02;loto2017.csv
2017141;2017141;;2017-11-25;SAMEDI;modern-5-plus-chance;43;1;48;2;47;;;10;;;;;;2017-03-to-2019-02;loto2017.csv
2017142;2017142;;2017-11-27;LUNDI;modern-5-plus-chance;36;5;6;39;46;;;6;;;;;;2017-03-to-2019-02;loto2017.csv
2017143;2017143;;2017-11-29;MERCREDI;modern-5-plus-chance;8;20;3;12;13;;;4;;;;;;2017-03-to-2019-02;loto2017.csv
2017144;2017144;;2017-12-02;SAMEDI;modern-5-plus-chance;24;45;39;33;35;;;1;;;;;;2017-03-to-2019-02;loto2017.csv
2017145;2017145;;2017-12-04;LUNDI;modern-5-plus-chance;43;32;15;23;41;;;8;;;;;;2017-03-to-2019-02;loto2017.csv
2017146;2017146;;2017-12-06;MERCREDI;modern-5-plus-chance;27;12;38;7;30;;;1;;;;;;2017-03-to-2019-02;loto2017.csv
2017147;2017147;;2017-12-09;SAMEDI;modern-5-plus-chance;48;49;10;46;23;;;8;;;;;;2017-03-to-2019-02;loto2017.csv
2017148;2017148;;2017-12-11;LUNDI;modern-5-plus-chance;47;34;26;43;29;;;4;;;;;;2017-03-to-2019-02;loto2017.csv
2017149;2017149;;2017-12-13;MERCREDI;modern-5-plus-chance;17;49;24;43;28;;;8;;;;;;2017-03-to-2019-02;loto2017.csv
2017150;2017150;;2017-12-16;SAMEDI;modern-5-plus-chance;48;20;15;9;49;;;6;;;;;;2017-03-to-2019-02;loto2017.csv
2017151;2017151;;2017-12-18;LUNDI;modern-5-plus-chance;11;39;48;10;29;;;9;;;;;;2017-03-to-2019-02;loto2017.csv
2017152;2017152;;2017-12-20;MERCREDI;modern-5-plus-chance;6;11;13;24;10;;;9;;;;;;2017-03-to-2019-02;loto2017.csv
2017153;2017153;;2017-12-23;SAMEDI;modern-5-plus-chance;4;6;44;8;48;;;10;;;;;;2017-03-to-2019-02;loto2017.csv
2017154;2017154;;2017-12-25;LUNDI;modern-5-plus-chance;3;31;6;10;29;;;8;;;;;;2017-03-to-2019-02;loto2017.csv
2017155;2017155;;2017-12-27;MERCREDI;modern-5-plus-chance;22;6;48;7;14;;;8;;;;;;2017-03-to-2019-02;loto2017.csv
2017156;2017156;;2017-12-30;SAMEDI;modern-5-plus-chance;40;28;35;13;12;;;8;;;;;;2017-03-to-2019-02;loto2017.csv
2018001;2018001;;2018-01-01;LUNDI;modern-5-plus-chance;7;43;10;9;14;;;1;;;;;;2017-03-to-2019-02;loto2017.csv
2018002;2018002;;2018-01-03;MERCREDI;modern-5-plus-chance;34;44;27;23;4;;;4;;;;;;2017-03-to-2019-02;loto2017.csv
2018003;2018003;;2018-01-06;SAMEDI;modern-5-plus-chance;45;40;17;6;31;;;9;;;;;;2017-03-to-2019-02;loto2017.csv
2018004;2018004;;2018-01-08;LUNDI;modern-5-plus-chance;8;44;37;43;45;;;2;;;;;;2017-03-to-2019-02;loto2017.csv
2018005;2018005;;2018-01-10;MERCREDI;modern-5-plus-chance;7;49;18;9;16;;;3;;;;;;2017-03-to-2019-02;loto2017.csv
2018006;2018006;;2018-01-13;SAMEDI;modern-5-plus-chance;48;35;20;31;36;;;10;;;;;;2017-03-to-2019-02;loto2017.csv
2018007;2018007;;2018-01-15;LUNDI;modern-5-plus-chance;15;28;22;2;5;;;2;;;;;;2017-03-to-2019-02;loto2017.csv
2018008;2018008;;2018-01-17;MERCREDI;modern-5-plus-chance;16;25;40;49;4;;;3;;;;;;2017-03-to-2019-02;loto2017.csv
2018009;2018009;;2018-01-20;SAMEDI;modern-5-plus-chance;44;32;27;38;46;;;7;;;;;;2017-03-to-2019-02;loto2017.csv
2018010;2018010;;2018-01-22;LUNDI;modern-5-plus-chance;31;11;16;1;14;;;2;;;;;;2017-03-to-2019-02;loto2017.csv
2018011;2018011;;2018-01-24;MERCREDI;modern-5-plus-chance;9;37;35;23;28;;;5;;;;;;2017-03-to-2019-02;loto2017.csv
2018012;2018012;;2018-01-27;SAMEDI;modern-5-plus-chance;45;10;9;34;39;;;10;;;;;;2017-03-to-2019-02;loto2017.csv
2018013;2018013;;2018-01-29;LUNDI;modern-5-plus-chance;11;32;27;36;21;;;6;;;;;;2017-03-to-2019-02;loto2017.csv
2018014;2018014;;2018-01-31;MERCREDI;modern-5-plus-chance;29;26;16;4;49;;;1;;;;;;2017-03-to-2019-02;loto2017.csv
2018015;2018015;;2018-02-03;SAMEDI;modern-5-plus-chance;22;9;23;38;13;;;4;;;;;;2017-03-to-2019-02;loto2017.csv
2018016;2018016;;2018-02-05;LUNDI;modern-5-plus-chance;7;29;1;30;45;;;7;;;;;;2017-03-to-2019-02;loto2017.csv
2018017;2018017;;2018-02-07;MERCREDI;modern-5-plus-chance;44;13;17;48;33;;;3;;;;;;2017-03-to-2019-02;loto2017.csv
2018018;2018018;;2018-02-10;SAMEDI;modern-5-plus-chance;19;31;2;40;42;;;5;;;;;;2017-03-to-2019-02;loto2017.csv
2018019;2018019;;2018-02-12;LUNDI;modern-5-plus-chance;27;35;48;3;32;;;9;;;;;;2017-03-to-2019-02;loto2017.csv
2018020;2018020;;2018-02-14;MERCREDI;modern-5-plus-chance;13;3;44;19;5;;;4;;;;;;2017-03-to-2019-02;loto2017.csv
2018021;2018021;;2018-02-17;SAMEDI;modern-5-plus-chance;49;48;14;22;38;;;9;;;;;;2017-03-to-2019-02;loto2017.csv
2018022;2018022;;2018-02-19;LUNDI;modern-5-plus-chance;32;9;8;29;28;;;2;;;;;;2017-03-to-2019-02;loto2017.csv
2018023;2018023;;2018-02-21;MERCREDI;modern-5-plus-chance;12;41;2;28;16;;;1;;;;;;2017-03-to-2019-02;loto2017.csv
2018024;2018024;;2018-02-24;SAMEDI;modern-5-plus-chance;12;6;9;31;43;;;3;;;;;;2017-03-to-2019-02;loto2017.csv
2018025;2018025;;2018-02-26;LUNDI;modern-5-plus-chance;13;34;39;42;37;;;3;;;;;;2017-03-to-2019-02;loto2017.csv
2018026;2018026;;2018-02-28;MERCREDI;modern-5-plus-chance;42;5;49;31;28;;;7;;;;;;2017-03-to-2019-02;loto2017.csv
2018027;2018027;;2018-03-03;SAMEDI;modern-5-plus-chance;3;4;8;2;31;;;9;;;;;;2017-03-to-2019-02;loto2017.csv
2018028;2018028;;2018-03-05;LUNDI;modern-5-plus-chance;44;38;25;17;41;;;9;;;;;;2017-03-to-2019-02;loto2017.csv
2018029;2018029;;2018-03-07;MERCREDI;modern-5-plus-chance;13;6;18;36;37;;;5;;;;;;2017-03-to-2019-02;loto2017.csv
2018030;2018030;;2018-03-10;SAMEDI;modern-5-plus-chance;5;47;23;21;18;;;6;;;;;;2017-03-to-2019-02;loto2017.csv
2018031;2018031;;2018-03-12;LUNDI;modern-5-plus-chance;27;7;10;38;13;;;8;;;;;;2017-03-to-2019-02;loto2017.csv
2018032;2018032;;2018-03-14;MERCREDI;modern-5-plus-chance;36;46;13;4;3;;;10;;;;;;2017-03-to-2019-02;loto2017.csv
2018033;2018033;;2018-03-17;SAMEDI;modern-5-plus-chance;48;43;36;30;13;;;9;;;;;;2017-03-to-2019-02;loto2017.csv
2018034;2018034;;2018-03-19;LUNDI;modern-5-plus-chance;20;15;27;46;24;;;10;;;;;;2017-03-to-2019-02;loto2017.csv
2018035;2018035;;2018-03-21;MERCREDI;modern-5-plus-chance;31;45;21;30;29;;;2;;;;;;2017-03-to-2019-02;loto2017.csv
2018036;2018036;;2018-03-24;SAMEDI;modern-5-plus-chance;31;11;44;35;26;;;9;;;;;;2017-03-to-2019-02;loto2017.csv
2018037;2018037;;2018-03-26;LUNDI;modern-5-plus-chance;27;17;37;10;4;;;10;;;;;;2017-03-to-2019-02;loto2017.csv
2018038;2018038;;2018-03-28;MERCREDI;modern-5-plus-chance;43;39;15;5;45;;;10;;;;;;2017-03-to-2019-02;loto2017.csv
2018039;2018039;;2018-03-31;SAMEDI;modern-5-plus-chance;42;2;41;18;31;;;8;;;;;;2017-03-to-2019-02;loto2017.csv
2018040;2018040;;2018-04-02;LUNDI;modern-5-plus-chance;28;34;18;13;14;;;2;;;;;;2017-03-to-2019-02;loto2017.csv
2018041;2018041;;2018-04-04;MERCREDI;modern-5-plus-chance;19;40;22;45;36;;;6;;;;;;2017-03-to-2019-02;loto2017.csv
2018042;2018042;;2018-04-07;SAMEDI;modern-5-plus-chance;26;34;10;45;7;;;7;;;;;;2017-03-to-2019-02;loto2017.csv
2018043;2018043;;2018-04-09;LUNDI;modern-5-plus-chance;1;32;20;28;42;;;6;;;;;;2017-03-to-2019-02;loto2017.csv
2018044;2018044;;2018-04-11;MERCREDI;modern-5-plus-chance;40;46;32;17;1;;;8;;;;;;2017-03-to-2019-02;loto2017.csv
2018045;2018045;;2018-04-14;SAMEDI;modern-5-plus-chance;24;5;49;36;1;;;7;;;;;;2017-03-to-2019-02;loto2017.csv
2018046;2018046;;2018-04-16;LUNDI;modern-5-plus-chance;16;25;6;21;26;;;5;;;;;;2017-03-to-2019-02;loto2017.csv
2018047;2018047;;2018-04-18;MERCREDI;modern-5-plus-chance;18;11;38;17;46;;;8;;;;;;2017-03-to-2019-02;loto2017.csv
2018048;2018048;;2018-04-21;SAMEDI;modern-5-plus-chance;26;20;2;11;39;;;5;;;;;;2017-03-to-2019-02;loto2017.csv
2018049;2018049;;2018-04-23;LUNDI;modern-5-plus-chance;2;33;20;29;32;;;8;;;;;;2017-03-to-2019-02;loto2017.csv
2018050;2018050;;2018-04-25;MERCREDI;modern-5-plus-chance;21;23;5;10;36;;;1;;;;;;2017-03-to-2019-02;loto2017.csv
2018051;2018051;;2018-04-28;SAMEDI;modern-5-plus-chance;36;14;40;31;47;;;2;;;;;;2017-03-to-2019-02;loto2017.csv
2018052;2018052;;2018-04-30;LUNDI;modern-5-plus-chance;43;48;49;36;7;;;7;;;;;;2017-03-to-2019-02;loto2017.csv
2018053;2018053;;2018-05-02;MERCREDI;modern-5-plus-chance;8;1;14;10;21;;;10;;;;;;2017-03-to-2019-02;loto2017.csv
2018054;2018054;;2018-05-05;SAMEDI;modern-5-plus-chance;9;30;47;41;15;;;5;;;;;;2017-03-to-2019-02;loto2017.csv
2018055;2018055;;2018-05-07;LUNDI;modern-5-plus-chance;43;13;10;23;46;;;6;;;;;;2017-03-to-2019-02;loto2017.csv
2018056;2018056;;2018-05-09;MERCREDI;modern-5-plus-chance;10;23;35;34;5;;;6;;;;;;2017-03-to-2019-02;loto2017.csv
2018057;2018057;;2018-05-12;SAMEDI;modern-5-plus-chance;6;23;9;47;5;;;10;;;;;;2017-03-to-2019-02;loto2017.csv
2018058;2018058;;2018-05-14;LUNDI;modern-5-plus-chance;40;33;23;1;5;;;8;;;;;;2017-03-to-2019-02;loto2017.csv
2018059;2018059;;2018-05-16;MERCREDI;modern-5-plus-chance;44;37;7;23;41;;;8;;;;;;2017-03-to-2019-02;loto2017.csv
2018060;2018060;;2018-05-19;SAMEDI;modern-5-plus-chance;5;47;30;45;12;;;9;;;;;;2017-03-to-2019-02;loto2017.csv
2018061;2018061;;2018-05-21;LUNDI;modern-5-plus-chance;20;4;46;16;5;;;5;;;;;;2017-03-to-2019-02;loto2017.csv
2018062;2018062;;2018-05-23;MERCREDI;modern-5-plus-chance;14;29;3;36;25;;;9;;;;;;2017-03-to-2019-02;loto2017.csv
2018063;2018063;;2018-05-26;SAMEDI;modern-5-plus-chance;26;24;2;43;3;;;8;;;;;;2017-03-to-2019-02;loto2017.csv
2018064;2018064;;2018-05-28;LUNDI;modern-5-plus-chance;35;10;25;21;23;;;10;;;;;;2017-03-to-2019-02;loto2017.csv
2018065;2018065;;2018-05-30;MERCREDI;modern-5-plus-chance;4;44;41;36;33;;;6;;;;;;2017-03-to-2019-02;loto2017.csv
2018066;2018066;;2018-06-02;SAMEDI;modern-5-plus-chance;18;13;31;7;35;;;4;;;;;;2017-03-to-2019-02;loto2017.csv
2018067;2018067;;2018-06-04;LUNDI;modern-5-plus-chance;8;38;48;16;35;;;2;;;;;;2017-03-to-2019-02;loto2017.csv
2018068;2018068;;2018-06-06;MERCREDI;modern-5-plus-chance;43;5;33;6;47;;;2;;;;;;2017-03-to-2019-02;loto2017.csv
2018069;2018069;;2018-06-09;SAMEDI;modern-5-plus-chance;7;16;5;9;12;;;10;;;;;;2017-03-to-2019-02;loto2017.csv
2018070;2018070;;2018-06-11;LUNDI;modern-5-plus-chance;44;41;49;25;14;;;4;;;;;;2017-03-to-2019-02;loto2017.csv
2018071;2018071;;2018-06-13;MERCREDI;modern-5-plus-chance;20;48;15;29;49;;;1;;;;;;2017-03-to-2019-02;loto2017.csv
2018072;2018072;;2018-06-16;SAMEDI;modern-5-plus-chance;35;17;8;43;19;;;9;;;;;;2017-03-to-2019-02;loto2017.csv
2018073;2018073;;2018-06-18;LUNDI;modern-5-plus-chance;34;2;7;13;44;;;8;;;;;;2017-03-to-2019-02;loto2017.csv
2018074;2018074;;2018-06-20;MERCREDI;modern-5-plus-chance;43;33;8;30;6;;;3;;;;;;2017-03-to-2019-02;loto2017.csv
2018075;2018075;;2018-06-23;SAMEDI;modern-5-plus-chance;41;32;49;10;36;;;10;;;;;;2017-03-to-2019-02;loto2017.csv
2018076;2018076;;2018-06-25;LUNDI;modern-5-plus-chance;14;9;21;13;32;;;5;;;;;;2017-03-to-2019-02;loto2017.csv
2018077;2018077;;2018-06-27;MERCREDI;modern-5-plus-chance;26;11;9;41;8;;;10;;;;;;2017-03-to-2019-02;loto2017.csv
2018078;2018078;;2018-06-30;SAMEDI;modern-5-plus-chance;5;36;23;29;45;;;7;;;;;;2017-03-to-2019-02;loto2017.csv
2018079;2018079;;2018-07-02;LUNDI;modern-5-plus-chance;48;38;36;45;16;;;8;;;;;;2017-03-to-2019-02;loto2017.csv
2018080;2018080;;2018-07-04;MERCREDI;modern-5-plus-chance;41;23;16;20;45;;;5;;;;;;2017-03-to-2019-02;loto2017.csv
2018081;2018081;;2018-07-07;SAMEDI;modern-5-plus-chance;41;3;34;11;10;;;10;;;;;;2017-03-to-2019-02;loto2017.csv
2018082;2018082;;2018-07-09;LUNDI;modern-5-plus-chance;9;21;19;36;40;;;1;;;;;;2017-03-to-2019-02;loto2017.csv
2018083;2018083;;2018-07-11;MERCREDI;modern-5-plus-chance;11;46;1;22;42;;;4;;;;;;2017-03-to-2019-02;loto2017.csv
2018084;2018084;;2018-07-14;SAMEDI;modern-5-plus-chance;47;37;45;3;20;;;3;;;;;;2017-03-to-2019-02;loto2017.csv
2018085;2018085;;2018-07-16;LUNDI;modern-5-plus-chance;36;31;9;16;3;;;1;;;;;;2017-03-to-2019-02;loto2017.csv
2018086;2018086;;2018-07-18;MERCREDI;modern-5-plus-chance;18;26;27;43;35;;;7;;;;;;2017-03-to-2019-02;loto2017.csv
2018087;2018087;;2018-07-21;SAMEDI;modern-5-plus-chance;44;18;9;28;1;;;10;;;;;;2017-03-to-2019-02;loto2017.csv
2018088;2018088;;2018-07-23;LUNDI;modern-5-plus-chance;7;20;41;40;11;;;6;;;;;;2017-03-to-2019-02;loto2017.csv
2018089;2018089;;2018-07-25;MERCREDI;modern-5-plus-chance;35;27;22;20;30;;;3;;;;;;2017-03-to-2019-02;loto2017.csv
2018090;2018090;;2018-07-28;SAMEDI;modern-5-plus-chance;7;23;13;18;21;;;10;;;;;;2017-03-to-2019-02;loto2017.csv
2018091;2018091;;2018-07-30;LUNDI;modern-5-plus-chance;33;7;13;41;43;;;2;;;;;;2017-03-to-2019-02;loto2017.csv
2018092;2018092;;2018-08-01;MERCREDI;modern-5-plus-chance;47;15;45;35;17;;;4;;;;;;2017-03-to-2019-02;loto2017.csv
2018093;2018093;;2018-08-04;SAMEDI;modern-5-plus-chance;41;23;9;32;38;;;3;;;;;;2017-03-to-2019-02;loto2017.csv
2018094;2018094;;2018-08-06;LUNDI;modern-5-plus-chance;30;4;37;32;23;;;6;;;;;;2017-03-to-2019-02;loto2017.csv
2018095;2018095;;2018-08-08;MERCREDI;modern-5-plus-chance;5;19;29;15;24;;;8;;;;;;2017-03-to-2019-02;loto2017.csv
2018096;2018096;;2018-08-11;SAMEDI;modern-5-plus-chance;41;27;44;46;14;;;5;;;;;;2017-03-to-2019-02;loto2017.csv
2018097;2018097;;2018-08-13;LUNDI;modern-5-plus-chance;10;19;21;2;40;;;6;;;;;;2017-03-to-2019-02;loto2017.csv
2018098;2018098;;2018-08-15;MERCREDI;modern-5-plus-chance;40;21;47;27;6;;;8;;;;;;2017-03-to-2019-02;loto2017.csv
2018099;2018099;;2018-08-18;SAMEDI;modern-5-plus-chance;33;37;31;16;49;;;8;;;;;;2017-03-to-2019-02;loto2017.csv
2018100;2018100;;2018-08-20;LUNDI;modern-5-plus-chance;15;48;42;18;40;;;10;;;;;;2017-03-to-2019-02;loto2017.csv
2018101;2018101;;2018-08-22;MERCREDI;modern-5-plus-chance;16;42;12;6;40;;;3;;;;;;2017-03-to-2019-02;loto2017.csv
2018102;2018102;;2018-08-25;SAMEDI;modern-5-plus-chance;29;6;15;44;16;;;3;;;;;;2017-03-to-2019-02;loto2017.csv
2018103;2018103;;2018-08-27;LUNDI;modern-5-plus-chance;40;17;24;18;10;;;2;;;;;;2017-03-to-2019-02;loto2017.csv
2018104;2018104;;2018-08-29;MERCREDI;modern-5-plus-chance;17;45;19;40;31;;;1;;;;;;2017-03-to-2019-02;loto2017.csv
2018105;2018105;;2018-09-01;SAMEDI;modern-5-plus-chance;32;35;11;41;42;;;6;;;;;;2017-03-to-2019-02;loto2017.csv
2018106;2018106;;2018-09-03;LUNDI;modern-5-plus-chance;18;2;15;1;41;;;10;;;;;;2017-03-to-2019-02;loto2017.csv
2018107;2018107;;2018-09-05;MERCREDI;modern-5-plus-chance;7;39;34;6;15;;;1;;;;;;2017-03-to-2019-02;loto2017.csv
2018108;2018108;;2018-09-08;SAMEDI;modern-5-plus-chance;6;19;22;34;20;;;10;;;;;;2017-03-to-2019-02;loto2017.csv
2018109;2018109;;2018-09-10;LUNDI;modern-5-plus-chance;27;20;19;46;38;;;10;;;;;;2017-03-to-2019-02;loto2017.csv
2018110;2018110;;2018-09-12;MERCREDI;modern-5-plus-chance;11;33;24;35;4;;;9;;;;;;2017-03-to-2019-02;loto2017.csv
2018111;2018111;;2018-09-15;SAMEDI;modern-5-plus-chance;11;26;1;46;13;;;5;;;;;;2017-03-to-2019-02;loto2017.csv
2018112;2018112;;2018-09-17;LUNDI;modern-5-plus-chance;43;42;8;15;26;;;5;;;;;;2017-03-to-2019-02;loto2017.csv
2018113;2018113;;2018-09-19;MERCREDI;modern-5-plus-chance;15;42;4;27;25;;;5;;;;;;2017-03-to-2019-02;loto2017.csv
2018114;2018114;;2018-09-22;SAMEDI;modern-5-plus-chance;14;37;39;18;38;;;9;;;;;;2017-03-to-2019-02;loto2017.csv
2018115;2018115;;2018-09-24;LUNDI;modern-5-plus-chance;12;30;17;8;6;;;3;;;;;;2017-03-to-2019-02;loto2017.csv
2018116;2018116;;2018-09-26;MERCREDI;modern-5-plus-chance;40;18;15;36;10;;;3;;;;;;2017-03-to-2019-02;loto2017.csv
2018117;2018117;;2018-09-29;SAMEDI;modern-5-plus-chance;31;7;15;10;17;;;4;;;;;;2017-03-to-2019-02;loto2017.csv
2018118;2018118;;2018-10-01;LUNDI;modern-5-plus-chance;6;1;40;7;2;;;4;;;;;;2017-03-to-2019-02;loto2017.csv
2018119;2018119;;2018-10-03;MERCREDI;modern-5-plus-chance;31;24;11;20;32;;;8;;;;;;2017-03-to-2019-02;loto2017.csv
2018120;2018120;;2018-10-06;SAMEDI;modern-5-plus-chance;49;39;8;48;1;;;9;;;;;;2017-03-to-2019-02;loto2017.csv
2018121;2018121;;2018-10-08;LUNDI;modern-5-plus-chance;46;1;4;23;24;;;2;;;;;;2017-03-to-2019-02;loto2017.csv
2018122;2018122;;2018-10-10;MERCREDI;modern-5-plus-chance;5;24;38;29;4;;;3;;;;;;2017-03-to-2019-02;loto2017.csv
2018123;2018123;;2018-10-13;SAMEDI;modern-5-plus-chance;1;36;45;4;22;;;8;;;;;;2017-03-to-2019-02;loto2017.csv
2018124;2018124;;2018-10-15;LUNDI;modern-5-plus-chance;8;14;25;19;49;;;5;;;;;;2017-03-to-2019-02;loto2017.csv
2018125;2018125;;2018-10-17;MERCREDI;modern-5-plus-chance;33;13;7;2;41;;;1;;;;;;2017-03-to-2019-02;loto2017.csv
2018126;2018126;;2018-10-20;SAMEDI;modern-5-plus-chance;7;17;31;12;48;;;8;;;;;;2017-03-to-2019-02;loto2017.csv
2018127;2018127;;2018-10-22;LUNDI;modern-5-plus-chance;10;4;29;19;47;;;6;;;;;;2017-03-to-2019-02;loto2017.csv
2018128;2018128;;2018-10-24;MERCREDI;modern-5-plus-chance;28;45;34;36;9;;;6;;;;;;2017-03-to-2019-02;loto2017.csv
2018129;2018129;;2018-10-27;SAMEDI;modern-5-plus-chance;26;21;36;29;35;;;9;;;;;;2017-03-to-2019-02;loto2017.csv
2018130;2018130;;2018-10-29;LUNDI;modern-5-plus-chance;9;42;24;43;22;;;7;;;;;;2017-03-to-2019-02;loto2017.csv
2018131;2018131;;2018-10-31;MERCREDI;modern-5-plus-chance;34;14;2;28;38;;;4;;;;;;2017-03-to-2019-02;loto2017.csv
2018132;2018132;;2018-11-03;SAMEDI;modern-5-plus-chance;6;29;8;9;39;;;2;;;;;;2017-03-to-2019-02;loto2017.csv
2018133;2018133;;2018-11-05;LUNDI;modern-5-plus-chance;9;11;39;29;32;;;8;;;;;;2017-03-to-2019-02;loto2017.csv
2018134;2018134;;2018-11-07;MERCREDI;modern-5-plus-chance;33;27;3;20;6;;;8;;;;;;2017-03-to-2019-02;loto2017.csv
2018135;2018135;;2018-11-10;SAMEDI;modern-5-plus-chance;20;43;18;44;30;;;7;;;;;;2017-03-to-2019-02;loto2017.csv
2018136;2018136;;2018-11-12;LUNDI;modern-5-plus-chance;13;14;37;21;15;;;7;;;;;;2017-03-to-2019-02;loto2017.csv
2018137;2018137;;2018-11-14;MERCREDI;modern-5-plus-chance;36;41;15;49;48;;;5;;;;;;2017-03-to-2019-02;loto2017.csv
2018138;2018138;;2018-11-17;SAMEDI;modern-5-plus-chance;42;20;27;22;12;;;7;;;;;;2017-03-to-2019-02;loto2017.csv
2018139;2018139;;2018-11-19;LUNDI;modern-5-plus-chance;33;46;21;20;28;;;7;;;;;;2017-03-to-2019-02;loto2017.csv
2018140;2018140;;2018-11-21;MERCREDI;modern-5-plus-chance;22;45;20;21;23;;;10;;;;;;2017-03-to-2019-02;loto2017.csv
2018141;2018141;;2018-11-24;SAMEDI;modern-5-plus-chance;15;11;5;22;10;;;5;;;;;;2017-03-to-2019-02;loto2017.csv
2018142;2018142;;2018-11-26;LUNDI;modern-5-plus-chance;36;30;34;14;21;;;2;;;;;;2017-03-to-2019-02;loto2017.csv
2018143;2018143;;2018-11-28;MERCREDI;modern-5-plus-chance;3;38;30;10;15;;;6;;;;;;2017-03-to-2019-02;loto2017.csv
2018144;2018144;;2018-12-01;SAMEDI;modern-5-plus-chance;15;6;3;23;39;;;2;;;;;;2017-03-to-2019-02;loto2017.csv
2018145;2018145;;2018-12-03;LUNDI;modern-5-plus-chance;1;15;9;19;39;;;5;;;;;;2017-03-to-2019-02;loto2017.csv
2018146;2018146;;2018-12-05;MERCREDI;modern-5-plus-chance;6;19;41;17;18;;;9;;;;;;2017-03-to-2019-02;loto2017.csv
2018147;2018147;;2018-12-08;SAMEDI;modern-5-plus-chance;25;38;11;29;14;;;8;;;;;;2017-03-to-2019-02;loto2017.csv
2018148;2018148;;2018-12-10;LUNDI;modern-5-plus-chance;8;34;16;13;37;;;10;;;;;;2017-03-to-2019-02;loto2017.csv
2018149;2018149;;2018-12-12;MERCREDI;modern-5-plus-chance;39;21;45;12;44;;;5;;;;;;2017-03-to-2019-02;loto2017.csv
2018150;2018150;;2018-12-15;SAMEDI;modern-5-plus-chance;38;1;3;32;30;;;6;;;;;;2017-03-to-2019-02;loto2017.csv
2018151;2018151;;2018-12-17;LUNDI;modern-5-plus-chance;2;9;25;35;30;;;9;;;;;;2017-03-to-2019-02;loto2017.csv
2018152;2018152;;2018-12-19;MERCREDI;modern-5-plus-chance;21;3;25;10;11;;;3;;;;;;2017-03-to-2019-02;loto2017.csv
2018153;2018153;;2018-12-22;SAMEDI;modern-5-plus-chance;44;46;31;11;22;;;5;;;;;;2017-03-to-2019-02;loto2017.csv
2018154;2018154;;2018-12-24;LUNDI;modern-5-plus-chance;10;22;34;43;46;;;2;;;;;;2017-03-to-2019-02;loto2017.csv
2018155;2018155;;2018-12-26;MERCREDI;modern-5-plus-chance;45;9;5;24;11;;;10;;;;;;2017-03-to-2019-02;loto2017.csv
2018156;2018156;;2018-12-29;SAMEDI;modern-5-plus-chance;26;30;42;38;12;;;5;;;;;;2017-03-to-2019-02;loto2017.csv
2018157;2018157;;2018-12-31;LUNDI;modern-5-plus-chance;43;24;34;27;14;;;10;;;;;;2017-03-to-2019-02;loto2017.csv
2019001;2019001;;2019-01-02;MERCREDI;modern-5-plus-chance;36;12;29;2;26;;;7;;;;;;2017-03-to-2019-02;loto2017.csv
2019002;2019002;;2019-01-05;SAMEDI;modern-5-plus-chance;48;18;40;7;6;;;7;;;;;;2017-03-to-2019-02;loto2017.csv
2019003;2019003;;2019-01-07;LUNDI;modern-5-plus-chance;1;19;12;31;7;;;10;;;;;;2017-03-to-2019-02;loto2017.csv
2019004;2019004;;2019-01-09;MERCREDI;modern-5-plus-chance;6;19;46;21;15;;;10;;;;;;2017-03-to-2019-02;loto2017.csv
2019005;2019005;;2019-01-12;SAMEDI;modern-5-plus-chance;19;24;11;34;25;;;8;;;;;;2017-03-to-2019-02;loto2017.csv
2019006;2019006;;2019-01-14;LUNDI;modern-5-plus-chance;35;33;44;1;11;;;10;;;;;;2017-03-to-2019-02;loto2017.csv
2019007;2019007;;2019-01-16;MERCREDI;modern-5-plus-chance;15;11;10;1;31;;;3;;;;;;2017-03-to-2019-02;loto2017.csv
2019008;2019008;;2019-01-19;SAMEDI;modern-5-plus-chance;37;10;39;16;34;;;7;;;;;;2017-03-to-2019-02;loto2017.csv
2019009;2019009;;2019-01-21;LUNDI;modern-5-plus-chance;17;26;30;47;20;;;6;;;;;;2017-03-to-2019-02;loto2017.csv
2019010;2019010;;2019-01-23;MERCREDI;modern-5-plus-chance;25;17;41;24;38;;;10;;;;;;2017-03-to-2019-02;loto2017.csv
2019011;2019011;;2019-01-26;SAMEDI;modern-5-plus-chance;30;14;12;16;42;;;2;;;;;;2017-03-to-2019-02;loto2017.csv
2019012;2019012;;2019-01-28;LUNDI;modern-5-plus-chance;37;15;30;6;47;;;6;;;;;;2017-03-to-2019-02;loto2017.csv
2019013;2019013;;2019-01-30;MERCREDI;modern-5-plus-chance;20;47;15;11;30;;;9;;;;;;2017-03-to-2019-02;loto2017.csv
2019014;2019014;;2019-02-02;SAMEDI;modern-5-plus-chance;32;27;5;7;35;;;3;;;;;;2017-03-to-2019-02;loto2017.csv
2019015;2019015;;2019-02-04;LUNDI;modern-5-plus-chance;40;12;37;24;42;;;1;;;;;;2017-03-to-2019-02;loto2017.csv
2019016;2019016;;2019-02-06;MERCREDI;modern-5-plus-chance;4;15;21;26;22;;;10;;;;;;2017-03-to-2019-02;loto2017.csv
2019017;2019017;;2019-02-09;SAMEDI;modern-5-plus-chance;47;40;45;42;3;;;9;;;;;;2017-03-to-2019-02;loto2017.csv
2019018;2019018;;2019-02-11;LUNDI;modern-5-plus-chance;43;15;13;48;25;;;5;;;;;;2017-03-to-2019-02;loto2017.csv
2019019;2019019;;2019-02-13;MERCREDI;modern-5-plus-chance;43;41;29;14;7;;;3;;;;;;2017-03-to-2019-02;loto2017.csv
2019020;2019020;;2019-02-16;SAMEDI;modern-5-plus-chance;8;7;25;11;46;;;7;;;;;;2017-03-to-2019-02;loto2017.csv
2019021;2019021;;2019-02-18;LUNDI;modern-5-plus-chance;18;9;11;33;7;;;9;;;;;;2017-03-to-2019-02;loto2017.csv
2019022;2019022;;2019-02-20;MERCREDI;modern-5-plus-chance;25;29;8;34;15;;;1;;;;;;2017-03-to-2019-02;loto2017.csv
2019023;2019023;;2019-02-23;SAMEDI;modern-5-plus-chance;3;45;13;4;44;;;5;;;;;;2017-03-to-2019-02;loto2017.csv
2019024;2019024;;2019-02-25;LUNDI;modern-5-plus-chance;7;44;37;48;38;;;7;;;;;;2017-03-to-2019-02;loto2017.csv
2019025;2019025;;2019-02-27;MERCREDI;modern-5-plus-chance;14;1;34;19;4;;;2;;;;;;2019-02-to-2019-11;loto_201902.csv
2019026;2019026;;2019-03-02;SAMEDI;modern-5-plus-chance;46;42;38;25;16;;;9;;;;;;2019-02-to-2019-11;loto_201902.csv
2019027;2019027;;2019-03-04;LUNDI;modern-5-plus-chance;4;15;11;36;33;;;2;;;;;;2019-02-to-2019-11;loto_201902.csv
2019028;2019028;;2019-03-06;MERCREDI;modern-5-plus-chance;14;23;15;44;46;;;5;;;;;;2019-02-to-2019-11;loto_201902.csv
2019029;2019029;;2019-03-09;SAMEDI;modern-5-plus-chance;32;47;43;35;15;;;10;;;;;;2019-02-to-2019-11;loto_201902.csv
2019030;2019030;;2019-03-11;LUNDI;modern-5-plus-chance;25;24;16;6;5;;;1;;;;;;2019-02-to-2019-11;loto_201902.csv
2019031;2019031;;2019-03-13;MERCREDI;modern-5-plus-chance;29;5;20;8;32;;;3;;;;;;2019-02-to-2019-11;loto_201902.csv
2019032;2019032;;2019-03-16;SAMEDI;modern-5-plus-chance;33;19;1;31;22;;;1;;;;;;2019-02-to-2019-11;loto_201902.csv
2019033;2019033;;2019-03-18;LUNDI;modern-5-plus-chance;38;23;45;24;44;;;6;;;;;;2019-02-to-2019-11;loto_201902.csv
2019034;2019034;;2019-03-20;MERCREDI;modern-5-plus-chance;13;3;21;2;40;;;8;;;;;;2019-02-to-2019-11;loto_201902.csv
2019035;2019035;;2019-03-23;SAMEDI;modern-5-plus-chance;12;1;40;28;26;;;6;;;;;;2019-02-to-2019-11;loto_201902.csv
2019036;2019036;;2019-03-25;LUNDI;modern-5-plus-chance;46;47;23;22;24;;;2;;;;;;2019-02-to-2019-11;loto_201902.csv
2019037;2019037;;2019-03-27;MERCREDI;modern-5-plus-chance;49;45;25;10;19;;;1;;;;;;2019-02-to-2019-11;loto_201902.csv
2019038;2019038;;2019-03-30;SAMEDI;modern-5-plus-chance;15;44;41;3;2;;;3;;;;;;2019-02-to-2019-11;loto_201902.csv
2019039;2019039;;2019-04-01;LUNDI;modern-5-plus-chance;32;14;35;46;11;;;10;;;;;;2019-02-to-2019-11;loto_201902.csv
2019040;2019040;;2019-04-03;MERCREDI;modern-5-plus-chance;16;38;18;45;10;;;3;;;;;;2019-02-to-2019-11;loto_201902.csv
2019041;2019041;;2019-04-06;SAMEDI;modern-5-plus-chance;19;26;13;27;24;;;7;;;;;;2019-02-to-2019-11;loto_201902.csv
2019042;2019042;;2019-04-08;LUNDI;modern-5-plus-chance;24;9;26;15;13;;;9;;;;;;2019-02-to-2019-11;loto_201902.csv
2019043;2019043;;2019-04-10;MERCREDI;modern-5-plus-chance;22;23;14;42;16;;;5;;;;;;2019-02-to-2019-11;loto_201902.csv
2019044;2019044;;2019-04-13;SAMEDI;modern-5-plus-chance;17;9;1;24;46;;;8;;;;;;2019-02-to-2019-11;loto_201902.csv
2019045;2019045;;2019-04-15;LUNDI;modern-5-plus-chance;32;44;40;17;38;;;6;;;;;;2019-02-to-2019-11;loto_201902.csv
2019046;2019046;;2019-04-17;MERCREDI;modern-5-plus-chance;29;17;34;48;8;;;3;;;;;;2019-02-to-2019-11;loto_201902.csv
2019047;2019047;;2019-04-20;SAMEDI;modern-5-plus-chance;4;30;15;49;45;;;3;;;;;;2019-02-to-2019-11;loto_201902.csv
2019048;2019048;;2019-04-22;LUNDI;modern-5-plus-chance;39;7;21;29;5;;;7;;;;;;2019-02-to-2019-11;loto_201902.csv
2019049;2019049;;2019-04-24;MERCREDI;modern-5-plus-chance;3;11;35;13;15;;;3;;;;;;2019-02-to-2019-11;loto_201902.csv
2019050;2019050;;2019-04-27;SAMEDI;modern-5-plus-chance;27;17;26;25;33;;;2;;;;;;2019-02-to-2019-11;loto_201902.csv
2019051;2019051;;2019-04-29;LUNDI;modern-5-plus-chance;33;43;39;6;29;;;2;;;;;;2019-02-to-2019-11;loto_201902.csv
2019052;2019052;;2019-05-01;MERCREDI;modern-5-plus-chance;26;48;25;16;34;;;8;;;;;;2019-02-to-2019-11;loto_201902.csv
2019053;2019053;;2019-05-04;SAMEDI;modern-5-plus-chance;38;18;3;24;29;;;9;;;;;;2019-02-to-2019-11;loto_201902.csv
2019054;2019054;;2019-05-06;LUNDI;modern-5-plus-chance;23;38;5;24;35;;;3;;;;;;2019-02-to-2019-11;loto_201902.csv
2019055;2019055;;2019-05-08;MERCREDI;modern-5-plus-chance;2;16;4;20;35;;;5;;;;;;2019-02-to-2019-11;loto_201902.csv
2019056;2019056;;2019-05-11;SAMEDI;modern-5-plus-chance;24;44;34;19;45;;;2;;;;;;2019-02-to-2019-11;loto_201902.csv
2019057;2019057;;2019-05-13;LUNDI;modern-5-plus-chance;15;24;37;40;41;;;4;;;;;;2019-02-to-2019-11;loto_201902.csv
2019058;2019058;;2019-05-15;MERCREDI;modern-5-plus-chance;38;44;46;27;42;;;1;;;;;;2019-02-to-2019-11;loto_201902.csv
2019059;2019059;;2019-05-18;SAMEDI;modern-5-plus-chance;19;4;10;42;46;;;5;;;;;;2019-02-to-2019-11;loto_201902.csv
2019060;2019060;;2019-05-20;LUNDI;modern-5-plus-chance;32;14;43;29;41;;;1;;;;;;2019-02-to-2019-11;loto_201902.csv
2019061;2019061;;2019-05-22;MERCREDI;modern-5-plus-chance;1;48;27;49;37;;;1;;;;;;2019-02-to-2019-11;loto_201902.csv
2019062;2019062;;2019-05-25;SAMEDI;modern-5-plus-chance;42;47;2;13;43;;;10;;;;;;2019-02-to-2019-11;loto_201902.csv
2019063;2019063;;2019-05-27;LUNDI;modern-5-plus-chance;33;13;28;18;42;;;9;;;;;;2019-02-to-2019-11;loto_201902.csv
2019064;2019064;;2019-05-29;MERCREDI;modern-5-plus-chance;36;48;14;13;6;;;2;;;;;;2019-02-to-2019-11;loto_201902.csv
2019065;2019065;;2019-06-01;SAMEDI;modern-5-plus-chance;35;26;13;45;20;;;3;;;;;;2019-02-to-2019-11;loto_201902.csv
2019066;2019066;;2019-06-03;LUNDI;modern-5-plus-chance;42;12;9;41;33;;;1;;;;;;2019-02-to-2019-11;loto_201902.csv
2019067;2019067;;2019-06-05;MERCREDI;modern-5-plus-chance;28;47;26;38;17;;;7;;;;;;2019-02-to-2019-11;loto_201902.csv
2019068;2019068;;2019-06-08;SAMEDI;modern-5-plus-chance;14;41;9;10;45;;;1;;;;;;2019-02-to-2019-11;loto_201902.csv
2019069;2019069;;2019-06-10;LUNDI;modern-5-plus-chance;9;24;18;49;39;;;8;;;;;;2019-02-to-2019-11;loto_201902.csv
2019070;2019070;;2019-06-12;MERCREDI;modern-5-plus-chance;25;31;45;38;3;;;9;;;;;;2019-02-to-2019-11;loto_201902.csv
2019071;2019071;;2019-06-15;SAMEDI;modern-5-plus-chance;2;13;20;30;37;;;6;;;;;;2019-02-to-2019-11;loto_201902.csv
2019072;2019072;;2019-06-17;LUNDI;modern-5-plus-chance;20;49;31;12;13;;;2;;;;;;2019-02-to-2019-11;loto_201902.csv
2019073;2019073;;2019-06-19;MERCREDI;modern-5-plus-chance;45;46;4;36;18;;;5;;;;;;2019-02-to-2019-11;loto_201902.csv
2019074;2019074;;2019-06-22;SAMEDI;modern-5-plus-chance;13;20;10;25;27;;;2;;;;;;2019-02-to-2019-11;loto_201902.csv
2019075;2019075;;2019-06-24;LUNDI;modern-5-plus-chance;33;16;1;32;45;;;6;;;;;;2019-02-to-2019-11;loto_201902.csv
2019076;2019076;;2019-06-26;MERCREDI;modern-5-plus-chance;4;47;43;30;7;;;10;;;;;;2019-02-to-2019-11;loto_201902.csv
2019077;2019077;;2019-06-29;SAMEDI;modern-5-plus-chance;46;42;1;4;3;;;3;;;;;;2019-02-to-2019-11;loto_201902.csv
2019078;2019078;;2019-07-01;LUNDI;modern-5-plus-chance;38;23;41;3;17;;;3;;;;;;2019-02-to-2019-11;loto_201902.csv
2019079;2019079;;2019-07-03;MERCREDI;modern-5-plus-chance;39;38;8;31;45;;;8;;;;;;2019-02-to-2019-11;loto_201902.csv
2019080;2019080;;2019-07-06;SAMEDI;modern-5-plus-chance;13;6;2;27;12;;;10;;;;;;2019-02-to-2019-11;loto_201902.csv
2019081;2019081;;2019-07-08;LUNDI;modern-5-plus-chance;26;11;38;20;33;;;10;;;;;;2019-02-to-2019-11;loto_201902.csv
2019082;2019082;;2019-07-10;MERCREDI;modern-5-plus-chance;7;21;29;35;47;;;6;;;;;;2019-02-to-2019-11;loto_201902.csv
2019083;2019083;;2019-07-13;SAMEDI;modern-5-plus-chance;27;18;49;37;48;;;10;;;;;;2019-02-to-2019-11;loto_201902.csv
2019084;2019084;;2019-07-15;LUNDI;modern-5-plus-chance;10;1;19;13;3;;;4;;;;;;2019-02-to-2019-11;loto_201902.csv
2019085;2019085;;2019-07-17;MERCREDI;modern-5-plus-chance;26;4;27;47;28;;;8;;;;;;2019-02-to-2019-11;loto_201902.csv
2019086;2019086;;2019-07-20;SAMEDI;modern-5-plus-chance;21;17;29;35;18;;;6;;;;;;2019-02-to-2019-11;loto_201902.csv
2019087;2019087;;2019-07-22;LUNDI;modern-5-plus-chance;28;37;44;11;7;;;3;;;;;;2019-02-to-2019-11;loto_201902.csv
2019088;2019088;;2019-07-24;MERCREDI;modern-5-plus-chance;39;25;10;32;40;;;10;;;;;;2019-02-to-2019-11;loto_201902.csv
2019089;2019089;;2019-07-27;SAMEDI;modern-5-plus-chance;25;28;39;47;31;;;8;;;;;;2019-02-to-2019-11;loto_201902.csv
2019090;2019090;;2019-07-29;LUNDI;modern-5-plus-chance;6;29;3;47;21;;;3;;;;;;2019-02-to-2019-11;loto_201902.csv
2019091;2019091;;2019-07-31;MERCREDI;modern-5-plus-chance;32;18;8;36;30;;;5;;;;;;2019-02-to-2019-11;loto_201902.csv
2019092;2019092;;2019-08-03;SAMEDI;modern-5-plus-chance;10;4;5;23;7;;;4;;;;;;2019-02-to-2019-11;loto_201902.csv
2019093;2019093;;2019-08-05;LUNDI;modern-5-plus-chance;5;45;22;26;33;;;9;;;;;;2019-02-to-2019-11;loto_201902.csv
2019094;2019094;;2019-08-07;MERCREDI;modern-5-plus-chance;26;28;36;29;5;;;4;;;;;;2019-02-to-2019-11;loto_201902.csv
2019095;2019095;;2019-08-10;SAMEDI;modern-5-plus-chance;37;4;12;9;18;;;3;;;;;;2019-02-to-2019-11;loto_201902.csv
2019096;2019096;;2019-08-12;LUNDI;modern-5-plus-chance;31;30;9;20;34;;;10;;;;;;2019-02-to-2019-11;loto_201902.csv
2019097;2019097;;2019-08-14;MERCREDI;modern-5-plus-chance;45;17;27;48;34;;;2;;;;;;2019-02-to-2019-11;loto_201902.csv
2019098;2019098;;2019-08-17;SAMEDI;modern-5-plus-chance;1;21;28;8;37;;;2;;;;;;2019-02-to-2019-11;loto_201902.csv
2019099;2019099;;2019-08-19;LUNDI;modern-5-plus-chance;14;31;7;28;2;;;3;;;;;;2019-02-to-2019-11;loto_201902.csv
2019100;2019100;;2019-08-21;MERCREDI;modern-5-plus-chance;17;3;38;1;25;;;8;;;;;;2019-02-to-2019-11;loto_201902.csv
2019101;2019101;;2019-08-24;SAMEDI;modern-5-plus-chance;23;31;15;38;17;;;4;;;;;;2019-02-to-2019-11;loto_201902.csv
2019102;2019102;;2019-08-26;LUNDI;modern-5-plus-chance;4;21;46;27;47;;;6;;;;;;2019-02-to-2019-11;loto_201902.csv
2019103;2019103;;2019-08-28;MERCREDI;modern-5-plus-chance;14;25;47;7;42;;;5;;;;;;2019-02-to-2019-11;loto_201902.csv
2019104;2019104;;2019-08-31;SAMEDI;modern-5-plus-chance;47;21;25;19;38;;;4;;;;;;2019-02-to-2019-11;loto_201902.csv
2019105;2019105;;2019-09-02;LUNDI;modern-5-plus-chance;6;2;44;33;21;;;4;;;;;;2019-02-to-2019-11;loto_201902.csv
2019106;2019106;;2019-09-04;MERCREDI;modern-5-plus-chance;25;2;4;7;35;;;3;;;;;;2019-02-to-2019-11;loto_201902.csv
2019107;2019107;;2019-09-07;SAMEDI;modern-5-plus-chance;16;12;27;30;2;;;2;;;;;;2019-02-to-2019-11;loto_201902.csv
2019108;2019108;;2019-09-09;LUNDI;modern-5-plus-chance;42;2;44;28;5;;;8;;;;;;2019-02-to-2019-11;loto_201902.csv
2019109;2019109;;2019-09-11;MERCREDI;modern-5-plus-chance;35;19;6;27;14;;;10;;;;;;2019-02-to-2019-11;loto_201902.csv
2019110;2019110;;2019-09-14;SAMEDI;modern-5-plus-chance;28;23;18;26;19;;;9;;;;;;2019-02-to-2019-11;loto_201902.csv
2019111;2019111;;2019-09-16;LUNDI;modern-5-plus-chance;42;35;31;32;13;;;5;;;;;;2019-02-to-2019-11;loto_201902.csv
2019112;2019112;;2019-09-18;MERCREDI;modern-5-plus-chance;16;6;36;5;3;;;10;;;;;;2019-02-to-2019-11;loto_201902.csv
2019113;2019113;;2019-09-21;SAMEDI;modern-5-plus-chance;15;42;41;44;8;;;10;;;;;;2019-02-to-2019-11;loto_201902.csv
2019114;2019114;;2019-09-23;LUNDI;modern-5-plus-chance;36;20;42;34;29;;;4;;;;;;2019-02-to-2019-11;loto_201902.csv
2019115;2019115;;2019-09-25;MERCREDI;modern-5-plus-chance;7;1;26;22;15;;;3;;;;;;2019-02-to-2019-11;loto_201902.csv
2019116;2019116;;2019-09-28;SAMEDI;modern-5-plus-chance;18;15;12;19;40;;;5;;;;;;2019-02-to-2019-11;loto_201902.csv
2019117;2019117;;2019-09-30;LUNDI;modern-5-plus-chance;43;2;33;23;47;;;2;;;;;;2019-02-to-2019-11;loto_201902.csv
2019118;2019118;;2019-10-02;MERCREDI;modern-5-plus-chance;33;37;32;35;49;;;3;;;;;;2019-02-to-2019-11;loto_201902.csv
2019119;2019119;;2019-10-05;SAMEDI;modern-5-plus-chance;30;2;38;16;31;;;5;;;;;;2019-02-to-2019-11;loto_201902.csv
2019120;2019120;;2019-10-07;LUNDI;modern-5-plus-chance;19;4;2;35;11;;;5;;;;;;2019-02-to-2019-11;loto_201902.csv
2019121;2019121;;2019-10-09;MERCREDI;modern-5-plus-chance;14;39;17;44;36;;;5;;;;;;2019-02-to-2019-11;loto_201902.csv
2019122;2019122;;2019-10-12;SAMEDI;modern-5-plus-chance;27;16;12;37;10;;;9;;;;;;2019-02-to-2019-11;loto_201902.csv
2019123;2019123;;2019-10-14;LUNDI;modern-5-plus-chance;16;48;18;24;6;;;9;;;;;;2019-02-to-2019-11;loto_201902.csv
2019124;2019124;;2019-10-16;MERCREDI;modern-5-plus-chance;19;30;5;18;35;;;2;;;;;;2019-02-to-2019-11;loto_201902.csv
2019125;2019125;;2019-10-19;SAMEDI;modern-5-plus-chance;36;23;24;31;32;;;8;;;;;;2019-02-to-2019-11;loto_201902.csv
2019126;2019126;;2019-10-21;LUNDI;modern-5-plus-chance;13;42;40;48;3;;;4;;;;;;2019-02-to-2019-11;loto_201902.csv
2019127;2019127;;2019-10-23;MERCREDI;modern-5-plus-chance;49;44;31;33;40;;;1;;;;;;2019-02-to-2019-11;loto_201902.csv
2019128;2019128;;2019-10-26;SAMEDI;modern-5-plus-chance;11;30;44;13;20;;;9;;;;;;2019-02-to-2019-11;loto_201902.csv
2019129;2019129;;2019-10-28;LUNDI;modern-5-plus-chance;46;17;36;35;18;;;4;;;;;;2019-02-to-2019-11;loto_201902.csv
2019130;2019130;;2019-10-30;MERCREDI;modern-5-plus-chance;46;13;48;2;22;;;1;;;;;;2019-02-to-2019-11;loto_201902.csv
2019131;2019131;;2019-11-02;SAMEDI;modern-5-plus-chance;41;1;18;16;13;;;3;;;;;;2019-02-to-2019-11;loto_201902.csv
20199133;20199133;;2019-11-06;MERCREDI;modern-5-plus-chance;43;27;23;44;42;;;10;28;35;41;44;48;2019-present;loto_201911.csv
20199134;20199134;;2019-11-09;SAMEDI;modern-5-plus-chance;26;24;6;18;29;;;3;4;9;13;28;49;2019-present;loto_201911.csv
20199135;20199135;;2019-11-11;LUNDI;modern-5-plus-chance;28;14;27;13;25;;;5;16;18;32;44;45;2019-present;loto_201911.csv
20199136;20199136;;2019-11-13;MERCREDI;modern-5-plus-chance;22;13;10;35;19;;;1;2;25;42;44;49;2019-present;loto_201911.csv
20199137;20199137;;2019-11-16;SAMEDI;modern-5-plus-chance;10;49;30;12;29;;;9;13;15;30;39;41;2019-present;loto_201911.csv
20199138;20199138;;2019-11-18;LUNDI;modern-5-plus-chance;31;44;6;15;12;;;7;20;22;36;37;40;2019-present;loto_201911.csv
20199139;20199139;;2019-11-20;MERCREDI;modern-5-plus-chance;22;23;7;30;37;;;3;3;13;31;40;42;2019-present;loto_201911.csv
20199140;20199140;;2019-11-23;SAMEDI;modern-5-plus-chance;4;27;28;9;22;;;4;10;33;35;40;43;2019-present;loto_201911.csv
20199141;20199141;;2019-11-25;LUNDI;modern-5-plus-chance;44;41;35;33;38;;;8;4;14;41;45;47;2019-present;loto_201911.csv
20199142;20199142;;2019-11-27;MERCREDI;modern-5-plus-chance;44;2;15;29;18;;;4;5;11;25;27;32;2019-present;loto_201911.csv
20199143;20199143;;2019-11-30;SAMEDI;modern-5-plus-chance;7;25;17;48;16;;;3;4;24;25;39;40;2019-present;loto_201911.csv
20199144;20199144;;2019-12-02;LUNDI;modern-5-plus-chance;39;28;14;11;42;;;9;5;12;14;40;45;2019-present;loto_201911.csv
20199145;20199145;;2019-12-04;MERCREDI;modern-5-plus-chance;8;30;26;35;40;;;2;24;29;30;36;44;2019-present;loto_201911.csv
20199146;20199146;;2019-12-07;SAMEDI;modern-5-plus-chance;40;29;44;38;10;;;8;2;5;8;24;48;2019-present;loto_201911.csv
20199147;20199147;;2019-12-09;LUNDI;modern-5-plus-chance;1;34;15;24;25;;;8;3;5;16;42;44;2019-present;loto_201911.csv
20199148;20199148;;2019-12-11;MERCREDI;modern-5-plus-chance;25;33;48;1;40;;;8;9;15;40;48;49;2019-present;loto_201911.csv
20199149;20199149;;2019-12-14;SAMEDI;modern-5-plus-chance;3;48;17;4;38;;;9;6;8;12;36;44;2019-present;loto_201911.csv
20199150;20199150;;2019-12-16;LUNDI;modern-5-plus-chance;38;26;39;35;10;;;6;1;6;31;40;49;2019-present;loto_201911.csv
20199151;20199151;;2019-12-18;MERCREDI;modern-5-plus-chance;23;6;17;5;7;;;9;6;23;28;36;44;2019-present;loto_201911.csv
20199152;20199152;;2019-12-21;SAMEDI;modern-5-plus-chance;48;23;27;19;22;;;2;1;12;14;22;49;2019-present;loto_201911.csv
20199153;20199153;;2019-12-23;LUNDI;modern-5-plus-chance;37;36;32;20;7;;;2;4;5;35;40;48;2019-present;loto_201911.csv
20199154;20199154;;2019-12-25;MERCREDI;modern-5-plus-chance;36;40;45;24;15;;;9;12;23;27;32;44;2019-present;loto_201911.csv
20199155;20199155;;2019-12-28;SAMEDI;modern-5-plus-chance;24;48;49;18;8;;;8;10;18;42;44;45;2019-present;loto_201911.csv
20199156;20199156;;2019-12-30;LUNDI;modern-5-plus-chance;12;38;34;32;48;;;6;17;22;27;42;44;2019-present;loto_201911.csv
20200001;20200001;;2020-01-01;MERCREDI;modern-5-plus-chance;11;7;32;24;4;;;10;5;21;29;40;44;2019-present;loto_201911.csv
20200002;20200002;;2020-01-04;SAMEDI;modern-5-plus-chance;22;9;43;31;34;;;5;13;25;26;39;40;2019-present;loto_201911.csv
20200003;20200003;;2020-01-06;LUNDI;modern-5-plus-chance;49;10;19;26;30;;;3;5;15;17;42;44;2019-present;loto_201911.csv
20200004;20200004;;2020-01-08;MERCREDI;modern-5-plus-chance;17;44;29;16;37;;;8;6;15;18;24;29;2019-present;loto_201911.csv
20200005;20200005;;2020-01-11;SAMEDI;modern-5-plus-chance;48;14;2;23;13;;;3;3;13;14;22;33;2019-present;loto_201911.csv
20200006;20200006;;2020-01-13;LUNDI;modern-5-plus-chance;16;11;25;32;14;;;9;3;8;15;35;44;2019-present;loto_201911.csv
20200007;20200007;;2020-01-15;MERCREDI;modern-5-plus-chance;35;19;8;22;46;;;2;3;6;20;36;41;2019-present;loto_201911.csv
20200008;20200008;;2020-01-18;SAMEDI;modern-5-plus-chance;12;1;33;13;2;;;9;2;4;5;28;49;2019-present;loto_201911.csv
20200009;20200009;;2020-01-20;LUNDI;modern-5-plus-chance;13;38;31;30;26;;;1;4;6;29;31;45;2019-present;loto_201911.csv
20200010;20200010;;2020-01-22;MERCREDI;modern-5-plus-chance;25;28;42;26;12;;;10;9;12;35;36;43;2019-present;loto_201911.csv
20200011;20200011;;2020-01-25;SAMEDI;modern-5-plus-chance;36;17;30;7;11;;;5;7;8;15;40;44;2019-present;loto_201911.csv
20200012;20200012;;2020-01-27;LUNDI;modern-5-plus-chance;27;12;10;7;41;;;1;15;22;32;37;45;2019-present;loto_201911.csv
20200013;20200013;;2020-01-29;MERCREDI;modern-5-plus-chance;31;30;6;14;45;;;8;9;12;18;25;37;2019-present;loto_201911.csv
20200014;20200014;;2020-02-01;SAMEDI;modern-5-plus-chance;36;25;22;21;16;;;9;13;36;40;46;48;2019-present;loto_201911.csv
20200015;20200015;;2020-02-03;LUNDI;modern-5-plus-chance;49;20;7;31;33;;;4;6;7;9;33;47;2019-present;loto_201911.csv
20200016;20200016;;2020-02-05;MERCREDI;modern-5-plus-chance;30;21;6;11;29;;;4;18;22;28;43;46;2019-present;loto_201911.csv
20200017;20200017;;2020-02-08;SAMEDI;modern-5-plus-chance;47;31;12;45;7;;;10;7;22;29;37;46;2019-present;loto_201911.csv
20200018;20200018;;2020-02-10;LUNDI;modern-5-plus-chance;15;49;37;25;38;;;8;6;10;11;28;36;2019-present;loto_201911.csv
20200019;20200019;;2020-02-12;MERCREDI;modern-5-plus-chance;47;38;17;30;43;;;5;27;29;31;44;47;2019-present;loto_201911.csv
20200020;20200020;;2020-02-15;SAMEDI;modern-5-plus-chance;48;4;25;5;45;;;7;1;4;32;43;45;2019-present;loto_201911.csv
20200021;20200021;;2020-02-17;LUNDI;modern-5-plus-chance;44;39;7;41;19;;;1;2;4;17;27;44;2019-present;loto_201911.csv
20200022;20200022;;2020-02-19;MERCREDI;modern-5-plus-chance;40;16;21;41;46;;;2;19;25;30;38;40;2019-present;loto_201911.csv
20200023;20200023;;2020-02-22;SAMEDI;modern-5-plus-chance;4;39;26;5;24;;;4;12;24;33;37;42;2019-present;loto_201911.csv
20200024;20200024;;2020-02-24;LUNDI;modern-5-plus-chance;20;15;27;9;47;;;7;3;11;28;31;44;2019-present;loto_201911.csv
20200025;20200025;;2020-02-26;MERCREDI;modern-5-plus-chance;20;6;30;32;45;;;4;15;36;38;42;46;2019-present;loto_201911.csv
20200026;20200026;;2020-02-29;SAMEDI;modern-5-plus-chance;37;24;19;10;5;;;6;10;12;26;36;41;2019-present;loto_201911.csv
20200027;20200027;;2020-03-02;LUNDI;modern-5-plus-chance;42;26;21;39;40;;;5;1;21;33;38;49;2019-present;loto_201911.csv
20200028;20200028;;2020-03-04;MERCREDI;modern-5-plus-chance;10;17;33;30;49;;;4;1;4;6;17;29;2019-present;loto_201911.csv
20200029;20200029;;2020-03-07;SAMEDI;modern-5-plus-chance;5;35;37;4;24;;;2;11;14;29;30;39;2019-present;loto_201911.csv
20200030;20200030;;2020-03-09;LUNDI;modern-5-plus-chance;26;41;5;33;42;;;7;5;19;39;44;48;2019-present;loto_201911.csv
20200031;20200031;;2020-03-11;MERCREDI;modern-5-plus-chance;38;45;5;14;46;;;1;3;10;23;39;47;2019-present;loto_201911.csv
20200032;20200032;;2020-03-14;SAMEDI;modern-5-plus-chance;28;41;38;31;43;;;10;1;28;32;34;36;2019-present;loto_201911.csv
20200033;20200033;;2020-03-16;LUNDI;modern-5-plus-chance;44;16;4;40;23;;;3;6;12;28;45;48;2019-present;loto_201911.csv
20200034;20200034;;2020-03-18;MERCREDI;modern-5-plus-chance;48;10;46;28;29;;;9;4;14;25;34;40;2019-present;loto_201911.csv
20200035;20200035;;2020-03-21;SAMEDI;modern-5-plus-chance;16;37;8;7;42;;;8;3;5;35;36;40;2019-present;loto_201911.csv
20200036;20200036;;2020-03-23;LUNDI;modern-5-plus-chance;28;49;5;48;21;;;2;2;5;12;19;29;2019-present;loto_201911.csv
20200037;20200037;;2020-03-25;MERCREDI;modern-5-plus-chance;40;45;24;32;34;;;1;16;28;35;38;43;2019-present;loto_201911.csv
20200038;20200038;;2020-03-28;SAMEDI;modern-5-plus-chance;35;23;26;32;22;;;5;5;22;35;38;39;2019-present;loto_201911.csv
20200039;20200039;;2020-03-30;LUNDI;modern-5-plus-chance;21;37;12;17;23;;;7;4;10;14;38;39;2019-present;loto_201911.csv
20200040;20200040;;2020-04-01;MERCREDI;modern-5-plus-chance;41;48;42;28;3;;;6;1;16;19;36;44;2019-present;loto_201911.csv
20200041;20200041;;2020-04-04;SAMEDI;modern-5-plus-chance;40;2;35;39;42;;;9;13;23;24;38;48;2019-present;loto_201911.csv
20200042;20200042;;2020-04-06;LUNDI;modern-5-plus-chance;23;29;18;35;7;;;4;3;12;17;18;19;2019-present;loto_201911.csv
20200043;20200043;;2020-04-08;MERCREDI;modern-5-plus-chance;16;9;19;26;6;;;9;24;27;42;43;49;2019-present;loto_201911.csv
20200044;20200044;;2020-04-11;SAMEDI;modern-5-plus-chance;8;43;1;48;41;;;7;12;15;20;24;49;2019-present;loto_201911.csv
20200045;20200045;;2020-04-13;LUNDI;modern-5-plus-chance;42;1;19;23;17;;;9;13;14;18;43;44;2019-present;loto_201911.csv
20200046;20200046;;2020-04-15;MERCREDI;modern-5-plus-chance;16;1;31;48;3;;;6;3;7;18;48;49;2019-present;loto_201911.csv
20200047;20200047;;2020-04-18;SAMEDI;modern-5-plus-chance;45;1;33;47;27;;;8;11;14;33;36;41;2019-present;loto_201911.csv
20200048;20200048;;2020-04-20;LUNDI;modern-5-plus-chance;37;5;9;7;41;;;6;19;26;29;30;45;2019-present;loto_201911.csv
20200049;20200049;;2020-04-22;MERCREDI;modern-5-plus-chance;28;30;43;40;41;;;7;27;29;32;33;49;2019-present;loto_201911.csv
20200050;20200050;;2020-04-25;SAMEDI;modern-5-plus-chance;49;6;24;13;10;;;3;3;9;26;34;43;2019-present;loto_201911.csv
20200051;20200051;;2020-04-27;LUNDI;modern-5-plus-chance;41;11;19;29;14;;;9;1;7;16;20;39;2019-present;loto_201911.csv
20200052;20200052;;2020-04-29;MERCREDI;modern-5-plus-chance;25;29;47;5;7;;;1;5;7;32;34;42;2019-present;loto_201911.csv
20200053;20200053;;2020-05-02;SAMEDI;modern-5-plus-chance;43;22;12;30;9;;;4;7;11;18;21;42;2019-present;loto_201911.csv
20200054;20200054;;2020-05-04;LUNDI;modern-5-plus-chance;39;8;9;33;15;;;10;7;16;24;36;47;2019-present;loto_201911.csv
20200055;20200055;;2020-05-06;MERCREDI;modern-5-plus-chance;48;36;14;15;10;;;3;1;20;40;45;49;2019-present;loto_201911.csv
20200056;20200056;;2020-05-09;SAMEDI;modern-5-plus-chance;48;39;29;47;35;;;7;2;11;30;35;46;2019-present;loto_201911.csv
20200057;20200057;;2020-05-11;LUNDI;modern-5-plus-chance;34;5;33;3;17;;;10;13;17;20;27;33;2019-present;loto_201911.csv
20200058;20200058;;2020-05-13;MERCREDI;modern-5-plus-chance;43;4;17;38;49;;;8;11;19;21;24;48;2019-present;loto_201911.csv
20200059;20200059;;2020-05-16;SAMEDI;modern-5-plus-chance;26;27;41;46;19;;;4;9;26;31;37;47;2019-present;loto_201911.csv
20200060;20200060;;2020-05-18;LUNDI;modern-5-plus-chance;20;30;35;14;10;;;9;27;32;36;37;44;2019-present;loto_201911.csv
20200061;20200061;;2020-05-20;MERCREDI;modern-5-plus-chance;45;14;39;20;47;;;8;24;25;35;39;43;2019-present;loto_201911.csv
20200062;20200062;;2020-05-23;SAMEDI;modern-5-plus-chance;22;28;3;23;29;;;2;5;7;26;32;46;2019-present;loto_201911.csv
20200063;20200063;;2020-05-25;LUNDI;modern-5-plus-chance;9;26;30;42;36;;;4;7;24;36;43;47;2019-present;loto_201911.csv
20200064;20200064;;2020-05-27;MERCREDI;modern-5-plus-chance;29;6;12;44;31;;;6;3;12;22;37;49;2019-present;loto_201911.csv
20200065;20200065;;2020-05-30;SAMEDI;modern-5-plus-chance;5;14;42;44;16;;;9;3;5;33;36;45;2019-present;loto_201911.csv
20200066;20200066;;2020-06-01;LUNDI;modern-5-plus-chance;24;26;2;36;32;;;7;4;8;21;40;41;2019-present;loto_201911.csv
20200067;20200067;;2020-06-03;MERCREDI;modern-5-plus-chance;12;13;26;44;16;;;6;15;19;40;44;47;2019-present;loto_201911.csv
20200068;20200068;;2020-06-06;SAMEDI;modern-5-plus-chance;14;7;43;44;29;;;5;19;22;23;40;41;2019-present;loto_201911.csv
20200069;20200069;;2020-06-08;LUNDI;modern-5-plus-chance;8;22;26;46;2;;;1;1;2;13;33;38;2019-present;loto_201911.csv
20200070;20200070;;2020-06-10;MERCREDI;modern-5-plus-chance;47;36;20;11;9;;;2;15;25;31;35;49;2019-present;loto_201911.csv
20200071;20200071;;2020-06-13;SAMEDI;modern-5-plus-chance;25;32;6;5;28;;;4;5;10;16;43;45;2019-present;loto_201911.csv
20200072;20200072;;2020-06-15;LUNDI;modern-5-plus-chance;22;49;26;2;47;;;2;19;24;25;33;41;2019-present;loto_201911.csv
20200073;20200073;;2020-06-17;MERCREDI;modern-5-plus-chance;26;13;10;20;46;;;1;1;19;23;28;39;2019-present;loto_201911.csv
20200074;20200074;;2020-06-20;SAMEDI;modern-5-plus-chance;8;24;33;38;14;;;5;14;15;20;36;48;2019-present;loto_201911.csv
20200075;20200075;;2020-06-22;LUNDI;modern-5-plus-chance;9;36;5;21;39;;;5;15;34;36;44;46;2019-present;loto_201911.csv
20200076;20200076;;2020-06-24;MERCREDI;modern-5-plus-chance;36;8;31;34;17;;;7;5;9;24;30;31;2019-present;loto_201911.csv
20200077;20200077;;2020-06-27;SAMEDI;modern-5-plus-chance;1;39;2;6;27;;;4;12;16;20;34;49;2019-present;loto_201911.csv
20200078;20200078;;2020-06-29;LUNDI;modern-5-plus-chance;21;29;20;47;46;;;7;14;18;19;29;41;2019-present;loto_201911.csv
20200079;20200079;;2020-07-01;MERCREDI;modern-5-plus-chance;44;47;5;13;14;;;8;18;21;34;37;48;2019-present;loto_201911.csv
20200080;20200080;;2020-07-04;SAMEDI;modern-5-plus-chance;23;13;27;44;36;;;6;6;8;22;27;33;2019-present;loto_201911.csv
20200081;20200081;;2020-07-06;LUNDI;modern-5-plus-chance;2;11;42;30;35;;;6;1;2;5;19;39;2019-present;loto_201911.csv
20200082;20200082;;2020-07-08;MERCREDI;modern-5-plus-chance;30;48;37;9;26;;;8;3;5;14;20;44;2019-present;loto_201911.csv
20200083;20200083;;2020-07-11;SAMEDI;modern-5-plus-chance;32;6;35;28;40;;;7;4;17;24;34;43;2019-present;loto_201911.csv
20200084;20200084;;2020-07-13;LUNDI;modern-5-plus-chance;24;3;35;46;2;;;8;1;9;12;15;22;2019-present;loto_201911.csv
20200085;20200085;;2020-07-15;MERCREDI;modern-5-plus-chance;6;12;4;35;44;;;3;12;16;17;29;31;2019-present;loto_201911.csv
20200086;20200086;;2020-07-18;SAMEDI;modern-5-plus-chance;11;42;22;34;43;;;4;12;23;26;28;39;2019-present;loto_201911.csv
20200087;20200087;;2020-07-20;LUNDI;modern-5-plus-chance;8;42;22;28;26;;;2;1;11;37;39;48;2019-present;loto_201911.csv
20200088;20200088;;2020-07-22;MERCREDI;modern-5-plus-chance;4;28;38;20;18;;;1;28;29;30;35;47;2019-present;loto_201911.csv
20200089;20200089;;2020-07-25;SAMEDI;modern-5-plus-chance;18;10;6;15;48;;;4;11;29;32;40;43;2019-present;loto_201911.csv
20200090;20200090;;2020-07-27;LUNDI;modern-5-plus-chance;19;24;45;15;25;;;3;17;22;23;32;45;2019-present;loto_201911.csv
20200091;20200091;;2020-07-29;MERCREDI;modern-5-plus-chance;47;46;7;19;39;;;5;9;36;42;43;49;2019-present;loto_201911.csv
20200092;20200092;;2020-08-01;SAMEDI;modern-5-plus-chance;17;18;25;38;9;;;9;10;26;31;41;44;2019-present;loto_201911.csv
20200093;20200093;;2020-08-03;LUNDI;modern-5-plus-chance;43;48;42;23;30;;;7;11;26;29;30;44;2019-present;loto_201911.csv
20200094;20200094;;2020-08-05;MERCREDI;modern-5-plus-chance;46;32;22;15;17;;;8;9;16;28;39;43;2019-present;loto_201911.csv
20200095;20200095;;2020-08-08;SAMEDI;modern-5-plus-chance;35;42;49;4;6;;;9;5;9;18;26;32;2019-present;loto_201911.csv
20200096;20200096;;2020-08-10;LUNDI;modern-5-plus-chance;28;38;2;1;11;;;6;8;20;34;44;46;2019-present;loto_201911.csv
20200097;20200097;;2020-08-12;MERCREDI;modern-5-plus-chance;17;47;30;3;44;;;3;15;25;28;42;44;2019-present;loto_201911.csv
20200098;20200098;;2020-08-15;SAMEDI;modern-5-plus-chance;5;41;3;42;15;;;7;7;16;38;41;42;2019-present;loto_201911.csv
20200099;20200099;;2020-08-17;LUNDI;modern-5-plus-chance;6;1;39;48;40;;;6;8;11;15;38;45;2019-present;loto_201911.csv
20200100;20200100;;2020-08-19;MERCREDI;modern-5-plus-chance;35;11;13;4;34;;;1;3;32;33;39;49;2019-present;loto_201911.csv
20200101;20200101;;2020-08-22;SAMEDI;modern-5-plus-chance;7;11;5;32;33;;;5;4;5;29;35;42;2019-present;loto_201911.csv
20200102;20200102;;2020-08-24;LUNDI;modern-5-plus-chance;28;18;22;37;19;;;2;17;21;30;32;36;2019-present;loto_201911.csv
20200103;20200103;;2020-08-26;MERCREDI;modern-5-plus-chance;13;45;4;40;31;;;3;17;33;36;43;49;2019-present;loto_201911.csv
20200104;20200104;;2020-08-29;SAMEDI;modern-5-plus-chance;23;15;38;21;39;;;4;4;19;27;31;43;2019-present;loto_201911.csv
20200105;20200105;;2020-08-31;LUNDI;modern-5-plus-chance;7;16;17;4;11;;;10;5;13;14;45;48;2019-present;loto_201911.csv
20200106;20200106;;2020-09-02;MERCREDI;modern-5-plus-chance;14;23;21;47;3;;;3;24;26;31;32;47;2019-present;loto_201911.csv
20200107;20200107;;2020-09-05;SAMEDI;modern-5-plus-chance;22;15;19;24;46;;;3;4;9;10;18;26;2019-present;loto_201911.csv
20200108;20200108;;2020-09-07;LUNDI;modern-5-plus-chance;37;35;31;44;14;;;7;6;8;41;46;47;2019-present;loto_201911.csv
20200109;20200109;;2020-09-09;MERCREDI;modern-5-plus-chance;24;48;20;29;45;;;3;2;15;28;39;40;2019-present;loto_201911.csv
20200110;20200110;;2020-09-12;SAMEDI;modern-5-plus-chance;16;46;12;21;24;;;2;12;19;21;35;43;2019-present;loto_201911.csv
20200111;20200111;;2020-09-14;LUNDI;modern-5-plus-chance;23;49;5;13;32;;;2;10;31;42;45;48;2019-present;loto_201911.csv
20200112;20200112;;2020-09-16;MERCREDI;modern-5-plus-chance;28;19;49;23;17;;;7;8;10;19;29;46;2019-present;loto_201911.csv
20200113;20200113;;2020-09-19;SAMEDI;modern-5-plus-chance;33;42;27;46;32;;;7;6;8;9;22;27;2019-present;loto_201911.csv
20200114;20200114;;2020-09-21;LUNDI;modern-5-plus-chance;46;41;38;19;16;;;9;17;19;24;26;35;2019-present;loto_201911.csv
20200115;20200115;;2020-09-23;MERCREDI;modern-5-plus-chance;11;5;25;23;33;;;5;22;23;28;33;37;2019-present;loto_201911.csv
20200116;20200116;;2020-09-26;SAMEDI;modern-5-plus-chance;4;31;49;8;39;;;9;11;14;15;32;38;2019-present;loto_201911.csv
20200117;20200117;;2020-09-28;LUNDI;modern-5-plus-chance;33;22;44;6;35;;;2;20;27;40;42;48;2019-present;loto_201911.csv
20200118;20200118;;2020-09-30;MERCREDI;modern-5-plus-chance;26;24;49;32;2;;;5;16;19;24;43;44;2019-present;loto_201911.csv
20200119;20200119;;2020-10-03;SAMEDI;modern-5-plus-chance;31;36;9;33;18;;;2;16;18;27;32;39;2019-present;loto_201911.csv
20200120;20200120;;2020-10-05;LUNDI;modern-5-plus-chance;6;22;19;5;9;;;5;1;9;14;16;37;2019-present;loto_201911.csv
20200121;20200121;;2020-10-07;MERCREDI;modern-5-plus-chance;17;30;6;49;19;;;2;5;28;35;41;47;2019-present;loto_201911.csv
20200122;20200122;;2020-10-10;SAMEDI;modern-5-plus-chance;48;26;31;47;42;;;8;23;34;39;47;48;2019-present;loto_201911.csv
20200123;20200123;;2020-10-12;LUNDI;modern-5-plus-chance;18;7;21;42;11;;;3;2;4;7;23;36;2019-present;loto_201911.csv
20200124;20200124;;2020-10-14;MERCREDI;modern-5-plus-chance;19;42;32;26;39;;;6;6;16;19;20;34;2019-present;loto_201911.csv
20200125;20200125;;2020-10-17;SAMEDI;modern-5-plus-chance;28;23;24;9;20;;;4;10;18;24;29;30;2019-present;loto_201911.csv
20200126;20200126;;2020-10-19;LUNDI;modern-5-plus-chance;7;35;48;28;25;;;1;35;36;37;40;49;2019-present;loto_201911.csv
20200127;20200127;;2020-10-21;MERCREDI;modern-5-plus-chance;35;48;33;21;15;;;1;6;10;19;32;35;2019-present;loto_201911.csv
20200128;20200128;;2020-10-24;SAMEDI;modern-5-plus-chance;8;25;4;12;45;;;2;4;6;10;19;47;2019-present;loto_201911.csv
20200129;20200129;;2020-10-26;LUNDI;modern-5-plus-chance;33;7;8;12;22;;;5;5;7;8;11;33;2019-present;loto_201911.csv
20200130;20200130;;2020-10-28;MERCREDI;modern-5-plus-chance;25;43;30;2;19;;;9;3;21;29;36;49;2019-present;loto_201911.csv
20200131;20200131;;2020-10-31;SAMEDI;modern-5-plus-chance;22;35;9;28;13;;;5;20;31;35;40;49;2019-present;loto_201911.csv
20200132;20200132;;2020-11-02;LUNDI;modern-5-plus-chance;42;43;38;33;31;;;3;4;18;34;35;48;2019-present;loto_201911.csv
20200133;20200133;;2020-11-04;MERCREDI;modern-5-plus-chance;29;10;16;14;9;;;1;5;6;9;21;24;2019-present;loto_201911.csv
20200134;20200134;;2020-11-07;SAMEDI;modern-5-plus-chance;45;5;48;42;30;;;9;11;16;20;24;33;2019-present;loto_201911.csv
20200135;20200135;;2020-11-09;LUNDI;modern-5-plus-chance;26;18;41;38;5;;;10;3;27;36;43;46;2019-present;loto_201911.csv
20200136;20200136;;2020-11-11;MERCREDI;modern-5-plus-chance;15;17;10;37;16;;;9;14;16;18;39;41;2019-present;loto_201911.csv
20200137;20200137;;2020-11-14;SAMEDI;modern-5-plus-chance;40;26;17;24;43;;;9;9;11;38;43;47;2019-present;loto_201911.csv
20200138;20200138;;2020-11-16;LUNDI;modern-5-plus-chance;7;47;16;33;42;;;7;2;8;18;46;49;2019-present;loto_201911.csv
20200139;20200139;;2020-11-18;MERCREDI;modern-5-plus-chance;28;11;14;43;41;;;8;4;5;12;16;37;2019-present;loto_201911.csv
20200140;20200140;;2020-11-21;SAMEDI;modern-5-plus-chance;49;17;44;5;46;;;4;3;9;18;25;48;2019-present;loto_201911.csv
20200141;20200141;;2020-11-23;LUNDI;modern-5-plus-chance;15;20;12;6;1;;;1;4;17;19;29;38;2019-present;loto_201911.csv
20200142;20200142;;2020-11-25;MERCREDI;modern-5-plus-chance;1;26;14;31;10;;;4;1;3;13;22;33;2019-present;loto_201911.csv
20200143;20200143;;2020-11-28;SAMEDI;modern-5-plus-chance;9;25;2;47;35;;;10;9;14;33;41;48;2019-present;loto_201911.csv
20200144;20200144;;2020-11-30;LUNDI;modern-5-plus-chance;28;9;26;29;18;;;3;10;15;17;41;47;2019-present;loto_201911.csv
20200145;20200145;;2020-12-02;MERCREDI;modern-5-plus-chance;23;14;40;46;27;;;1;1;3;14;30;47;2019-present;loto_201911.csv
20200146;20200146;;2020-12-05;SAMEDI;modern-5-plus-chance;34;20;14;35;9;;;1;4;6;13;20;22;2019-present;loto_201911.csv
20200147;20200147;;2020-12-07;LUNDI;modern-5-plus-chance;45;27;48;4;38;;;4;6;13;20;38;47;2019-present;loto_201911.csv
20200148;20200148;;2020-12-09;MERCREDI;modern-5-plus-chance;47;17;48;39;24;;;7;2;26;28;31;43;2019-present;loto_201911.csv
20200149;20200149;;2020-12-12;SAMEDI;modern-5-plus-chance;14;31;9;45;23;;;6;1;17;20;41;46;2019-present;loto_201911.csv
20200150;20200150;;2020-12-14;LUNDI;modern-5-plus-chance;47;48;13;34;2;;;6;6;7;9;23;41;2019-present;loto_201911.csv
20200151;20200151;;2020-12-16;MERCREDI;modern-5-plus-chance;21;6;41;17;16;;;9;8;13;15;40;46;2019-present;loto_201911.csv
20200152;20200152;;2020-12-19;SAMEDI;modern-5-plus-chance;30;29;49;23;10;;;5;4;25;27;41;45;2019-present;loto_201911.csv
20200153;20200153;;2020-12-21;LUNDI;modern-5-plus-chance;10;31;36;37;44;;;5;13;14;19;28;43;2019-present;loto_201911.csv
20200154;20200154;;2020-12-23;MERCREDI;modern-5-plus-chance;5;3;39;31;38;;;9;8;11;22;31;38;2019-present;loto_201911.csv
20200155;20200155;;2020-12-26;SAMEDI;modern-5-plus-chance;31;3;40;35;2;;;7;8;18;35;40;46;2019-present;loto_201911.csv
20200156;20200156;;2020-12-28;LUNDI;modern-5-plus-chance;41;34;42;22;1;;;5;1;7;44;45;49;2019-present;loto_201911.csv
20200157;20200157;;2020-12-30;MERCREDI;modern-5-plus-chance;36;20;13;31;38;;;1;5;16;27;32;41;2019-present;loto_201911.csv
20211001;20211001;;2021-01-02;SAMEDI;modern-5-plus-chance;5;27;7;24;41;;;10;10;11;31;32;39;2019-present;loto_201911.csv
20211002;20211002;;2021-01-04;LUNDI;modern-5-plus-chance;31;39;30;49;19;;;8;6;16;25;37;46;2019-present;loto_201911.csv
20211003;20211003;;2021-01-06;MERCREDI;modern-5-plus-chance;41;21;32;47;11;;;9;10;23;25;34;44;2019-present;loto_201911.csv
20211004;20211004;;2021-01-09;SAMEDI;modern-5-plus-chance;49;12;27;11;7;;;1;7;22;32;38;40;2019-present;loto_201911.csv
20211005;20211005;;2021-01-11;LUNDI;modern-5-plus-chance;33;46;8;17;1;;;5;1;9;14;26;37;2019-present;loto_201911.csv
20211006;20211006;;2021-01-13;MERCREDI;modern-5-plus-chance;32;42;30;17;41;;;5;5;6;11;28;49;2019-present;loto_201911.csv
20211007;20211007;;2021-01-16;SAMEDI;modern-5-plus-chance;44;20;14;22;36;;;2;8;12;29;36;39;2019-present;loto_201911.csv
20211008;20211008;;2021-01-18;LUNDI;modern-5-plus-chance;5;43;10;48;25;;;10;5;14;30;46;47;2019-present;loto_201911.csv
20211009;20211009;;2021-01-20;MERCREDI;modern-5-plus-chance;21;11;22;40;32;;;9;5;16;35;42;49;2019-present;loto_201911.csv
20211010;20211010;;2021-01-23;SAMEDI;modern-5-plus-chance;1;19;13;24;48;;;5;21;27;38;39;43;2019-present;loto_201911.csv
20211011;20211011;;2021-01-25;LUNDI;modern-5-plus-chance;13;31;49;7;3;;;5;3;13;17;21;23;2019-present;loto_201911.csv
20211012;20211012;;2021-01-27;MERCREDI;modern-5-plus-chance;27;44;25;23;6;;;6;2;9;12;25;46;2019-present;loto_201911.csv
20211013;20211013;;2021-01-30;SAMEDI;modern-5-plus-chance;17;5;33;9;37;;;4;6;21;28;31;47;2019-present;loto_201911.csv
20211014;20211014;;2021-02-01;LUNDI;modern-5-plus-chance;1;18;45;17;21;;;9;7;17;19;24;27;2019-present;loto_201911.csv
20211015;20211015;;2021-02-03;MERCREDI;modern-5-plus-chance;17;31;26;37;21;;;10;10;26;32;36;41;2019-present;loto_201911.csv
20211016;20211016;;2021-02-06;SAMEDI;modern-5-plus-chance;44;42;15;9;47;;;10;8;9;15;29;38;2019-present;loto_201911.csv
20211017;20211017;;2021-02-08;LUNDI;modern-5-plus-chance;19;10;9;29;5;;;8;7;8;18;37;49;2019-present;loto_201911.csv
20211018;20211018;;2021-02-10;MERCREDI;modern-5-plus-chance;44;13;29;15;33;;;4;4;5;20;25;40;2019-present;loto_201911.csv
20211019;20211019;;2021-02-13;SAMEDI;modern-5-plus-chance;13;17;31;28;9;;;10;18;34;37;44;49;2019-present;loto_201911.csv
20211020;20211020;;2021-02-15;LUNDI;modern-5-plus-chance;13;22;17;6;12;;;7;10;24;36;39;41;2019-present;loto_201911.csv
20211021;20211021;;2021-02-17;MERCREDI;modern-5-plus-chance;34;31;35;41;29;;;8;11;27;28;29;48;2019-present;loto_201911.csv
20211022;20211022;;2021-02-20;SAMEDI;modern-5-plus-chance;21;36;19;39;49;;;5;4;6;31;35;49;2019-present;loto_201911.csv
20211023;20211023;;2021-02-22;LUNDI;modern-5-plus-chance;3;37;26;15;24;;;7;6;11;18;19;30;2019-present;loto_201911.csv
20211024;20211024;;2021-02-24;MERCREDI;modern-5-plus-chance;47;18;41;10;19;;;2;7;18;39;43;45;2019-present;loto_201911.csv
20211025;20211025;;2021-02-27;SAMEDI;modern-5-plus-chance;4;29;42;43;11;;;10;12;23;32;36;48;2019-present;loto_201911.csv
20211026;20211026;;2021-03-01;LUNDI;modern-5-plus-chance;4;14;21;47;8;;;9;13;16;27;28;36;2019-present;loto_201911.csv
20211027;20211027;;2021-03-03;MERCREDI;modern-5-plus-chance;38;8;41;49;19;;;7;4;5;6;15;35;2019-present;loto_201911.csv
20211028;20211028;;2021-03-06;SAMEDI;modern-5-plus-chance;11;22;3;13;30;;;8;6;13;18;24;29;2019-present;loto_201911.csv
20211029;20211029;;2021-03-08;LUNDI;modern-5-plus-chance;24;8;38;19;40;;;10;4;6;8;13;16;2019-present;loto_201911.csv
20211030;20211030;;2021-03-10;MERCREDI;modern-5-plus-chance;26;42;33;20;34;;;9;5;8;14;16;49;2019-present;loto_201911.csv
20211031;20211031;;2021-03-13;SAMEDI;modern-5-plus-chance;47;22;19;4;10;;;8;3;5;9;43;44;2019-present;loto_201911.csv
20211032;20211032;;2021-03-15;LUNDI;modern-5-plus-chance;29;38;33;15;41;;;2;3;9;12;30;33;2019-present;loto_201911.csv
20211033;20211033;;2021-03-17;MERCREDI;modern-5-plus-chance;45;18;46;3;30;;;3;1;18;28;29;41;2019-present;loto_201911.csv
20211034;20211034;;2021-03-20;SAMEDI;modern-5-plus-chance;42;18;14;4;27;;;3;19;28;32;40;42;2019-present;loto_201911.csv
20211035;20211035;;2021-03-22;LUNDI;modern-5-plus-chance;15;6;34;39;24;;;4;7;21;29;30;36;2019-present;loto_201911.csv
20211036;20211036;;2021-03-24;MERCREDI;modern-5-plus-chance;22;38;28;37;9;;;10;1;4;43;45;47;2019-present;loto_201911.csv
20211037;20211037;;2021-03-27;SAMEDI;modern-5-plus-chance;16;11;18;8;10;;;5;7;29;36;38;43;2019-present;loto_201911.csv
20211038;20211038;;2021-03-29;LUNDI;modern-5-plus-chance;41;28;18;13;38;;;1;2;23;24;35;38;2019-present;loto_201911.csv
20211039;20211039;;2021-03-31;MERCREDI;modern-5-plus-chance;2;27;24;35;22;;;5;3;18;20;29;39;2019-present;loto_201911.csv
20211040;20211040;;2021-04-03;SAMEDI;modern-5-plus-chance;17;1;38;2;45;;;2;13;16;19;35;48;2019-present;loto_201911.csv
20211041;20211041;;2021-04-05;LUNDI;modern-5-plus-chance;32;22;2;12;15;;;8;1;3;7;33;40;2019-present;loto_201911.csv
20211042;20211042;;2021-04-07;MERCREDI;modern-5-plus-chance;35;19;9;16;43;;;4;25;37;38;41;46;2019-present;loto_201911.csv
20211043;20211043;;2021-04-10;SAMEDI;modern-5-plus-chance;9;35;15;8;4;;;8;31;34;38;41;44;2019-present;loto_201911.csv
20211044;20211044;;2021-04-12;LUNDI;modern-5-plus-chance;43;14;26;7;11;;;7;8;14;16;17;32;2019-present;loto_201911.csv
20211045;20211045;;2021-04-14;MERCREDI;modern-5-plus-chance;27;25;20;23;47;;;6;11;16;18;23;40;2019-present;loto_201911.csv
20211046;20211046;;2021-04-17;SAMEDI;modern-5-plus-chance;38;37;17;34;30;;;1;20;28;29;36;46;2019-present;loto_201911.csv
20211047;20211047;;2021-04-19;LUNDI;modern-5-plus-chance;49;17;36;44;27;;;1;4;11;25;33;35;2019-present;loto_201911.csv
20211048;20211048;;2021-04-21;MERCREDI;modern-5-plus-chance;45;31;6;49;39;;;4;3;11;17;27;49;2019-present;loto_201911.csv
20211049;20211049;;2021-04-24;SAMEDI;modern-5-plus-chance;41;12;26;42;36;;;7;4;21;33;34;48;2019-present;loto_201911.csv
20211050;20211050;;2021-04-26;LUNDI;modern-5-plus-chance;2;34;41;32;8;;;6;1;13;33;35;37;2019-present;loto_201911.csv
20211051;20211051;;2021-04-28;MERCREDI;modern-5-plus-chance;4;15;10;49;12;;;6;1;4;5;9;35;2019-present;loto_201911.csv
20211052;20211052;;2021-05-01;SAMEDI;modern-5-plus-chance;27;25;5;34;38;;;7;3;9;12;19;45;2019-present;loto_201911.csv
20211053;20211053;;2021-05-03;LUNDI;modern-5-plus-chance;44;8;11;48;37;;;6;10;13;14;23;47;2019-present;loto_201911.csv
20211054;20211054;;2021-05-05;MERCREDI;modern-5-plus-chance;36;48;46;41;8;;;6;2;4;39;45;47;2019-present;loto_201911.csv
20211055;20211055;;2021-05-08;SAMEDI;modern-5-plus-chance;41;35;40;6;24;;;6;2;8;31;33;46;2019-present;loto_201911.csv
20211056;20211056;;2021-05-10;LUNDI;modern-5-plus-chance;44;12;13;17;27;;;10;11;34;36;39;47;2019-present;loto_201911.csv
20211057;20211057;;2021-05-12;MERCREDI;modern-5-plus-chance;19;11;22;36;9;;;1;1;12;22;31;36;2019-present;loto_201911.csv
20211058;20211058;;2021-05-15;SAMEDI;modern-5-plus-chance;7;31;29;24;47;;;3;3;8;12;20;28;2019-present;loto_201911.csv
20211059;20211059;;2021-05-17;LUNDI;modern-5-plus-chance;23;42;3;17;47;;;4;9;11;17;21;29;2019-present;loto_201911.csv
20211060;20211060;;2021-05-19;MERCREDI;modern-5-plus-chance;28;17;41;3;23;;;3;4;38;45;46;48;2019-present;loto_201911.csv
20211061;20211061;;2021-05-22;SAMEDI;modern-5-plus-chance;9;2;45;19;7;;;10;10;32;34;37;44;2019-present;loto_201911.csv
20211062;20211062;;2021-05-24;LUNDI;modern-5-plus-chance;11;44;47;29;7;;;9;12;23;35;37;42;2019-present;loto_201911.csv
20211063;20211063;;2021-05-26;MERCREDI;modern-5-plus-chance;20;1;22;5;42;;;6;12;35;36;45;47;2019-present;loto_201911.csv
20211064;20211064;;2021-05-29;SAMEDI;modern-5-plus-chance;32;4;36;44;9;;;3;7;22;30;32;42;2019-present;loto_201911.csv
20211065;20211065;;2021-05-31;LUNDI;modern-5-plus-chance;25;3;13;32;47;;;9;12;27;31;35;37;2019-present;loto_201911.csv
20211066;20211066;;2021-06-02;MERCREDI;modern-5-plus-chance;33;34;25;3;26;;;6;6;9;22;39;48;2019-present;loto_201911.csv
20211067;20211067;;2021-06-05;SAMEDI;modern-5-plus-chance;45;16;6;37;25;;;9;4;25;31;36;44;2019-present;loto_201911.csv
20211068;20211068;;2021-06-07;LUNDI;modern-5-plus-chance;6;28;34;7;11;;;8;7;15;18;23;30;2019-present;loto_201911.csv
20211069;20211069;;2021-06-09;MERCREDI;modern-5-plus-chance;16;33;41;2;24;;;8;10;16;24;30;46;2019-present;loto_201911.csv
20211070;20211070;;2021-06-12;SAMEDI;modern-5-plus-chance;9;2;5;29;10;;;1;5;12;23;34;44;2019-present;loto_201911.csv
20211071;20211071;;2021-06-14;LUNDI;modern-5-plus-chance;40;12;47;21;19;;;7;14;27;30;31;43;2019-present;loto_201911.csv
20211072;20211072;;2021-06-16;MERCREDI;modern-5-plus-chance;22;23;35;46;3;;;9;1;11;27;32;49;2019-present;loto_201911.csv
20211073;20211073;;2021-06-19;SAMEDI;modern-5-plus-chance;3;44;46;27;14;;;6;3;11;19;28;48;2019-present;loto_201911.csv
20211074;20211074;;2021-06-21;LUNDI;modern-5-plus-chance;44;21;25;18;47;;;10;1;7;8;31;47;2019-present;loto_201911.csv
20211075;20211075;;2021-06-23;MERCREDI;modern-5-plus-chance;1;16;6;3;40;;;1;4;26;28;44;45;2019-present;loto_201911.csv
20211076;20211076;;2021-06-26;SAMEDI;modern-5-plus-chance;37;24;38;13;45;;;6;9;25;36;37;49;2019-present;loto_201911.csv
20211077;20211077;;2021-06-28;LUNDI;modern-5-plus-chance;4;28;48;8;15;;;1;8;9;29;39;44;2019-present;loto_201911.csv
20211078;20211078;;2021-06-30;MERCREDI;modern-5-plus-chance;8;44;6;48;31;;;9;5;9;17;38;49;2019-present;loto_201911.csv
20211079;20211079;;2021-07-03;SAMEDI;modern-5-plus-chance;33;48;13;2;19;;;2;8;10;21;25;43;2019-present;loto_201911.csv
20211080;20211080;;2021-07-05;LUNDI;modern-5-plus-chance;43;36;3;32;45;;;2;1;6;28;34;46;2019-present;loto_201911.csv
20211081;20211081;;2021-07-07;MERCREDI;modern-5-plus-chance;37;18;8;44;46;;;2;5;18;39;40;44;2019-present;loto_201911.csv
20211082;20211082;;2021-07-10;SAMEDI;modern-5-plus-chance;43;3;38;42;46;;;1;1;23;30;34;49;2019-present;loto_201911.csv
20211083;20211083;;2021-07-12;LUNDI;modern-5-plus-chance;38;31;8;37;30;;;1;1;2;7;8;17;2019-present;loto_201911.csv
20211084;20211084;;2021-07-14;MERCREDI;modern-5-plus-chance;36;18;38;31;29;;;10;3;10;20;36;37;2019-present;loto_201911.csv
20211085;20211085;;2021-07-17;SAMEDI;modern-5-plus-chance;31;8;47;11;17;;;6;6;12;22;32;48;2019-present;loto_201911.csv
20211086;20211086;;2021-07-19;LUNDI;modern-5-plus-chance;3;28;15;4;2;;;5;9;15;21;23;25;2019-present;loto_201911.csv
20211087;20211087;;2021-07-21;MERCREDI;modern-5-plus-chance;27;25;6;37;32;;;9;3;30;44;48;49;2019-present;loto_201911.csv
20211088;20211088;;2021-07-24;SAMEDI;modern-5-plus-chance;24;40;5;31;22;;;9;10;13;25;37;49;2019-present;loto_201911.csv
20211089;20211089;;2021-07-26;LUNDI;modern-5-plus-chance;42;5;34;21;37;;;10;5;24;39;44;45;2019-present;loto_201911.csv
20211090;20211090;;2021-07-28;MERCREDI;modern-5-plus-chance;1;28;3;29;8;;;6;16;17;18;45;48;2019-present;loto_201911.csv
20211091;20211091;;2021-07-31;SAMEDI;modern-5-plus-chance;22;6;46;7;17;;;3;2;30;31;41;42;2019-present;loto_201911.csv
20211092;20211092;;2021-08-02;LUNDI;modern-5-plus-chance;24;44;46;42;7;;;2;14;16;26;27;32;2019-present;loto_201911.csv
20211093;20211093;;2021-08-04;MERCREDI;modern-5-plus-chance;21;36;22;20;44;;;10;7;13;21;42;47;2019-present;loto_201911.csv
20211094;20211094;;2021-08-07;SAMEDI;modern-5-plus-chance;7;24;36;6;47;;;10;13;15;20;26;30;2019-present;loto_201911.csv
20211095;20211095;;2021-08-09;LUNDI;modern-5-plus-chance;37;43;45;28;38;;;3;3;4;14;21;36;2019-present;loto_201911.csv
20211096;20211096;;2021-08-11;MERCREDI;modern-5-plus-chance;43;13;21;5;6;;;4;2;4;23;34;39;2019-present;loto_201911.csv
20211097;20211097;;2021-08-14;SAMEDI;modern-5-plus-chance;4;28;42;49;35;;;7;7;11;22;30;39;2019-present;loto_201911.csv
20211098;20211098;;2021-08-16;LUNDI;modern-5-plus-chance;22;27;13;10;49;;;4;7;9;11;32;44;2019-present;loto_201911.csv
20211099;20211099;;2021-08-18;MERCREDI;modern-5-plus-chance;4;7;12;24;25;;;2;10;34;37;42;49;2019-present;loto_201911.csv
20211100;20211100;;2021-08-21;SAMEDI;modern-5-plus-chance;46;8;2;19;29;;;2;4;9;20;23;38;2019-present;loto_201911.csv
20211101;20211101;;2021-08-23;LUNDI;modern-5-plus-chance;13;22;31;11;21;;;6;1;11;13;20;21;2019-present;loto_201911.csv
20211102;20211102;;2021-08-25;MERCREDI;modern-5-plus-chance;19;9;29;26;3;;;8;24;29;33;45;49;2019-present;loto_201911.csv
20211103;20211103;;2021-08-28;SAMEDI;modern-5-plus-chance;48;43;46;11;8;;;9;3;28;32;38;43;2019-present;loto_201911.csv
20211104;20211104;;2021-08-30;LUNDI;modern-5-plus-chance;32;34;18;44;3;;;9;10;12;15;33;39;2019-present;loto_201911.csv
20211105;20211105;;2021-09-01;MERCREDI;modern-5-plus-chance;49;27;32;24;17;;;7;17;18;23;25;34;2019-present;loto_201911.csv
20211106;20211106;;2021-09-04;SAMEDI;modern-5-plus-chance;41;49;30;45;35;;;3;9;22;25;46;48;2019-present;loto_201911.csv
20211107;20211107;;2021-09-06;LUNDI;modern-5-plus-chance;3;31;36;13;40;;;9;12;19;20;39;44;2019-present;loto_201911.csv
20211108;20211108;;2021-09-08;MERCREDI;modern-5-plus-chance;7;34;27;12;15;;;4;1;4;9;12;42;2019-present;loto_201911.csv
20211109;20211109;;2021-09-11;SAMEDI;modern-5-plus-chance;5;3;49;33;15;;;8;15;25;27;40;49;2019-present;loto_201911.csv
20211110;20211110;;2021-09-13;LUNDI;modern-5-plus-chance;4;30;24;21;40;;;4;7;21;28;36;44;2019-present;loto_201911.csv
20211111;20211111;;2021-09-15;MERCREDI;modern-5-plus-chance;48;22;4;30;27;;;7;5;11;22;28;33;2019-present;loto_201911.csv
20211112;20211112;;2021-09-18;SAMEDI;modern-5-plus-chance;39;38;21;2;9;;;2;15;17;40;45;48;2019-present;loto_201911.csv
20211113;20211113;;2021-09-20;LUNDI;modern-5-plus-chance;12;10;45;15;31;;;5;18;25;28;40;43;2019-present;loto_201911.csv
20211114;20211114;;2021-09-22;MERCREDI;modern-5-plus-chance;5;40;13;14;9;;;1;15;16;32;44;48;2019-present;loto_201911.csv
20211115;20211115;;2021-09-25;SAMEDI;modern-5-plus-chance;20;35;49;18;16;;;1;3;11;13;21;41;2019-present;loto_201911.csv
20211116;20211116;;2021-09-27;LUNDI;modern-5-plus-chance;12;26;31;40;37;;;3;17;23;27;46;49;2019-present;loto_201911.csv
20211117;20211117;;2021-09-29;MERCREDI;modern-5-plus-chance;6;39;28;13;33;;;10;11;22;24;25;38;2019-present;loto_201911.csv
20211118;20211118;;2021-10-02;SAMEDI;modern-5-plus-chance;6;46;35;20;8;;;9;22;34;35;36;43;2019-present;loto_201911.csv
20211119;20211119;;2021-10-04;LUNDI;modern-5-plus-chance;44;15;5;19;7;;;1;7;23;26;34;42;2019-present;loto_201911.csv
20211120;20211120;;2021-10-06;MERCREDI;modern-5-plus-chance;44;34;20;8;41;;;2;1;12;13;44;48;2019-present;loto_201911.csv
20211121;20211121;;2021-10-09;SAMEDI;modern-5-plus-chance;22;29;19;15;34;;;3;9;12;14;28;41;2019-present;loto_201911.csv
20211122;20211122;;2021-10-11;LUNDI;modern-5-plus-chance;26;7;1;9;28;;;3;3;13;39;42;44;2019-present;loto_201911.csv
20211123;20211123;;2021-10-13;MERCREDI;modern-5-plus-chance;21;20;19;43;49;;;10;14;29;35;40;41;2019-present;loto_201911.csv
20211124;20211124;;2021-10-16;SAMEDI;modern-5-plus-chance;23;15;46;5;37;;;10;9;12;24;27;43;2019-present;loto_201911.csv
20211125;20211125;;2021-10-18;LUNDI;modern-5-plus-chance;41;27;36;35;9;;;6;5;6;11;20;29;2019-present;loto_201911.csv
20211126;20211126;;2021-10-20;MERCREDI;modern-5-plus-chance;26;35;16;22;42;;;4;3;13;23;24;47;2019-present;loto_201911.csv
20211127;20211127;;2021-10-23;SAMEDI;modern-5-plus-chance;6;36;35;10;48;;;9;16;27;33;41;47;2019-present;loto_201911.csv
20211128;20211128;;2021-10-25;LUNDI;modern-5-plus-chance;31;48;43;37;3;;;10;8;10;13;33;45;2019-present;loto_201911.csv
20211129;20211129;;2021-10-27;MERCREDI;modern-5-plus-chance;41;16;44;27;15;;;9;19;25;39;44;47;2019-present;loto_201911.csv
20211130;20211130;;2021-10-30;SAMEDI;modern-5-plus-chance;46;11;43;12;30;;;9;1;16;23;41;46;2019-present;loto_201911.csv
20211131;20211131;;2021-11-01;LUNDI;modern-5-plus-chance;47;27;26;43;1;;;6;17;33;34;45;48;2019-present;loto_201911.csv
20211132;20211132;;2021-11-03;MERCREDI;modern-5-plus-chance;7;39;31;38;42;;;10;9;24;27;28;49;2019-present;loto_201911.csv
20211133;20211133;;2021-11-06;SAMEDI;modern-5-plus-chance;19;2;18;22;4;;;3;3;23;24;39;40;2019-present;loto_201911.csv
20211134;20211134;;2021-11-08;LUNDI;modern-5-plus-chance;44;32;11;48;7;;;3;11;13;26;30;43;2019-present;loto_201911.csv
20211135;20211135;;2021-11-10;MERCREDI;modern-5-plus-chance;31;12;9;40;41;;;2;12;19;25;40;42;2019-present;loto_201911.csv
20211136;20211136;;2021-11-13;SAMEDI;modern-5-plus-chance;39;13;12;31;26;;;6;4;5;13;33;38;2019-present;loto_201911.csv
20211137;20211137;;2021-11-15;LUNDI;modern-5-plus-chance;34;7;8;41;42;;;8;1;10;19;21;23;2019-present;loto_201911.csv
20211138;20211138;;2021-11-17;MERCREDI;modern-5-plus-chance;37;40;36;4;43;;;6;9;19;32;36;38;2019-present;loto_201911.csv
20211139;20211139;;2021-11-20;SAMEDI;modern-5-plus-chance;44;9;18;17;42;;;8;10;35;38;39;41;2019-present;loto_201911.csv
20211140;20211140;;2021-11-22;LUNDI;modern-5-plus-chance;19;12;8;41;16;;;5;15;20;30;31;42;2019-present;loto_201911.csv
20211141;20211141;;2021-11-24;MERCREDI;modern-5-plus-chance;14;34;39;24;47;;;8;11;14;42;43;46;2019-present;loto_201911.csv
20211142;20211142;;2021-11-27;SAMEDI;modern-5-plus-chance;25;28;46;12;27;;;4;3;22;30;34;37;2019-present;loto_201911.csv
20211143;20211143;;2021-11-29;LUNDI;modern-5-plus-chance;30;26;35;44;31;;;4;21;32;33;39;48;2019-present;loto_201911.csv
20211144;20211144;;2021-12-01;MERCREDI;modern-5-plus-chance;26;18;3;49;46;;;6;3;15;17;41;49;2019-present;loto_201911.csv
20211145;20211145;;2021-12-04;SAMEDI;modern-5-plus-chance;23;18;34;5;44;;;5;1;7;14;33;39;2019-present;loto_201911.csv
20211146;20211146;;2021-12-06;LUNDI;modern-5-plus-chance;29;16;36;7;15;;;6;3;20;24;29;49;2019-present;loto_201911.csv
20211147;20211147;;2021-12-08;MERCREDI;modern-5-plus-chance;28;26;1;30;16;;;4;8;15;17;27;36;2019-present;loto_201911.csv
20211148;20211148;;2021-12-11;SAMEDI;modern-5-plus-chance;16;45;34;42;26;;;9;2;14;25;26;41;2019-present;loto_201911.csv
20211149;20211149;;2021-12-13;LUNDI;modern-5-plus-chance;23;38;36;18;19;;;1;6;12;15;23;35;2019-present;loto_201911.csv
20211150;20211150;;2021-12-15;MERCREDI;modern-5-plus-chance;34;47;11;37;38;;;8;15;27;30;31;46;2019-present;loto_201911.csv
20211151;20211151;;2021-12-18;SAMEDI;modern-5-plus-chance;10;46;2;31;38;;;8;4;6;30;32;45;2019-present;loto_201911.csv
20211152;20211152;;2021-12-20;LUNDI;modern-5-plus-chance;22;23;12;47;25;;;1;13;20;30;41;45;2019-present;loto_201911.csv
20211153;20211153;;2021-12-22;MERCREDI;modern-5-plus-chance;41;20;46;11;24;;;1;22;33;35;36;43;2019-present;loto_201911.csv
20211154;20211154;;2021-12-25;SAMEDI;modern-5-plus-chance;6;25;48;21;37;;;10;1;8;24;31;32;2019-present;loto_201911.csv
20211155;20211155;;2021-12-27;LUNDI;modern-5-plus-chance;32;20;6;12;14;;;8;4;20;25;27;37;2019-present;loto_201911.csv
20211156;20211156;;2021-12-29;MERCREDI;modern-5-plus-chance;21;18;33;49;48;;;7;7;9;13;31;42;2019-present;loto_201911.csv
20222001;20222001;;2022-01-01;SAMEDI;modern-5-plus-chance;30;36;14;6;39;;;5;15;19;30;38;43;2019-present;loto_201911.csv
20222002;20222002;;2022-01-03;LUNDI;modern-5-plus-chance;33;36;34;38;22;;;5;7;11;34;39;42;2019-present;loto_201911.csv
20222003;20222003;;2022-01-05;MERCREDI;modern-5-plus-chance;17;45;30;32;6;;;4;7;11;29;41;43;2019-present;loto_201911.csv
20222004;20222004;;2022-01-08;SAMEDI;modern-5-plus-chance;22;42;43;17;25;;;10;3;18;37;43;45;2019-present;loto_201911.csv
20222005;20222005;;2022-01-10;LUNDI;modern-5-plus-chance;14;43;34;41;35;;;9;20;21;28;31;33;2019-present;loto_201911.csv
20222006;20222006;;2022-01-12;MERCREDI;modern-5-plus-chance;23;20;1;26;44;;;4;5;16;21;26;43;2019-present;loto_201911.csv
20222007;20222007;;2022-01-15;SAMEDI;modern-5-plus-chance;19;10;30;13;47;;;8;2;8;16;22;44;2019-present;loto_201911.csv
20222008;20222008;;2022-01-17;LUNDI;modern-5-plus-chance;4;27;5;15;22;;;9;8;16;29;33;40;2019-present;loto_201911.csv
20222009;20222009;;2022-01-19;MERCREDI;modern-5-plus-chance;44;27;41;8;43;;;6;11;14;23;32;44;2019-present;loto_201911.csv
20222010;20222010;;2022-01-22;SAMEDI;modern-5-plus-chance;26;3;39;17;30;;;8;6;7;11;23;37;2019-present;loto_201911.csv
20222011;20222011;;2022-01-24;LUNDI;modern-5-plus-chance;15;38;7;4;40;;;2;13;14;24;31;42;2019-present;loto_201911.csv
20222012;20222012;;2022-01-26;MERCREDI;modern-5-plus-chance;14;16;33;38;45;;;10;1;6;25;28;45;2019-present;loto_201911.csv
20222013;20222013;;2022-01-29;SAMEDI;modern-5-plus-chance;42;29;25;46;8;;;9;2;13;14;20;41;2019-present;loto_201911.csv
20222014;20222014;;2022-01-31;LUNDI;modern-5-plus-chance;25;32;31;36;10;;;8;5;32;35;40;44;2019-present;loto_201911.csv
20222015;20222015;;2022-02-02;MERCREDI;modern-5-plus-chance;11;37;49;28;40;;;4;5;15;26;29;44;2019-present;loto_201911.csv
20222016;20222016;;2022-02-05;SAMEDI;modern-5-plus-chance;48;31;24;11;38;;;9;12;19;39;42;48;2019-present;loto_201911.csv
20222017;20222017;;2022-02-07;LUNDI;modern-5-plus-chance;37;15;18;31;46;;;3;4;28;35;36;37;2019-present;loto_201911.csv
20222018;20222018;;2022-02-09;MERCREDI;modern-5-plus-chance;44;48;31;46;21;;;1;8;16;19;22;32;2019-present;loto_201911.csv
20222019;20222019;;2022-02-12;SAMEDI;modern-5-plus-chance;45;22;28;40;37;;;10;17;22;41;46;49;2019-present;loto_201911.csv
20222020;20222020;;2022-02-14;LUNDI;modern-5-plus-chance;26;13;29;15;20;;;5;3;15;45;47;48;2019-present;loto_201911.csv
20222021;20222021;;2022-02-16;MERCREDI;modern-5-plus-chance;22;24;41;21;32;;;2;10;17;19;46;48;2019-present;loto_201911.csv
20222022;20222022;;2022-02-19;SAMEDI;modern-5-plus-chance;32;24;49;39;40;;;1;7;17;20;36;44;2019-present;loto_201911.csv
20222023;20222023;;2022-02-21;LUNDI;modern-5-plus-chance;2;6;10;32;17;;;5;4;7;15;18;42;2019-present;loto_201911.csv
20222024;20222024;;2022-02-23;MERCREDI;modern-5-plus-chance;33;15;6;12;14;;;8;5;26;29;30;34;2019-present;loto_201911.csv
20222025;20222025;;2022-02-26;SAMEDI;modern-5-plus-chance;29;39;28;22;30;;;3;27;29;32;42;46;2019-present;loto_201911.csv
20222026;20222026;;2022-02-28;LUNDI;modern-5-plus-chance;43;9;21;36;27;;;2;3;4;12;32;36;2019-present;loto_201911.csv
20222027;20222027;;2022-03-02;MERCREDI;modern-5-plus-chance;46;4;3;43;22;;;6;3;25;30;35;47;2019-present;loto_201911.csv
20222028;20222028;;2022-03-05;SAMEDI;modern-5-plus-chance;37;26;36;14;1;;;3;13;25;30;33;49;2019-present;loto_201911.csv
20222029;20222029;;2022-03-07;LUNDI;modern-5-plus-chance;8;27;29;15;41;;;4;7;16;27;30;43;2019-present;loto_201911.csv
20222030;20222030;;2022-03-09;MERCREDI;modern-5-plus-chance;32;8;21;41;25;;;4;7;12;20;22;37;2019-present;loto_201911.csv
20222031;20222031;;2022-03-12;SAMEDI;modern-5-plus-chance;16;47;33;21;5;;;5;5;14;16;22;23;2019-present;loto_201911.csv
20222032;20222032;;2022-03-14;LUNDI;modern-5-plus-chance;11;5;32;49;9;;;6;21;22;27;28;29;2019-present;loto_201911.csv
20222033;20222033;;2022-03-16;MERCREDI;modern-5-plus-chance;1;49;12;39;24;;;3;7;24;33;34;36;2019-present;loto_201911.csv
20222034;20222034;;2022-03-19;SAMEDI;modern-5-plus-chance;44;38;33;49;41;;;7;2;8;19;21;30;2019-present;loto_201911.csv
20222035;20222035;;2022-03-21;LUNDI;modern-5-plus-chance;10;26;46;35;5;;;9;14;30;36;39;40;2019-present;loto_201911.csv
20222036;20222036;;2022-03-23;MERCREDI;modern-5-plus-chance;20;2;29;39;18;;;10;21;22;27;29;32;2019-present;loto_201911.csv
20222037;20222037;;2022-03-26;SAMEDI;modern-5-plus-chance;40;10;37;34;12;;;5;20;25;33;42;45;2019-present;loto_201911.csv
20222038;20222038;;2022-03-28;LUNDI;modern-5-plus-chance;16;48;21;5;26;;;10;3;8;24;33;38;2019-present;loto_201911.csv
20222039;20222039;;2022-03-30;MERCREDI;modern-5-plus-chance;12;34;16;26;10;;;7;4;5;17;30;37;2019-present;loto_201911.csv
20222040;20222040;;2022-04-02;SAMEDI;modern-5-plus-chance;15;6;11;28;24;;;10;1;2;19;25;26;2019-present;loto_201911.csv
20222041;20222041;;2022-04-04;LUNDI;modern-5-plus-chance;23;22;33;36;10;;;6;3;18;27;39;44;2019-present;loto_201911.csv
20222042;20222042;;2022-04-06;MERCREDI;modern-5-plus-chance;6;20;48;12;38;;;7;15;24;36;41;49;2019-present;loto_201911.csv
20222043;20222043;;2022-04-09;SAMEDI;modern-5-plus-chance;3;15;13;29;40;;;10;10;18;24;28;38;2019-present;loto_201911.csv
20222044;20222044;;2022-04-11;LUNDI;modern-5-plus-chance;32;3;22;18;17;;;10;8;13;15;29;41;2019-present;loto_201911.csv
20222045;20222045;;2022-04-13;MERCREDI;modern-5-plus-chance;36;29;44;46;35;;;8;2;9;11;12;24;2019-present;loto_201911.csv
20222046;20222046;;2022-04-16;SAMEDI;modern-5-plus-chance;4;41;30;27;21;;;6;1;19;20;44;45;2019-present;loto_201911.csv
20222047;20222047;;2022-04-18;LUNDI;modern-5-plus-chance;10;39;33;9;47;;;5;5;24;27;30;45;2019-present;loto_201911.csv
20222048;20222048;;2022-04-20;MERCREDI;modern-5-plus-chance;45;46;4;13;33;;;7;14;19;39;43;44;2019-present;loto_201911.csv
20222049;20222049;;2022-04-23;SAMEDI;modern-5-plus-chance;44;20;11;9;42;;;4;3;35;39;43;44;2019-present;loto_201911.csv
20222050;20222050;;2022-04-25;LUNDI;modern-5-plus-chance;31;36;42;23;8;;;7;2;22;43;45;47;2019-present;loto_201911.csv
20222051;20222051;;2022-04-27;MERCREDI;modern-5-plus-chance;8;13;1;43;31;;;10;13;18;27;30;40;2019-present;loto_201911.csv
20222052;20222052;;2022-04-30;SAMEDI;modern-5-plus-chance;6;27;5;21;47;;;9;8;13;20;31;35;2019-present;loto_201911.csv
20222053;20222053;;2022-05-02;LUNDI;modern-5-plus-chance;46;20;13;47;8;;;7;2;3;13;23;49;2019-present;loto_201911.csv
20222054;20222054;;2022-05-04;MERCREDI;modern-5-plus-chance;37;30;17;12;41;;;2;10;13;30;31;40;2019-present;loto_201911.csv
20222055;20222055;;2022-05-07;SAMEDI;modern-5-plus-chance;23;37;38;7;15;;;3;12;18;19;24;42;2019-present;loto_201911.csv
20222056;20222056;;2022-05-09;LUNDI;modern-5-plus-chance;6;33;7;9;15;;;2;20;25;29;42;48;2019-present;loto_201911.csv
20222057;20222057;;2022-05-11;MERCREDI;modern-5-plus-chance;23;45;7;2;46;;;10;7;23;27;32;39;2019-present;loto_201911.csv
20222058;20222058;;2022-05-14;SAMEDI;modern-5-plus-chance;4;44;29;32;24;;;4;30;33;46;48;49;2019-present;loto_201911.csv
20222059;20222059;;2022-05-16;LUNDI;modern-5-plus-chance;21;33;4;14;32;;;1;4;13;24;27;29;2019-present;loto_201911.csv
20222060;20222060;;2022-05-18;MERCREDI;modern-5-plus-chance;14;23;22;45;36;;;7;3;6;19;27;45;2019-present;loto_201911.csv
20222061;20222061;;2022-05-21;SAMEDI;modern-5-plus-chance;1;12;41;7;21;;;4;13;29;32;44;45;2019-present;loto_201911.csv
20222062;20222062;;2022-05-23;LUNDI;modern-5-plus-chance;30;26;48;41;47;;;6;5;13;18;43;49;2019-present;loto_201911.csv
20222063;20222063;;2022-05-25;MERCREDI;modern-5-plus-chance;37;30;24;27;45;;;10;8;9;24;31;39;2019-present;loto_201911.csv
20222064;20222064;;2022-05-28;SAMEDI;modern-5-plus-chance;20;27;21;26;7;;;7;1;8;11;36;44;2019-present;loto_201911.csv
20222065;20222065;;2022-05-30;LUNDI;modern-5-plus-chance;22;12;38;13;14;;;2;9;19;29;31;38;2019-present;loto_201911.csv
20222066;20222066;;2022-06-01;MERCREDI;modern-5-plus-chance;33;4;35;22;2;;;7;3;5;6;14;24;2019-present;loto_201911.csv
20222067;20222067;;2022-06-04;SAMEDI;modern-5-plus-chance;9;23;17;42;6;;;5;13;37;42;43;44;2019-present;loto_201911.csv
20222068;20222068;;2022-06-06;LUNDI;modern-5-plus-chance;20;5;22;23;18;;;5;1;4;16;18;49;2019-present;loto_201911.csv
20222069;20222069;;2022-06-08;MERCREDI;modern-5-plus-chance;38;33;39;27;26;;;5;17;30;46;47;49;2019-present;loto_201911.csv
20222070;20222070;;2022-06-11;SAMEDI;modern-5-plus-chance;7;28;4;11;10;;;8;6;12;24;26;36;2019-present;loto_201911.csv
20222071;20222071;;2022-06-13;LUNDI;modern-5-plus-chance;44;45;46;43;31;;;10;7;22;31;37;44;2019-present;loto_201911.csv
20222072;20222072;;2022-06-15;MERCREDI;modern-5-plus-chance;11;37;44;13;21;;;6;1;23;30;32;47;2019-present;loto_201911.csv
20222073;20222073;;2022-06-18;SAMEDI;modern-5-plus-chance;31;1;12;32;28;;;9;9;26;30;31;38;2019-present;loto_201911.csv
20222074;20222074;;2022-06-20;LUNDI;modern-5-plus-chance;27;47;23;48;14;;;3;16;23;37;41;45;2019-present;loto_201911.csv
20222075;20222075;;2022-06-22;MERCREDI;modern-5-plus-chance;17;40;10;27;23;;;2;11;18;22;35;43;2019-present;loto_201911.csv
20222076;20222076;;2022-06-25;SAMEDI;modern-5-plus-chance;2;47;40;31;49;;;9;2;4;19;31;45;2019-present;loto_201911.csv
20222077;20222077;;2022-06-27;LUNDI;modern-5-plus-chance;34;31;36;24;37;;;1;8;13;14;30;46;2019-present;loto_201911.csv
20222078;20222078;;2022-06-29;MERCREDI;modern-5-plus-chance;16;47;43;24;26;;;9;3;10;25;37;44;2019-present;loto_201911.csv
20222079;20222079;;2022-07-02;SAMEDI;modern-5-plus-chance;32;20;22;46;34;;;9;6;14;38;41;42;2019-present;loto_201911.csv
22080;22080;;2022-07-04;LUNDI;modern-5-plus-chance;18;20;4;12;26;;;8;3;13;32;37;44;2019-present;loto_201911.csv
22081;22081;;2022-07-06;MERCREDI;modern-5-plus-chance;43;16;10;25;44;;;4;7;12;15;23;38;2019-present;loto_201911.csv
22082;22082;;2022-07-09;SAMEDI;modern-5-plus-chance;37;24;34;9;8;;;2;4;5;8;33;38;2019-present;loto_201911.csv
22083;22083;;2022-07-11;LUNDI;modern-5-plus-chance;10;5;49;47;1;;;1;10;12;22;25;36;2019-present;loto_201911.csv
22084;22084;;2022-07-13;MERCREDI;modern-5-plus-chance;30;48;7;31;46;;;3;4;9;21;31;33;2019-present;loto_201911.csv
22085;22085;;2022-07-16;SAMEDI;modern-5-plus-chance;3;33;4;49;14;;;3;9;13;19;45;48;2019-present;loto_201911.csv
22086;22086;;2022-07-18;LUNDI;modern-5-plus-chance;18;29;49;37;5;;;8;22;29;30;42;45;2019-present;loto_201911.csv
22087;22087;;2022-07-20;MERCREDI;modern-5-plus-chance;29;21;31;47;17;;;4;24;34;35;46;47;2019-present;loto_201911.csv
22088;22088;;2022-07-23;SAMEDI;modern-5-plus-chance;15;47;39;25;41;;;9;3;23;37;43;44;2019-present;loto_201911.csv
22089;22089;;2022-07-25;LUNDI;modern-5-plus-chance;26;42;13;7;24;;;2;4;5;19;43;48;2019-present;loto_201911.csv
22090;22090;;2022-07-27;MERCREDI;modern-5-plus-chance;13;43;31;47;46;;;10;21;25;28;33;41;2019-present;loto_201911.csv
22091;22091;;2022-07-30;SAMEDI;modern-5-plus-chance;14;21;24;2;38;;;6;5;12;17;22;23;2019-present;loto_201911.csv
22092;22092;;2022-08-01;LUNDI;modern-5-plus-chance;38;1;4;23;30;;;6;15;24;36;45;47;2019-present;loto_201911.csv
22093;22093;;2022-08-03;MERCREDI;modern-5-plus-chance;45;10;5;40;32;;;5;10;14;23;28;31;2019-present;loto_201911.csv
22094;22094;;2022-08-06;SAMEDI;modern-5-plus-chance;37;28;23;38;6;;;1;2;21;29;38;44;2019-present;loto_201911.csv
22095;22095;;2022-08-08;LUNDI;modern-5-plus-chance;41;22;3;37;40;;;2;8;10;16;26;35;2019-present;loto_201911.csv
22096;22096;;2022-08-10;MERCREDI;modern-5-plus-chance;15;35;11;28;9;;;2;11;16;32;40;41;2019-present;loto_201911.csv
22097;22097;;2022-08-13;SAMEDI;modern-5-plus-chance;17;38;37;11;39;;;2;28;34;36;38;41;2019-present;loto_201911.csv
22098;22098;;2022-08-15;LUNDI;modern-5-plus-chance;34;4;48;42;22;;;3;18;19;25;43;47;2019-present;loto_201911.csv
22099;22099;;2022-08-17;MERCREDI;modern-5-plus-chance;16;5;14;29;17;;;3;13;31;34;42;43;2019-present;loto_201911.csv
22100;22100;;2022-08-20;SAMEDI;modern-5-plus-chance;21;38;17;1;46;;;2;3;20;28;44;46;2019-present;loto_201911.csv
22101;22101;;2022-08-22;LUNDI;modern-5-plus-chance;39;46;2;9;44;;;9;1;4;10;21;25;2019-present;loto_201911.csv
22102;22102;;2022-08-24;MERCREDI;modern-5-plus-chance;39;42;36;27;22;;;10;1;4;10;26;33;2019-present;loto_201911.csv
22103;22103;;2022-08-27;SAMEDI;modern-5-plus-chance;32;39;22;11;34;;;3;11;15;32;37;49;2019-present;loto_201911.csv
22104;22104;;2022-08-29;LUNDI;modern-5-plus-chance;5;10;28;34;22;;;4;6;7;12;35;36;2019-present;loto_201911.csv
22105;22105;;2022-08-31;MERCREDI;modern-5-plus-chance;9;39;10;15;45;;;7;8;12;16;24;33;2019-present;loto_201911.csv
22106;22106;;2022-09-03;SAMEDI;modern-5-plus-chance;35;24;44;38;32;;;6;5;6;24;33;44;2019-present;loto_201911.csv
22107;22107;;2022-09-05;LUNDI;modern-5-plus-chance;5;1;35;27;40;;;4;2;8;18;31;44;2019-present;loto_201911.csv
22108;22108;;2022-09-07;MERCREDI;modern-5-plus-chance;20;35;30;3;29;;;9;1;21;24;25;34;2019-present;loto_201911.csv
22109;22109;;2022-09-10;SAMEDI;modern-5-plus-chance;25;3;8;49;24;;;5;3;4;23;32;41;2019-present;loto_201911.csv
22110;22110;;2022-09-12;LUNDI;modern-5-plus-chance;4;49;20;7;21;;;10;1;2;14;23;25;2019-present;loto_201911.csv
22111;22111;;2022-09-14;MERCREDI;modern-5-plus-chance;40;10;38;26;45;;;1;2;12;18;25;36;2019-present;loto_201911.csv
22112;22112;;2022-09-17;SAMEDI;modern-5-plus-chance;12;17;1;20;3;;;3;14;18;19;39;48;2019-present;loto_201911.csv
22113;22113;;2022-09-19;LUNDI;modern-5-plus-chance;5;7;44;15;33;;;1;8;17;22;36;38;2019-present;loto_201911.csv
22114;22114;;2022-09-21;MERCREDI;modern-5-plus-chance;3;12;22;9;37;;;10;5;16;37;39;48;2019-present;loto_201911.csv
22115;22115;;2022-09-24;SAMEDI;modern-5-plus-chance;25;6;32;7;4;;;10;5;14;15;38;43;2019-present;loto_201911.csv
22116;22116;;2022-09-26;LUNDI;modern-5-plus-chance;29;49;35;18;39;;;1;1;7;43;47;48;2019-present;loto_201911.csv
22117;22117;;2022-09-28;MERCREDI;modern-5-plus-chance;12;39;26;14;29;;;10;10;11;26;42;46;2019-present;loto_201911.csv
22118;22118;;2022-10-01;SAMEDI;modern-5-plus-chance;8;7;35;36;26;;;2;20;27;39;45;46;2019-present;loto_201911.csv
22119;22119;;2022-10-03;LUNDI;modern-5-plus-chance;20;40;31;7;23;;;1;6;25;33;41;48;2019-present;loto_201911.csv
22120;22120;;2022-10-05;MERCREDI;modern-5-plus-chance;32;23;39;35;14;;;7;9;20;24;41;42;2019-present;loto_201911.csv
22121;22121;;2022-10-08;SAMEDI;modern-5-plus-chance;17;20;48;16;34;;;7;11;17;24;30;37;2019-present;loto_201911.csv
22122;22122;;2022-10-10;LUNDI;modern-5-plus-chance;19;40;32;13;46;;;7;23;24;26;44;49;2019-present;loto_201911.csv
22123;22123;;2022-10-12;MERCREDI;modern-5-plus-chance;17;44;7;40;39;;;3;6;7;24;35;46;2019-present;loto_201911.csv
22124;22124;;2022-10-15;SAMEDI;modern-5-plus-chance;31;16;27;24;46;;;1;23;33;34;40;49;2019-present;loto_201911.csv
22125;22125;;2022-10-17;LUNDI;modern-5-plus-chance;38;49;20;16;40;;;2;29;35;40;45;49;2019-present;loto_201911.csv
22126;22126;;2022-10-19;MERCREDI;modern-5-plus-chance;35;16;38;46;25;;;8;5;9;21;33;36;2019-present;loto_201911.csv
22127;22127;;2022-10-22;SAMEDI;modern-5-plus-chance;12;2;25;35;7;;;10;19;20;26;34;43;2019-present;loto_201911.csv
22128;22128;;2022-10-24;LUNDI;modern-5-plus-chance;43;28;33;37;29;;;1;1;8;17;24;42;2019-present;loto_201911.csv
22129;22129;;2022-10-26;MERCREDI;modern-5-plus-chance;45;30;4;2;23;;;5;2;10;29;30;31;2019-present;loto_201911.csv
22130;22130;;2022-10-29;SAMEDI;modern-5-plus-chance;33;28;48;44;26;;;4;5;8;13;15;43;2019-present;loto_201911.csv
22131;22131;;2022-10-31;LUNDI;modern-5-plus-chance;34;25;45;44;4;;;7;1;3;17;18;19;2019-present;loto_201911.csv
22132;22132;;2022-11-02;MERCREDI;modern-5-plus-chance;45;7;38;4;26;;;2;11;12;23;24;47;2019-present;loto_201911.csv
22133;22133;;2022-11-05;SAMEDI;modern-5-plus-chance;40;6;38;23;32;;;10;9;13;14;29;35;2019-present;loto_201911.csv
22134;22134;;2022-11-07;LUNDI;modern-5-plus-chance;24;8;9;40;31;;;7;25;26;41;43;49;2019-present;loto_201911.csv
22135;22135;;2022-11-09;MERCREDI;modern-5-plus-chance;15;2;1;41;30;;;9;2;3;7;19;45;2019-present;loto_201911.csv
22136;22136;;2022-11-12;SAMEDI;modern-5-plus-chance;14;44;34;25;4;;;7;1;20;24;33;46;2019-present;loto_201911.csv
22137;22137;;2022-11-14;LUNDI;modern-5-plus-chance;28;23;34;44;14;;;5;20;28;38;41;47;2019-present;loto_201911.csv
22138;22138;;2022-11-16;MERCREDI;modern-5-plus-chance;1;8;48;38;3;;;1;19;30;32;41;45;2019-present;loto_201911.csv
22139;22139;;2022-11-19;SAMEDI;modern-5-plus-chance;40;24;19;1;28;;;8;17;23;28;38;44;2019-present;loto_201911.csv
22140;22140;;2022-11-21;LUNDI;modern-5-plus-chance;45;33;47;15;23;;;7;9;18;35;39;41;2019-present;loto_201911.csv
22141;22141;;2022-11-23;MERCREDI;modern-5-plus-chance;46;36;45;15;19;;;4;1;3;26;31;35;2019-present;loto_201911.csv
22142;22142;;2022-11-26;SAMEDI;modern-5-plus-chance;5;7;28;23;2;;;5;1;26;39;43;49;2019-present;loto_201911.csv
22143;22143;;2022-11-28;LUNDI;modern-5-plus-chance;24;46;9;2;13;;;6;6;21;30;35;47;2019-present;loto_201911.csv
22144;22144;;2022-11-30;MERCREDI;modern-5-plus-chance;44;18;28;49;30;;;5;24;37;44;46;48;2019-present;loto_201911.csv
22145;22145;;2022-12-03;SAMEDI;modern-5-plus-chance;32;19;34;26;27;;;9;16;22;24;26;47;2019-present;loto_201911.csv
22146;22146;;2022-12-05;LUNDI;modern-5-plus-chance;36;45;9;24;17;;;7;1;4;6;12;42;2019-present;loto_201911.csv
22147;22147;;2022-12-07;MERCREDI;modern-5-plus-chance;2;12;38;15;10;;;5;4;7;11;38;44;2019-present;loto_201911.csv
22148;22148;;2022-12-10;SAMEDI;modern-5-plus-chance;6;43;29;13;27;;;2;4;16;26;33;48;2019-present;loto_201911.csv
22149;22149;;2022-12-12;LUNDI;modern-5-plus-chance;46;25;47;2;35;;;10;3;12;13;23;34;2019-present;loto_201911.csv
22150;22150;;2022-12-14;MERCREDI;modern-5-plus-chance;15;37;4;20;6;;;10;17;30;31;37;41;2019-present;loto_201911.csv
22151;22151;;2022-12-17;SAMEDI;modern-5-plus-chance;46;27;42;23;8;;;3;1;11;30;31;49;2019-present;loto_201911.csv
22152;22152;;2022-12-19;LUNDI;modern-5-plus-chance;43;35;6;31;36;;;4;5;10;14;26;30;2019-present;loto_201911.csv
22153;22153;;2022-12-21;MERCREDI;modern-5-plus-chance;11;22;15;12;21;;;7;12;18;41;42;45;2019-present;loto_201911.csv
22154;22154;;2022-12-24;SAMEDI;modern-5-plus-chance;12;41;47;46;6;;;6;24;27;30;36;37;2019-present;loto_201911.csv
22155;22155;;2022-12-26;LUNDI;modern-5-plus-chance;6;23;32;49;48;;;4;14;17;23;41;42;2019-present;loto_201911.csv
22156;22156;;2022-12-28;MERCREDI;modern-5-plus-chance;29;1;3;35;8;;;8;9;13;35;39;41;2019-present;loto_201911.csv
22157;22157;;2022-12-31;SAMEDI;modern-5-plus-chance;35;39;16;11;23;;;8;4;12;20;24;47;2019-present;loto_201911.csv
23001;23001;;2023-01-02;LUNDI;modern-5-plus-chance;49;39;45;41;1;;;5;7;17;22;23;38;2019-present;loto_201911.csv
23002;23002;;2023-01-04;MERCREDI;modern-5-plus-chance;3;5;49;38;25;;;10;7;13;15;24;38;2019-present;loto_201911.csv
23003;23003;;2023-01-07;SAMEDI;modern-5-plus-chance;8;43;7;21;34;;;6;14;17;21;37;41;2019-present;loto_201911.csv
23004;23004;;2023-01-09;LUNDI;modern-5-plus-chance;38;1;48;30;20;;;3;6;14;26;41;44;2019-present;loto_201911.csv
23005;23005;;2023-01-11;MERCREDI;modern-5-plus-chance;8;16;17;3;47;;;9;6;9;11;47;48;2019-present;loto_201911.csv
23006;23006;;2023-01-14;SAMEDI;modern-5-plus-chance;22;36;40;13;14;;;9;13;19;20;26;42;2019-present;loto_201911.csv
23007;23007;;2023-01-16;LUNDI;modern-5-plus-chance;5;31;10;19;28;;;4;18;19;25;42;48;2019-present;loto_201911.csv
23008;23008;;2023-01-18;MERCREDI;modern-5-plus-chance;7;35;48;39;11;;;8;12;18;44;45;48;2019-present;loto_201911.csv
23009;23009;;2023-01-21;SAMEDI;modern-5-plus-chance;41;4;45;18;24;;;6;13;17;22;28;49;2019-present;loto_201911.csv
23010;23010;;2023-01-23;LUNDI;modern-5-plus-chance;28;6;10;35;32;;;9;6;8;19;27;39;2019-present;loto_201911.csv
23011;23011;;2023-01-25;MERCREDI;modern-5-plus-chance;32;26;44;18;21;;;10;9;13;19;33;39;2019-present;loto_201911.csv
23012;23012;;2023-01-28;SAMEDI;modern-5-plus-chance;15;44;5;30;45;;;5;14;16;27;37;40;2019-present;loto_201911.csv
23013;23013;;2023-01-30;LUNDI;modern-5-plus-chance;35;27;8;30;34;;;5;14;23;28;35;42;2019-present;loto_201911.csv
23014;23014;;2023-02-01;MERCREDI;modern-5-plus-chance;12;48;38;35;9;;;5;1;5;13;16;34;2019-present;loto_201911.csv
23015;23015;;2023-02-04;SAMEDI;modern-5-plus-chance;42;26;31;13;16;;;2;11;13;28;36;38;2019-present;loto_201911.csv
23016;23016;;2023-02-06;LUNDI;modern-5-plus-chance;32;13;5;21;6;;;3;4;19;24;40;47;2019-present;loto_201911.csv
23017;23017;;2023-02-08;MERCREDI;modern-5-plus-chance;44;24;16;21;34;;;7;29;30;36;41;45;2019-present;loto_201911.csv
23018;23018;;2023-02-11;SAMEDI;modern-5-plus-chance;43;9;15;47;45;;;9;3;25;28;40;45;2019-present;loto_201911.csv
23019;23019;;2023-02-13;LUNDI;modern-5-plus-chance;20;8;33;27;35;;;2;3;4;5;13;22;2019-present;loto_201911.csv
23020;23020;;2023-02-15;MERCREDI;modern-5-plus-chance;20;24;5;44;28;;;6;1;10;20;24;49;2019-present;loto_201911.csv
23021;23021;;2023-02-18;SAMEDI;modern-5-plus-chance;12;24;1;13;5;;;9;24;27;28;40;42;2019-present;loto_201911.csv
23022;23022;;2023-02-20;LUNDI;modern-5-plus-chance;35;43;41;22;16;;;7;6;13;18;29;34;2019-present;loto_201911.csv
23023;23023;;2023-02-22;MERCREDI;modern-5-plus-chance;37;35;3;24;31;;;4;10;19;20;23;43;2019-present;loto_201911.csv
23024;23024;;2023-02-25;SAMEDI;modern-5-plus-chance;34;19;3;1;43;;;3;19;21;27;32;41;2019-present;loto_201911.csv
23025;23025;;2023-02-27;LUNDI;modern-5-plus-chance;5;37;14;6;2;;;1;4;31;33;36;37;2019-present;loto_201911.csv
23026;23026;;2023-03-01;MERCREDI;modern-5-plus-chance;18;39;45;14;21;;;8;14;22;25;29;33;2019-present;loto_201911.csv
23027;23027;;2023-03-04;SAMEDI;modern-5-plus-chance;42;40;35;25;12;;;6;1;12;15;19;23;2019-present;loto_201911.csv
23028;23028;;2023-03-06;LUNDI;modern-5-plus-chance;24;38;41;18;5;;;7;16;24;29;33;45;2019-present;loto_201911.csv
23029;23029;;2023-03-08;MERCREDI;modern-5-plus-chance;10;7;46;16;35;;;5;4;10;16;19;37;2019-present;loto_201911.csv
23030;23030;;2023-03-11;SAMEDI;modern-5-plus-chance;6;34;14;33;18;;;6;2;9;16;47;49;2019-present;loto_201911.csv
23031;23031;;2023-03-13;LUNDI;modern-5-plus-chance;47;45;35;42;19;;;2;7;30;32;34;35;2019-present;loto_201911.csv
23032;23032;;2023-03-15;MERCREDI;modern-5-plus-chance;37;20;15;5;17;;;2;12;16;21;25;34;2019-present;loto_201911.csv
23033;23033;;2023-03-18;SAMEDI;modern-5-plus-chance;7;31;8;48;32;;;5;6;22;28;32;46;2019-present;loto_201911.csv
23034;23034;;2023-03-20;LUNDI;modern-5-plus-chance;38;19;10;26;7;;;8;7;22;26;35;44;2019-present;loto_201911.csv
23035;23035;;2023-03-22;MERCREDI;modern-5-plus-chance;24;38;33;12;20;;;2;8;10;14;19;44;2019-present;loto_201911.csv
23036;23036;;2023-03-25;SAMEDI;modern-5-plus-chance;3;34;29;7;11;;;4;6;15;25;27;48;2019-present;loto_201911.csv
23037;23037;;2023-03-27;LUNDI;modern-5-plus-chance;1;11;23;41;34;;;9;3;8;13;35;36;2019-present;loto_201911.csv
23038;23038;;2023-03-29;MERCREDI;modern-5-plus-chance;34;1;32;14;11;;;9;5;8;16;26;29;2019-present;loto_201911.csv
23039;23039;;2023-04-01;SAMEDI;modern-5-plus-chance;44;48;17;12;35;;;8;2;13;21;30;44;2019-present;loto_201911.csv
23040;23040;;2023-04-03;LUNDI;modern-5-plus-chance;49;15;39;31;46;;;4;2;4;15;23;29;2019-present;loto_201911.csv
23041;23041;;2023-04-05;MERCREDI;modern-5-plus-chance;31;33;16;29;39;;;2;6;13;23;31;34;2019-present;loto_201911.csv
23042;23042;;2023-04-08;SAMEDI;modern-5-plus-chance;19;35;48;3;42;;;10;5;16;20;32;46;2019-present;loto_201911.csv
23043;23043;;2023-04-10;LUNDI;modern-5-plus-chance;45;24;15;10;49;;;2;26;33;36;39;48;2019-present;loto_201911.csv
23044;23044;;2023-04-12;MERCREDI;modern-5-plus-chance;18;26;10;30;15;;;7;3;4;16;23;31;2019-present;loto_201911.csv
23045;23045;;2023-04-15;SAMEDI;modern-5-plus-chance;32;17;15;19;29;;;10;9;14;16;30;42;2019-present;loto_201911.csv
23046;23046;;2023-04-17;LUNDI;modern-5-plus-chance;3;18;42;13;43;;;9;16;19;24;32;35;2019-present;loto_201911.csv
23047;23047;;2023-04-19;MERCREDI;modern-5-plus-chance;43;41;5;46;34;;;5;2;12;33;34;44;2019-present;loto_201911.csv
23048;23048;;2023-04-22;SAMEDI;modern-5-plus-chance;12;26;48;13;35;;;1;12;17;29;34;49;2019-present;loto_201911.csv
23049;23049;;2023-04-24;LUNDI;modern-5-plus-chance;41;23;25;1;49;;;2;9;11;22;24;29;2019-present;loto_201911.csv
23050;23050;;2023-04-26;MERCREDI;modern-5-plus-chance;3;18;24;11;14;;;10;14;17;24;46;49;2019-present;loto_201911.csv
23051;23051;;2023-04-29;SAMEDI;modern-5-plus-chance;40;48;36;22;3;;;5;2;4;11;19;47;2019-present;loto_201911.csv
23052;23052;;2023-05-01;LUNDI;modern-5-plus-chance;15;41;33;44;5;;;10;7;17;18;30;42;2019-present;loto_201911.csv
23053;23053;;2023-05-03;MERCREDI;modern-5-plus-chance;17;23;13;20;45;;;8;16;29;32;37;44;2019-present;loto_201911.csv
23054;23054;;2023-05-06;SAMEDI;modern-5-plus-chance;47;25;42;2;30;;;10;4;11;13;23;28;2019-present;loto_201911.csv
23055;23055;;2023-05-08;LUNDI;modern-5-plus-chance;43;47;16;39;4;;;5;12;22;25;28;49;2019-present;loto_201911.csv
23056;23056;;2023-05-10;MERCREDI;modern-5-plus-chance;45;12;44;15;9;;;1;11;13;18;25;47;2019-present;loto_201911.csv
23057;23057;;2023-05-13;SAMEDI;modern-5-plus-chance;43;6;25;34;9;;;5;6;7;26;32;44;2019-present;loto_201911.csv
3058;3058;;2023-05-15;LUNDI;modern-5-plus-chance;12;9;48;7;29;;;4;13;24;27;29;38;2019-present;loto_201911.csv
3059;3059;;2023-05-17;MERCREDI;modern-5-plus-chance;8;2;11;47;40;;;7;7;14;16;38;47;2019-present;loto_201911.csv
3060;3060;;2023-05-20;SAMEDI;modern-5-plus-chance;25;18;3;8;37;;;6;19;20;33;35;48;2019-present;loto_201911.csv
3061;3061;;2023-05-22;LUNDI;modern-5-plus-chance;43;33;42;22;37;;;4;3;16;22;44;46;2019-present;loto_201911.csv
3062;3062;;2023-05-24;MERCREDI;modern-5-plus-chance;20;11;36;17;28;;;10;22;31;32;35;36;2019-present;loto_201911.csv
3063;3063;;2023-05-27;SAMEDI;modern-5-plus-chance;25;24;31;34;9;;;9;7;34;37;43;49;2019-present;loto_201911.csv
3064;3064;;2023-05-29;LUNDI;modern-5-plus-chance;12;38;28;24;36;;;3;4;5;24;34;43;2019-present;loto_201911.csv
3065;3065;;2023-05-31;MERCREDI;modern-5-plus-chance;43;9;40;28;13;;;3;5;8;20;27;28;2019-present;loto_201911.csv
3066;3066;;2023-06-03;SAMEDI;modern-5-plus-chance;46;44;37;2;39;;;4;9;18;24;28;48;2019-present;loto_201911.csv
3067;3067;;2023-06-05;LUNDI;modern-5-plus-chance;3;46;25;10;13;;;5;7;11;18;31;44;2019-present;loto_201911.csv
3068;3068;;2023-06-07;MERCREDI;modern-5-plus-chance;41;28;3;4;23;;;8;1;3;6;10;44;2019-present;loto_201911.csv
3069;3069;;2023-06-10;SAMEDI;modern-5-plus-chance;28;16;11;32;49;;;10;14;20;27;35;43;2019-present;loto_201911.csv
3070;3070;;2023-06-12;LUNDI;modern-5-plus-chance;12;26;28;19;21;;;2;6;10;20;42;47;2019-present;loto_201911.csv
3071;3071;;2023-06-14;MERCREDI;modern-5-plus-chance;14;9;16;12;33;;;2;6;10;14;23;31;2019-present;loto_201911.csv
3072;3072;;2023-06-17;SAMEDI;modern-5-plus-chance;28;43;29;38;44;;;3;20;27;37;38;48;2019-present;loto_201911.csv
3073;3073;;2023-06-19;LUNDI;modern-5-plus-chance;39;42;38;29;49;;;3;3;8;18;28;34;2019-present;loto_201911.csv
3074;3074;;2023-06-21;MERCREDI;modern-5-plus-chance;20;35;27;19;12;;;4;8;16;19;20;45;2019-present;loto_201911.csv
3075;3075;;2023-06-24;SAMEDI;modern-5-plus-chance;30;40;3;21;2;;;4;10;34;36;47;48;2019-present;loto_201911.csv
3076;3076;;2023-06-26;LUNDI;modern-5-plus-chance;14;21;48;16;26;;;3;3;12;22;36;48;2019-present;loto_201911.csv
3077;3077;;2023-06-28;MERCREDI;modern-5-plus-chance;49;34;36;12;42;;;10;6;22;28;41;48;2019-present;loto_201911.csv
3078;3078;;2023-07-01;SAMEDI;modern-5-plus-chance;24;7;18;15;9;;;10;8;13;27;36;48;2019-present;loto_201911.csv
23079;23079;;2023-07-03;LUNDI;modern-5-plus-chance;42;23;2;8;35;;;7;4;11;22;27;43;2019-present;loto_201911.csv
23080;23080;;2023-07-05;MERCREDI;modern-5-plus-chance;22;8;19;7;15;;;5;18;21;32;41;47;2019-present;loto_201911.csv
23081;23081;;2023-07-08;SAMEDI;modern-5-plus-chance;6;19;48;32;10;;;5;17;19;33;39;41;2019-present;loto_201911.csv
23082;23082;;2023-07-10;LUNDI;modern-5-plus-chance;14;3;10;44;8;;;2;2;19;28;39;45;2019-present;loto_201911.csv
23083;23083;;2023-07-12;MERCREDI;modern-5-plus-chance;31;18;34;27;26;;;8;19;20;28;30;47;2019-present;loto_201911.csv
23084;23084;;2023-07-15;SAMEDI;modern-5-plus-chance;7;32;42;45;12;;;6;9;10;16;29;41;2019-present;loto_201911.csv
23085;23085;;2023-07-17;LUNDI;modern-5-plus-chance;47;6;20;9;41;;;9;25;26;28;31;45;2019-present;loto_201911.csv
23086;23086;;2023-07-19;MERCREDI;modern-5-plus-chance;35;5;39;19;11;;;9;10;21;36;40;46;2019-present;loto_201911.csv
23087;23087;;2023-07-22;SAMEDI;modern-5-plus-chance;37;33;42;36;31;;;3;1;5;7;25;26;2019-present;loto_201911.csv
23088;23088;;2023-07-24;LUNDI;modern-5-plus-chance;12;1;31;45;17;;;7;22;25;28;44;49;2019-present;loto_201911.csv
23089;23089;;2023-07-26;MERCREDI;modern-5-plus-chance;17;49;18;28;11;;;7;1;14;26;28;49;2019-present;loto_201911.csv
23090;23090;;2023-07-29;SAMEDI;modern-5-plus-chance;1;49;29;18;37;;;4;2;3;9;24;49;2019-present;loto_201911.csv
23091;23091;;2023-07-31;LUNDI;modern-5-plus-chance;1;47;22;33;4;;;1;21;27;33;40;44;2019-present;loto_201911.csv
23092;23092;;2023-08-02;MERCREDI;modern-5-plus-chance;18;12;32;9;23;;;9;4;10;18;20;45;2019-present;loto_201911.csv
23093;23093;;2023-08-05;SAMEDI;modern-5-plus-chance;40;42;2;7;10;;;2;9;11;16;37;42;2019-present;loto_201911.csv
23094;23094;;2023-08-07;LUNDI;modern-5-plus-chance;11;1;15;48;47;;;7;13;16;17;37;45;2019-present;loto_201911.csv
23095;23095;;2023-08-09;MERCREDI;modern-5-plus-chance;6;31;45;14;3;;;9;10;14;27;33;35;2019-present;loto_201911.csv
23096;23096;;2023-08-12;SAMEDI;modern-5-plus-chance;9;20;44;1;39;;;9;7;10;21;29;47;2019-present;loto_201911.csv
23097;23097;;2023-08-14;LUNDI;modern-5-plus-chance;44;13;3;27;49;;;9;16;19;21;32;37;2019-present;loto_201911.csv
23098;23098;;2023-08-16;MERCREDI;modern-5-plus-chance;24;41;19;35;27;;;9;11;20;31;41;42;2019-present;loto_201911.csv
23099;23099;;2023-08-19;SAMEDI;modern-5-plus-chance;27;8;32;11;4;;;10;7;33;34;44;49;2019-present;loto_201911.csv
23100;23100;;2023-08-21;LUNDI;modern-5-plus-chance;3;17;4;36;22;;;6;3;6;12;40;43;2019-present;loto_201911.csv
23101;23101;;2023-08-23;MERCREDI;modern-5-plus-chance;46;29;25;8;34;;;7;3;5;7;22;40;2019-present;loto_201911.csv
23102;23102;;2023-08-26;SAMEDI;modern-5-plus-chance;15;14;21;34;45;;;5;10;13;19;39;43;2019-present;loto_201911.csv
23103;23103;;2023-08-28;LUNDI;modern-5-plus-chance;9;35;23;37;28;;;7;2;8;20;36;38;2019-present;loto_201911.csv
23104;23104;;2023-08-30;MERCREDI;modern-5-plus-chance;46;31;20;45;39;;;10;22;23;24;31;40;2019-present;loto_201911.csv
23105;23105;;2023-09-02;SAMEDI;modern-5-plus-chance;10;33;47;1;7;;;10;2;10;11;33;47;2019-present;loto_201911.csv
23106;23106;;2023-09-04;LUNDI;modern-5-plus-chance;27;13;2;11;36;;;10;1;11;29;30;48;2019-present;loto_201911.csv
23107;23107;;2023-09-06;MERCREDI;modern-5-plus-chance;47;30;15;33;4;;;10;11;24;25;26;30;2019-present;loto_201911.csv
23108;23108;;2023-09-09;SAMEDI;modern-5-plus-chance;15;7;3;42;4;;;4;6;15;24;28;33;2019-present;loto_201911.csv
23109;23109;;2023-09-11;LUNDI;modern-5-plus-chance;31;44;40;13;28;;;6;3;10;16;35;42;2019-present;loto_201911.csv
23110;23110;;2023-09-13;MERCREDI;modern-5-plus-chance;11;27;30;48;49;;;8;14;23;39;44;45;2019-present;loto_201911.csv
23111;23111;;2023-09-16;SAMEDI;modern-5-plus-chance;42;43;32;40;15;;;4;3;8;27;48;49;2019-present;loto_201911.csv
23112;23112;;2023-09-18;LUNDI;modern-5-plus-chance;5;30;40;35;17;;;6;2;19;20;28;38;2019-present;loto_201911.csv
23113;23113;;2023-09-20;MERCREDI;modern-5-plus-chance;48;19;37;16;29;;;1;18;21;28;41;45;2019-present;loto_201911.csv
23114;23114;;2023-09-23;SAMEDI;modern-5-plus-chance;26;28;40;37;6;;;8;2;12;27;41;46;2019-present;loto_201911.csv
23115;23115;;2023-09-25;LUNDI;modern-5-plus-chance;4;13;27;46;21;;;4;2;9;30;34;47;2019-present;loto_201911.csv
23116;23116;;2023-09-27;MERCREDI;modern-5-plus-chance;44;14;30;25;17;;;3;16;17;30;38;45;2019-present;loto_201911.csv
23117;23117;;2023-09-30;SAMEDI;modern-5-plus-chance;33;48;25;23;41;;;1;1;13;16;19;25;2019-present;loto_201911.csv
23118;23118;;2023-10-02;LUNDI;modern-5-plus-chance;6;40;17;15;3;;;1;10;16;20;29;48;2019-present;loto_201911.csv
23119;23119;;2023-10-04;MERCREDI;modern-5-plus-chance;26;21;40;27;31;;;1;3;16;19;22;34;2019-present;loto_201911.csv
23120;23120;;2023-10-07;SAMEDI;modern-5-plus-chance;5;12;42;9;26;;;2;9;11;17;39;40;2019-present;loto_201911.csv
23121;23121;;2023-10-09;LUNDI;modern-5-plus-chance;9;16;32;30;23;;;6;5;7;19;20;25;2019-present;loto_201911.csv
23122;23122;;2023-10-11;MERCREDI;modern-5-plus-chance;10;16;15;6;24;;;8;8;25;36;37;47;2019-present;loto_201911.csv
23123;23123;;2023-10-14;SAMEDI;modern-5-plus-chance;13;14;27;4;20;;;1;15;20;24;35;40;2019-present;loto_201911.csv
23124;23124;;2023-10-16;LUNDI;modern-5-plus-chance;6;7;37;25;47;;;9;8;32;34;36;43;2019-present;loto_201911.csv
23125;23125;;2023-10-18;MERCREDI;modern-5-plus-chance;22;13;46;49;3;;;1;6;16;28;29;33;2019-present;loto_201911.csv
23126;23126;;2023-10-21;SAMEDI;modern-5-plus-chance;47;14;28;3;25;;;10;3;17;19;44;46;2019-present;loto_201911.csv
23127;23127;;2023-10-23;LUNDI;modern-5-plus-chance;10;3;40;26;22;;;4;1;6;7;40;43;2019-present;loto_201911.csv
23128;23128;;2023-10-25;MERCREDI;modern-5-plus-chance;22;12;30;35;33;;;10;13;33;35;40;48;2019-present;loto_201911.csv
23129;23129;;2023-10-28;SAMEDI;modern-5-plus-chance;31;38;22;32;34;;;2;20;25;29;34;46;2019-present;loto_201911.csv
23130;23130;;2023-10-30;LUNDI;modern-5-plus-chance;30;34;8;1;13;;;4;8;15;19;25;44;2019-present;loto_201911.csv
23131;23131;;2023-11-01;MERCREDI;modern-5-plus-chance;32;46;27;1;16;;;1;8;14;24;32;39;2019-present;loto_201911.csv
23132;23132;;2023-11-04;SAMEDI;modern-5-plus-chance;20;13;46;40;25;;;7;13;16;22;29;47;2019-present;loto_201911.csv
23133;23133;;2023-11-06;LUNDI;modern-5-plus-chance;18;10;40;34;31;;;10;2;4;40;45;46;2019-present;loto_201911.csv
23134;23134;;2023-11-08;MERCREDI;modern-5-plus-chance;2;49;1;36;14;;;9;2;18;26;30;33;2019-present;loto_201911.csv
23135;23135;;2023-11-11;SAMEDI;modern-5-plus-chance;17;22;35;25;19;;;6;17;27;32;36;41;2019-present;loto_201911.csv
23136;23136;;2023-11-13;LUNDI;modern-5-plus-chance;46;39;23;45;13;;;7;12;15;32;36;48;2019-present;loto_201911.csv
23137;23137;;2023-11-15;MERCREDI;modern-5-plus-chance;22;7;16;30;2;;;1;16;27;36;38;47;2019-present;loto_201911.csv
23138;23138;;2023-11-18;SAMEDI;modern-5-plus-chance;12;21;48;29;20;;;3;14;33;35;36;48;2019-present;loto_201911.csv
23139;23139;;2023-11-20;LUNDI;modern-5-plus-chance;30;15;34;46;41;;;2;8;28;40;41;47;2019-present;loto_201911.csv
23140;23140;;2023-11-22;MERCREDI;modern-5-plus-chance;18;45;41;4;17;;;2;1;15;19;23;24;2019-present;loto_201911.csv
23141;23141;;2023-11-25;SAMEDI;modern-5-plus-chance;1;9;19;13;11;;;8;7;10;41;42;43;2019-present;loto_201911.csv
23142;23142;;2023-11-27;LUNDI;modern-5-plus-chance;19;8;46;26;9;;;9;6;7;8;26;40;2019-present;loto_201911.csv
23143;23143;;2023-11-29;MERCREDI;modern-5-plus-chance;21;30;6;31;10;;;1;2;6;7;28;34;2019-present;loto_201911.csv
23144;23144;;2023-12-02;SAMEDI;modern-5-plus-chance;25;19;12;11;28;;;4;2;11;15;20;29;2019-present;loto_201911.csv
23145;23145;;2023-12-04;LUNDI;modern-5-plus-chance;41;44;38;8;10;;;2;8;29;37;46;48;2019-present;loto_201911.csv
23146;23146;;2023-12-06;MERCREDI;modern-5-plus-chance;29;1;43;37;27;;;7;22;28;33;40;43;2019-present;loto_201911.csv
23147;23147;;2023-12-09;SAMEDI;modern-5-plus-chance;40;34;36;28;15;;;10;11;13;15;20;36;2019-present;loto_201911.csv
23148;23148;;2023-12-11;LUNDI;modern-5-plus-chance;25;48;16;12;49;;;10;13;15;21;23;47;2019-present;loto_201911.csv
23149;23149;;2023-12-13;MERCREDI;modern-5-plus-chance;4;19;22;18;7;;;10;5;8;26;40;48;2019-present;loto_201911.csv
23150;23150;;2023-12-16;SAMEDI;modern-5-plus-chance;1;15;12;30;44;;;1;5;16;17;37;42;2019-present;loto_201911.csv
23151;23151;;2023-12-18;LUNDI;modern-5-plus-chance;30;3;15;41;16;;;9;2;17;31;35;39;2019-present;loto_201911.csv
23152;23152;;2023-12-20;MERCREDI;modern-5-plus-chance;2;3;29;30;31;;;10;2;9;26;45;47;2019-present;loto_201911.csv
23153;23153;;2023-12-23;SAMEDI;modern-5-plus-chance;39;28;26;5;29;;;10;9;23;30;33;37;2019-present;loto_201911.csv
23154;23154;;2023-12-25;LUNDI;modern-5-plus-chance;9;32;7;47;1;;;1;1;17;25;31;32;2019-present;loto_201911.csv
23155;23155;;2023-12-27;MERCREDI;modern-5-plus-chance;16;41;26;28;13;;;8;1;26;35;39;43;2019-present;loto_201911.csv
23156;23156;;2023-12-30;SAMEDI;modern-5-plus-chance;36;12;7;11;38;;;6;6;17;24;28;31;2019-present;loto_201911.csv
24001;24001;;2024-01-01;LUNDI;modern-5-plus-chance;4;41;16;13;6;;;10;1;33;34;35;47;2019-present;loto_201911.csv
24002;24002;;2024-01-03;MERCREDI;modern-5-plus-chance;36;1;45;9;14;;;3;18;22;34;36;42;2019-present;loto_201911.csv
24003;24003;;2024-01-06;SAMEDI;modern-5-plus-chance;49;19;22;40;45;;;2;5;20;30;33;41;2019-present;loto_201911.csv
24004;24004;;2024-01-08;LUNDI;modern-5-plus-chance;6;48;11;49;46;;;2;11;15;19;24;32;2019-present;loto_201911.csv
24005;24005;;2024-01-10;MERCREDI;modern-5-plus-chance;12;28;32;45;38;;;9;9;32;43;44;46;2019-present;loto_201911.csv
24006;24006;;2024-01-13;SAMEDI;modern-5-plus-chance;12;15;21;29;48;;;6;7;27;29;42;43;2019-present;loto_201911.csv
24007;24007;;2024-01-15;LUNDI;modern-5-plus-chance;11;7;15;23;19;;;4;2;3;16;24;44;2019-present;loto_201911.csv
24008;24008;;2024-01-17;MERCREDI;modern-5-plus-chance;29;8;37;22;39;;;10;13;23;33;37;42;2019-present;loto_201911.csv
24009;24009;;2024-01-20;SAMEDI;modern-5-plus-chance;19;41;42;43;45;;;2;11;23;24;25;32;2019-present;loto_201911.csv
24010;24010;;2024-01-22;LUNDI;modern-5-plus-chance;32;29;37;20;5;;;9;2;9;10;21;31;2019-present;loto_201911.csv
24011;24011;;2024-01-24;MERCREDI;modern-5-plus-chance;25;9;34;31;32;;;5;19;23;25;46;47;2019-present;loto_201911.csv
24012;24012;;2024-01-27;SAMEDI;modern-5-plus-chance;47;2;14;33;30;;;5;11;24;29;30;33;2019-present;loto_201911.csv
24013;24013;;2024-01-29;LUNDI;modern-5-plus-chance;27;26;8;9;15;;;4;5;7;24;28;49;2019-present;loto_201911.csv
24014;24014;;2024-01-31;MERCREDI;modern-5-plus-chance;34;2;13;15;31;;;8;8;10;29;30;32;2019-present;loto_201911.csv
24015;24015;;2024-02-03;SAMEDI;modern-5-plus-chance;42;4;23;15;12;;;1;9;11;24;30;33;2019-present;loto_201911.csv
24016;24016;;2024-02-05;LUNDI;modern-5-plus-chance;36;3;33;34;42;;;2;6;15;19;37;47;2019-present;loto_201911.csv
24017;24017;;2024-02-07;MERCREDI;modern-5-plus-chance;24;13;23;6;34;;;4;12;20;23;29;46;2019-present;loto_201911.csv
24018;24018;;2024-02-10;SAMEDI;modern-5-plus-chance;44;15;37;34;40;;;8;12;19;37;38;46;2019-present;loto_201911.csv
24019;24019;;2024-02-12;LUNDI;modern-5-plus-chance;36;40;5;30;43;;;1;9;11;35;45;46;2019-present;loto_201911.csv
24020;24020;;2024-02-14;MERCREDI;modern-5-plus-chance;28;15;3;46;36;;;2;18;32;36;47;48;2019-present;loto_201911.csv
24021;24021;;2024-02-17;SAMEDI;modern-5-plus-chance;2;19;13;23;36;;;3;1;5;19;27;46;2019-present;loto_201911.csv
24022;24022;;2024-02-19;LUNDI;modern-5-plus-chance;35;23;16;42;8;;;2;7;15;16;34;39;2019-present;loto_201911.csv
24023;24023;;2024-02-21;MERCREDI;modern-5-plus-chance;42;22;9;33;45;;;3;8;18;27;30;34;2019-present;loto_201911.csv
24024;24024;;2024-02-24;SAMEDI;modern-5-plus-chance;14;45;37;22;25;;;3;1;7;12;42;45;2019-present;loto_201911.csv
24025;24025;;2024-02-26;LUNDI;modern-5-plus-chance;7;45;30;8;20;;;10;7;13;16;25;31;2019-present;loto_201911.csv
24026;24026;;2024-02-28;MERCREDI;modern-5-plus-chance;2;38;46;27;43;;;3;8;24;29;33;39;2019-present;loto_201911.csv
24027;24027;;2024-03-02;SAMEDI;modern-5-plus-chance;20;13;27;26;17;;;4;7;11;13;32;38;2019-present;loto_201911.csv
24028;24028;;2024-03-04;LUNDI;modern-5-plus-chance;25;8;18;27;37;;;8;9;11;22;26;46;2019-present;loto_201911.csv
24029;24029;;2024-03-06;MERCREDI;modern-5-plus-chance;12;8;43;46;49;;;8;3;35;37;43;47;2019-present;loto_201911.csv
24030;24030;;2024-03-09;SAMEDI;modern-5-plus-chance;29;28;25;7;35;;;2;17;27;38;48;49;2019-present;loto_201911.csv
24031;24031;;2024-03-11;LUNDI;modern-5-plus-chance;18;48;36;16;45;;;10;5;7;8;16;37;2019-present;loto_201911.csv
24032;24032;;2024-03-13;MERCREDI;modern-5-plus-chance;5;29;4;10;13;;;1;5;15;20;35;44;2019-present;loto_201911.csv
24033;24033;;2024-03-16;SAMEDI;modern-5-plus-chance;12;10;37;25;49;;;2;5;15;18;34;45;2019-present;loto_201911.csv
24034;24034;;2024-03-18;LUNDI;modern-5-plus-chance;36;48;30;20;40;;;8;13;15;31;35;46;2019-present;loto_201911.csv
24035;24035;;2024-03-20;MERCREDI;modern-5-plus-chance;24;46;3;22;32;;;5;4;12;21;37;41;2019-present;loto_201911.csv
24036;24036;;2024-03-23;SAMEDI;modern-5-plus-chance;47;49;20;34;32;;;1;2;16;17;26;28;2019-present;loto_201911.csv
24037;24037;;2024-03-25;LUNDI;modern-5-plus-chance;37;1;22;26;31;;;5;5;24;31;37;39;2019-present;loto_201911.csv
24038;24038;;2024-03-27;MERCREDI;modern-5-plus-chance;28;45;2;15;23;;;7;5;6;11;20;48;2019-present;loto_201911.csv
24039;24039;;2024-03-30;SAMEDI;modern-5-plus-chance;40;41;28;8;42;;;2;12;21;29;31;44;2019-present;loto_201911.csv
24040;24040;;2024-04-01;LUNDI;modern-5-plus-chance;9;17;15;12;26;;;8;2;16;30;36;46;2019-present;loto_201911.csv
24041;24041;;2024-04-03;MERCREDI;modern-5-plus-chance;26;46;5;12;36;;;4;2;11;28;33;45;2019-present;loto_201911.csv
24042;24042;;2024-04-06;SAMEDI;modern-5-plus-chance;27;2;36;43;6;;;5;1;10;12;17;23;2019-present;loto_201911.csv
24043;24043;;2024-04-08;LUNDI;modern-5-plus-chance;2;22;46;21;49;;;9;2;9;12;44;46;2019-present;loto_201911.csv
24044;24044;;2024-04-10;MERCREDI;modern-5-plus-chance;18;1;33;9;39;;;2;4;30;31;32;46;2019-present;loto_201911.csv
24045;24045;;2024-04-13;SAMEDI;modern-5-plus-chance;45;7;29;19;38;;;8;5;9;25;32;47;2019-present;loto_201911.csv
24046;24046;;2024-04-15;LUNDI;modern-5-plus-chance;24;2;21;36;31;;;6;6;7;36;37;40;2019-present;loto_201911.csv
24047;24047;;2024-04-17;MERCREDI;modern-5-plus-chance;48;6;8;17;24;;;10;4;13;19;24;34;2019-present;loto_201911.csv
24048;24048;;2024-04-20;SAMEDI;modern-5-plus-chance;13;10;22;24;16;;;7;5;15;17;33;44;2019-present;loto_201911.csv
24049;24049;;2024-04-22;LUNDI;modern-5-plus-chance;48;20;39;8;47;;;1;2;13;16;21;49;2019-present;loto_201911.csv
24050;24050;;2024-04-24;MERCREDI;modern-5-plus-chance;38;25;40;41;39;;;7;1;16;17;25;45;2019-present;loto_201911.csv
24051;24051;;2024-04-27;SAMEDI;modern-5-plus-chance;18;34;27;14;44;;;6;1;6;7;26;46;2019-present;loto_201911.csv
24052;24052;;2024-04-29;LUNDI;modern-5-plus-chance;49;47;20;3;30;;;7;2;25;31;32;41;2019-present;loto_201911.csv
24053;24053;;2024-05-01;MERCREDI;modern-5-plus-chance;17;42;25;5;15;;;7;22;29;34;38;47;2019-present;loto_201911.csv
24054;24054;;2024-05-04;SAMEDI;modern-5-plus-chance;2;16;19;12;6;;;3;1;26;31;32;39;2019-present;loto_201911.csv
24055;24055;;2024-05-06;LUNDI;modern-5-plus-chance;1;4;35;39;21;;;5;3;6;18;41;45;2019-present;loto_201911.csv
24056;24056;;2024-05-08;MERCREDI;modern-5-plus-chance;7;34;6;3;36;;;7;6;25;36;38;48;2019-present;loto_201911.csv
24057;24057;;2024-05-11;SAMEDI;modern-5-plus-chance;6;39;24;13;43;;;8;4;8;9;16;36;2019-present;loto_201911.csv
24058;24058;;2024-05-13;LUNDI;modern-5-plus-chance;26;13;25;12;18;;;4;15;21;31;32;47;2019-present;loto_201911.csv
24059;24059;;2024-05-15;MERCREDI;modern-5-plus-chance;21;16;9;20;15;;;1;1;18;40;41;46;2019-present;loto_201911.csv
24060;24060;;2024-05-18;SAMEDI;modern-5-plus-chance;14;34;37;15;45;;;2;15;19;22;29;47;2019-present;loto_201911.csv
24061;24061;;2024-05-20;LUNDI;modern-5-plus-chance;12;32;36;6;29;;;8;3;4;21;32;35;2019-present;loto_201911.csv
24062;24062;;2024-05-22;MERCREDI;modern-5-plus-chance;46;23;21;32;20;;;10;3;18;21;36;46;2019-present;loto_201911.csv
24063;24063;;2024-05-25;SAMEDI;modern-5-plus-chance;19;26;42;18;20;;;1;16;19;27;37;39;2019-present;loto_201911.csv
24064;24064;;2024-05-27;LUNDI;modern-5-plus-chance;41;19;32;42;47;;;1;2;15;16;17;39;2019-present;loto_201911.csv
24065;24065;;2024-05-29;MERCREDI;modern-5-plus-chance;10;19;28;38;37;;;7;9;13;26;31;40;2019-present;loto_201911.csv
24066;24066;;2024-06-01;SAMEDI;modern-5-plus-chance;27;2;48;43;3;;;8;4;6;11;20;38;2019-present;loto_201911.csv
24067;24067;;2024-06-03;LUNDI;modern-5-plus-chance;9;15;39;49;48;;;7;6;11;13;15;17;2019-present;loto_201911.csv
24068;24068;;2024-06-05;MERCREDI;modern-5-plus-chance;4;6;35;47;7;;;1;5;22;25;36;40;2019-present;loto_201911.csv
24069;24069;;2024-06-08;SAMEDI;modern-5-plus-chance;35;39;18;43;31;;;7;1;19;35;44;47;2019-present;loto_201911.csv
24070;24070;;2024-06-10;LUNDI;modern-5-plus-chance;47;5;34;28;39;;;8;1;4;5;9;10;2019-present;loto_201911.csv
24071;24071;;2024-06-12;MERCREDI;modern-5-plus-chance;28;3;6;33;13;;;4;3;29;30;32;40;2019-present;loto_201911.csv
24072;24072;;2024-06-15;SAMEDI;modern-5-plus-chance;8;16;42;30;40;;;2;5;9;20;29;42;2019-present;loto_201911.csv
24073;24073;;2024-06-17;LUNDI;modern-5-plus-chance;28;6;11;46;25;;;2;6;8;31;36;42;2019-present;loto_201911.csv
24074;24074;;2024-06-19;MERCREDI;modern-5-plus-chance;35;11;18;46;30;;;2;17;19;27;28;29;2019-present;loto_201911.csv
24075;24075;;2024-06-22;SAMEDI;modern-5-plus-chance;10;34;25;38;29;;;3;9;11;14;24;43;2019-present;loto_201911.csv
24076;24076;;2024-06-24;LUNDI;modern-5-plus-chance;48;47;6;45;1;;;6;26;30;35;41;46;2019-present;loto_201911.csv
24077;24077;;2024-06-26;MERCREDI;modern-5-plus-chance;21;10;38;41;25;;;8;18;20;23;46;49;2019-present;loto_201911.csv
24078;24078;;2024-06-29;SAMEDI;modern-5-plus-chance;17;24;30;43;1;;;7;6;13;18;37;48;2019-present;loto_201911.csv
24079;24079;;2024-07-01;LUNDI;modern-5-plus-chance;22;7;28;6;3;;;7;15;27;32;40;42;2019-present;loto_201911.csv
24080;24080;;2024-07-03;MERCREDI;modern-5-plus-chance;4;1;24;21;42;;;3;3;17;20;25;46;2019-present;loto_201911.csv
24081;24081;;2024-07-06;SAMEDI;modern-5-plus-chance;46;13;47;18;34;;;5;16;19;25;26;28;2019-present;loto_201911.csv
24082;24082;;2024-07-08;LUNDI;modern-5-plus-chance;7;42;31;8;24;;;6;3;16;20;42;43;2019-present;loto_201911.csv
24083;24083;;2024-07-10;MERCREDI;modern-5-plus-chance;16;3;5;39;11;;;9;9;12;19;40;49;2019-present;loto_201911.csv
24084;24084;;2024-07-13;SAMEDI;modern-5-plus-chance;21;5;6;24;42;;;8;11;14;16;33;39;2019-present;loto_201911.csv
24085;24085;;2024-07-15;LUNDI;modern-5-plus-chance;4;10;30;38;24;;;10;11;12;29;39;46;2019-present;loto_201911.csv
24086;24086;;2024-07-17;MERCREDI;modern-5-plus-chance;35;40;17;6;47;;;4;10;12;28;41;48;2019-present;loto_201911.csv
24087;24087;;2024-07-20;SAMEDI;modern-5-plus-chance;5;30;16;47;15;;;7;1;3;6;31;43;2019-present;loto_201911.csv
24088;24088;;2024-07-22;LUNDI;modern-5-plus-chance;49;35;25;27;42;;;9;2;10;32;33;38;2019-present;loto_201911.csv
24089;24089;;2024-07-24;MERCREDI;modern-5-plus-chance;40;11;18;8;47;;;2;13;15;19;43;45;2019-present;loto_201911.csv
24090;24090;;2024-07-27;SAMEDI;modern-5-plus-chance;21;8;28;42;47;;;4;3;26;38;45;48;2019-present;loto_201911.csv
24091;24091;;2024-07-29;LUNDI;modern-5-plus-chance;20;22;32;34;31;;;7;8;10;25;29;39;2019-present;loto_201911.csv
24092;24092;;2024-07-31;MERCREDI;modern-5-plus-chance;25;3;45;47;49;;;7;12;21;41;43;49;2019-present;loto_201911.csv
24093;24093;;2024-08-03;SAMEDI;modern-5-plus-chance;47;4;2;14;34;;;2;16;18;22;24;39;2019-present;loto_201911.csv
24094;24094;;2024-08-05;LUNDI;modern-5-plus-chance;24;21;7;31;27;;;3;3;35;37;41;45;2019-present;loto_201911.csv
24095;24095;;2024-08-07;MERCREDI;modern-5-plus-chance;27;47;24;39;46;;;9;26;27;40;41;42;2019-present;loto_201911.csv
24096;24096;;2024-08-10;SAMEDI;modern-5-plus-chance;36;31;37;28;17;;;10;13;15;23;36;46;2019-present;loto_201911.csv
24097;24097;;2024-08-12;LUNDI;modern-5-plus-chance;16;18;45;38;31;;;8;17;21;27;40;41;2019-present;loto_201911.csv
24098;24098;;2024-08-14;MERCREDI;modern-5-plus-chance;25;17;46;28;23;;;5;2;25;32;40;42;2019-present;loto_201911.csv
24099;24099;;2024-08-17;SAMEDI;modern-5-plus-chance;3;4;22;48;49;;;1;14;22;27;47;49;2019-present;loto_201911.csv
24100;24100;;2024-08-19;LUNDI;modern-5-plus-chance;10;18;20;19;28;;;5;5;10;21;22;41;2019-present;loto_201911.csv
24101;24101;;2024-08-21;MERCREDI;modern-5-plus-chance;3;20;15;31;19;;;7;1;7;10;15;38;2019-present;loto_201911.csv
24102;24102;;2024-08-24;SAMEDI;modern-5-plus-chance;13;29;30;20;36;;;5;1;7;8;11;40;2019-present;loto_201911.csv
24103;24103;;2024-08-26;LUNDI;modern-5-plus-chance;6;28;3;12;24;;;2;3;25;27;32;40;2019-present;loto_201911.csv
24104;24104;;2024-08-28;MERCREDI;modern-5-plus-chance;42;30;11;33;37;;;3;8;23;28;37;49;2019-present;loto_201911.csv
24105;24105;;2024-08-31;SAMEDI;modern-5-plus-chance;43;18;28;40;14;;;1;3;6;9;25;37;2019-present;loto_201911.csv
24106;24106;;2024-09-02;LUNDI;modern-5-plus-chance;27;12;26;6;5;;;6;8;16;41;42;45;2019-present;loto_201911.csv
24107;24107;;2024-09-04;MERCREDI;modern-5-plus-chance;4;2;26;22;40;;;8;6;11;22;42;49;2019-present;loto_201911.csv
24108;24108;;2024-09-07;SAMEDI;modern-5-plus-chance;48;43;31;9;15;;;9;4;7;19;35;44;2019-present;loto_201911.csv
24109;24109;;2024-09-09;LUNDI;modern-5-plus-chance;18;8;41;17;3;;;3;3;28;33;35;43;2019-present;loto_201911.csv
24110;24110;;2024-09-11;MERCREDI;modern-5-plus-chance;28;30;10;39;24;;;5;4;24;40;43;46;2019-present;loto_201911.csv
24111;24111;;2024-09-14;SAMEDI;modern-5-plus-chance;15;32;11;49;6;;;4;11;21;25;35;41;2019-present;loto_201911.csv
24112;24112;;2024-09-16;LUNDI;modern-5-plus-chance;27;31;48;30;17;;;8;9;21;26;40;41;2019-present;loto_201911.csv
24113;24113;;2024-09-18;MERCREDI;modern-5-plus-chance;2;44;42;47;23;;;5;1;11;21;22;27;2019-present;loto_201911.csv
24114;24114;;2024-09-21;SAMEDI;modern-5-plus-chance;32;30;4;2;19;;;9;10;15;17;26;39;2019-present;loto_201911.csv
24115;24115;;2024-09-23;LUNDI;modern-5-plus-chance;9;40;28;27;7;;;6;3;9;21;25;40;2019-present;loto_201911.csv
24116;24116;;2024-09-25;MERCREDI;modern-5-plus-chance;5;25;10;6;1;;;9;3;6;7;21;46;2019-present;loto_201911.csv
24117;24117;;2024-09-28;SAMEDI;modern-5-plus-chance;47;39;4;42;45;;;1;4;19;39;40;48;2019-present;loto_201911.csv
24118;24118;;2024-09-30;LUNDI;modern-5-plus-chance;1;33;49;24;17;;;9;3;9;18;24;38;2019-present;loto_201911.csv
24119;24119;;2024-10-02;MERCREDI;modern-5-plus-chance;2;10;4;49;12;;;9;1;3;8;36;44;2019-present;loto_201911.csv
24120;24120;;2024-10-05;SAMEDI;modern-5-plus-chance;30;16;7;13;43;;;6;2;11;34;39;48;2019-present;loto_201911.csv
24121;24121;;2024-10-07;LUNDI;modern-5-plus-chance;49;26;5;7;1;;;8;9;18;22;37;49;2019-present;loto_201911.csv
24122;24122;;2024-10-09;MERCREDI;modern-5-plus-chance;5;26;22;31;33;;;7;16;17;22;30;45;2019-present;loto_201911.csv
24123;24123;;2024-10-12;SAMEDI;modern-5-plus-chance;35;33;43;6;37;;;6;1;8;31;32;42;2019-present;loto_201911.csv
24124;24124;;2024-10-14;LUNDI;modern-5-plus-chance;42;18;47;41;20;;;2;3;36;40;44;48;2019-present;loto_201911.csv
24125;24125;;2024-10-16;MERCREDI;modern-5-plus-chance;1;25;48;21;35;;;3;7;18;35;37;42;2019-present;loto_201911.csv
24126;24126;;2024-10-19;SAMEDI;modern-5-plus-chance;10;2;44;46;45;;;5;3;19;24;30;33;2019-present;loto_201911.csv
24127;24127;;2024-10-21;LUNDI;modern-5-plus-chance;7;34;19;15;11;;;7;4;5;21;28;34;2019-present;loto_201911.csv
24128;24128;;2024-10-23;MERCREDI;modern-5-plus-chance;27;1;34;44;40;;;2;17;24;27;35;45;2019-present;loto_201911.csv
24129;24129;;2024-10-26;SAMEDI;modern-5-plus-chance;9;17;30;20;11;;;8;3;6;8;30;35;2019-present;loto_201911.csv
24130;24130;;2024-10-28;LUNDI;modern-5-plus-chance;21;39;43;9;41;;;3;16;20;26;34;40;2019-present;loto_201911.csv
24131;24131;;2024-10-30;MERCREDI;modern-5-plus-chance;4;44;10;29;8;;;1;7;21;23;29;35;2019-present;loto_201911.csv
24132;24132;;2024-11-02;SAMEDI;modern-5-plus-chance;31;49;43;21;1;;;6;14;15;24;32;33;2019-present;loto_201911.csv
24133;24133;;2024-11-04;LUNDI;modern-5-plus-chance;17;15;16;39;35;;;2;14;21;30;32;45;2019-present;loto_201911.csv
24134;24134;;2024-11-06;MERCREDI;modern-5-plus-chance;26;8;23;15;6;;;5;5;21;30;46;47;2019-present;loto_201911.csv
24135;24135;;2024-11-09;SAMEDI;modern-5-plus-chance;36;12;35;23;26;;;8;5;23;31;33;34;2019-present;loto_201911.csv
24136;24136;;2024-11-11;LUNDI;modern-5-plus-chance;8;35;46;6;11;;;6;1;7;18;27;31;2019-present;loto_201911.csv
24137;24137;;2024-11-13;MERCREDI;modern-5-plus-chance;9;12;32;39;13;;;10;7;30;37;38;48;2019-present;loto_201911.csv
24138;24138;;2024-11-16;SAMEDI;modern-5-plus-chance;46;5;29;7;19;;;4;18;20;26;27;43;2019-present;loto_201911.csv
24139;24139;;2024-11-18;LUNDI;modern-5-plus-chance;17;12;3;8;6;;;9;11;18;30;31;32;2019-present;loto_201911.csv
24140;24140;;2024-11-20;MERCREDI;modern-5-plus-chance;35;37;45;48;27;;;5;4;9;15;27;42;2019-present;loto_201911.csv
24141;24141;;2024-11-23;SAMEDI;modern-5-plus-chance;37;33;36;34;20;;;2;20;25;27;39;46;2019-present;loto_201911.csv
24142;24142;;2024-11-25;LUNDI;modern-5-plus-chance;13;7;37;49;3;;;5;1;2;14;30;42;2019-present;loto_201911.csv
24143;24143;;2024-11-27;MERCREDI;modern-5-plus-chance;15;7;31;35;20;;;6;9;23;31;33;38;2019-present;loto_201911.csv
24144;24144;;2024-11-30;SAMEDI;modern-5-plus-chance;21;4;10;38;19;;;1;1;22;35;38;41;2019-present;loto_201911.csv
24145;24145;;2024-12-02;LUNDI;modern-5-plus-chance;48;16;22;41;4;;;10;2;18;21;22;43;2019-present;loto_201911.csv
24146;24146;;2024-12-04;MERCREDI;modern-5-plus-chance;40;21;7;34;3;;;1;3;5;15;38;40;2019-present;loto_201911.csv
24147;24147;;2024-12-07;SAMEDI;modern-5-plus-chance;9;21;24;30;28;;;9;2;14;32;35;41;2019-present;loto_201911.csv
24148;24148;;2024-12-09;LUNDI;modern-5-plus-chance;38;5;9;25;6;;;6;7;16;34;35;40;2019-present;loto_201911.csv
24149;24149;;2024-12-11;MERCREDI;modern-5-plus-chance;28;24;8;43;19;;;6;18;19;29;31;39;2019-present;loto_201911.csv
24150;24150;;2024-12-14;SAMEDI;modern-5-plus-chance;30;22;44;40;24;;;7;9;18;22;39;41;2019-present;loto_201911.csv
24151;24151;;2024-12-16;LUNDI;modern-5-plus-chance;43;5;26;36;6;;;3;2;27;28;41;43;2019-present;loto_201911.csv
24152;24152;;2024-12-18;MERCREDI;modern-5-plus-chance;8;27;26;46;14;;;2;9;26;31;33;40;2019-present;loto_201911.csv
24153;24153;;2024-12-21;SAMEDI;modern-5-plus-chance;41;16;6;28;36;;;8;6;16;17;42;47;2019-present;loto_201911.csv
24154;24154;;2024-12-23;LUNDI;modern-5-plus-chance;22;17;38;2;13;;;7;8;10;15;24;35;2019-present;loto_201911.csv
24155;24155;;2024-12-25;MERCREDI;modern-5-plus-chance;46;6;22;44;13;;;8;10;13;25;32;34;2019-present;loto_201911.csv
24156;24156;;2024-12-28;SAMEDI;modern-5-plus-chance;31;7;37;39;13;;;6;8;15;20;23;27;2019-present;loto_201911.csv
24157;24157;;2024-12-30;LUNDI;modern-5-plus-chance;13;31;29;1;21;;;10;3;7;34;37;39;2019-present;loto_201911.csv
25001;25001;;2025-01-01;MERCREDI;modern-5-plus-chance;8;11;2;25;21;;;4;5;30;39;45;47;2019-present;loto_201911.csv
25002;25002;;2025-01-04;SAMEDI;modern-5-plus-chance;17;20;9;19;29;;;2;7;16;17;33;46;2019-present;loto_201911.csv
25003;25003;;2025-01-06;LUNDI;modern-5-plus-chance;3;31;8;16;42;;;7;12;13;17;23;34;2019-present;loto_201911.csv
25004;25004;;2025-01-08;MERCREDI;modern-5-plus-chance;14;34;38;24;26;;;8;1;4;24;33;48;2019-present;loto_201911.csv
25005;25005;;2025-01-11;SAMEDI;modern-5-plus-chance;42;20;6;29;41;;;9;6;19;39;41;49;2019-present;loto_201911.csv
25006;25006;;2025-01-13;LUNDI;modern-5-plus-chance;31;3;24;41;7;;;2;6;21;37;47;49;2019-present;loto_201911.csv
25007;25007;;2025-01-15;MERCREDI;modern-5-plus-chance;1;22;40;27;28;;;2;4;10;25;28;35;2019-present;loto_201911.csv
25008;25008;;2025-01-18;SAMEDI;modern-5-plus-chance;11;1;4;33;44;;;7;17;26;33;36;46;2019-present;loto_201911.csv
25009;25009;;2025-01-20;LUNDI;modern-5-plus-chance;19;28;36;40;6;;;2;14;19;33;39;44;2019-present;loto_201911.csv
25010;25010;;2025-01-22;MERCREDI;modern-5-plus-chance;29;36;23;44;38;;;9;2;10;27;32;39;2019-present;loto_201911.csv
25011;25011;;2025-01-25;SAMEDI;modern-5-plus-chance;45;35;44;5;19;;;8;21;29;31;33;36;2019-present;loto_201911.csv
25012;25012;;2025-01-27;LUNDI;modern-5-plus-chance;24;39;48;3;10;;;3;1;8;11;38;49;2019-present;loto_201911.csv
25013;25013;;2025-01-29;MERCREDI;modern-5-plus-chance;29;41;17;27;19;;;2;25;31;38;42;43;2019-present;loto_201911.csv
25014;25014;;2025-02-01;SAMEDI;modern-5-plus-chance;34;46;11;30;36;;;5;3;10;11;34;42;2019-present;loto_201911.csv
25015;25015;;2025-02-03;LUNDI;modern-5-plus-chance;29;48;32;27;44;;;8;1;13;18;26;46;2019-present;loto_201911.csv
25016;25016;;2025-02-05;MERCREDI;modern-5-plus-chance;14;8;24;28;5;;;9;4;13;16;28;36;2019-present;loto_201911.csv
25017;25017;;2025-02-08;SAMEDI;modern-5-plus-chance;49;26;11;43;42;;;8;4;24;27;28;40;2019-present;loto_201911.csv
25018;25018;;2025-02-10;LUNDI;modern-5-plus-chance;39;44;12;29;2;;;6;3;17;18;28;39;2019-present;loto_201911.csv
25019;25019;;2025-02-12;MERCREDI;modern-5-plus-chance;1;37;41;30;23;;;5;7;12;13;27;46;2019-present;loto_201911.csv
25020;25020;;2025-02-15;SAMEDI;modern-5-plus-chance;48;42;13;49;6;;;3;2;5;9;44;47;2019-present;loto_201911.csv
25021;25021;;2025-02-17;LUNDI;modern-5-plus-chance;40;3;14;20;34;;;6;11;12;14;18;25;2019-present;loto_201911.csv
25022;25022;;2025-02-19;MERCREDI;modern-5-plus-chance;42;23;16;32;28;;;5;15;28;41;45;47;2019-present;loto_201911.csv
25023;25023;;2025-02-22;SAMEDI;modern-5-plus-chance;28;30;23;39;25;;;7;16;18;40;44;47;2019-present;loto_201911.csv
25024;25024;;2025-02-24;LUNDI;modern-5-plus-chance;32;5;13;38;46;;;5;4;7;8;17;32;2019-present;loto_201911.csv
25025;25025;;2025-02-26;MERCREDI;modern-5-plus-chance;44;11;3;15;17;;;9;5;11;32;34;35;2019-present;loto_201911.csv
25026;25026;;2025-03-01;SAMEDI;modern-5-plus-chance;14;28;33;9;8;;;4;2;17;26;40;41;2019-present;loto_201911.csv
25027;25027;;2025-03-03;LUNDI;modern-5-plus-chance;41;13;28;6;4;;;1;9;17;20;26;28;2019-present;loto_201911.csv
25028;25028;;2025-03-05;MERCREDI;modern-5-plus-chance;47;28;7;26;30;;;4;6;15;33;36;38;2019-present;loto_201911.csv
25029;25029;;2025-03-08;SAMEDI;modern-5-plus-chance;18;2;10;3;11;;;2;27;28;31;32;43;2019-present;loto_201911.csv
25030;25030;;2025-03-10;LUNDI;modern-5-plus-chance;23;24;13;15;39;;;1;6;9;21;34;47;2019-present;loto_201911.csv
25031;25031;;2025-03-12;MERCREDI;modern-5-plus-chance;21;10;24;32;16;;;7;10;13;19;20;26;2019-present;loto_201911.csv
25032;25032;;2025-03-15;SAMEDI;modern-5-plus-chance;27;6;31;21;40;;;7;4;7;16;30;47;2019-present;loto_201911.csv
25033;25033;;2025-03-17;LUNDI;modern-5-plus-chance;16;32;26;9;20;;;7;1;15;24;43;47;2019-present;loto_201911.csv
25034;25034;;2025-03-19;MERCREDI;modern-5-plus-chance;15;14;3;45;12;;;3;1;13;20;23;44;2019-present;loto_201911.csv
25035;25035;;2025-03-22;SAMEDI;modern-5-plus-chance;3;49;36;20;23;;;6;9;12;28;31;47;2019-present;loto_201911.csv
25036;25036;;2025-03-24;LUNDI;modern-5-plus-chance;35;29;47;46;21;;;1;3;13;18;33;34;2019-present;loto_201911.csv
25037;25037;;2025-03-26;MERCREDI;modern-5-plus-chance;4;41;21;19;11;;;7;8;9;12;26;32;2019-present;loto_201911.csv
25038;25038;;2025-03-29;SAMEDI;modern-5-plus-chance;14;31;41;7;12;;;5;2;7;12;20;33;2019-present;loto_201911.csv
25039;25039;;2025-03-31;LUNDI;modern-5-plus-chance;3;4;28;16;38;;;4;7;20;23;36;43;2019-present;loto_201911.csv
25040;25040;;2025-04-02;MERCREDI;modern-5-plus-chance;45;5;34;15;4;;;9;13;18;21;41;42;2019-present;loto_201911.csv
25041;25041;;2025-04-05;SAMEDI;modern-5-plus-chance;14;30;22;8;27;;;7;14;21;29;38;49;2019-present;loto_201911.csv
25042;25042;;2025-04-07;LUNDI;modern-5-plus-chance;21;34;13;38;2;;;1;7;24;33;38;40;2019-present;loto_201911.csv
25043;25043;;2025-04-09;MERCREDI;modern-5-plus-chance;36;16;12;47;46;;;9;1;2;6;13;20;2019-present;loto_201911.csv
25044;25044;;2025-04-12;SAMEDI;modern-5-plus-chance;3;18;10;13;47;;;1;16;19;23;44;48;2019-present;loto_201911.csv
25045;25045;;2025-04-14;LUNDI;modern-5-plus-chance;33;40;25;31;37;;;9;1;3;12;15;46;2019-present;loto_201911.csv
25046;25046;;2025-04-16;MERCREDI;modern-5-plus-chance;13;38;27;40;39;;;10;23;25;30;39;40;2019-present;loto_201911.csv
25047;25047;;2025-04-19;SAMEDI;modern-5-plus-chance;19;11;32;16;20;;;6;4;8;11;21;30;2019-present;loto_201911.csv
25048;25048;;2025-04-21;LUNDI;modern-5-plus-chance;5;13;30;48;8;;;5;8;9;36;45;46;2019-present;loto_201911.csv
25049;25049;;2025-04-23;MERCREDI;modern-5-plus-chance;5;3;35;20;15;;;8;10;14;36;40;43;2019-present;loto_201911.csv
25050;25050;;2025-04-26;SAMEDI;modern-5-plus-chance;39;15;23;45;3;;;9;9;15;19;27;33;2019-present;loto_201911.csv
25051;25051;;2025-04-28;LUNDI;modern-5-plus-chance;6;3;14;35;36;;;2;15;17;18;28;46;2019-present;loto_201911.csv
25052;25052;;2025-04-30;MERCREDI;modern-5-plus-chance;8;31;42;3;5;;;8;22;29;31;43;45;2019-present;loto_201911.csv
25053;25053;;2025-05-03;SAMEDI;modern-5-plus-chance;38;39;37;19;42;;;5;2;4;6;10;17;2019-present;loto_201911.csv
25054;25054;;2025-05-05;LUNDI;modern-5-plus-chance;8;34;38;47;9;;;3;2;43;44;47;49;2019-present;loto_201911.csv
25055;25055;;2025-05-07;MERCREDI;modern-5-plus-chance;32;36;1;41;46;;;9;4;24;25;33;46;2019-present;loto_201911.csv
25056;25056;;2025-05-10;SAMEDI;modern-5-plus-chance;49;12;42;29;13;;;9;23;27;37;40;49;2019-present;loto_201911.csv
25057;25057;;2025-05-12;LUNDI;modern-5-plus-chance;12;24;6;16;2;;;4;4;11;12;15;28;2019-present;loto_201911.csv
25058;25058;;2025-05-14;MERCREDI;modern-5-plus-chance;34;42;31;12;43;;;10;20;30;32;42;46;2019-present;loto_201911.csv
25059;25059;;2025-05-17;SAMEDI;modern-5-plus-chance;18;13;9;12;14;;;3;4;7;9;13;38;2019-present;loto_201911.csv
25060;25060;;2025-05-19;LUNDI;modern-5-plus-chance;8;30;43;42;33;;;4;5;26;28;40;41;2019-present;loto_201911.csv
25061;25061;;2025-05-21;MERCREDI;modern-5-plus-chance;11;49;10;18;7;;;3;3;16;29;31;43;2019-present;loto_201911.csv
25062;25062;;2025-05-24;SAMEDI;modern-5-plus-chance;49;39;45;14;32;;;9;3;12;32;41;45;2019-present;loto_201911.csv
25063;25063;;2025-05-26;LUNDI;modern-5-plus-chance;41;24;36;33;45;;;7;10;11;13;36;37;2019-present;loto_201911.csv
25064;25064;;2025-05-28;MERCREDI;modern-5-plus-chance;26;32;25;38;4;;;4;6;10;11;16;48;2019-present;loto_201911.csv
25065;25065;;2025-05-31;SAMEDI;modern-5-plus-chance;4;11;27;37;39;;;3;6;10;25;26;32;2019-present;loto_201911.csv
25066;25066;;2025-06-02;LUNDI;modern-5-plus-chance;25;36;29;8;13;;;2;21;24;27;34;47;2019-present;loto_201911.csv
25067;25067;;2025-06-04;MERCREDI;modern-5-plus-chance;2;45;41;18;38;;;8;4;12;13;15;39;2019-present;loto_201911.csv
25068;25068;;2025-06-07;SAMEDI;modern-5-plus-chance;7;30;40;37;45;;;1;2;13;15;26;33;2019-present;loto_201911.csv
25069;25069;;2025-06-09;LUNDI;modern-5-plus-chance;25;38;5;34;12;;;10;3;15;21;38;46;2019-present;loto_201911.csv
25070;25070;;2025-06-11;MERCREDI;modern-5-plus-chance;9;19;7;18;15;;;6;8;9;12;28;48;2019-present;loto_201911.csv
25071;25071;;2025-06-14;SAMEDI;modern-5-plus-chance;25;21;31;44;16;;;8;2;9;22;28;30;2019-present;loto_201911.csv
25072;25072;;2025-06-16;LUNDI;modern-5-plus-chance;1;2;13;39;4;;;1;5;22;31;36;43;2019-present;loto_201911.csv
25073;25073;;2025-06-18;MERCREDI;modern-5-plus-chance;9;36;13;24;19;;;3;6;9;18;33;41;2019-present;loto_201911.csv
25074;25074;;2025-06-21;SAMEDI;modern-5-plus-chance;34;25;49;18;20;;;2;13;16;19;23;40;2019-present;loto_201911.csv
25075;25075;;2025-06-23;LUNDI;modern-5-plus-chance;20;42;38;44;25;;;10;4;10;24;34;37;2019-present;loto_201911.csv
25076;25076;;2025-06-25;MERCREDI;modern-5-plus-chance;32;26;2;5;44;;;10;8;9;27;28;42;2019-present;loto_201911.csv
25077;25077;;2025-06-28;SAMEDI;modern-5-plus-chance;4;2;20;3;28;;;6;1;5;22;40;48;2019-present;loto_201911.csv
25078;25078;;2025-06-30;LUNDI;modern-5-plus-chance;17;12;8;10;18;;;4;6;14;15;27;47;2019-present;loto_201911.csv
25079;25079;;2025-07-02;MERCREDI;modern-5-plus-chance;25;19;29;38;30;;;10;21;23;32;37;49;2019-present;loto_201911.csv
25080;25080;;2025-07-05;SAMEDI;modern-5-plus-chance;32;46;37;25;42;;;10;18;21;25;29;48;2019-present;loto_201911.csv
25081;25081;;2025-07-07;LUNDI;modern-5-plus-chance;18;41;27;26;3;;;6;25;26;31;35;42;2019-present;loto_201911.csv
25082;25082;;2025-07-09;MERCREDI;modern-5-plus-chance;36;1;45;22;25;;;4;6;7;20;37;49;2019-present;loto_201911.csv
25083;25083;;2025-07-12;SAMEDI;modern-5-plus-chance;39;49;36;48;13;;;7;8;13;20;38;49;2019-present;loto_201911.csv
25084;25084;;2025-07-14;LUNDI;modern-5-plus-chance;37;28;27;6;20;;;3;12;13;15;19;36;2019-present;loto_201911.csv
25085;25085;;2025-07-16;MERCREDI;modern-5-plus-chance;3;34;45;41;36;;;4;4;27;35;42;43;2019-present;loto_201911.csv
25086;25086;;2025-07-19;SAMEDI;modern-5-plus-chance;25;18;19;45;24;;;1;13;16;41;45;46;2019-present;loto_201911.csv
25087;25087;;2025-07-21;LUNDI;modern-5-plus-chance;5;9;26;16;33;;;8;3;5;24;28;44;2019-present;loto_201911.csv
25088;25088;;2025-07-23;MERCREDI;modern-5-plus-chance;18;30;5;43;29;;;2;2;6;27;41;49;2019-present;loto_201911.csv
25089;25089;;2025-07-26;SAMEDI;modern-5-plus-chance;1;19;44;32;9;;;3;14;15;42;44;48;2019-present;loto_201911.csv
25090;25090;;2025-07-28;LUNDI;modern-5-plus-chance;25;6;22;27;30;;;5;2;14;17;29;34;2019-present;loto_201911.csv
25091;25091;;2025-07-30;MERCREDI;modern-5-plus-chance;13;20;3;41;37;;;3;17;18;24;35;43;2019-present;loto_201911.csv
25092;25092;;2025-08-02;SAMEDI;modern-5-plus-chance;14;22;15;31;48;;;2;5;42;43;44;47;2019-present;loto_201911.csv
25093;25093;;2025-08-04;LUNDI;modern-5-plus-chance;6;43;10;31;34;;;5;2;8;16;27;37;2019-present;loto_201911.csv
25094;25094;;2025-08-06;MERCREDI;modern-5-plus-chance;5;23;18;19;49;;;8;6;26;27;34;42;2019-present;loto_201911.csv
25095;25095;;2025-08-09;SAMEDI;modern-5-plus-chance;19;6;38;21;15;;;8;12;15;24;30;43;2019-present;loto_201911.csv
25096;25096;;2025-08-11;LUNDI;modern-5-plus-chance;40;30;44;1;10;;;2;27;32;33;35;40;2019-present;loto_201911.csv
25097;25097;;2025-08-13;MERCREDI;modern-5-plus-chance;47;9;31;36;42;;;1;27;38;41;42;45;2019-present;loto_201911.csv
25098;25098;;2025-08-16;SAMEDI;modern-5-plus-chance;31;5;18;45;4;;;7;4;10;25;40;47;2019-present;loto_201911.csv
25099;25099;;2025-08-18;LUNDI;modern-5-plus-chance;8;27;21;2;26;;;6;14;22;36;43;46;2019-present;loto_201911.csv
25100;25100;;2025-08-20;MERCREDI;modern-5-plus-chance;2;27;36;40;1;;;7;1;12;14;19;43;2019-present;loto_201911.csv
25101;25101;;2025-08-23;SAMEDI;modern-5-plus-chance;49;23;15;20;30;;;9;4;10;26;33;45;2019-present;loto_201911.csv
25102;25102;;2025-08-25;LUNDI;modern-5-plus-chance;32;22;42;21;14;;;2;8;18;27;47;49;2019-present;loto_201911.csv
25103;25103;;2025-08-27;MERCREDI;modern-5-plus-chance;7;12;31;20;40;;;6;14;20;25;38;49;2019-present;loto_201911.csv
25104;25104;;2025-08-30;SAMEDI;modern-5-plus-chance;23;15;34;39;4;;;10;2;23;24;36;39;2019-present;loto_201911.csv
25105;25105;;2025-09-01;LUNDI;modern-5-plus-chance;44;38;33;25;4;;;4;1;9;39;44;46;2019-present;loto_201911.csv
25106;25106;;2025-09-03;MERCREDI;modern-5-plus-chance;31;30;24;2;36;;;5;4;24;25;28;39;2019-present;loto_201911.csv
25107;25107;;2025-09-06;SAMEDI;modern-5-plus-chance;26;21;18;17;4;;;1;4;7;13;33;46;2019-present;loto_201911.csv
25108;25108;;2025-09-08;LUNDI;modern-5-plus-chance;30;42;21;10;22;;;8;3;7;24;31;49;2019-present;loto_201911.csv
25109;25109;;2025-09-10;MERCREDI;modern-5-plus-chance;18;49;14;24;17;;;7;5;9;18;24;35;2019-present;loto_201911.csv
25110;25110;;2025-09-13;SAMEDI;modern-5-plus-chance;29;31;6;41;28;;;10;10;16;42;44;46;2019-present;loto_201911.csv
25111;25111;;2025-09-15;LUNDI;modern-5-plus-chance;30;2;10;32;17;;;5;7;10;14;39;43;2019-present;loto_201911.csv
25112;25112;;2025-09-17;MERCREDI;modern-5-plus-chance;2;25;47;32;37;;;3;1;26;28;36;40;2019-present;loto_201911.csv
25113;25113;;2025-09-20;SAMEDI;modern-5-plus-chance;36;18;10;39;47;;;7;1;15;19;29;30;2019-present;loto_201911.csv
25114;25114;;2025-09-22;LUNDI;modern-5-plus-chance;10;41;5;29;47;;;4;15;23;29;40;42;2019-present;loto_201911.csv
25115;25115;;2025-09-24;MERCREDI;modern-5-plus-chance;3;32;21;23;31;;;4;9;20;25;29;45;2019-present;loto_201911.csv
25116;25116;;2025-09-27;SAMEDI;modern-5-plus-chance;45;46;3;19;11;;;4;11;25;30;31;38;2019-present;loto_201911.csv
25117;25117;;2025-09-29;LUNDI;modern-5-plus-chance;27;32;44;5;17;;;4;1;12;17;20;36;2019-present;loto_201911.csv
25118;25118;;2025-10-01;MERCREDI;modern-5-plus-chance;10;5;41;35;44;;;7;5;12;27;29;39;2019-present;loto_201911.csv
25119;25119;;2025-10-04;SAMEDI;modern-5-plus-chance;6;45;31;29;4;;;8;5;25;26;35;48;2019-present;loto_201911.csv
25120;25120;;2025-10-06;LUNDI;modern-5-plus-chance;22;10;30;1;26;;;9;11;16;19;27;46;2019-present;loto_201911.csv
25121;25121;;2025-10-08;MERCREDI;modern-5-plus-chance;5;47;39;10;25;;;7;1;7;22;34;38;2019-present;loto_201911.csv
25122;25122;;2025-10-11;SAMEDI;modern-5-plus-chance;5;3;40;32;12;;;4;28;33;35;48;49;2019-present;loto_201911.csv
25123;25123;;2025-10-13;LUNDI;modern-5-plus-chance;2;11;36;45;49;;;7;13;15;19;30;42;2019-present;loto_201911.csv
25124;25124;;2025-10-15;MERCREDI;modern-5-plus-chance;17;1;22;9;48;;;5;6;11;21;38;49;2019-present;loto_201911.csv
25125;25125;;2025-10-18;SAMEDI;modern-5-plus-chance;17;49;47;11;19;;;1;1;6;29;30;32;2019-present;loto_201911.csv
25126;25126;;2025-10-20;LUNDI;modern-5-plus-chance;38;24;12;43;34;;;1;3;5;7;21;48;2019-present;loto_201911.csv
25127;25127;;2025-10-22;MERCREDI;modern-5-plus-chance;49;29;31;4;39;;;1;1;3;15;23;39;2019-present;loto_201911.csv
25128;25128;;2025-10-25;SAMEDI;modern-5-plus-chance;6;16;4;5;35;;;1;1;16;23;26;39;2019-present;loto_201911.csv
25129;25129;;2025-10-27;LUNDI;modern-5-plus-chance;48;47;23;45;10;;;8;7;28;38;44;45;2019-present;loto_201911.csv
25130;25130;;2025-10-29;MERCREDI;modern-5-plus-chance;7;6;45;34;35;;;8;6;13;25;29;36;2019-present;loto_201911.csv
25131;25131;;2025-11-01;SAMEDI;modern-5-plus-chance;3;33;17;24;26;;;6;12;14;27;29;41;2019-present;loto_201911.csv
25132;25132;;2025-11-03;LUNDI;modern-5-plus-chance;32;3;49;29;2;;;2;5;6;16;18;23;2019-present;loto_201911.csv
25133;25133;;2025-11-05;MERCREDI;modern-5-plus-chance;45;29;31;23;19;;;4;4;5;8;36;45;2019-present;loto_201911.csv
25134;25134;;2025-11-08;SAMEDI;modern-5-plus-chance;16;32;48;36;27;;;8;18;23;24;36;41;2019-present;loto_201911.csv
25135;25135;;2025-11-10;LUNDI;modern-5-plus-chance;8;37;9;16;45;;;2;10;24;28;32;34;2019-present;loto_201911.csv
25136;25136;;2025-11-12;MERCREDI;modern-5-plus-chance;8;29;33;37;3;;;2;4;16;21;32;44;2019-present;loto_201911.csv
25137;25137;;2025-11-15;SAMEDI;modern-5-plus-chance;11;5;23;22;24;;;3;3;13;27;41;43;2019-present;loto_201911.csv
25138;25138;;2025-11-17;LUNDI;modern-5-plus-chance;26;45;28;17;7;;;6;5;17;22;24;39;2019-present;loto_201911.csv
25139;25139;;2025-11-19;MERCREDI;modern-5-plus-chance;46;26;33;45;24;;;2;13;33;35;41;47;2019-present;loto_201911.csv
25140;25140;;2025-11-22;SAMEDI;modern-5-plus-chance;7;10;45;34;40;;;6;5;12;14;42;44;2019-present;loto_201911.csv
25141;25141;;2025-11-24;LUNDI;modern-5-plus-chance;47;29;36;28;22;;;1;6;18;33;36;43;2019-present;loto_201911.csv
25142;25142;;2025-11-26;MERCREDI;modern-5-plus-chance;14;16;26;9;33;;;5;4;13;16;25;31;2019-present;loto_201911.csv
25143;25143;;2025-11-29;SAMEDI;modern-5-plus-chance;8;13;20;27;23;;;3;9;11;17;24;33;2019-present;loto_201911.csv
25144;25144;;2025-12-01;LUNDI;modern-5-plus-chance;38;46;11;13;14;;;1;19;26;32;41;49;2019-present;loto_201911.csv
25145;25145;;2025-12-03;MERCREDI;modern-5-plus-chance;28;13;10;36;18;;;8;3;8;9;16;26;2019-present;loto_201911.csv
25146;25146;;2025-12-06;SAMEDI;modern-5-plus-chance;14;2;24;34;33;;;1;4;7;10;25;30;2019-present;loto_201911.csv
25147;25147;;2025-12-08;LUNDI;modern-5-plus-chance;9;41;8;11;17;;;1;5;13;14;37;48;2019-present;loto_201911.csv
25148;25148;;2025-12-10;MERCREDI;modern-5-plus-chance;34;44;33;35;39;;;10;25;29;37;38;40;2019-present;loto_201911.csv
25149;25149;;2025-12-13;SAMEDI;modern-5-plus-chance;25;15;7;10;22;;;7;11;12;22;25;40;2019-present;loto_201911.csv
25150;25150;;2025-12-15;LUNDI;modern-5-plus-chance;38;43;32;26;42;;;6;13;18;23;27;28;2019-present;loto_201911.csv
25151;25151;;2025-12-17;MERCREDI;modern-5-plus-chance;2;14;49;20;30;;;2;2;4;27;34;47;2019-present;loto_201911.csv
25152;25152;;2025-12-20;SAMEDI;modern-5-plus-chance;28;16;42;47;37;;;2;11;14;18;41;42;2019-present;loto_201911.csv
25153;25153;;2025-12-22;LUNDI;modern-5-plus-chance;40;20;49;16;41;;;9;1;12;34;45;48;2019-present;loto_201911.csv
25154;25154;;2025-12-24;MERCREDI;modern-5-plus-chance;5;42;45;9;33;;;1;11;17;22;26;40;2019-present;loto_201911.csv
25155;25155;;2025-12-27;SAMEDI;modern-5-plus-chance;17;16;41;42;49;;;10;6;12;20;37;39;2019-present;loto_201911.csv
25156;25156;;2025-12-29;LUNDI;modern-5-plus-chance;21;10;47;43;33;;;3;3;16;33;39;44;2019-present;loto_201911.csv
25157;25157;;2025-12-31;MERCREDI;modern-5-plus-chance;43;6;19;39;15;;;1;9;23;34;35;40;2019-present;loto_201911.csv
26001;26001;;2026-01-03;SAMEDI;modern-5-plus-chance;29;30;31;9;40;;;2;3;6;16;19;33;2019-present;loto_201911.csv
26002;26002;;2026-01-05;LUNDI;modern-5-plus-chance;30;13;23;31;5;;;6;22;43;46;47;48;2019-present;loto_201911.csv
26003;26003;;2026-01-07;MERCREDI;modern-5-plus-chance;5;36;35;17;30;;;3;24;25;33;38;49;2019-present;loto_201911.csv
26004;26004;;2026-01-10;SAMEDI;modern-5-plus-chance;16;1;36;7;35;;;3;9;16;17;19;42;2019-present;loto_201911.csv
26005;26005;;2026-01-12;LUNDI;modern-5-plus-chance;2;39;32;24;13;;;6;5;12;13;35;49;2019-present;loto_201911.csv
26006;26006;;2026-01-14;MERCREDI;modern-5-plus-chance;23;28;5;4;31;;;5;22;24;28;34;39;2019-present;loto_201911.csv
26007;26007;;2026-01-17;SAMEDI;modern-5-plus-chance;42;34;26;12;49;;;6;30;34;35;47;48;2019-present;loto_201911.csv
26008;26008;;2026-01-19;LUNDI;modern-5-plus-chance;13;34;16;24;12;;;4;7;26;33;36;42;2019-present;loto_201911.csv
26009;26009;;2026-01-21;MERCREDI;modern-5-plus-chance;40;25;29;27;45;;;10;9;15;26;27;39;2019-present;loto_201911.csv
26010;26010;;2026-01-24;SAMEDI;modern-5-plus-chance;30;39;10;33;18;;;8;4;27;41;43;46;2019-present;loto_201911.csv
26011;26011;;2026-01-26;LUNDI;modern-5-plus-chance;25;32;28;9;36;;;4;17;25;30;33;38;2019-present;loto_201911.csv
26012;26012;;2026-01-28;MERCREDI;modern-5-plus-chance;42;7;11;30;10;;;4;14;32;38;42;49;2019-present;loto_201911.csv
26013;26013;;2026-01-31;SAMEDI;modern-5-plus-chance;24;14;4;1;21;;;4;8;20;24;32;46;2019-present;loto_201911.csv
26014;26014;;2026-02-02;LUNDI;modern-5-plus-chance;7;12;11;41;29;;;5;8;18;21;34;38;2019-present;loto_201911.csv
26015;26015;;2026-02-04;MERCREDI;modern-5-plus-chance;1;24;37;12;11;;;9;12;21;27;36;48;2019-present;loto_201911.csv
26016;26016;;2026-02-07;SAMEDI;modern-5-plus-chance;49;9;41;20;2;;;9;5;7;27;46;47;2019-present;loto_201911.csv
26017;26017;;2026-02-09;LUNDI;modern-5-plus-chance;23;25;42;38;22;;;3;18;22;30;38;41;2019-present;loto_201911.csv
26018;26018;;2026-02-11;MERCREDI;modern-5-plus-chance;36;3;44;47;32;;;8;1;2;12;28;47;2019-present;loto_201911.csv
26019;26019;;2026-02-14;SAMEDI;modern-5-plus-chance;9;14;27;33;17;;;6;5;10;26;29;41;2019-present;loto_201911.csv
26020;26020;;2026-02-16;LUNDI;modern-5-plus-chance;35;17;21;29;8;;;3;5;8;11;35;45;2019-present;loto_201911.csv
26021;26021;;2026-02-18;MERCREDI;modern-5-plus-chance;25;4;22;36;16;;;7;12;15;30;33;37;2019-present;loto_201911.csv
26022;26022;;2026-02-21;SAMEDI;modern-5-plus-chance;4;44;32;17;14;;;9;11;22;25;26;39;2019-present;loto_201911.csv
26023;26023;;2026-02-23;LUNDI;modern-5-plus-chance;29;15;20;47;41;;;4;8;12;15;38;41;2019-present;loto_201911.csv
26024;26024;;2026-02-25;MERCREDI;modern-5-plus-chance;8;30;26;22;9;;;8;7;20;36;45;48;2019-present;loto_201911.csv
26025;26025;;2026-02-28;SAMEDI;modern-5-plus-chance;18;40;49;31;24;;;2;22;24;32;36;48;2019-present;loto_201911.csv
26026;26026;;2026-03-02;LUNDI;modern-5-plus-chance;40;19;37;34;20;;;6;3;19;28;36;39;2019-present;loto_201911.csv
26027;26027;;2026-03-04;MERCREDI;modern-5-plus-chance;14;47;46;16;40;;;4;7;26;27;34;37;2019-present;loto_201911.csv
26028;26028;;2026-03-07;SAMEDI;modern-5-plus-chance;22;21;11;9;10;;;9;11;31;32;35;45;2019-present;loto_201911.csv
26029;26029;;2026-03-09;LUNDI;modern-5-plus-chance;16;24;5;35;12;;;4;11;13;20;27;32;2019-present;loto_201911.csv
26030;26030;;2026-03-11;MERCREDI;modern-5-plus-chance;14;18;12;16;10;;;3;3;11;22;27;36;2019-present;loto_201911.csv
26031;26031;;2026-03-14;SAMEDI;modern-5-plus-chance;22;23;10;46;25;;;3;1;2;15;39;48;2019-present;loto_201911.csv
26032;26032;;2026-03-16;LUNDI;modern-5-plus-chance;31;25;42;5;14;;;4;2;8;26;33;34;2019-present;loto_201911.csv
26033;26033;;2026-03-18;MERCREDI;modern-5-plus-chance;13;18;8;48;45;;;7;5;17;29;30;33;2019-present;loto_201911.csv
26034;26034;;2026-03-21;SAMEDI;modern-5-plus-chance;3;45;33;19;24;;;10;19;20;26;45;49;2019-present;loto_201911.csv
26035;26035;;2026-03-23;LUNDI;modern-5-plus-chance;30;9;42;38;3;;;4;2;21;33;39;49;2019-present;loto_201911.csv
26036;26036;;2026-03-25;MERCREDI;modern-5-plus-chance;48;30;19;28;35;;;5;17;20;32;35;41;2019-present;loto_201911.csv
26037;26037;;2026-03-28;SAMEDI;modern-5-plus-chance;38;30;28;17;45;;;6;1;6;19;34;41;2019-present;loto_201911.csv
26038;26038;;2026-03-30;LUNDI;modern-5-plus-chance;10;47;8;28;29;;;5;7;12;20;27;38;2019-present;loto_201911.csv
26039;26039;;2026-04-01;MERCREDI;modern-5-plus-chance;43;34;47;23;3;;;5;7;9;20;28;45;2019-present;loto_201911.csv
26040;26040;;2026-04-04;SAMEDI;modern-5-plus-chance;5;6;36;7;21;;;6;2;8;15;35;36;2019-present;loto_201911.csv
26041;26041;;2026-04-06;LUNDI;modern-5-plus-chance;33;29;19;3;23;;;3;15;20;24;36;43;2019-present;loto_201911.csv
26042;26042;;2026-04-08;MERCREDI;modern-5-plus-chance;23;16;46;13;26;;;1;11;18;29;34;47;2019-present;loto_201911.csv
26043;26043;;2026-04-11;SAMEDI;modern-5-plus-chance;48;7;45;41;39;;;9;30;34;39;41;45;2019-present;loto_201911.csv
26044;26044;;2026-04-13;LUNDI;modern-5-plus-chance;22;4;10;18;16;;;4;1;2;20;26;39;2019-present;loto_201911.csv
26045;26045;;2026-04-15;MERCREDI;modern-5-plus-chance;44;21;2;48;47;;;10;14;31;33;37;45;2019-present;loto_201911.csv
26046;26046;;2026-04-18;SAMEDI;modern-5-plus-chance;22;25;24;5;23;;;10;2;17;33;38;48;2019-present;loto_201911.csv
26047;26047;;2026-04-20;LUNDI;modern-5-plus-chance;21;29;33;2;12;;;6;7;12;19;23;38;2019-present;loto_201911.csv
26048;26048;;2026-04-22;MERCREDI;modern-5-plus-chance;37;30;40;38;43;;;1;4;11;23;38;41;2019-present;loto_201911.csv
26049;26049;;2026-04-25;SAMEDI;modern-5-plus-chance;25;9;22;17;49;;;3;3;5;6;14;23;2019-present;loto_201911.csv
26050;26050;;2026-04-27;LUNDI;modern-5-plus-chance;6;27;43;23;15;;;4;5;6;22;24;26;2019-present;loto_201911.csv
26051;26051;;2026-04-29;MERCREDI;modern-5-plus-chance;30;2;37;3;31;;;8;3;29;30;33;38;2019-present;loto_201911.csv
26052;26052;;2026-05-02;SAMEDI;modern-5-plus-chance;17;29;19;10;41;;;7;3;8;16;20;42;2019-present;loto_201911.csv
26053;26053;;2026-05-04;LUNDI;modern-5-plus-chance;46;15;4;18;8;;;2;9;25;33;37;42;2019-present;loto_201911.csv
26054;26054;;2026-05-06;MERCREDI;modern-5-plus-chance;7;18;27;35;48;;;5;6;9;12;17;35;2019-present;loto_201911.csv
26055;26055;;2026-05-09;SAMEDI;modern-5-plus-chance;25;21;16;31;26;;;1;3;11;20;38;46;2019-present;loto_201911.csv
26056;26056;;2026-05-11;LUNDI;modern-5-plus-chance;18;30;39;17;34;;;9;7;22;35;38;40;2019-present;loto_201911.csv
26057;26057;;2026-05-13;MERCREDI;modern-5-plus-chance;46;17;41;35;38;;;2;8;10;15;20;22;2019-present;loto_201911.csv
26058;26058;;2026-05-16;SAMEDI;modern-5-plus-chance;30;1;34;32;12;;;4;5;9;15;36;39;2019-present;loto_201911.csv
26059;26059;;2026-05-18;LUNDI;modern-5-plus-chance;32;14;36;33;49;;;3;12;14;25;26;27;2019-present;loto_201911.csv
26060;26060;;2026-05-20;MERCREDI;modern-5-plus-chance;28;30;8;48;15;;;7;1;4;35;37;46;2019-present;loto_201911.csv
26061;26061;;2026-05-23;SAMEDI;modern-5-plus-chance;20;36;23;21;38;;;2;12;33;36;38;43;2019-present;loto_201911.csv
26062;26062;;2026-05-25;LUNDI;modern-5-plus-chance;31;27;19;22;49;;;3;11;22;26;41;47;2019-present;loto_201911.csv
26063;26063;;2026-05-27;MERCREDI;modern-5-plus-chance;15;3;17;41;4;;;4;9;25;41;47;48;2019-present;loto_201911.csv
26064;26064;;2026-05-30;SAMEDI;modern-5-plus-chance;31;10;34;3;47;;;5;6;7;25;39;42;2019-present;loto_201911.csv
26065;26065;;2026-06-01;LUNDI;modern-5-plus-chance;5;33;30;26;19;;;2;1;20;22;30;38;2019-present;loto_201911.csv
26066;26066;;2026-06-03;MERCREDI;modern-5-plus-chance;30;16;18;17;4;;;1;2;3;9;14;18;2019-present;loto_201911.csv
26067;26067;;2026-06-06;SAMEDI;modern-5-plus-chance;32;43;13;19;24;;;2;6;17;35;42;44;2019-present;loto_201911.csv
26068;26068;;2026-06-08;LUNDI;modern-5-plus-chance;41;43;39;24;48;;;3;3;13;20;41;42;2019-present;loto_201911.csv
26069;26069;;2026-06-10;MERCREDI;modern-5-plus-chance;12;2;38;47;14;;;5;1;5;7;18;47;2019-present;loto_201911.csv
26070;26070;;2026-06-13;SAMEDI;modern-5-plus-chance;39;28;41;27;11;;;3;14;19;36;41;48;2019-present;loto_201911.csv
26071;26071;;2026-06-15;LUNDI;modern-5-plus-chance;49;23;25;29;46;;;1;9;10;13;27;31;2019-present;loto_201911.csv
26072;26072;;2026-06-17;MERCREDI;modern-5-plus-chance;37;32;1;39;15;;;1;9;29;32;42;49;2019-present;loto_201911.csv
26073;26073;;2026-06-20;SAMEDI;modern-5-plus-chance;5;16;37;41;31;;;5;3;9;13;40;46;2019-present;loto_201911.csv
26074;26074;;2026-06-22;LUNDI;modern-5-plus-chance;13;31;7;47;30;;;7;2;6;11;14;20;2019-present;loto_201911.csv
26075;26075;;2026-06-24;MERCREDI;modern-5-plus-chance;8;29;32;38;26;;;7;25;29;31;39;42;2019-present;loto_201911.csv
26076;26076;;2026-06-27;SAMEDI;modern-5-plus-chance;18;35;21;24;36;;;3;4;13;16;39;42;2019-present;loto_201911.csv
26077;26077;;2026-06-29;LUNDI;modern-5-plus-chance;1;41;27;13;32;;;2;5;10;20;24;47;2019-present;loto_201911.csv
26078;26078;;2026-07-01;MERCREDI;modern-5-plus-chance;8;9;31;10;25;;;5;1;2;24;26;44;2019-present;loto_201911.csv
26079;26079;;2026-07-04;SAMEDI;modern-5-plus-chance;15;48;49;31;41;;;3;11;16;21;32;46;2019-present;loto_201911.csv
26080;26080;;2026-07-06;LUNDI;modern-5-plus-chance;36;16;29;46;31;;;7;2;16;33;46;47;2019-present;loto_201911.csv
26081;26081;;2026-07-08;MERCREDI;modern-5-plus-chance;16;28;18;7;35;;;8;14;15;20;39;47;2019-present;loto_201911.csv
26082;26082;;2026-07-11;SAMEDI;modern-5-plus-chance;3;16;35;38;34;;;2;18;23;24;43;46;2019-present;loto_201911.csv
26083;26083;;2026-07-13;LUNDI;modern-5-plus-chance;45;29;26;18;5;;;7;2;4;9;32;43;2019-present;loto_201911.csv
26084;26084;;2026-07-15;MERCREDI;modern-5-plus-chance;1;21;37;9;13;;;3;16;19;31;39;42;2019-present;loto_201911.csv
26085;26085;;2026-07-18;SAMEDI;modern-5-plus-chance;27;24;36;11;10;;;7;2;8;17;22;31;2019-present;loto_201911.csv
26086;26086;;2026-07-20;LUNDI;modern-5-plus-chance;20;15;13;24;45;;;8;11;23;28;32;42;2019-present;loto_201911.csv
26087;26087;;2026-07-22;MERCREDI;modern-5-plus-chance;10;23;9;4;13;;;7;26;36;37;42;47;2019-present;loto_201911.csv
26088;26088;;2026-07-25;SAMEDI;modern-5-plus-chance;30;36;47;29;22;;;2;4;11;36;41;43;2019-present;loto_201911.csv
26089;26089;;2026-07-27;LUNDI;modern-5-plus-chance;6;7;8;36;16;;;3;15;16;18;43;45;2019-present;loto_201911.csv
26090;26090;;2026-07-29;MERCREDI;modern-5-plus-chance;41;34;15;27;40;;;9;5;6;13;21;43;2019-present;loto_201911.csv
26091;26091;;2026-08-01;SAMEDI;modern-5-plus-chance;6;5;37;30;8;;;4;8;12;22;25;31;2019-present;loto_201911.csv
26092;26092;;2026-08-03;LUNDI;modern-5-plus-chance;37;5;41;42;25;;;10;5;6;9;28;30;2019-present;loto_201911.csv
26093;26093;;2026-08-05;MERCREDI;modern-5-plus-chance;12;22;24;33;38;;;9;1;2;5;28;29;2019-present;loto_201911.csv
26094;26094;;2026-08-08;SAMEDI;modern-5-plus-chance;37;6;4;36;22;;;3;17;27;29;32;44;2019-present;loto_201911.csv
26095;26095;;2026-08-10;LUNDI;modern-5-plus-chance;23;35;19;21;34;;;10;1;3;9;21;28;2019-present;loto_201911.csv
26096;26096;;2026-08-12;MERCREDI;modern-5-plus-chance;18;22;35;5;4;;;2;1;15;16;34;45;2019-present;loto_201911.csv
26097;26097;;2026-08-15;SAMEDI;modern-5-plus-chance;48;34;38;28;31;;;3;2;9;12;15;49;2019-present;loto_201911.csv
26098;26098;;2026-08-17;LUNDI;modern-5-plus-chance;6;38;7;15;10;;;5;1;29;33;40;45;2019-present;loto_201911.csv
26099;26099;;2026-08-19;MERCREDI;modern-5-plus-chance;14;21;26;18;44;;;7;1;4;19;22;48;2019-present;loto_201911.csv
26100;26100;;2026-08-22;SAMEDI;modern-5-plus-chance;14;17;44;38;23;;;5;6;9;26;34;36;2019-present;loto_201911.csv
26101;26101;;2026-08-24;LUNDI;modern-5-plus-chance;46;22;39;4;48;;;10;3;4;7;8;38;2019-present;loto_201911.csv
26102;26102;;2026-08-26;MERCREDI;modern-5-plus-chance;32;13;37;6;30;;;9;4;20;21;45;46;2019-present;loto_201911.csv
26103;26103;;2026-08-29;SAMEDI;modern-5-plus-chance;45;40;7;18;5;;;2;11;13;21;41;42;2019-present;loto_201911.csv
26104;26104;;2026-08-31;LUNDI;modern-5-plus-chance;39;32;26;44;36;;;2;13;17;29;31;48;2019-present;loto_201911.csv
26105;26105;;2026-09-02;MERCREDI;modern-5-plus-chance;49;15;1;32;10;;;5;3;4;18;37;41;2019-present;loto_201911.csv
26106;26106;;2026-09-05;SAMEDI;modern-5-plus-chance;39;48;32;45;1;;;3;8;9;11;35;43;2019-present;loto_201911.csv
26107;26107;;2026-09-07;LUNDI;modern-5-plus-chance;13;36;2;21;18;;;3;13;15;22;23;49;2019-present;loto_201911.csv
