draw_id;draw_number;draw_sequence;date;day;rule_set;n1;n2;n3;n4;n5;n6;complementary;chance;second_n1;second_n2;second_n3;second_n4;second_n5;source_archive;source_entry
2008081;2008081;;2008-10-06;LUNDI;modern-5-plus-chance;19;33;41;24;27;;;9;;;;;;2008-10-to-2017-03;nouveau_loto.csv
2008082;2008082;;2008-10-08;MERCREDI;modern-5-plus-chance;24;48;32;41;22;;;1;;;;;;2008-10-to-2017-03;nouveau_loto.csv
2008083;2008083;;2008-10-11;SAMEDI;modern-5-plus-chance;46;22;10;39;20;;;4;;;;;;2008-10-to-2017-03;nouveau_loto.csv
2008084;2008084;;2008-10-13;LUNDI;modern-5-plus-chance;11;10;41;37;48;;;4;;;;;;2008-10-to-2017-03;nouveau_loto.csv
2008085;2008085;;2008-10-15;MERCREDI;modern-5-plus-chance;49;28;18;20;40;;;1;;;;;;2008-10-to-2017-03;nouveau_loto.csv
2008086;2008086;;2008-10-18;SAMEDI;modern-5-plus-chance;44;35;4;32;39;;;10;;;;;;2008-10-to-2017-03;nouveau_loto.csv
2008087;2008087;;2008-10-20;LUNDI;modern-5-plus-chance;43;7;48;31;15;;;3;;;;;;2008-10-to-2017-03;nouveau_loto.csv
2008088;2008088;;2008-10-22;MERCREDI;modern-5-plus-chance;11;28;12;48;14;;;2;;;;;;2008-10-to-2017-03;nouveau_loto.csv
2008089;2008089;;2008-10-25;SAMEDI;modern-5-plus-chance;13;11;22;46;19;;;3;;;;;;2008-10-to-2017-03;nouveau_loto.csv
2008090;2008090;;2008-10-27;LUNDI;modern-5-plus-chance;46;37;44;4;6;;;2;;;;;;2008-10-to-2017-03;nouveau_loto.csv
2008091;2008091;;2008-10-29;MERCREDI;modern-5-plus-chance;43;28;22;41;49;;;4;;;;;;2008-10-to-2017-03;nouveau_loto.csv
2008092;2008092;;2008-11-01;SAMEDI;modern-5-plus-chance;22;4;27;36;45;;;3;;;;;;2008-10-to-2017-03;nouveau_loto.csv
2008093;2008093;;2008-11-03;LUNDI;modern-5-plus-chance;26;2;23;20;24;;;8;;;;;;2008-10-to-2017-03;nouveau_loto.csv
2008094;2008094;;2008-11-05;MERCREDI;modern-5-plus-chance;47;4;38;15;8;;;7;;;;;;2008-10-to-2017-03;nouveau_loto.csv
2008095;2008095;;2008-11-08;SAMEDI;modern-5-plus-chance;25;35;33;5;22;;;9;;;;;;2008-10-to-2017-03;nouveau_loto.csv
2008096;2008096;;2008-11-10;LUNDI;modern-5-plus-chance;12;9;21;45;38;;;6;;;;;;2008-10-to-2017-03;nouveau_loto.csv
2008097;2008097;;2008-11-12;MERCREDI;modern-5-plus-chance;45;35;34;40;23;;;5;;;;;;2008-10-to-2017-03;nouveau_loto.csv
2008098;2008098;;2008-11-15;SAMEDI;modern-5-plus-chance;41;10;48;43;22;;;3;;;;;;2008-10-to-2017-03;nouveau_loto.csv
2008099;2008099;;2008-11-17;LUNDI;modern-5-plus-chance;1;6;19;23;41;;;6;;;;;;2008-10-to-2017-03;nouveau_loto.csv
2008100;2008100;;2008-11-19;MERCREDI;modern-5-plus-chance;34;26;37;41;2;;;4;;;;;;2008-10-to-2017-03;nouveau_loto.csv
2008101;2008101;;2008-11-22;SAMEDI;modern-5-plus-chance;45;12;30;36;20;;;6;;;;;;2008-10-to-2017-03;nouveau_loto.csv
2008102;2008102;;2008-11-24;LUNDI;modern-5-plus-chance;43;36;31;30;17;;;8;;;;;;2008-10-to-2017-03;nouveau_loto.csv
2008103;2008103;;2008-11-26;MERCREDI;modern-5-plus-chance;49;11;13;25;28;;;5;;;;;;2008-10-to-2017-03;nouveau_loto.csv
2008104;2008104;;2008-11-29;SAMEDI;modern-5-plus-chance;18;36;20;32;22;;;7;;;;;;2008-10-to-2017-03;nouveau_loto.csv
2008105;2008105;;2008-12-01;LUNDI;modern-5-plus-chance;32;15;19;37;38;;;1;;;;;;2008-10-to-2017-03;nouveau_loto.csv
2008106;2008106;;2008-12-03;MERCREDI;modern-5-plus-chance;26;29;34;42;31;;;10;;;;;;2008-10-to-2017-03;nouveau_loto.csv
2008107;2008107;;2008-12-06;SAMEDI;modern-5-plus-chance;48;2;5;13;24;;;4;;;;;;2008-10-to-2017-03;nouveau_loto.csv
2008108;2008108;;2008-12-08;LUNDI;modern-5-plus-chance;29;15;1;31;11;;;8;;;;;;2008-10-to-2017-03;nouveau_loto.csv
2008109;2008109;;2008-12-10;MERCREDI;modern-5-plus-chance;41;38;10;35;11;;;3;;;;;;2008-10-to-2017-03;nouveau_loto.csv
2008110;2008110;;2008-12-13;SAMEDI;modern-5-plus-chance;24;38;8;42;31;;;7;;;;;;2008-10-to-2017-03;nouveau_loto.csv
2008111;2008111;;2008-12-15;LUNDI;modern-5-plus-chance;48;5;15;2;27;;;8;;;;;;2008-10-to-2017-03;nouveau_loto.csv
2008112;2008112;;2008-12-17;MERCREDI;modern-5-plus-chance;49;44;31;13;33;;;9;;;;;;2008-10-to-2017-03;nouveau_loto.csv
2008113;2008113;;2008-12-20;SAMEDI;modern-5-plus-chance;41;46;2;22;26;;;5;;;;;;2008-10-to-2017-03;nouveau_loto.csv
2008114;2008114;;2008-12-22;LUNDI;modern-5-plus-chance;5;27;2;35;48;;;3;;;;;;2008-10-to-2017-03;nouveau_loto.csv
2008115;2008115;;2008-12-24;MERCREDI;modern-5-plus-chance;33;27;2;41;4;;;5;;;;;;2008-10-to-2017-03;nouveau_loto.csv
2008116;2008116;;2008-12-27;SAMEDI;modern-5-plus-chance;36;47;17;49;37;;;10;;;;;;2008-10-to-2017-03;nouveau_loto.csv
2008117;2008117;;2008-12-29;LUNDI;modern-5-plus-chance;26;38;14;21;27;;;4;;;;;;2008-10-to-2017-03;nouveau_loto.csv
2008118;2008118;;2008-12-31;MERCREDI;modern-5-plus-chance;11;5;20;30;24;;;8;;;;;;2008-10-to-2017-03;nouveau_loto.csv
2009119;2009119;;2009-01-03;SAMEDI;modern-5-plus-chance;47;22;24;12;38;;;1;;;;;;2008-10-to-2017-03;nouveau_loto.csv
2009120;2009120;;2009-01-05;LUNDI;modern-5-plus-chance;8;29;36;25;11;;;2;;;;;;2008-10-to-2017-03;nouveau_loto.csv
2009121;2009121;;2009-01-07;MERCREDI;modern-5-plus-chance;37;39;9;33;11;;;8;;;;;;2008-10-to-2017-03;nouveau_loto.csv
2009122;2009122;;2009-01-10;SAMEDI;modern-5-plus-chance;49;40;21;10;44;;;2;;;;;;2008-10-to-2017-03;nouveau_loto.csv
2009123;2009123;;2009-01-12;LUNDI;modern-5-plus-chance;47;11;29;4;9;;;8;;;;;;2008-10-to-2017-03;nouveau_loto.csv
2009124;2009124;;2009-01-14;MERCREDI;modern-5-plus-chance;5;42;1;19;13;;;3;;;;;;2008-10-to-2017-03;nouveau_loto.csv
2009125;2009125;;2009-01-17;SAMEDI;modern-5-plus-chance;2;46;27;37;5;;;4;;;;;;2008-10-to-2017-03;nouveau_loto.csv
2009126;2009126;;2009-01-19;LUNDI;modern-5-plus-chance;39;38;7;32;26;;;9;;;;;;2008-10-to-2017-03;nouveau_loto.csv
2009127;2009127;;2009-01-21;MERCREDI;modern-5-plus-chance;32;47;10;35;3;;;3;;;;;;2008-10-to-2017-03;nouveau_loto.csv
2009128;2009128;;2009-01-24;SAMEDI;modern-5-plus-chance;5;40;15;20;28;;;10;;;;;;2008-10-to-2017-03;nouveau_loto.csv
2009129;2009129;;2009-01-26;LUNDI;modern-5-plus-chance;39;8;13;49;10;;;10;;;;;;2008-10-to-2017-03;nouveau_loto.csv
2009130;2009130;;2009-01-28;MERCREDI;modern-5-plus-chance;40;7;41;38;46;;;5;;;;;;2008-10-to-2017-03;nouveau_loto.csv
2009131;2009131;;2009-01-31;SAMEDI;modern-5-plus-chance;6;31;40;18;36;;;7;;;;;;2008-10-to-2017-03;nouveau_loto.csv
2009132;2009132;;2009-02-02;LUNDI;modern-5-plus-chance;4;38;12;31;41;;;8;;;;;;2008-10-to-2017-03;nouveau_loto.csv
2009133;2009133;;2009-02-04;MERCREDI;modern-5-plus-chance;20;43;47;27;10;;;3;;;;;;2008-10-to-2017-03;nouveau_loto.csv
2009134;2009134;;2009-02-07;SAMEDI;modern-5-plus-chance;4;16;34;22;49;;;10;;;;;;2008-10-to-2017-03;nouveau_loto.csv
2009135;2009135;;2009-02-09;LUNDI;modern-5-plus-chance;17;13;31;3;46;;;5;;;;;;2008-10-to-2017-03;nouveau_loto.csv
2009136;2009136;;2009-02-11;MERCREDI;modern-5-plus-chance;35;46;10;1;14;;;8;;;;;;2008-10-to-2017-03;nouveau_loto.csv
2009137;2009137;;2009-02-14;SAMEDI;modern-5-plus-chance;12;24;18;44;16;;;4;;;;;;2008-10-to-2017-03;nouveau_loto.csv
2009138;2009138;;2009-02-16;LUNDI;modern-5-plus-chance;46;23;29;21;16;;;4;;;;;;2008-10-to-2017-03;nouveau_loto.csv
2009139;2009139;;2009-02-18;MERCREDI;modern-5-plus-chance;28;40;10;23;43;;;9;;;;;;2008-10-to-2017-03;nouveau_loto.csv
2009140;2009140;;2009-02-21;SAMEDI;modern-5-plus-chance;47;21;48;39;40;;;5;;;;;;2008-10-to-2017-03;nouveau_loto.csv
2009141;2009141;;2009-02-23;LUNDI;modern-5-plus-chance;3;14;34;31;22;;;7;;;;;;2008-10-to-2017-03;nouveau_loto.csv
2009142;2009142;;2009-02-25;MERCREDI;modern-5-plus-chance;15;4;21;30;36;;;4;;;;;;2008-10-to-2017-03;nouveau_loto.csv
2009143;2009143;;2009-02-28;SAMEDI;modern-5-plus-chance;45;14;41;25;16;;;10;;;;;;2008-10-to-2017-03;nouveau_loto.csv
2009144;2009144;;2009-03-02;LUNDI;modern-5-plus-chance;41;29;14;48;8;;;10;;;;;;2008-10-to-2017-03;nouveau_loto.csv
2009145;2009145;;2009-03-04;MERCREDI;modern-5-plus-chance;7;9;29;25;10;;;6;;;;;;2008-10-to-2017-03;nouveau_loto.csv
2009146;2009146;;2009-03-07;SAMEDI;modern-5-plus-chance;36;15;24;2;22;;;8;;;;;;2008-10-to-2017-03;nouveau_loto.csv
2009147;2009147;;2009-03-09;LUNDI;modern-5-plus-chance;27;32;5;40;3;;;9;;;;;;2008-10-to-2017-03;nouveau_loto.csv
2009148;2009148;;2009-03-11;MERCREDI;modern-5-plus-chance;4;7;11;22;8;;;5;;;;;;2008-10-to-2017-03;nouveau_loto.csv
2009149;2009149;;2009-03-14;SAMEDI;modern-5-plus-chance;27;18;20;11;38;;;6;;;;;;2008-10-to-2017-03;nouveau_loto.csv
2009150;2009150;;2009-03-16;LUNDI;modern-5-plus-chance;27;45;35;36;44;;;2;;;;;;2008-10-to-2017-03;nouveau_loto.csv
2009151;2009151;;2009-03-18;MERCREDI;modern-5-plus-chance;42;3;39;20;34;;;2;;;;;;2008-10-to-2017-03;nouveau_loto.csv
2009152;2009152;;2009-03-21;SAMEDI;modern-5-plus-chance;45;32;15;2;39;;;10;;;;;;2008-10-to-2017-03;nouveau_loto.csv
2009153;2009153;;2009-03-23;LUNDI;modern-5-plus-chance;1;25;10;2;33;;;4;;;;;;2008-10-to-2017-03;nouveau_loto.csv
2009154;2009154;;2009-03-25;MERCREDI;modern-5-plus-chance;10;34;15;33;5;;;7;;;;;;2008-10-to-2017-03;nouveau_loto.csv
2009155;2009155;;2009-03-28;SAMEDI;modern-5-plus-chance;19;26;23;22;27;;;2;;;;;;2008-10-to-2017-03;nouveau_loto.csv
2009156;2009156;;2009-03-30;LUNDI;modern-5-plus-chance;32;47;45;29;24;;;10;;;;;;2008-10-to-2017-03;nouveau_loto.csv
2009157;2009157;;2009-04-01;MERCREDI;modern-5-plus-chance;37;27;30;22;45;;;3;;;;;;2008-10-to-2017-03;nouveau_loto.csv
2009158;2009158;;2009-04-04;SAMEDI;modern-5-plus-chance;37;41;27;8;45;;;6;;;;;;2008-10-to-2017-03;nouveau_loto.csv
2009159;2009159;;2009-04-06;LUNDI;modern-5-plus-chance;43;33;48;31;28;;;7;;;;;;2008-10-to-2017-03;nouveau_loto.csv
2009160;2009160;;2009-04-08;MERCREDI;modern-5-plus-chance;46;33;10;34;7;;;6;;;;;;2008-10-to-2017-03;nouveau_loto.csv
2009161;2009161;;2009-04-11;SAMEDI;modern-5-plus-chance;21;5;2;23;19;;;7;;;;;;2008-10-to-2017-03;nouveau_loto.csv
2009162;2009162;;2009-04-13;LUNDI;modern-5-plus-chance;20;24;30;11;9;;;1;;;;;;2008-10-to-2017-03;nouveau_loto.csv
2009163;2009163;;2009-04-15;MERCREDI;modern-5-plus-chance;23;43;37;12;39;;;8;;;;;;2008-10-to-2017-03;nouveau_loto.csv
2009164;2009164;;2009-04-18;SAMEDI;modern-5-plus-chance;31;20;45;12;32;;;8;;;;;;2008-10-to-2017-03;nouveau_loto.csv
2009165;2009165;;2009-04-20;LUNDI;modern-5-plus-chance;11;34;38;43;12;;;3;;;;;;2008-10-to-2017-03;nouveau_loto.csv
2009166;2009166;;2009-04-22;MERCREDI;modern-5-plus-chance;2;31;49;33;43;;;9;;;;;;2008-10-to-2017-03;nouveau_loto.csv
2009167;2009167;;2009-04-25;SAMEDI;modern-5-plus-chance;34;23;49;9;20;;;8;;;;;;2008-10-to-2017-03;nouveau_loto.csv
2009168;2009168;;2009-04-27;LUNDI;modern-5-plus-chance;9;37;21;34;4;;;2;;;;;;2008-10-to-2017-03;nouveau_loto.csv
2009169;2009169;;2009-04-29;MERCREDI;modern-5-plus-chance;4;30;29;26;15;;;3;;;;;;2008-10-to-2017-03;nouveau_loto.csv
2009170;2009170;;2009-05-02;SAMEDI;modern-5-plus-chance;7;15;11;5;23;;;1;;;;;;2008-10-to-2017-03;nouveau_loto.csv
2009171;2009171;;2009-05-04;LUNDI;modern-5-plus-chance;33;1;23;12;46;;;1;;;;;;2008-10-to-2017-03;nouveau_loto.csv
2009172;2009172;;2009-05-06;MERCREDI;modern-5-plus-chance;48;36;13;20;44;;;1;;;;;;2008-10-to-2017-03;nouveau_loto.csv
2009173;2009173;;2009-05-09;SAMEDI;modern-5-plus-chance;45;28;22;30;20;;;3;;;;;;2008-10-to-2017-03;nouveau_loto.csv
2009174;2009174;;2009-05-11;LUNDI;modern-5-plus-chance;15;27;48;9;34;;;6;;;;;;2008-10-to-2017-03;nouveau_loto.csv
2009175;2009175;;2009-05-13;MERCREDI;modern-5-plus-chance;38;36;49;39;12;;;10;;;;;;2008-10-to-2017-03;nouveau_loto.csv
2009176;2009176;;2009-05-16;SAMEDI;modern-5-plus-chance;1;2;26;44;7;;;9;;;;;;2008-10-to-2017-03;nouveau_loto.csv
2009177;2009177;;2009-05-18;LUNDI;modern-5-plus-chance;49;26;35;34;28;;;4;;;;;;2008-10-to-2017-03;nouveau_loto.csv
2009178;2009178;;2009-05-20;MERCREDI;modern-5-plus-chance;35;28;15;3;23;;;10;;;;;;2008-10-to-2017-03;nouveau_loto.csv
2009179;2009179;;2009-05-23;SAMEDI;modern-5-plus-chance;38;13;33;3;25;;;3;;;;;;2008-10-to-2017-03;nouveau_loto.csv
2009180;2009180;;2009-05-25;LUNDI;modern-5-plus-chance;46;40;6;3;25;;;4;;;;;;2008-10-to-2017-03;nouveau_loto.csv
2009181;2009181;;2009-05-27;MERCREDI;modern-5-plus-chance;7;48;5;3;23;;;7;;;;;;2008-10-to-2017-03;nouveau_loto.csv
2009182;2009182;;2009-05-30;SAMEDI;modern-5-plus-chance;30;25;34;14;10;;;9;;;;;;2008-10-to-2017-03;nouveau_loto.csv
2009183;2009183;;2009-06-01;LUNDI;modern-5-plus-chance;18;26;47;24;35;;;1;;;;;;2008-10-to-2017-03;nouveau_loto.csv
2009184;2009184;;2009-06-03;MERCREDI;modern-5-plus-chance;46;21;32;26;14;;;6;;;;;;2008-10-to-2017-03;nouveau_loto.csv
2009185;2009185;;2009-06-06;SAMEDI;modern-5-plus-chance;32;46;13;33;15;;;10;;;;;;2008-10-to-2017-03;nouveau_loto.csv
2009186;2009186;;2009-06-08;LUNDI;modern-5-plus-chance;31;29;41;25;22;;;5;;;;;;2008-10-to-2017-03;nouveau_loto.csv
2009187;2009187;;2009-06-10;MERCREDI;modern-5-plus-chance;45;42;27;49;48;;;7;;;;;;2008-10-to-2017-03;nouveau_loto.csv
2009188;2009188;;2009-06-13;SAMEDI;modern-5-plus-chance;39;16;46;28;24;;;4;;;;;;2008-10-to-2017-03;nouveau_loto.csv
2009189;2009189;;2009-06-15;LUNDI;modern-5-plus-chance;49;11;41;21;40;;;4;;;;;;2008-10-to-2017-03;nouveau_loto.csv
2009190;2009190;;2009-06-17;MERCREDI;modern-5-plus-chance;3;27;41;8;37;;;2;;;;;;2008-10-to-2017-03;nouveau_loto.csv
2009191;2009191;;2009-06-20;SAMEDI;modern-5-plus-chance;26;27;49;21;33;;;7;;;;;;2008-10-to-2017-03;nouveau_loto.csv
2009192;2009192;;2009-06-22;LUNDI;modern-5-plus-chance;36;17;42;28;41;;;4;;;;;;2008-10-to-2017-03;nouveau_loto.csv
2009193;2009193;;2009-06-24;MERCREDI;modern-5-plus-chance;17;21;22;16;4;;;1;;;;;;2008-10-to-2017-03;nouveau_loto.csv
2009194;2009194;;2009-06-27;SAMEDI;modern-5-plus-chance;13;4;3;41;6;;;8;;;;;;2008-10-to-2017-03;nouveau_loto.csv
2009195;2009195;;2009-06-29;LUNDI;modern-5-plus-chance;35;43;9;28;10;;;8;;;;;;2008-10-to-2017-03;nouveau_loto.csv
2009196;2009196;;2009-07-01;MERCREDI;modern-5-plus-chance;34;5;28;13;29;;;4;;;;;;2008-10-to-2017-03;nouveau_loto.csv
2009197;2009197;;2009-07-04;SAMEDI;modern-5-plus-chance;39;4;8;43;27;;;3;;;;;;2008-10-to-2017-03;nouveau_loto.csv
2009198;2009198;;2009-07-06;LUNDI;modern-5-plus-chance;12;31;32;44;45;;;2;;;;;;2008-10-to-2017-03;nouveau_loto.csv
2009199;2009199;;2009-07-08;MERCREDI;modern-5-plus-chance;16;4;10;6;5;;;3;;;;;;2008-10-to-2017-03;nouveau_loto.csv
2009200;2009200;;2009-07-11;SAMEDI;modern-5-plus-chance;14;17;35;5;42;;;1;;;;;;2008-10-to-2017-03;nouveau_loto.csv
2009201;2009201;;2009-07-13;LUNDI;modern-5-plus-chance;26;2;20;34;18;;;1;;;;;;2008-10-to-2017-03;nouveau_loto.csv
2009202;2009202;;2009-07-15;MERCREDI;modern-5-plus-chance;4;1;23;14;25;;;10;;;;;;2008-10-to-2017-03;nouveau_loto.csv
2009203;2009203;;2009-07-18;SAMEDI;modern-5-plus-chance;44;14;26;34;9;;;9;;;;;;2008-10-to-2017-03;nouveau_loto.csv
2009204;2009204;;2009-07-20;LUNDI;modern-5-plus-chance;27;23;44;34;5;;;1;;;;;;2008-10-to-2017-03;nouveau_loto.csv
2009205;2009205;;2009-07-22;MERCREDI;modern-5-plus-chance;24;35;45;28;17;;;6;;;;;;2008-10-to-2017-03;nouveau_loto.csv
2009206;2009206;;2009-07-25;SAMEDI;modern-5-plus-chance;27;40;3;14;33;;;9;;;;;;2008-10-to-2017-03;nouveau_loto.csv
2009207;2009207;;2009-07-27;LUNDI;modern-5-plus-chance;18;47;7;13;48;;;4;;;;;;2008-10-to-2017-03;nouveau_loto.csv
2009208;2009208;;2009-07-29;MERCREDI;modern-5-plus-chance;16;25;14;35;3;;;3;;;;;;2008-10-to-2017-03;nouveau_loto.csv
2009209;2009209;;2009-08-01;SAMEDI;modern-5-plus-chance;44;10;18;45;22;;;6;;;;;;2008-10-to-2017-03;nouveau_loto.csv
2009210;2009210;;2009-08-03;LUNDI;modern-5-plus-chance;9;38;18;26;49;;;8;;;;;;2008-10-to-2017-03;nouveau_loto.csv
2009211;2009211;;2009-08-05;MERCREDI;modern-5-plus-chance;40;10;29;20;43;;;7;;;;;;2008-10-to-2017-03;nouveau_loto.csv
2009212;2009212;;2009-08-08;SAMEDI;modern-5-plus-chance;41;20;16;38;2;;;9;;;;;;2008-10-to-2017-03;nouveau_loto.csv
2009213;2009213;;2009-08-10;LUNDI;modern-5-plus-chance;5;22;31;2;24;;;6;;;;;;2008-10-to-2017-03;nouveau_loto.csv
2009214;2009214;;2009-08-12;MERCREDI;modern-5-plus-chance;6;33;17;34;39;;;5;;;;;;2008-10-to-2017-03;nouveau_loto.csv
2009215;2009215;;2009-08-15;SAMEDI;modern-5-plus-chance;1;41;32;24;27;;;9;;;;;;2008-10-to-2017-03;nouveau_loto.csv
2009216;2009216;;2009-08-17;LUNDI;modern-5-plus-chance;2;9;17;14;25;;;9;;;;;;2008-10-to-2017-03;nouveau_loto.csv
2009217;2009217;;2009-08-19;MERCREDI;modern-5-plus-chance;35;42;7;33;28;;;10;;;;;;2008-10-to-2017-03;nouveau_loto.csv
2009218;2009218;;2009-08-22;SAMEDI;modern-5-plus-chance;31;21;8;27;29;;;10;;;;;;2008-10-to-2017-03;nouveau_loto.csv
2009219;2009219;;2009-08-24;LUNDI;modern-5-plus-chance;22;18;33;28;11;;;2;;;;;;2008-10-to-2017-03;nouveau_loto.csv
2009220;2009220;;2009-08-26;MERCREDI;modern-5-plus-chance;44;31;7;38;14;;;1;;;;;;2008-10-to-2017-03;nouveau_loto.csv
2009221;2009221;;2009-08-29;SAMEDI;modern-5-plus-chance;34;7;27;23;19;;;7;;;;;;2008-10-to-2017-03;nouveau_loto.csv
2009222;2009222;;2009-08-31;LUNDI;modern-5-plus-chance;16;13;1;5;20;;;2;;;;;;2008-10-to-2017-03;nouveau_loto.csv
2009223;2009223;;2009-09-02;MERCREDI;modern-5-plus-chance;17;5;12;6;15;;;1;;;;;;2008-10-to-2017-03;nouveau_loto.csv
2009224;2009224;;2009-09-05;SAMEDI;modern-5-plus-chance;1;37;17;44;20;;;8;;;;;;2008-10-to-2017-03;nouveau_loto.csv
2009225;2009225;;2009-09-07;LUNDI;modern-5-plus-chance;8;21;4;31;39;;;2;;;;;;2008-10-to-2017-03;nouveau_loto.csv
2009226;2009226;;2009-09-09;MERCREDI;modern-5-plus-chance;1;12;23;22;7;;;4;;;;;;2008-10-to-2017-03;nouveau_loto.csv
2009227;2009227;;2009-09-12;SAMEDI;modern-5-plus-chance;41;11;4;29;7;;;4;;;;;;2008-10-to-2017-03;nouveau_loto.csv
2009228;2009228;;2009-09-14;LUNDI;modern-5-plus-chance;9;18;43;32;22;;;1;;;;;;2008-10-to-2017-03;nouveau_loto.csv
2009229;2009229;;2009-09-16;MERCREDI;modern-5-plus-chance;40;7;21;25;30;;;1;;;;;;2008-10-to-2017-03;nouveau_loto.csv
2009230;2009230;;2009-09-19;SAMEDI;modern-5-plus-chance;12;27;38;33;19;;;7;;;;;;2008-10-to-2017-03;nouveau_loto.csv
2009231;2009231;;2009-09-21;LUNDI;modern-5-plus-chance;3;4;38;46;7;;;2;;;;;;2008-10-to-2017-03;nouveau_loto.csv
2009232;2009232;;2009-09-23;MERCREDI;modern-5-plus-chance;24;42;4;47;5;;;6;;;;;;2008-10-to-2017-03;nouveau_loto.csv
2009233;2009233;;2009-09-26;SAMEDI;modern-5-plus-chance;2;37;43;21;25;;;9;;;;;;2008-10-to-2017-03;nouveau_loto.csv
2009234;2009234;;2009-09-28;LUNDI;modern-5-plus-chance;30;20;16;3;44;;;4;;;;;;2008-10-to-2017-03;nouveau_loto.csv
2009235;2009235;;2009-09-30;MERCREDI;modern-5-plus-chance;33;35;40;5;2;;;4;;;;;;2008-10-to-2017-03;nouveau_loto.csv
2009236;2009236;;2009-10-03;SAMEDI;modern-5-plus-chance;47;15;49;7;9;;;7;;;;;;2008-10-to-2017-03;nouveau_loto.csv
2009237;2009237;;2009-10-05;LUNDI;modern-5-plus-chance;21;12;20;11;32;;;4;;;;;;2008-10-to-2017-03;nouveau_loto.csv
2009238;2009238;;2009-10-07;MERCREDI;modern-5-plus-chance;4;1;21;12;46;;;8;;;;;;2008-10-to-2017-03;nouveau_loto.csv
2009239;2009239;;2009-10-10;SAMEDI;modern-5-plus-chance;3;38;1;23;16;;;3;;;;;;2008-10-to-2017-03;nouveau_loto.csv
2009240;2009240;;2009-10-12;LUNDI;modern-5-plus-chance;38;7;48;43;28;;;5;;;;;;2008-10-to-2017-03;nouveau_loto.csv
2009241;2009241;;2009-10-14;MERCREDI;modern-5-plus-chance;6;35;36;42;24;;;2;;;;;;2008-10-to-2017-03;nouveau_loto.csv
2009242;2009242;;2009-10-17;SAMEDI;modern-5-plus-chance;12;49;8;20;16;;;5;;;;;;2008-10-to-2017-03;nouveau_loto.csv
2009243;2009243;;2009-10-19;LUNDI;modern-5-plus-chance;4;31;11;3;6;;;1;;;;;;2008-10-to-2017-03;nouveau_loto.csv
2009244;2009244;;2009-10-21;MERCREDI;modern-5-plus-chance;10;49;26;15;1;;;7;;;;;;2008-10-to-2017-03;nouveau_loto.csv
2009245;2009245;;2009-10-24;SAMEDI;modern-5-plus-chance;39;28;15;38;27;;;10;;;;;;2008-10-to-2017-03;nouveau_loto.csv
2009246;2009246;;2009-10-26;LUNDI;modern-5-plus-chance;49;47;42;1;3;;;7;;;;;;2008-10-to-2017-03;nouveau_loto.csv
2009247;2009247;;2009-10-28;MERCREDI;modern-5-plus-chance;8;11;7;37;30;;;3;;;;;;2008-10-to-2017-03;nouveau_loto.csv
2009248;2009248;;2009-10-31;SAMEDI;modern-5-plus-chance;23;39;36;27;30;;;2;;;;;;2008-10-to-2017-03;nouveau_loto.csv
2009249;2009249;;2009-11-02;LUNDI;modern-5-plus-chance;17;34;23;40;9;;;9;;;;;;2008-10-to-2017-03;nouveau_loto.csv
2009250;2009250;;2009-11-04;MERCREDI;modern-5-plus-chance;33;18;19;22;23;;;1;;;;;;2008-10-to-2017-03;nouveau_loto.csv
2009251;2009251;;2009-11-07;SAMEDI;modern-5-plus-chance;1;41;13;3;18;;;1;;;;;;2008-10-to-2017-03;nouveau_loto.csv
2009252;2009252;;2009-11-09;LUNDI;modern-5-plus-chance;3;2;29;48;1;;;9;;;;;;2008-10-to-2017-03;nouveau_loto.csv
2009253;2009253;;2009-11-11;MERCREDI;modern-5-plus-chance;41;47;22;17;7;;;6;;;;;;2008-10-to-2017-03;nouveau_loto.csv
2009254;2009254;;2009-11-14;SAMEDI;modern-5-plus-chance;39;16;47;28;24;;;9;;;;;;2008-10-to-2017-03;nouveau_loto.csv
2009255;2009255;;2009-11-16;LUNDI;modern-5-plus-chance;20;32;36;19;27;;;7;;;;;;2008-10-to-2017-03;nouveau_loto.csv
2009256;2009256;;2009-11-18;MERCREDI;modern-5-plus-chance;24;20;22;19;1;;;6;;;;;;2008-10-to-2017-03;nouveau_loto.csv
2009257;2009257;;2009-11-21;SAMEDI;modern-5-plus-chance;20;33;46;40;12;;;6;;;;;;2008-10-to-2017-03;nouveau_loto.csv
2009258;2009258;;2009-11-23;LUNDI;modern-5-plus-chance;13;12;3;37;30;;;8;;;;;;2008-10-to-2017-03;nouveau_loto.csv
2009259;2009259;;2009-11-25;MERCREDI;modern-5-plus-chance;14;33;39;15;11;;;6;;;;;;2008-10-to-2017-03;nouveau_loto.csv
2009260;2009260;;2009-11-28;SAMEDI;modern-5-plus-chance;35;37;41;15;39;;;4;;;;;;2008-10-to-2017-03;nouveau_loto.csv
2009261;2009261;;2009-11-30;LUNDI;modern-5-plus-chance;12;43;7;23;27;;;6;;;;;;2008-10-to-2017-03;nouveau_loto.csv
2009262;2009262;;2009-12-02;MERCREDI;modern-5-plus-chance;10;47;20;28;21;;;6;;;;;;2008-10-to-2017-03;nouveau_loto.csv
2009263;2009263;;2009-12-05;SAMEDI;modern-5-plus-chance;28;22;7;16;39;;;7;;;;;;2008-10-to-2017-03;nouveau_loto.csv
2009264;2009264;;2009-12-07;LUNDI;modern-5-plus-chance;20;42;43;33;19;;;5;;;;;;2008-10-to-2017-03;nouveau_loto.csv
2009265;2009265;;2009-12-09;MERCREDI;modern-5-plus-chance;1;31;11;22;23;;;1;;;;;;2008-10-to-2017-03;nouveau_loto.csv
2009266;2009266;;2009-12-12;SAMEDI;modern-5-plus-chance;4;30;13;18;39;;;1;;;;;;2008-10-to-2017-03;nouveau_loto.csv
2009267;2009267;;2009-12-14;LUNDI;modern-5-plus-chance;46;8;26;13;38;;;2;;;;;;2008-10-to-2017-03;nouveau_loto.csv
2009268;2009268;;2009-12-16;MERCREDI;modern-5-plus-chance;39;15;23;49;30;;;5;;;;;;2008-10-to-2017-03;nouveau_loto.csv
2009269;2009269;;2009-12-19;SAMEDI;modern-5-plus-chance;40;15;16;6;9;;;6;;;;;;2008-10-to-2017-03;nouveau_loto.csv
2009270;2009270;;2009-12-21;LUNDI;modern-5-plus-chance;38;42;28;3;27;;;9;;;;;;2008-10-to-2017-03;nouveau_loto.csv
2009271;2009271;;2009-12-23;MERCREDI;modern-5-plus-chance;24;44;18;17;15;;;6;;;;;;2008-10-to-2017-03;nouveau_loto.csv
2009272;2009272;;2009-12-26;SAMEDI;modern-5-plus-chance;7;6;41;25;16;;;5;;;;;;2008-10-to-2017-03;nouveau_loto.csv
2009273;2009273;;2009-12-28;LUNDI;modern-5-plus-chance;23;12;15;27;46;;;6;;;;;;2008-10-to-2017-03;nouveau_loto.csv
2009274;2009274;;2009-12-30;MERCREDI;modern-5-plus-chance;21;39;5;2;15;;;10;;;;;;2008-10-to-2017-03;nouveau_loto.csv
2010001;2010001;;2010-01-02;SAMEDI;modern-5-plus-chance;43;5;23;49;17;;;4;;;;;;2008-10-to-2017-03;nouveau_loto.csv
2010002;2010002;;2010-01-04;LUNDI;modern-5-plus-chance;33;21;41;18;32;;;9;;;;;;2008-10-to-2017-03;nouveau_loto.csv
2010003;2010003;;2010-01-06;MERCREDI;modern-5-plus-chance;19;49;31;44;38;;;3;;;;;;2008-10-to-2017-03;nouveau_loto.csv
2010004;2010004;;2010-01-09;SAMEDI;modern-5-plus-chance;35;4;14;23;46;;;7;;;;;;2008-10-to-2017-03;nouveau_loto.csv
2010005;2010005;;2010-01-11;LUNDI;modern-5-plus-chance;24;20;31;36;6;;;4;;;;;;2008-10-to-2017-03;nouveau_loto.csv
2010006;2010006;;2010-01-13;MERCREDI;modern-5-plus-chance;31;4;14;37;7;;;8;;;;;;2008-10-to-2017-03;nouveau_loto.csv
2010007;2010007;;2010-01-16;SAMEDI;modern-5-plus-chance;21;38;32;3;33;;;10;;;;;;2008-10-to-2017-03;nouveau_loto.csv
2010008;2010008;;2010-01-18;LUNDI;modern-5-plus-chance;8;7;22;28;38;;;10;;;;;;2008-10-to-2017-03;nouveau_loto.csv
2010009;2010009;;2010-01-20;MERCREDI;modern-5-plus-chance;13;37;48;45;28;;;9;;;;;;2008-10-to-2017-03;nouveau_loto.csv
2010010;2010010;;2010-01-23;SAMEDI;modern-5-plus-chance;24;39;2;13;48;;;1;;;;;;2008-10-to-2017-03;nouveau_loto.csv
2010011;2010011;;2010-01-25;LUNDI;modern-5-plus-chance;6;8;31;45;36;;;9;;;;;;2008-10-to-2017-03;nouveau_loto.csv
2010012;2010012;;2010-01-27;MERCREDI;modern-5-plus-chance;10;15;43;45;5;;;9;;;;;;2008-10-to-2017-03;nouveau_loto.csv
2010013;2010013;;2010-01-30;SAMEDI;modern-5-plus-chance;44;26;18;21;47;;;3;;;;;;2008-10-to-2017-03;nouveau_loto.csv
2010014;2010014;;2010-02-01;LUNDI;modern-5-plus-chance;29;1;39;40;18;;;2;;;;;;2008-10-to-2017-03;nouveau_loto.csv
2010015;2010015;;2010-02-03;MERCREDI;modern-5-plus-chance;44;48;7;30;13;;;7;;;;;;2008-10-to-2017-03;nouveau_loto.csv
2010016;2010016;;2010-02-06;SAMEDI;modern-5-plus-chance;16;37;18;5;34;;;5;;;;;;2008-10-to-2017-03;nouveau_loto.csv
2010017;2010017;;2010-02-08;LUNDI;modern-5-plus-chance;36;13;24;7;42;;;4;;;;;;2008-10-to-2017-03;nouveau_loto.csv
2010018;2010018;;2010-02-10;MERCREDI;modern-5-plus-chance;6;45;19;12;11;;;10;;;;;;2008-10-to-2017-03;nouveau_loto.csv
2010019;2010019;;2010-02-13;SAMEDI;modern-5-plus-chance;1;7;38;3;14;;;5;;;;;;2008-10-to-2017-03;nouveau_loto.csv
2010020;2010020;;2010-02-15;LUNDI;modern-5-plus-chance;48;39;24;8;15;;;8;;;;;;2008-10-to-2017-03;nouveau_loto.csv
2010021;2010021;;2010-02-17;MERCREDI;modern-5-plus-chance;23;40;26;22;29;;;5;;;;;;2008-10-to-2017-03;nouveau_loto.csv
2010022;2010022;;2010-02-20;SAMEDI;modern-5-plus-chance;34;49;36;39;23;;;8;;;;;;2008-10-to-2017-03;nouveau_loto.csv
2010023;2010023;;2010-02-22;LUNDI;modern-5-plus-chance;41;48;18;11;24;;;2;;;;;;2008-10-to-2017-03;nouveau_loto.csv
2010024;2010024;;2010-02-24;MERCREDI;modern-5-plus-chance;45;2;1;27;31;;;8;;;;;;2008-10-to-2017-03;nouveau_loto.csv
2010025;2010025;;2010-02-27;SAMEDI;modern-5-plus-chance;13;40;2;10;35;;;1;;;;;;2008-10-to-2017-03;nouveau_loto.csv
2010026;2010026;;2010-03-01;LUNDI;modern-5-plus-chance;19;11;8;48;49;;;7;;;;;;2008-10-to-2017-03;nouveau_loto.csv
2010027;2010027;;2010-03-03;MERCREDI;modern-5-plus-chance;17;37;23;25;2;;;7;;;;;;2008-10-to-2017-03;nouveau_loto.csv
2010028;2010028;;2010-03-06;SAMEDI;modern-5-plus-chance;5;18;26;9;36;;;9;;;;;;2008-10-to-2017-03;nouveau_loto.csv
2010029;2010029;;2010-03-08;LUNDI;modern-5-plus-chance;23;11;43;49;10;;;10;;;;;;2008-10-to-2017-03;nouveau_loto.csv
2010030;2010030;;2010-03-10;MERCREDI;modern-5-plus-chance;36;13;44;1;48;;;2;;;;;;2008-10-to-2017-03;nouveau_loto.csv
2010031;2010031;;2010-03-13;SAMEDI;modern-5-plus-chance;32;37;16;6;8;;;7;;;;;;2008-10-to-2017-03;nouveau_loto.csv
2010032;2010032;;2010-03-15;LUNDI;modern-5-plus-chance;18;15;1;4;38;;;6;;;;;;2008-10-to-2017-03;nouveau_loto.csv
2010033;2010033;;2010-03-17;MERCREDI;modern-5-plus-chance;46;1;24;18;9;;;7;;;;;;2008-10-to-2017-03;nouveau_loto.csv
2010034;2010034;;2010-03-20;SAMEDI;modern-5-plus-chance;15;36;28;49;2;;;3;;;;;;2008-10-to-2017-03;nouveau_loto.csv
2010035;2010035;;2010-03-22;LUNDI;modern-5-plus-chance;44;34;25;47;29;;;9;;;;;;2008-10-to-2017-03;nouveau_loto.csv
2010036;2010036;;2010-03-24;MERCREDI;modern-5-plus-chance;28;9;35;8;42;;;6;;;;;;2008-10-to-2017-03;nouveau_loto.csv
2010037;2010037;;2010-03-27;SAMEDI;modern-5-plus-chance;43;42;9;21;46;;;6;;;;;;2008-10-to-2017-03;nouveau_loto.csv
2010038;2010038;;2010-03-29;LUNDI;modern-5-plus-chance;2;44;41;34;46;;;2;;;;;;2008-10-to-2017-03;nouveau_loto.csv
2010039;2010039;;2010-03-31;MERCREDI;modern-5-plus-chance;46;28;21;39;49;;;1;;;;;;2008-10-to-2017-03;nouveau_loto.csv
2010040;2010040;;2010-04-03;SAMEDI;modern-5-plus-chance;35;39;20;48;42;;;2;;;;;;2008-10-to-2017-03;nouveau_loto.csv
2010041;2010041;;2010-04-05;LUNDI;modern-5-plus-chance;17;18;36;21;47;;;6;;;;;;2008-10-to-2017-03;nouveau_loto.csv
2010042;2010042;;2010-04-07;MERCREDI;modern-5-plus-chance;28;11;2;33;43;;;1;;;;;;2008-10-to-2017-03;nouveau_loto.csv
2010043;2010043;;2010-04-10;SAMEDI;modern-5-plus-chance;33;13;49;36;22;;;4;;;;;;2008-10-to-2017-03;nouveau_loto.csv
2010044;2010044;;2010-04-12;LUNDI;modern-5-plus-chance;4;36;11;31;46;;;10;;;;;;2008-10-to-2017-03;nouveau_loto.csv
2010045;2010045;;2010-04-14;MERCREDI;modern-5-plus-chance;9;12;29;2;21;;;7;;;;;;2008-10-to-2017-03;nouveau_loto.csv
2010046;2010046;;2010-04-17;SAMEDI;modern-5-plus-chance;24;42;16;9;32;;;3;;;;;;2008-10-to-2017-03;nouveau_loto.csv
2010047;2010047;;2010-04-19;LUNDI;modern-5-plus-chance;44;22;17;38;2;;;8;;;;;;2008-10-to-2017-03;nouveau_loto.csv
2010048;2010048;;2010-04-21;MERCREDI;modern-5-plus-chance;24;26;35;9;1;;;4;;;;;;2008-10-to-2017-03;nouveau_loto.csv
2010049;2010049;;2010-04-24;SAMEDI;modern-5-plus-chance;17;34;27;3;41;;;4;;;;;;2008-10-to-2017-03;nouveau_loto.csv
2010050;2010050;;2010-04-26;LUNDI;modern-5-plus-chance;29;24;4;46;7;;;10;;;;;;2008-10-to-2017-03;nouveau_loto.csv
2010051;2010051;;2010-04-28;MERCREDI;modern-5-plus-chance;34;49;9;25;38;;;1;;;;;;2008-10-to-2017-03;nouveau_loto.csv
2010052;2010052;;2010-05-01;SAMEDI;modern-5-plus-chance;39;28;3;42;6;;;5;;;;;;2008-10-to-2017-03;nouveau_loto.csv
2010053;2010053;;2010-05-03;LUNDI;modern-5-plus-chance;8;11;12;26;48;;;6;;;;;;2008-10-to-2017-03;nouveau_loto.csv
2010054;2010054;;2010-05-05;MERCREDI;modern-5-plus-chance;10;30;18;27;4;;;1;;;;;;2008-10-to-2017-03;nouveau_loto.csv
2010055;2010055;;2010-05-08;SAMEDI;modern-5-plus-chance;16;29;31;39;1;;;2;;;;;;2008-10-to-2017-03;nouveau_loto.csv
2010056;2010056;;2010-05-10;LUNDI;modern-5-plus-chance;41;4;35;33;10;;;5;;;;;;2008-10-to-2017-03;nouveau_loto.csv
2010057;2010057;;2010-05-12;MERCREDI;modern-5-plus-chance;28;22;27;14;23;;;4;;;;;;2008-10-to-2017-03;nouveau_loto.csv
2010058;2010058;;2010-05-15;SAMEDI;modern-5-plus-chance;32;31;44;27;9;;;8;;;;;;2008-10-to-2017-03;nouveau_loto.csv
2010059;2010059;;2010-05-17;LUNDI;modern-5-plus-chance;9;27;26;29;36;;;5;;;;;;2008-10-to-2017-03;nouveau_loto.csv
2010060;2010060;;2010-05-19;MERCREDI;modern-5-plus-chance;24;12;17;38;30;;;7;;;;;;2008-10-to-2017-03;nouveau_loto.csv
2010061;2010061;;2010-05-22;SAMEDI;modern-5-plus-chance;2;48;40;46;17;;;10;;;;;;2008-10-to-2017-03;nouveau_loto.csv
2010062;2010062;;2010-05-24;LUNDI;modern-5-plus-chance;8;35;29;12;3;;;1;;;;;;2008-10-to-2017-03;nouveau_loto.csv
2010063;2010063;;2010-05-26;MERCREDI;modern-5-plus-chance;47;3;35;22;6;;;1;;;;;;2008-10-to-2017-03;nouveau_loto.csv
2010064;2010064;;2010-05-29;SAMEDI;modern-5-plus-chance;33;21;49;26;46;;;1;;;;;;2008-10-to-2017-03;nouveau_loto.csv
2010065;2010065;;2010-05-31;LUNDI;modern-5-plus-chance;46;49;32;5;33;;;1;;;;;;2008-10-to-2017-03;nouveau_loto.csv
2010066;2010066;;2010-06-02;MERCREDI;modern-5-plus-chance;43;11;14;23;17;;;10;;;;;;2008-10-to-2017-03;nouveau_loto.csv
2010067;2010067;;2010-06-05;SAMEDI;modern-5-plus-chance;37;43;31;45;22;;;5;;;;;;2008-10-to-2017-03;nouveau_loto.csv
2010068;2010068;;2010-06-07;LUNDI;modern-5-plus-chance;29;48;42;28;26;;;1;;;;;;2008-10-to-2017-03;nouveau_loto.csv
2010069;2010069;;2010-06-09;MERCREDI;modern-5-plus-chance;14;48;44;24;20;;;10;;;;;;2008-10-to-2017-03;nouveau_loto.csv
2010070;2010070;;2010-06-12;SAMEDI;modern-5-plus-chance;30;43;48;24;15;;;7;;;;;;2008-10-to-2017-03;nouveau_loto.csv
2010071;2010071;;2010-06-14;LUNDI;modern-5-plus-chance;15;48;23;49;45;;;2;;;;;;2008-10-to-2017-03;nouveau_loto.csv
2010072;2010072;;2010-06-16;MERCREDI;modern-5-plus-chance;40;48;15;9;3;;;10;;;;;;2008-10-to-2017-03;nouveau_loto.csv
2010073;2010073;;2010-06-19;SAMEDI;modern-5-plus-chance;21;23;19;36;49;;;4;;;;;;2008-10-to-2017-03;nouveau_loto.csv
2010074;2010074;;2010-06-21;LUNDI;modern-5-plus-chance;45;35;24;37;48;;;2;;;;;;2008-10-to-2017-03;nouveau_loto.csv
2010075;2010075;;2010-06-23;MERCREDI;modern-5-plus-chance;16;27;41;1;35;;;1;;;;;;2008-10-to-2017-03;nouveau_loto.csv
2010076;2010076;;2010-06-26;SAMEDI;modern-5-plus-chance;47;16;11;37;7;;;10;;;;;;2008-10-to-2017-03;nouveau_loto.csv
2010077;2010077;;2010-06-28;LUNDI;modern-5-plus-chance;41;49;42;19;12;;;8;;;;;;2008-10-to-2017-03;nouveau_loto.csv
2010078;2010078;;2010-06-30;MERCREDI;modern-5-plus-chance;14;44;28;18;17;;;2;;;;;;2008-10-to-2017-03;nouveau_loto.csv
2010079;2010079;;2010-07-03;SAMEDI;modern-5-plus-chance;10;46;2;33;28;;;8;;;;;;2008-10-to-2017-03;nouveau_loto.csv
2010080;2010080;;2010-07-05;LUNDI;modern-5-plus-chance;39;33;43;22;31;;;10;;;;;;2008-10-to-2017-03;nouveau_loto.csv
2010081;2010081;;2010-07-07;MERCREDI;modern-5-plus-chance;20;47;49;26;31;;;10;;;;;;2008-10-to-2017-03;nouveau_loto.csv
2010082;2010082;;2010-07-10;SAMEDI;modern-5-plus-chance;27;32;12;42;30;;;7;;;;;;2008-10-to-2017-03;nouveau_loto.csv
2010083;2010083;;2010-07-12;LUNDI;modern-5-plus-chance;47;11;15;24;38;;;6;;;;;;2008-10-to-2017-03;nouveau_loto.csv
2010084;2010084;;2010-07-14;MERCREDI;modern-5-plus-chance;48;30;5;26;11;;;1;;;;;;2008-10-to-2017-03;nouveau_loto.csv
2010085;2010085;;2010-07-17;SAMEDI;modern-5-plus-chance;32;28;47;20;22;;;6;;;;;;2008-10-to-2017-03;nouveau_loto.csv
2010086;2010086;;2010-07-19;LUNDI;modern-5-plus-chance;27;24;16;10;47;;;5;;;;;;2008-10-to-2017-03;nouveau_loto.csv
2010087;2010087;;2010-07-21;MERCREDI;modern-5-plus-chance;43;45;21;3;9;;;1;;;;;;2008-10-to-2017-03;nouveau_loto.csv
2010088;2010088;;2010-07-24;SAMEDI;modern-5-plus-chance;18;43;16;7;33;;;5;;;;;;2008-10-to-2017-03;nouveau_loto.csv
2010089;2010089;;2010-07-26;LUNDI;modern-5-plus-chance;4;42;37;23;43;;;7;;;;;;2008-10-to-2017-03;nouveau_loto.csv
2010090;2010090;;2010-07-28;MERCREDI;modern-5-plus-chance;25;37;7;10;47;;;10;;;;;;2008-10-to-2017-03;nouveau_loto.csv
2010091;2010091;;2010-07-31;SAMEDI;modern-5-plus-chance;2;25;44;28;8;;;4;;;;;;2008-10-to-2017-03;nouveau_loto.csv
2010092;2010092;;2010-08-02;LUNDI;modern-5-plus-chance;16;32;44;38;37;;;3;;;;;;2008-10-to-2017-03;nouveau_loto.csv
2010093;2010093;;2010-08-04;MERCREDI;modern-5-plus-chance;32;8;46;22;9;;;8;;;;;;2008-10-to-2017-03;nouveau_loto.csv
2010094;2010094;;2010-08-07;SAMEDI;modern-5-plus-chance;43;6;46;27;5;;;7;;;;;;2008-10-to-2017-03;nouveau_loto.csv
2010095;2010095;;2010-08-09;LUNDI;modern-5-plus-chance;7;15;18;8;25;;;6;;;;;;2008-10-to-2017-03;nouveau_loto.csv
2010096;2010096;;2010-08-11;MERCREDI;modern-5-plus-chance;7;22;8;26;5;;;2;;;;;;2008-10-to-2017-03;nouveau_loto.csv
2010097;2010097;;2010-08-14;SAMEDI;modern-5-plus-chance;21;27;9;49;11;;;5;;;;;;2008-10-to-2017-03;nouveau_loto.csv
2010098;2010098;;2010-08-16;LUNDI;modern-5-plus-chance;13;22;40;28;31;;;9;;;;;;2008-10-to-2017-03;nouveau_loto.csv
2010099;2010099;;2010-08-18;MERCREDI;modern-5-plus-chance;49;43;46;27;23;;;6;;;;;;2008-10-to-2017-03;nouveau_loto.csv
2010100;2010100;;2010-08-21;SAMEDI;modern-5-plus-chance;8;44;14;48;29;;;7;;;;;;2008-10-to-2017-03;nouveau_loto.csv
2010101;2010101;;2010-08-23;LUNDI;modern-5-plus-chance;49;41;9;28;16;;;5;;;;;;2008-10-to-2017-03;nouveau_loto.csv
2010102;2010102;;2010-08-25;MERCREDI;modern-5-plus-chance;39;49;23;19;36;;;3;;;;;;2008-10-to-2017-03;nouveau_loto.csv
2010103;2010103;;2010-08-28;SAMEDI;modern-5-plus-chance;13;16;18;20;19;;;2;;;;;;2008-10-to-2017-03;nouveau_loto.csv
2010104;2010104;;2010-08-30;LUNDI;modern-5-plus-chance;22;49;28;3;16;;;4;;;;;;2008-10-to-2017-03;nouveau_loto.csv
2010105;2010105;;2010-09-01;MERCREDI;modern-5-plus-chance;20;39;33;21;16;;;2;;;;;;2008-10-to-2017-03;nouveau_loto.csv
2010106;2010106;;2010-09-04;SAMEDI;modern-5-plus-chance;11;42;9;49;15;;;3;;;;;;2008-10-to-2017-03;nouveau_loto.csv
2010107;2010107;;2010-09-06;LUNDI;modern-5-plus-chance;29;22;17;19;43;;;8;;;;;;2008-10-to-2017-03;nouveau_loto.csv
2010108;2010108;;2010-09-08;MERCREDI;modern-5-plus-chance;24;47;21;44;13;;;3;;;;;;2008-10-to-2017-03;nouveau_loto.csv
2010109;2010109;;2010-09-11;SAMEDI;modern-5-plus-chance;36;41;45;13;7;;;5;;;;;;2008-10-to-2017-03;nouveau_loto.csv
2010110;2010110;;2010-09-13;LUNDI;modern-5-plus-chance;33;39;25;43;8;;;8;;;;;;2008-10-to-2017-03;nouveau_loto.csv
2010111;2010111;;2010-09-15;MERCREDI;modern-5-plus-chance;40;1;30;8;38;;;6;;;;;;2008-10-to-2017-03;nouveau_loto.csv
2010112;2010112;;2010-09-18;SAMEDI;modern-5-plus-chance;7;43;33;11;1;;;1;;;;;;2008-10-to-2017-03;nouveau_loto.csv
2010113;2010113;;2010-09-20;LUNDI;modern-5-plus-chance;1;37;25;45;17;;;9;;;;;;2008-10-to-2017-03;nouveau_loto.csv
2010114;2010114;;2010-09-22;MERCREDI;modern-5-plus-chance;37;38;2;14;17;;;1;;;;;;2008-10-to-2017-03;nouveau_loto.csv
2010115;2010115;;2010-09-25;SAMEDI;modern-5-plus-chance;42;5;12;29;21;;;2;;;;;;2008-10-to-2017-03;nouveau_loto.csv
2010116;2010116;;2010-09-27;LUNDI;modern-5-plus-chance;15;1;23;22;46;;;9;;;;;;2008-10-to-2017-03;nouveau_loto.csv
2010117;2010117;;2010-09-29;MERCREDI;modern-5-plus-chance;41;32;33;25;26;;;3;;;;;;2008-10-to-2017-03;nouveau_loto.csv
2010118;2010118;;2010-10-02;SAMEDI;modern-5-plus-chance;35;13;16;41;7;;;1;;;;;;2008-10-to-2017-03;nouveau_loto.csv
2010119;2010119;;2010-10-04;LUNDI;modern-5-plus-chance;7;46;31;29;9;;;8;;;;;;2008-10-to-2017-03;nouveau_loto.csv
2010120;2010120;;2010-10-06;MERCREDI;modern-5-plus-chance;33;6;43;25;37;;;1;;;;;;2008-10-to-2017-03;nouveau_loto.csv
2010121;2010121;;2010-10-09;SAMEDI;modern-5-plus-chance;17;43;23;2;26;;;3;;;;;;2008-10-to-2017-03;nouveau_loto.csv
2010122;2010122;;2010-10-11;LUNDI;modern-5-plus-chance;9;20;35;4;1;;;8;;;;;;2008-10-to-2017-03;nouveau_loto.csv
2010123;2010123;;2010-10-13;MERCREDI;modern-5-plus-chance;33;22;9;44;25;;;3;;;;;;2008-10-to-2017-03;nouveau_loto.csv
2010124;2010124;;2010-10-16;SAMEDI;modern-5-plus-chance;37;22;46;13;1;;;9;;;;;;2008-10-to-2017-03;nouveau_loto.csv
2010125;2010125;;2010-10-18;LUNDI;modern-5-plus-chance;1;31;38;26;29;;;5;;;;;;2008-10-to-2017-03;nouveau_loto.csv
2010126;2010126;;2010-10-20;MERCREDI;modern-5-plus-chance;13;24;33;18;11;;;7;;;;;;2008-10-to-2017-03;nouveau_loto.csv
2010127;2010127;;2010-10-23;SAMEDI;modern-5-plus-chance;47;49;9;16;14;;;7;;;;;;2008-10-to-2017-03;nouveau_loto.csv
2010128;2010128;;2010-10-25;LUNDI;modern-5-plus-chance;4;36;40;10;41;;;10;;;;;;2008-10-to-2017-03;nouveau_loto.csv
2010129;2010129;;2010-10-27;MERCREDI;modern-5-plus-chance;32;13;15;46;3;;;5;;;;;;2008-10-to-2017-03;nouveau_loto.csv
2010130;2010130;;2010-10-30;SAMEDI;modern-5-plus-chance;38;35;4;22;14;;;5;;;;;;2008-10-to-2017-03;nouveau_loto.csv
2010131;2010131;;2010-11-01;LUNDI;modern-5-plus-chance;17;24;28;1;15;;;10;;;;;;2008-10-to-2017-03;nouveau_loto.csv
2010132;2010132;;2010-11-03;MERCREDI;modern-5-plus-chance;46;33;15;6;49;;;1;;;;;;2008-10-to-2017-03;nouveau_loto.csv
2010133;2010133;;2010-11-06;SAMEDI;modern-5-plus-chance;24;19;35;7;42;;;3;;;;;;2008-10-to-2017-03;nouveau_loto.csv
2010134;2010134;;2010-11-08;LUNDI;modern-5-plus-chance;35;6;9;14;47;;;9;;;;;;2008-10-to-2017-03;nouveau_loto.csv
2010135;2010135;;2010-11-10;MERCREDI;modern-5-plus-chance;47;48;20;39;16;;;4;;;;;;2008-10-to-2017-03;nouveau_loto.csv
2010136;2010136;;2010-11-13;SAMEDI;modern-5-plus-chance;5;17;25;38;29;;;2;;;;;;2008-10-to-2017-03;nouveau_loto.csv
2010137;2010137;;2010-11-15;LUNDI;modern-5-plus-chance;33;47;14;20;17;;;1;;;;;;2008-10-to-2017-03;nouveau_loto.csv
2010138;2010138;;2010-11-17;MERCREDI;modern-5-plus-chance;30;38;4;9;46;;;10;;;;;;2008-10-to-2017-03;nouveau_loto.csv
2010139;2010139;;2010-11-20;SAMEDI;modern-5-plus-chance;27;12;11;29;1;;;2;;;;;;2008-10-to-2017-03;nouveau_loto.csv
2010140;2010140;;2010-11-22;LUNDI;modern-5-plus-chance;4;21;17;23;26;;;2;;;;;;2008-10-to-2017-03;nouveau_loto.csv
2010141;2010141;;2010-11-24;MERCREDI;modern-5-plus-chance;32;20;22;47;14;;;5;;;;;;2008-10-to-2017-03;nouveau_loto.csv
2010142;2010142;;2010-11-27;SAMEDI;modern-5-plus-chance;9;43;15;44;10;;;5;;;;;;2008-10-to-2017-03;nouveau_loto.csv
2010143;2010143;;2010-11-29;LUNDI;modern-5-plus-chance;15;23;16;41;30;;;8;;;;;;2008-10-to-2017-03;nouveau_loto.csv
2010144;2010144;;2010-12-01;MERCREDI;modern-5-plus-chance;34;14;32;31;46;;;3;;;;;;2008-10-to-2017-03;nouveau_loto.csv
2010145;2010145;;2010-12-04;SAMEDI;modern-5-plus-chance;33;12;24;7;15;;;6;;;;;;2008-10-to-2017-03;nouveau_loto.csv
2010146;2010146;;2010-12-06;LUNDI;modern-5-plus-chance;13;30;33;25;36;;;9;;;;;;2008-10-to-2017-03;nouveau_loto.csv
2010147;2010147;;2010-12-08;MERCREDI;modern-5-plus-chance;19;15;44;4;24;;;1;;;;;;2008-10-to-2017-03;nouveau_loto.csv
2010148;2010148;;2010-12-11;SAMEDI;modern-5-plus-chance;38;3;9;11;28;;;1;;;;;;2008-10-to-2017-03;nouveau_loto.csv
2010149;2010149;;2010-12-13;LUNDI;modern-5-plus-chance;6;14;49;40;9;;;3;;;;;;2008-10-to-2017-03;nouveau_loto.csv
2010150;2010150;;2010-12-15;MERCREDI;modern-5-plus-chance;37;6;16;28;4;;;8;;;;;;2008-10-to-2017-03;nouveau_loto.csv
2010151;2010151;;2010-12-18;SAMEDI;modern-5-plus-chance;35;41;40;11;22;;;7;;;;;;2008-10-to-2017-03;nouveau_loto.csv
2010152;2010152;;2010-12-20;LUNDI;modern-5-plus-chance;32;23;9;6;13;;;4;;;;;;2008-10-to-2017-03;nouveau_loto.csv
2010153;2010153;;2010-12-22;MERCREDI;modern-5-plus-chance;8;18;36;1;29;;;9;;;;;;2008-10-to-2017-03;nouveau_loto.csv
2010154;2010154;;2010-12-25;SAMEDI;modern-5-plus-chance;16;30;29;7;10;;;5;;;;;;2008-10-to-2017-03;nouveau_loto.csv
2010155;2010155;;2010-12-27;LUNDI;modern-5-plus-chance;30;44;42;39;13;;;9;;;;;;2008-10-to-2017-03;nouveau_loto.csv
2010156;2010156;;2010-12-29;MERCREDI;modern-5-plus-chance;47;15;46;29;11;;;3;;;;;;2008-10-to-2017-03;nouveau_loto.csv
2011001;2011001;;2011-01-01;SAMEDI;modern-5-plus-chance;43;49;46;34;11;;;3;;;;;;2008-10-to-2017-03;nouveau_loto.csv
2011002;2011002;;2011-01-03;LUNDI;modern-5-plus-chance;34;37;10;18;30;;;2;;;;;;2008-10-to-2017-03;nouveau_loto.csv
2011003;2011003;;2011-01-05;MERCREDI;modern-5-plus-chance;27;47;4;5;32;;;5;;;;;;2008-10-to-2017-03;nouveau_loto.csv
2011004;2011004;;2011-01-08;SAMEDI;modern-5-plus-chance;47;34;12;30;31;;;10;;;;;;2008-10-to-2017-03;nouveau_loto.csv
2011005;2011005;;2011-01-10;LUNDI;modern-5-plus-chance;35;33;40;37;11;;;4;;;;;;2008-10-to-2017-03;nouveau_loto.csv
2011006;2011006;;2011-01-12;MERCREDI;modern-5-plus-chance;41;40;30;28;17;;;7;;;;;;2008-10-to-2017-03;nouveau_loto.csv
2011007;2011007;;2011-01-15;SAMEDI;modern-5-plus-chance;26;43;6;36;29;;;8;;;;;;2008-10-to-2017-03;nouveau_loto.csv
2011008;2011008;;2011-01-17;LUNDI;modern-5-plus-chance;48;49;36;24;21;;;5;;;;;;2008-10-to-2017-03;nouveau_loto.csv
2011009;2011009;;2011-01-19;MERCREDI;modern-5-plus-chance;36;4;12;13;1;;;4;;;;;;2008-10-to-2017-03;nouveau_loto.csv
2011010;2011010;;2011-01-22;SAMEDI;modern-5-plus-chance;13;27;6;31;8;;;7;;;;;;2008-10-to-2017-03;nouveau_loto.csv
2011011;2011011;;2011-01-24;LUNDI;modern-5-plus-chance;3;39;6;48;9;;;4;;;;;;2008-10-to-2017-03;nouveau_loto.csv
2011012;2011012;;2011-01-26;MERCREDI;modern-5-plus-chance;23;45;6;48;17;;;1;;;;;;2008-10-to-2017-03;nouveau_loto.csv
2011013;2011013;;2011-01-29;SAMEDI;modern-5-plus-chance;14;33;44;31;12;;;8;;;;;;2008-10-to-2017-03;nouveau_loto.csv
2011014;2011014;;2011-01-31;LUNDI;modern-5-plus-chance;20;10;13;43;3;;;5;;;;;;2008-10-to-2017-03;nouveau_loto.csv
2011015;2011015;;2011-02-02;MERCREDI;modern-5-plus-chance;27;6;44;23;22;;;3;;;;;;2008-10-to-2017-03;nouveau_loto.csv
2011016;2011016;;2011-02-05;SAMEDI;modern-5-plus-chance;31;22;37;6;1;;;7;;;;;;2008-10-to-2017-03;nouveau_loto.csv
2011017;2011017;;2011-02-07;LUNDI;modern-5-plus-chance;6;8;49;35;25;;;1;;;;;;2008-10-to-2017-03;nouveau_loto.csv
2011018;2011018;;2011-02-09;MERCREDI;modern-5-plus-chance;15;31;41;27;43;;;7;;;;;;2008-10-to-2017-03;nouveau_loto.csv
2011019;2011019;;2011-02-12;SAMEDI;modern-5-plus-chance;13;38;2;45;4;;;2;;;;;;2008-10-to-2017-03;nouveau_loto.csv
2011020;2011020;;2011-02-14;LUNDI;modern-5-plus-chance;31;35;40;9;48;;;1;;;;;;2008-10-to-2017-03;nouveau_loto.csv
2011021;2011021;;2011-02-16;MERCREDI;modern-5-plus-chance;44;35;32;8;33;;;9;;;;;;2008-10-to-2017-03;nouveau_loto.csv
2011022;2011022;;2011-02-19;SAMEDI;modern-5-plus-chance;25;2;49;32;1;;;6;;;;;;2008-10-to-2017-03;nouveau_loto.csv
2011023;2011023;;2011-02-21;LUNDI;modern-5-plus-chance;36;20;21;9;46;;;6;;;;;;2008-10-to-2017-03;nouveau_loto.csv
2011024;2011024;;2011-02-23;MERCREDI;modern-5-plus-chance;5;2;33;21;28;;;10;;;;;;2008-10-to-2017-03;nouveau_loto.csv
2011025;2011025;;2011-02-26;SAMEDI;modern-5-plus-chance;35;24;10;26;48;;;1;;;;;;2008-10-to-2017-03;nouveau_loto.csv
2011026;2011026;;2011-02-28;LUNDI;modern-5-plus-chance;20;49;40;17;31;;;6;;;;;;2008-10-to-2017-03;nouveau_loto.csv
2011027;2011027;;2011-03-02;MERCREDI;modern-5-plus-chance;20;22;40;2;3;;;7;;;;;;2008-10-to-2017-03;nouveau_loto.csv
2011028;2011028;;2011-03-05;SAMEDI;modern-5-plus-chance;11;45;44;27;31;;;2;;;;;;2008-10-to-2017-03;nouveau_loto.csv
2011029;2011029;;2011-03-07;LUNDI;modern-5-plus-chance;7;38;23;9;17;;;5;;;;;;2008-10-to-2017-03;nouveau_loto.csv
2011030;2011030;;2011-03-09;MERCREDI;modern-5-plus-chance;9;43;3;29;15;;;8;;;;;;2008-10-to-2017-03;nouveau_loto.csv
2011031;2011031;;2011-03-12;SAMEDI;modern-5-plus-chance;15;34;22;33;16;;;9;;;;;;2008-10-to-2017-03;nouveau_loto.csv
2011032;2011032;;2011-03-14;LUNDI;modern-5-plus-chance;32;38;36;34;27;;;7;;;;;;2008-10-to-2017-03;nouveau_loto.csv
2011033;2011033;;2011-03-16;MERCREDI;modern-5-plus-chance;23;20;32;7;14;;;4;;;;;;2008-10-to-2017-03;nouveau_loto.csv
2011034;2011034;;2011-03-19;SAMEDI;modern-5-plus-chance;26;10;11;23;1;;;8;;;;;;2008-10-to-2017-03;nouveau_loto.csv
2011035;2011035;;2011-03-21;LUNDI;modern-5-plus-chance;28;23;3;40;31;;;1;;;;;;2008-10-to-2017-03;nouveau_loto.csv
2011036;2011036;;2011-03-23;MERCREDI;modern-5-plus-chance;13;4;24;21;10;;;5;;;;;;2008-10-to-2017-03;nouveau_loto.csv
2011037;2011037;;2011-03-26;SAMEDI;modern-5-plus-chance;17;26;34;4;30;;;9;;;;;;2008-10-to-2017-03;nouveau_loto.csv
2011038;2011038;;2011-03-28;LUNDI;modern-5-plus-chance;15;10;16;46;43;;;1;;;;;;2008-10-to-2017-03;nouveau_loto.csv
2011039;2011039;;2011-03-30;MERCREDI;modern-5-plus-chance;15;23;27;43;29;;;10;;;;;;2008-10-to-2017-03;nouveau_loto.csv
2011040;2011040;;2011-04-02;SAMEDI;modern-5-plus-chance;5;24;7;46;35;;;3;;;;;;2008-10-to-2017-03;nouveau_loto.csv
2011041;2011041;;2011-04-04;LUNDI;modern-5-plus-chance;12;23;37;13;10;;;7;;;;;;2008-10-to-2017-03;nouveau_loto.csv
2011042;2011042;;2011-04-06;MERCREDI;modern-5-plus-chance;12;19;1;32;44;;;3;;;;;;2008-10-to-2017-03;nouveau_loto.csv
2011043;2011043;;2011-04-09;SAMEDI;modern-5-plus-chance;6;20;31;22;41;;;8;;;;;;2008-10-to-2017-03;nouveau_loto.csv
2011044;2011044;;2011-04-11;LUNDI;modern-5-plus-chance;13;47;22;3;32;;;6;;;;;;2008-10-to-2017-03;nouveau_loto.csv
2011045;2011045;;2011-04-13;MERCREDI;modern-5-plus-chance;38;6;33;43;23;;;1;;;;;;2008-10-to-2017-03;nouveau_loto.csv
2011046;2011046;;2011-04-16;SAMEDI;modern-5-plus-chance;17;35;24;47;6;;;8;;;;;;2008-10-to-2017-03;nouveau_loto.csv
2011047;2011047;;2011-04-18;LUNDI;modern-5-plus-chance;6;10;22;7;21;;;5;;;;;;2008-10-to-2017-03;nouveau_loto.csv
2011048;2011048;;2011-04-20;MERCREDI;modern-5-plus-chance;15;41;18;17;33;;;9;;;;;;2008-10-to-2017-03;nouveau_loto.csv
2011049;2011049;;2011-04-23;SAMEDI;modern-5-plus-chance;40;21;28;32;8;;;9;;;;;;2008-10-to-2017-03;nouveau_loto.csv
2011050;2011050;;2011-04-25;LUNDI;modern-5-plus-chance;18;2;21;34;10;;;2;;;;;;2008-10-to-2017-03;nouveau_loto.csv
2011051;2011051;;2011-04-27;MERCREDI;modern-5-plus-chance;5;26;14;28;23;;;6;;;;;;2008-10-to-2017-03;nouveau_loto.csv
2011052;2011052;;2011-04-30;SAMEDI;modern-5-plus-chance;8;49;42;9;2;;;3;;;;;;2008-10-to-2017-03;nouveau_loto.csv
2011053;2011053;;2011-05-02;LUNDI;modern-5-plus-chance;25;23;4;1;40;;;2;;;;;;2008-10-to-2017-03;nouveau_loto.csv
2011054;2011054;;2011-05-04;MERCREDI;modern-5-plus-chance;44;29;11;7;13;;;2;;;;;;2008-10-to-2017-03;nouveau_loto.csv
2011055;2011055;;2011-05-07;SAMEDI;modern-5-plus-chance;42;28;37;38;3;;;8;;;;;;2008-10-to-2017-03;nouveau_loto.csv
2011056;2011056;;2011-05-09;LUNDI;modern-5-plus-chance;13;48;3;26;22;;;7;;;;;;2008-10-to-2017-03;nouveau_loto.csv
2011057;2011057;;2011-05-11;MERCREDI;modern-5-plus-chance;45;14;26;28;38;;;5;;;;;;2008-10-to-2017-03;nouveau_loto.csv
2011058;2011058;;2011-05-14;SAMEDI;modern-5-plus-chance;38;31;35;42;3;;;8;;;;;;2008-10-to-2017-03;nouveau_loto.csv
2011059;2011059;;2011-05-16;LUNDI;modern-5-plus-chance;41;43;9;11;46;;;8;;;;;;2008-10-to-2017-03;nouveau_loto.csv
2011060;2011060;;2011-05-18;MERCREDI;modern-5-plus-chance;27;23;16;17;47;;;1;;;;;;2008-10-to-2017-03;nouveau_loto.csv
2011061;2011061;;2011-05-21;SAMEDI;modern-5-plus-chance;27;15;35;5;14;;;10;;;;;;2008-10-to-2017-03;nouveau_loto.csv
2011062;2011062;;2011-05-23;LUNDI;modern-5-plus-chance;15;29;38;19;33;;;3;;;;;;2008-10-to-2017-03;nouveau_loto.csv
2011063;2011063;;2011-05-25;MERCREDI;modern-5-plus-chance;14;45;34;27;38;;;3;;;;;;2008-10-to-2017-03;nouveau_loto.csv
2011064;2011064;;2011-05-28;SAMEDI;modern-5-plus-chance;2;5;3;1;43;;;9;;;;;;2008-10-to-2017-03;nouveau_loto.csv
2011065;2011065;;2011-05-30;LUNDI;modern-5-plus-chance;14;22;47;20;21;;;9;;;;;;2008-10-to-2017-03;nouveau_loto.csv
2011066;2011066;;2011-06-01;MERCREDI;modern-5-plus-chance;30;45;32;25;26;;;5;;;;;;2008-10-to-2017-03;nouveau_loto.csv
2011067;2011067;;2011-06-04;SAMEDI;modern-5-plus-chance;35;4;27;15;3;;;2;;;;;;2008-10-to-2017-03;nouveau_loto.csv
2011068;2011068;;2011-06-06;LUNDI;modern-5-plus-chance;10;30;45;22;13;;;1;;;;;;2008-10-to-2017-03;nouveau_loto.csv
2011069;2011069;;2011-06-08;MERCREDI;modern-5-plus-chance;20;16;40;11;24;;;5;;;;;;2008-10-to-2017-03;nouveau_loto.csv
2011070;2011070;;2011-06-11;SAMEDI;modern-5-plus-chance;39;32;44;37;5;;;5;;;;;;2008-10-to-2017-03;nouveau_loto.csv
2011071;2011071;;2011-06-13;LUNDI;modern-5-plus-chance;22;3;18;17;28;;;6;;;;;;2008-10-to-2017-03;nouveau_loto.csv
2011072;2011072;;2011-06-15;MERCREDI;modern-5-plus-chance;47;41;9;37;36;;;8;;;;;;2008-10-to-2017-03;nouveau_loto.csv
2011073;2011073;;2011-06-18;SAMEDI;modern-5-plus-chance;9;12;43;46;33;;;10;;;;;;2008-10-to-2017-03;nouveau_loto.csv
2011074;2011074;;2011-06-20;LUNDI;modern-5-plus-chance;27;2;23;8;36;;;9;;;;;;2008-10-to-2017-03;nouveau_loto.csv
2011075;2011075;;2011-06-22;MERCREDI;modern-5-plus-chance;33;21;26;28;22;;;5;;;;;;2008-10-to-2017-03;nouveau_loto.csv
2011076;2011076;;2011-06-25;SAMEDI;modern-5-plus-chance;39;43;10;17;6;;;3;;;;;;2008-10-to-2017-03;nouveau_loto.csv
2011077;2011077;;2011-06-27;LUNDI;modern-5-plus-chance;43;5;14;20;12;;;3;;;;;;2008-10-to-2017-03;nouveau_loto.csv
2011078;2011078;;2011-06-29;MERCREDI;modern-5-plus-chance;38;11;37;1;18;;;4;;;;;;2008-10-to-2017-03;nouveau_loto.csv
2011079;2011079;;2011-07-02;SAMEDI;modern-5-plus-chance;49;11;26;1;7;;;5;;;;;;2008-10-to-2017-03;nouveau_loto.csv
2011080;2011080;;2011-07-04;LUNDI;modern-5-plus-chance;14;46;31;25;37;;;4;;;;;;2008-10-to-2017-03;nouveau_loto.csv
2011081;2011081;;2011-07-06;MERCREDI;modern-5-plus-chance;9;33;10;24;3;;;6;;;;;;2008-10-to-2017-03;nouveau_loto.csv
2011082;2011082;;2011-07-09;SAMEDI;modern-5-plus-chance;15;4;31;45;44;;;6;;;;;;2008-10-to-2017-03;nouveau_loto.csv
2011083;2011083;;2011-07-11;LUNDI;modern-5-plus-chance;7;43;23;48;47;;;9;;;;;;2008-10-to-2017-03;nouveau_loto.csv
2011084;2011084;;2011-07-13;MERCREDI;modern-5-plus-chance;4;46;41;12;16;;;6;;;;;;2008-10-to-2017-03;nouveau_loto.csv
2011085;2011085;;2011-07-16;SAMEDI;modern-5-plus-chance;27;35;42;18;37;;;3;;;;;;2008-10-to-2017-03;nouveau_loto.csv
2011086;2011086;;2011-07-18;LUNDI;modern-5-plus-chance;19;5;38;47;26;;;7;;;;;;2008-10-to-2017-03;nouveau_loto.csv
2011087;2011087;;2011-07-20;MERCREDI;modern-5-plus-chance;26;45;18;23;6;;;6;;;;;;2008-10-to-2017-03;nouveau_loto.csv
2011088;2011088;;2011-07-23;SAMEDI;modern-5-plus-chance;43;32;18;13;46;;;5;;;;;;2008-10-to-2017-03;nouveau_loto.csv
2011089;2011089;;2011-07-25;LUNDI;modern-5-plus-chance;38;22;3;11;41;;;7;;;;;;2008-10-to-2017-03;nouveau_loto.csv
2011090;2011090;;2011-07-27;MERCREDI;modern-5-plus-chance;6;11;7;5;4;;;10;;;;;;2008-10-to-2017-03;nouveau_loto.csv
2011091;2011091;;2011-07-30;SAMEDI;modern-5-plus-chance;8;41;20;46;12;;;1;;;;;;2008-10-to-2017-03;nouveau_loto.csv
2011092;2011092;;2011-08-01;LUNDI;modern-5-plus-chance;32;37;43;10;25;;;3;;;;;;2008-10-to-2017-03;nouveau_loto.csv
2011093;2011093;;2011-08-03;MERCREDI;modern-5-plus-chance;20;4;19;17;5;;;10;;;;;;2008-10-to-2017-03;nouveau_loto.csv
2011094;2011094;;2011-08-06;SAMEDI;modern-5-plus-chance;17;13;15;4;39;;;4;;;;;;2008-10-to-2017-03;nouveau_loto.csv
2011095;2011095;;2011-08-08;LUNDI;modern-5-plus-chance;18;12;1;26;30;;;9;;;;;;2008-10-to-2017-03;nouveau_loto.csv
2011096;2011096;;2011-08-10;MERCREDI;modern-5-plus-chance;28;4;27;29;38;;;2;;;;;;2008-10-to-2017-03;nouveau_loto.csv
2011097;2011097;;2011-08-13;SAMEDI;modern-5-plus-chance;3;13;4;41;5;;;9;;;;;;2008-10-to-2017-03;nouveau_loto.csv
2011098;2011098;;2011-08-15;LUNDI;modern-5-plus-chance;23;3;8;4;1;;;8;;;;;;2008-10-to-2017-03;nouveau_loto.csv
2011099;2011099;;2011-08-17;MERCREDI;modern-5-plus-chance;8;49;29;45;3;;;9;;;;;;2008-10-to-2017-03;nouveau_loto.csv
2011100;2011100;;2011-08-20;SAMEDI;modern-5-plus-chance;21;40;49;31;22;;;4;;;;;;2008-10-to-2017-03;nouveau_loto.csv
2011101;2011101;;2011-08-22;LUNDI;modern-5-plus-chance;40;36;38;44;17;;;1;;;;;;2008-10-to-2017-03;nouveau_loto.csv
2011102;2011102;;2011-08-24;MERCREDI;modern-5-plus-chance;3;36;47;4;17;;;4;;;;;;2008-10-to-2017-03;nouveau_loto.csv
2011103;2011103;;2011-08-27;SAMEDI;modern-5-plus-chance;27;21;19;13;45;;;2;;;;;;2008-10-to-2017-03;nouveau_loto.csv
2011104;2011104;;2011-08-29;LUNDI;modern-5-plus-chance;46;30;12;3;10;;;2;;;;;;2008-10-to-2017-03;nouveau_loto.csv
2011105;2011105;;2011-08-31;MERCREDI;modern-5-plus-chance;7;42;39;9;5;;;3;;;;;;2008-10-to-2017-03;nouveau_loto.csv
2011106;2011106;;2011-09-03;SAMEDI;modern-5-plus-chance;42;41;7;13;47;;;5;;;;;;2008-10-to-2017-03;nouveau_loto.csv
2011107;2011107;;2011-09-05;LUNDI;modern-5-plus-chance;7;17;22;10;23;;;5;;;;;;2008-10-to-2017-03;nouveau_loto.csv
2011108;2011108;;2011-09-07;MERCREDI;modern-5-plus-chance;13;40;41;3;12;;;7;;;;;;2008-10-to-2017-03;nouveau_loto.csv
2011109;2011109;;2011-09-10;SAMEDI;modern-5-plus-chance;15;1;28;24;10;;;5;;;;;;2008-10-to-2017-03;nouveau_loto.csv
2011110;2011110;;2011-09-12;LUNDI;modern-5-plus-chance;13;45;18;32;30;;;2;;;;;;2008-10-to-2017-03;nouveau_loto.csv
2011111;2011111;;2011-09-14;MERCREDI;modern-5-plus-chance;14;42;5;16;11;;;3;;;;;;2008-10-to-2017-03;nouveau_loto.csv
2011112;2011112;;2011-09-17;SAMEDI;modern-5-plus-chance;15;40;1;23;2;;;4;;;;;;2008-10-to-2017-03;nouveau_loto.csv
2011113;2011113;;2011-09-19;LUNDI;modern-5-plus-chance;13;1;27;48;35;;;7;;;;;;2008-10-to-2017-03;nouveau_loto.csv
2011114;2011114;;2011-09-21;MERCREDI;modern-5-plus-chance;40;20;46;19;16;;;4;;;;;;2008-10-to-2017-03;nouveau_loto.csv
2011115;2011115;;2011-09-24;SAMEDI;modern-5-plus-chance;36;4;41;33;40;;;6;;;;;;2008-10-to-2017-03;nouveau_loto.csv
2011116;2011116;;2011-09-26;LUNDI;modern-5-plus-chance;11;44;33;4;49;;;9;;;;;;2008-10-to-2017-03;nouveau_loto.csv
2011117;2011117;;2011-09-28;MERCREDI;modern-5-plus-chance;16;42;36;3;8;;;3;;;;;;2008-10-to-2017-03;nouveau_loto.csv
2011118;2011118;;2011-10-01;SAMEDI;modern-5-plus-chance;25;38;14;32;15;;;3;;;;;;2008-10-to-2017-03;nouveau_loto.csv
2011119;2011119;;2011-10-03;LUNDI;modern-5-plus-chance;40;28;27;12;4;;;1;;;;;;2008-10-to-2017-03;nouveau_loto.csv
2011120;2011120;;2011-10-05;MERCREDI;modern-5-plus-chance;20;2;7;42;27;;;5;;;;;;2008-10-to-2017-03;nouveau_loto.csv
2011121;2011121;;2011-10-08;SAMEDI;modern-5-plus-chance;31;44;21;30;22;;;7;;;;;;2008-10-to-2017-03;nouveau_loto.csv
2011122;2011122;;2011-10-10;LUNDI;modern-5-plus-chance;15;47;16;45;3;;;7;;;;;;2008-10-to-2017-03;nouveau_loto.csv
2011123;2011123;;2011-10-12;MERCREDI;modern-5-plus-chance;12;9;20;30;25;;;5;;;;;;2008-10-to-2017-03;nouveau_loto.csv
2011124;2011124;;2011-10-15;SAMEDI;modern-5-plus-chance;13;37;27;5;39;;;3;;;;;;2008-10-to-2017-03;nouveau_loto.csv
2011125;2011125;;2011-10-17;LUNDI;modern-5-plus-chance;14;13;18;4;48;;;10;;;;;;2008-10-to-2017-03;nouveau_loto.csv
2011126;2011126;;2011-10-19;MERCREDI;modern-5-plus-chance;38;35;23;3;44;;;8;;;;;;2008-10-to-2017-03;nouveau_loto.csv
2011127;2011127;;2011-10-22;SAMEDI;modern-5-plus-chance;45;44;32;29;6;;;7;;;;;;2008-10-to-2017-03;nouveau_loto.csv
2011128;2011128;;2011-10-24;LUNDI;modern-5-plus-chance;15;18;17;5;31;;;7;;;;;;2008-10-to-2017-03;nouveau_loto.csv
2011129;2011129;;2011-10-26;MERCREDI;modern-5-plus-chance;35;6;2;3;20;;;1;;;;;;2008-10-to-2017-03;nouveau_loto.csv
2011130;2011130;;2011-10-29;SAMEDI;modern-5-plus-chance;12;17;46;42;38;;;8;;;;;;2008-10-to-2017-03;nouveau_loto.csv
2011131;2011131;;2011-10-31;LUNDI;modern-5-plus-chance;24;13;47;37;21;;;7;;;;;;2008-10-to-2017-03;nouveau_loto.csv
2011132;2011132;;2011-11-02;MERCREDI;modern-5-plus-chance;2;38;44;35;42;;;9;;;;;;2008-10-to-2017-03;nouveau_loto.csv
2011133;2011133;;2011-11-05;SAMEDI;modern-5-plus-chance;38;2;13;32;20;;;10;;;;;;2008-10-to-2017-03;nouveau_loto.csv
2011134;2011134;;2011-11-07;LUNDI;modern-5-plus-chance;18;47;11;2;30;;;5;;;;;;2008-10-to-2017-03;nouveau_loto.csv
2011135;2011135;;2011-11-09;MERCREDI;modern-5-plus-chance;17;8;23;12;37;;;2;;;;;;2008-10-to-2017-03;nouveau_loto.csv
2011136;2011136;;2011-11-12;SAMEDI;modern-5-plus-chance;44;48;13;33;12;;;7;;;;;;2008-10-to-2017-03;nouveau_loto.csv
2011137;2011137;;2011-11-14;LUNDI;modern-5-plus-chance;25;43;18;22;3;;;7;;;;;;2008-10-to-2017-03;nouveau_loto.csv
2011138;2011138;;2011-11-16;MERCREDI;modern-5-plus-chance;37;41;27;17;12;;;10;;;;;;2008-10-to-2017-03;nouveau_loto.csv
2011139;2011139;;2011-11-19;SAMEDI;modern-5-plus-chance;45;37;22;33;34;;;5;;;;;;2008-10-to-2017-03;nouveau_loto.csv
2011140;2011140;;2011-11-21;LUNDI;modern-5-plus-chance;46;33;31;49;18;;;1;;;;;;2008-10-to-2017-03;nouveau_loto.csv
2011141;2011141;;2011-11-23;MERCREDI;modern-5-plus-chance;39;16;6;10;21;;;5;;;;;;2008-10-to-2017-03;nouveau_loto.csv
2011142;2011142;;2011-11-26;SAMEDI;modern-5-plus-chance;47;31;16;3;39;;;1;;;;;;2008-10-to-2017-03;nouveau_loto.csv
2011143;2011143;;2011-11-28;LUNDI;modern-5-plus-chance;11;24;1;15;2;;;9;;;;;;2008-10-to-2017-03;nouveau_loto.csv
2011144;2011144;;2011-11-30;MERCREDI;modern-5-plus-chance;29;2;42;49;4;;;2;;;;;;2008-10-to-2017-03;nouveau_loto.csv
2011145;2011145;;2011-12-03;SAMEDI;modern-5-plus-chance;31;6;49;34;26;;;1;;;;;;2008-10-to-2017-03;nouveau_loto.csv
2011146;2011146;;2011-12-05;LUNDI;modern-5-plus-chance;43;47;38;36;30;;;5;;;;;;2008-10-to-2017-03;nouveau_loto.csv
2011147;2011147;;2011-12-07;MERCREDI;modern-5-plus-chance;32;35;31;48;8;;;1;;;;;;2008-10-to-2017-03;nouveau_loto.csv
2011148;2011148;;2011-12-10;SAMEDI;modern-5-plus-chance;14;43;26;30;28;;;8;;;;;;2008-10-to-2017-03;nouveau_loto.csv
2011149;2011149;;2011-12-12;LUNDI;modern-5-plus-chance;48;29;1;25;16;;;1;;;;;;2008-10-to-2017-03;nouveau_loto.csv
2011150;2011150;;2011-12-14;MERCREDI;modern-5-plus-chance;42;14;21;33;48;;;1;;;;;;2008-10-to-2017-03;nouveau_loto.csv
2011151;2011151;;2011-12-17;SAMEDI;modern-5-plus-chance;41;9;37;38;34;;;5;;;;;;2008-10-to-2017-03;nouveau_loto.csv
2011152;2011152;;2011-12-19;LUNDI;modern-5-plus-chance;42;23;13;35;26;;;5;;;;;;2008-10-to-2017-03;nouveau_loto.csv
2011153;2011153;;2011-12-21;MERCREDI;modern-5-plus-chance;27;42;33;45;37;;;2;;;;;;2008-10-to-2017-03;nouveau_loto.csv
2011154;2011154;;2011-12-24;SAMEDI;modern-5-plus-chance;7;10;28;11;12;;;8;;;;;;2008-10-to-2017-03;nouveau_loto.csv
2011155;2011155;;2011-12-26;LUNDI;modern-5-plus-chance;36;43;42;23;28;;;4;;;;;;2008-10-to-2017-03;nouveau_loto.csv
2011156;2011156;;2011-12-28;MERCREDI;modern-5-plus-chance;39;41;16;31;36;;;5;;;;;;2008-10-to-2017-03;nouveau_loto.csv
2011157;2011157;;2011-12-31;SAMEDI;modern-5-plus-chance;32;35;17;28;2;;;2;;;;;;2008-10-to-2017-03;nouveau_loto.csv
2012001;2012001;;2012-01-02;LUNDI;modern-5-plus-chance;3;36;30;16;24;;;9;;;;;;2008-10-to-2017-03;nouveau_loto.csv
2012002;2012002;;2012-01-04;MERCREDI;modern-5-plus-chance;10;23;2;43;34;;;5;;;;;;2008-10-to-2017-03;nouveau_loto.csv
2012003;2012003;;2012-01-07;SAMEDI;modern-5-plus-chance;1;6;12;10;8;;;8;;;;;;2008-10-to-2017-03;nouveau_loto.csv
2012004;2012004;;2012-01-09;LUNDI;modern-5-plus-chance;34;15;26;25;32;;;4;;;;;;2008-10-to-2017-03;nouveau_loto.csv
2012005;2012005;;2012-01-11;MERCREDI;modern-5-plus-chance;9;7;44;36;23;;;7;;;;;;2008-10-to-2017-03;nouveau_loto.csv
2012006;2012006;;2012-01-14;SAMEDI;modern-5-plus-chance;1;38;19;49;29;;;8;;;;;;2008-10-to-2017-03;nouveau_loto.csv
2012007;2012007;;2012-01-16;LUNDI;modern-5-plus-chance;39;36;29;47;38;;;8;;;;;;2008-10-to-2017-03;nouveau_loto.csv
2012008;2012008;;2012-01-18;MERCREDI;modern-5-plus-chance;21;9;33;13;42;;;4;;;;;;2008-10-to-2017-03;nouveau_loto.csv
2012009;2012009;;2012-01-21;SAMEDI;modern-5-plus-chance;36;23;1;31;17;;;4;;;;;;2008-10-to-2017-03;nouveau_loto.csv
2012010;2012010;;2012-01-23;LUNDI;modern-5-plus-chance;39;44;48;20;25;;;6;;;;;;2008-10-to-2017-03;nouveau_loto.csv
2012011;2012011;;2012-01-25;MERCREDI;modern-5-plus-chance;2;23;8;30;48;;;5;;;;;;2008-10-to-2017-03;nouveau_loto.csv
2012012;2012012;;2012-01-28;SAMEDI;modern-5-plus-chance;23;12;47;15;18;;;6;;;;;;2008-10-to-2017-03;nouveau_loto.csv
2012013;2012013;;2012-01-30;LUNDI;modern-5-plus-chance;22;40;1;35;32;;;8;;;;;;2008-10-to-2017-03;nouveau_loto.csv
2012014;2012014;;2012-02-01;MERCREDI;modern-5-plus-chance;16;5;49;43;2;;;7;;;;;;2008-10-to-2017-03;nouveau_loto.csv
2012015;2012015;;2012-02-04;SAMEDI;modern-5-plus-chance;38;32;10;17;9;;;3;;;;;;2008-10-to-2017-03;nouveau_loto.csv
2012016;2012016;;2012-02-06;LUNDI;modern-5-plus-chance;15;49;24;13;29;;;3;;;;;;2008-10-to-2017-03;nouveau_loto.csv
2012017;2012017;;2012-02-08;MERCREDI;modern-5-plus-chance;27;19;12;37;15;;;3;;;;;;2008-10-to-2017-03;nouveau_loto.csv
2012018;2012018;;2012-02-11;SAMEDI;modern-5-plus-chance;11;12;46;32;36;;;6;;;;;;2008-10-to-2017-03;nouveau_loto.csv
2012019;2012019;;2012-02-13;LUNDI;modern-5-plus-chance;23;9;22;24;36;;;5;;;;;;2008-10-to-2017-03;nouveau_loto.csv
2012020;2012020;;2012-02-15;MERCREDI;modern-5-plus-chance;11;36;10;22;31;;;1;;;;;;2008-10-to-2017-03;nouveau_loto.csv
2012021;2012021;;2012-02-18;SAMEDI;modern-5-plus-chance;49;48;5;17;47;;;6;;;;;;2008-10-to-2017-03;nouveau_loto.csv
2012022;2012022;;2012-02-20;LUNDI;modern-5-plus-chance;34;31;9;3;35;;;5;;;;;;2008-10-to-2017-03;nouveau_loto.csv
2012023;2012023;;2012-02-22;MERCREDI;modern-5-plus-chance;43;33;39;11;31;;;10;;;;;;2008-10-to-2017-03;nouveau_loto.csv
2012024;2012024;;2012-02-25;SAMEDI;modern-5-plus-chance;8;7;19;4;27;;;1;;;;;;2008-10-to-2017-03;nouveau_loto.csv
2012025;2012025;;2012-02-27;LUNDI;modern-5-plus-chance;45;41;33;8;23;;;1;;;;;;2008-10-to-2017-03;nouveau_loto.csv
2012026;2012026;;2012-02-29;MERCREDI;modern-5-plus-chance;14;27;11;17;35;;;4;;;;;;2008-10-to-2017-03;nouveau_loto.csv
2012027;2012027;;2012-03-03;SAMEDI;modern-5-plus-chance;2;24;3;39;27;;;8;;;;;;2008-10-to-2017-03;nouveau_loto.csv
2012028;2012028;;2012-03-05;LUNDI;modern-5-plus-chance;31;30;28;34;17;;;3;;;;;;2008-10-to-2017-03;nouveau_loto.csv
2012029;2012029;;2012-03-07;MERCREDI;modern-5-plus-chance;6;39;31;22;16;;;7;;;;;;2008-10-to-2017-03;nouveau_loto.csv
2012030;2012030;;2012-03-10;SAMEDI;modern-5-plus-chance;2;40;4;44;37;;;5;;;;;;2008-10-to-2017-03;nouveau_loto.csv
2012031;2012031;;2012-03-12;LUNDI;modern-5-plus-chance;48;25;16;46;14;;;10;;;;;;2008-10-to-2017-03;nouveau_loto.csv
2012032;2012032;;2012-03-14;MERCREDI;modern-5-plus-chance;13;7;31;36;43;;;9;;;;;;2008-10-to-2017-03;nouveau_loto.csv
2012033;2012033;;2012-03-17;SAMEDI;modern-5-plus-chance;32;14;49;23;13;;;1;;;;;;2008-10-to-2017-03;nouveau_loto.csv
2012034;2012034;;2012-03-19;LUNDI;modern-5-plus-chance;10;28;4;11;15;;;4;;;;;;2008-10-to-2017-03;nouveau_loto.csv
2012035;2012035;;2012-03-21;MERCREDI;modern-5-plus-chance;8;14;43;37;48;;;5;;;;;;2008-10-to-2017-03;nouveau_loto.csv
2012036;2012036;;2012-03-24;SAMEDI;modern-5-plus-chance;48;8;18;13;11;;;8;;;;;;2008-10-to-2017-03;nouveau_loto.csv
2012037;2012037;;2012-03-26;LUNDI;modern-5-plus-chance;36;14;49;29;13;;;6;;;;;;2008-10-to-2017-03;nouveau_loto.csv
2012038;2012038;;2012-03-28;MERCREDI;modern-5-plus-chance;15;20;45;17;4;;;9;;;;;;2008-10-to-2017-03;nouveau_loto.csv
2012039;2012039;;2012-03-31;SAMEDI;modern-5-plus-chance;16;25;1;26;2;;;9;;;;;;2008-10-to-2017-03;nouveau_loto.csv
2012040;2012040;;2012-04-02;LUNDI;modern-5-plus-chance;33;23;3;19;39;;;2;;;;;;2008-10-to-2017-03;nouveau_loto.csv
2012041;2012041;;2012-04-04;MERCREDI;modern-5-plus-chance;36;40;27;38;11;;;8;;;;;;2008-10-to-2017-03;nouveau_loto.csv
2012042;2012042;;2012-04-07;SAMEDI;modern-5-plus-chance;46;19;45;42;47;;;8;;;;;;2008-10-to-2017-03;nouveau_loto.csv
2012043;2012043;;2012-04-09;LUNDI;modern-5-plus-chance;26;14;31;33;2;;;10;;;;;;2008-10-to-2017-03;nouveau_loto.csv
2012044;2012044;;2012-04-11;MERCREDI;modern-5-plus-chance;49;27;15;29;19;;;1;;;;;;2008-10-to-2017-03;nouveau_loto.csv
2012045;2012045;;2012-04-14;SAMEDI;modern-5-plus-chance;1;22;45;40;3;;;1;;;;;;2008-10-to-2017-03;nouveau_loto.csv
2012046;2012046;;2012-04-16;LUNDI;modern-5-plus-chance;2;21;13;1;16;;;2;;;;;;2008-10-to-2017-03;nouveau_loto.csv
2012047;2012047;;2012-04-18;MERCREDI;modern-5-plus-chance;34;5;3;20;24;;;3;;;;;;2008-10-to-2017-03;nouveau_loto.csv
2012048;2012048;;2012-04-21;SAMEDI;modern-5-plus-chance;41;3;48;31;18;;;10;;;;;;2008-10-to-2017-03;nouveau_loto.csv
2012049;2012049;;2012-04-23;LUNDI;modern-5-plus-chance;33;9;34;45;24;;;6;;;;;;2008-10-to-2017-03;nouveau_loto.csv
2012050;2012050;;2012-04-25;MERCREDI;modern-5-plus-chance;44;15;20;30;29;;;7;;;;;;2008-10-to-2017-03;nouveau_loto.csv
2012051;2012051;;2012-04-28;SAMEDI;modern-5-plus-chance;48;22;10;2;37;;;4;;;;;;2008-10-to-2017-03;nouveau_loto.csv
2012052;2012052;;2012-04-30;LUNDI;modern-5-plus-chance;39;22;32;18;4;;;4;;;;;;2008-10-to-2017-03;nouveau_loto.csv
2012053;2012053;;2012-05-02;MERCREDI;modern-5-plus-chance;35;26;29;3;38;;;1;;;;;;2008-10-to-2017-03;nouveau_loto.csv
2012054;2012054;;2012-05-05;SAMEDI;modern-5-plus-chance;21;10;37;8;11;;;9;;;;;;2008-10-to-2017-03;nouveau_loto.csv
2012055;2012055;;2012-05-07;LUNDI;modern-5-plus-chance;21;13;26;46;12;;;10;;;;;;2008-10-to-2017-03;nouveau_loto.csv
2012056;2012056;;2012-05-09;MERCREDI;modern-5-plus-chance;36;26;18;41;32;;;4;;;;;;2008-10-to-2017-03;nouveau_loto.csv
2012057;2012057;;2012-05-12;SAMEDI;modern-5-plus-chance;6;34;22;20;19;;;5;;;;;;2008-10-to-2017-03;nouveau_loto.csv
2012058;2012058;;2012-05-14;LUNDI;modern-5-plus-chance;26;11;3;22;43;;;6;;;;;;2008-10-to-2017-03;nouveau_loto.csv
2012059;2012059;;2012-05-16;MERCREDI;modern-5-plus-chance;21;49;22;15;31;;;1;;;;;;2008-10-to-2017-03;nouveau_loto.csv
2012060;2012060;;2012-05-19;SAMEDI;modern-5-plus-chance;11;23;48;24;42;;;2;;;;;;2008-10-to-2017-03;nouveau_loto.csv
2012061;2012061;;2012-05-21;LUNDI;modern-5-plus-chance;37;45;23;19;7;;;10;;;;;;2008-10-to-2017-03;nouveau_loto.csv
2012062;2012062;;2012-05-23;MERCREDI;modern-5-plus-chance;19;1;35;49;3;;;9;;;;;;2008-10-to-2017-03;nouveau_loto.csv
2012063;2012063;;2012-05-26;SAMEDI;modern-5-plus-chance;27;47;40;41;29;;;7;;;;;;2008-10-to-2017-03;nouveau_loto.csv
2012064;2012064;;2012-05-28;LUNDI;modern-5-plus-chance;30;42;38;15;41;;;3;;;;;;2008-10-to-2017-03;nouveau_loto.csv
2012065;2012065;;2012-05-30;MERCREDI;modern-5-plus-chance;9;30;13;17;5;;;3;;;;;;2008-10-to-2017-03;nouveau_loto.csv
2012066;2012066;;2012-06-02;SAMEDI;modern-5-plus-chance;26;9;34;39;22;;;1;;;;;;2008-10-to-2017-03;nouveau_loto.csv
2012067;2012067;;2012-06-04;LUNDI;modern-5-plus-chance;38;42;35;43;40;;;4;;;;;;2008-10-to-2017-03;nouveau_loto.csv
2012068;2012068;;2012-06-06;MERCREDI;modern-5-plus-chance;21;23;12;24;13;;;6;;;;;;2008-10-to-2017-03;nouveau_loto.csv
2012069;2012069;;2012-06-09;SAMEDI;modern-5-plus-chance;13;25;14;18;20;;;6;;;;;;2008-10-to-2017-03;nouveau_loto.csv
2012070;2012070;;2012-06-11;LUNDI;modern-5-plus-chance;20;6;16;4;29;;;1;;;;;;2008-10-to-2017-03;nouveau_loto.csv
2012071;2012071;;2012-06-13;MERCREDI;modern-5-plus-chance;33;48;20;8;3;;;10;;;;;;2008-10-to-2017-03;nouveau_loto.csv
2012072;2012072;;2012-06-16;SAMEDI;modern-5-plus-chance;14;31;1;39;27;;;6;;;;;;2008-10-to-2017-03;nouveau_loto.csv
2012073;2012073;;2012-06-18;LUNDI;modern-5-plus-chance;37;5;7;16;38;;;3;;;;;;2008-10-to-2017-03;nouveau_loto.csv
2012074;2012074;;2012-06-20;MERCREDI;modern-5-plus-chance;36;33;15;41;47;;;5;;;;;;2008-10-to-2017-03;nouveau_loto.csv
2012075;2012075;;2012-06-23;SAMEDI;modern-5-plus-chance;41;12;6;47;27;;;3;;;;;;2008-10-to-2017-03;nouveau_loto.csv
2012076;2012076;;2012-06-25;LUNDI;modern-5-plus-chance;27;11;40;10;13;;;7;;;;;;2008-10-to-2017-03;nouveau_loto.csv
2012077;2012077;;2012-06-27;MERCREDI;modern-5-plus-chance;22;41;5;1;11;;;7;;;;;;2008-10-to-2017-03;nouveau_loto.csv
2012078;2012078;;2012-06-30;SAMEDI;modern-5-plus-chance;13;45;1;42;12;;;4;;;;;;2008-10-to-2017-03;nouveau_loto.csv
2012079;2012079;;2012-07-02;LUNDI;modern-5-plus-chance;2;15;7;46;6;;;5;;;;;;2008-10-to-2017-03;nouveau_loto.csv
2012080;2012080;;2012-07-04;MERCREDI;modern-5-plus-chance;13;40;37;17;39;;;6;;;;;;2008-10-to-2017-03;nouveau_loto.csv
2012081;2012081;;2012-07-07;SAMEDI;modern-5-plus-chance;5;30;17;1;44;;;1;;;;;;2008-10-to-2017-03;nouveau_loto.csv
2012082;2012082;;2012-07-09;LUNDI;modern-5-plus-chance;15;38;41;45;26;;;3;;;;;;2008-10-to-2017-03;nouveau_loto.csv
2012083;2012083;;2012-07-11;MERCREDI;modern-5-plus-chance;23;20;30;21;36;;;9;;;;;;2008-10-to-2017-03;nouveau_loto.csv
2012084;2012084;;2012-07-14;SAMEDI;modern-5-plus-chance;22;44;40;5;41;;;6;;;;;;2008-10-to-2017-03;nouveau_loto.csv
2012085;2012085;;2012-07-16;LUNDI;modern-5-plus-chance;3;32;6;19;37;;;2;;;;;;2008-10-to-2017-03;nouveau_loto.csv
2012086;2012086;;2012-07-18;MERCREDI;modern-5-plus-chance;26;25;4;28;32;;;5;;;;;;2008-10-to-2017-03;nouveau_loto.csv
2012087;2012087;;2012-07-21;SAMEDI;modern-5-plus-chance;22;3;1;44;40;;;3;;;;;;2008-10-to-2017-03;nouveau_loto.csv
2012088;2012088;;2012-07-23;LUNDI;modern-5-plus-chance;40;31;38;23;28;;;3;;;;;;2008-10-to-2017-03;nouveau_loto.csv
2012089;2012089;;2012-07-25;MERCREDI;modern-5-plus-chance;17;16;14;32;36;;;6;;;;;;2008-10-to-2017-03;nouveau_loto.csv
2012090;2012090;;2012-07-28;SAMEDI;modern-5-plus-chance;29;4;6;39;7;;;3;;;;;;2008-10-to-2017-03;nouveau_loto.csv
2012091;2012091;;2012-07-30;LUNDI;modern-5-plus-chance;35;6;38;4;13;;;3;;;;;;2008-10-to-2017-03;nouveau_loto.csv
2012092;2012092;;2012-08-01;MERCREDI;modern-5-plus-chance;33;45;17;30;11;;;6;;;;;;2008-10-to-2017-03;nouveau_loto.csv
2012093;2012093;;2012-08-04;SAMEDI;modern-5-plus-chance;29;49;34;26;25;;;6;;;;;;2008-10-to-2017-03;nouveau_loto.csv
2012094;2012094;;2012-08-06;LUNDI;modern-5-plus-chance;12;7;10;34;47;;;7;;;;;;2008-10-to-2017-03;nouveau_loto.csv
2012095;2012095;;2012-08-08;MERCREDI;modern-5-plus-chance;32;35;42;11;1;;;4;;;;;;2008-10-to-2017-03;nouveau_loto.csv
2012096;2012096;;2012-08-11;SAMEDI;modern-5-plus-chance;7;1;10;45;44;;;9;;;;;;2008-10-to-2017-03;nouveau_loto.csv
2012097;2012097;;2012-08-13;LUNDI;modern-5-plus-chance;49;25;12;16;4;;;4;;;;;;2008-10-to-2017-03;nouveau_loto.csv
2012098;2012098;;2012-08-15;MERCREDI;modern-5-plus-chance;13;24;2;15;19;;;5;;;;;;2008-10-to-2017-03;nouveau_loto.csv
2012099;2012099;;2012-08-18;SAMEDI;modern-5-plus-chance;25;26;42;12;2;;;7;;;;;;2008-10-to-2017-03;nouveau_loto.csv
2012100;2012100;;2012-08-20;LUNDI;modern-5-plus-chance;45;26;33;27;11;;;2;;;;;;2008-10-to-2017-03;nouveau_loto.csv
2012101;2012101;;2012-08-22;MERCREDI;modern-5-plus-chance;14;13;18;33;22;;;7;;;;;;2008-10-to-2017-03;nouveau_loto.csv
2012102;2012102;;2012-08-25;SAMEDI;modern-5-plus-chance;9;13;2;29;10;;;9;;;;;;2008-10-to-2017-03;nouveau_loto.csv
2012103;2012103;;2012-08-27;LUNDI;modern-5-plus-chance;18;32;40;7;8;;;5;;;;;;2008-10-to-2017-03;nouveau_loto.csv
2012104;2012104;;2012-08-29;MERCREDI;modern-5-plus-chance;20;29;26;11;8;;;9;;;;;;2008-10-to-2017-03;nouveau_loto.csv
2012105;2012105;;2012-09-01;SAMEDI;modern-5-plus-chance;28;5;22;25;13;;;10;;;;;;2008-10-to-2017-03;nouveau_loto.csv
2012106;2012106;;2012-09-03;LUNDI;modern-5-plus-chance;34;27;22;18;37;;;3;;;;;;2008-10-to-2017-03;nouveau_loto.csv
2012107;2012107;;2012-09-05;MERCREDI;modern-5-plus-chance;37;8;1;26;10;;;4;;;;;;2008-10-to-2017-03;nouveau_loto.csv
2012108;2012108;;2012-09-08;SAMEDI;modern-5-plus-chance;9;22;43;34;15;;;4;;;;;;2008-10-to-2017-03;nouveau_loto.csv
2012109;2012109;;2012-09-10;LUNDI;modern-5-plus-chance;19;28;43;3;25;;;9;;;;;;2008-10-to-2017-03;nouveau_loto.csv
2012110;2012110;;2012-09-12;MERCREDI;modern-5-plus-chance;32;1;49;12;38;;;8;;;;;;2008-10-to-2017-03;nouveau_loto.csv
2012111;2012111;;2012-09-15;SAMEDI;modern-5-plus-chance;17;21;43;37;15;;;2;;;;;;2008-10-to-2017-03;nouveau_loto.csv
2012112;2012112;;2012-09-17;LUNDI;modern-5-plus-chance;16;25;14;7;17;;;7;;;;;;2008-10-to-2017-03;nouveau_loto.csv
2012113;2012113;;2012-09-19;MERCREDI;modern-5-plus-chance;49;5;34;27;41;;;7;;;;;;2008-10-to-2017-03;nouveau_loto.csv
2012114;2012114;;2012-09-22;SAMEDI;modern-5-plus-chance;17;23;37;44;25;;;9;;;;;;2008-10-to-2017-03;nouveau_loto.csv
2012115;2012115;;2012-09-24;LUNDI;modern-5-plus-chance;41;18;40;1;21;;;6;;;;;;2008-10-to-2017-03;nouveau_loto.csv
2012116;2012116;;2012-09-26;MERCREDI;modern-5-plus-chance;42;29;38;12;46;;;9;;;;;;2008-10-to-2017-03;nouveau_loto.csv
2012117;2012117;;2012-09-29;SAMEDI;modern-5-plus-chance;21;18;47;10;7;;;1;;;;;;2008-10-to-2017-03;nouveau_loto.csv
2012118;2012118;;2012-10-01;LUNDI;modern-5-plus-chance;34;2;40;29;41;;;6;;;;;;2008-10-to-2017-03;nouveau_loto.csv
2012119;2012119;;2012-10-03;MERCREDI;modern-5-plus-chance;16;44;25;26;24;;;1;;;;;;2008-10-to-2017-03;nouveau_loto.csv
2012120;2012120;;2012-10-06;SAMEDI;modern-5-plus-chance;27;1;47;30;39;;;4;;;;;;2008-10-to-2017-03;nouveau_loto.csv
2012121;2012121;;2012-10-08;LUNDI;modern-5-plus-chance;39;32;24;13;27;;;2;;;;;;2008-10-to-2017-03;nouveau_loto.csv
2012122;2012122;;2012-10-10;MERCREDI;modern-5-plus-chance;16;35;37;3;19;;;3;;;;;;2008-10-to-2017-03;nouveau_loto.csv
2012123;2012123;;2012-10-13;SAMEDI;modern-5-plus-chance;41;49;1;35;16;;;4;;;;;;2008-10-to-2017-03;nouveau_loto.csv
2012124;2012124;;2012-10-15;LUNDI;modern-5-plus-chance;7;23;11;39;44;;;8;;;;;;2008-10-to-2017-03;nouveau_loto.csv
2012125;2012125;;2012-10-17;MERCREDI;modern-5-plus-chance;19;10;32;20;13;;;2;;;;;;2008-10-to-2017-03;nouveau_loto.csv
2012126;2012126;;2012-10-20;SAMEDI;modern-5-plus-chance;34;14;11;24;41;;;5;;;;;;2008-10-to-2017-03;nouveau_loto.csv
2012127;2012127;;2012-10-22;LUNDI;modern-5-plus-chance;28;25;24;14;41;;;5;;;;;;2008-10-to-2017-03;nouveau_loto.csv
2012128;2012128;;2012-10-24;MERCREDI;modern-5-plus-chance;30;24;5;40;17;;;7;;;;;;2008-10-to-2017-03;nouveau_loto.csv
2012129;2012129;;2012-10-27;SAMEDI;modern-5-plus-chance;29;2;41;47;10;;;1;;;;;;2008-10-to-2017-03;nouveau_loto.csv
2012130;2012130;;2012-10-29;LUNDI;modern-5-plus-chance;19;16;46;13;38;;;7;;;;;;2008-10-to-2017-03;nouveau_loto.csv
2012131;2012131;;2012-10-31;MERCREDI;modern-5-plus-chance;29;23;41;16;5;;;1;;;;;;2008-10-to-2017-03;nouveau_loto.csv
2012132;2012132;;2012-11-03;SAMEDI;modern-5-plus-chance;15;11;9;22;36;;;8;;;;;;2008-10-to-2017-03;nouveau_loto.csv
2012133;2012133;;2012-11-05;LUNDI;modern-5-plus-chance;27;14;37;9;33;;;7;;;;;;2008-10-to-2017-03;nouveau_loto.csv
2012134;2012134;;2012-11-07;MERCREDI;modern-5-plus-chance;34;16;21;2;40;;;7;;;;;;2008-10-to-2017-03;nouveau_loto.csv
2012135;2012135;;2012-11-10;SAMEDI;modern-5-plus-chance;19;46;17;3;43;;;5;;;;;;2008-10-to-2017-03;nouveau_loto.csv
2012136;2012136;;2012-11-12;LUNDI;modern-5-plus-chance;25;45;20;6;48;;;7;;;;;;2008-10-to-2017-03;nouveau_loto.csv
2012137;2012137;;2012-11-14;MERCREDI;modern-5-plus-chance;29;40;39;46;21;;;8;;;;;;2008-10-to-2017-03;nouveau_loto.csv
2012138;2012138;;2012-11-17;SAMEDI;modern-5-plus-chance;8;6;27;37;33;;;7;;;;;;2008-10-to-2017-03;nouveau_loto.csv
2012139;2012139;;2012-11-19;LUNDI;modern-5-plus-chance;6;41;16;1;3;;;1;;;;;;2008-10-to-2017-03;nouveau_loto.csv
2012140;2012140;;2012-11-21;MERCREDI;modern-5-plus-chance;10;43;6;4;46;;;10;;;;;;2008-10-to-2017-03;nouveau_loto.csv
2012141;2012141;;2012-11-24;SAMEDI;modern-5-plus-chance;18;21;19;5;28;;;2;;;;;;2008-10-to-2017-03;nouveau_loto.csv
2012142;2012142;;2012-11-26;LUNDI;modern-5-plus-chance;35;15;48;44;9;;;6;;;;;;2008-10-to-2017-03;nouveau_loto.csv
2012143;2012143;;2012-11-28;MERCREDI;modern-5-plus-chance;16;34;28;4;11;;;1;;;;;;2008-10-to-2017-03;nouveau_loto.csv
2012144;2012144;;2012-12-01;SAMEDI;modern-5-plus-chance;19;25;12;45;44;;;10;;;;;;2008-10-to-2017-03;nouveau_loto.csv
2012145;2012145;;2012-12-03;LUNDI;modern-5-plus-chance;39;25;16;6;11;;;6;;;;;;2008-10-to-2017-03;nouveau_loto.csv
2012146;2012146;;2012-12-05;MERCREDI;modern-5-plus-chance;28;24;36;45;27;;;8;;;;;;2008-10-to-2017-03;nouveau_loto.csv
2012147;2012147;;2012-12-08;SAMEDI;modern-5-plus-chance;22;47;45;24;28;;;2;;;;;;2008-10-to-2017-03;nouveau_loto.csv
2012148;2012148;;2012-12-10;LUNDI;modern-5-plus-chance;36;16;4;20;47;;;8;;;;;;2008-10-to-2017-03;nouveau_loto.csv
2012149;2012149;;2012-12-12;MERCREDI;modern-5-plus-chance;37;19;32;36;20;;;4;;;;;;2008-10-to-2017-03;nouveau_loto.csv
2012150;2012150;;2012-12-15;SAMEDI;modern-5-plus-chance;26;24;11;33;41;;;9;;;;;;2008-10-to-2017-03;nouveau_loto.csv
2012151;2012151;;2012-12-17;LUNDI;modern-5-plus-chance;16;27;39;29;32;;;5;;;;;;2008-10-to-2017-03;nouveau_loto.csv
2012152;2012152;;2012-12-19;MERCREDI;modern-5-plus-chance;5;10;25;19;49;;;8;;;;;;2008-10-to-2017-03;nouveau_loto.csv
2012153;2012153;;2012-12-22;SAMEDI;modern-5-plus-chance;47;1;2;34;24;;;1;;;;;;2008-10-to-2017-03;nouveau_loto.csv
2012154;2012154;;2012-12-24;LUNDI;modern-5-plus-chance;5;12;32;7;47;;;6;;;;;;2008-10-to-2017-03;nouveau_loto.csv
2012155;2012155;;2012-12-26;MERCREDI;modern-5-plus-chance;3;17;31;5;2;;;9;;;;;;2008-10-to-2017-03;nouveau_loto.csv
2012156;2012156;;2012-12-29;SAMEDI;modern-5-plus-chance;45;7;11;37;23;;;4;;;;;;2008-10-to-2017-03;nouveau_loto.csv
2012157;2012157;;2012-12-31;LUNDI;modern-5-plus-chance;4;47;21;44;36;;;3;;;;;;2008-10-to-2017-03;nouveau_loto.csv
2013001;2013001;;2013-01-02;MERCREDI;modern-5-plus-chance;33;21;37;22;31;;;4;;;;;;2008-10-to-2017-03;nouveau_loto.csv
2013002;2013002;;2013-01-05;SAMEDI;modern-5-plus-chance;30;46;47;6;45;;;6;;;;;;2008-10-to-2017-03;nouveau_loto.csv
2013003;2013003;;2013-01-07;LUNDI;modern-5-plus-chance;45;31;15;32;48;;;5;;;;;;2008-10-to-2017-03;nouveau_loto.csv
2013004;2013004;;2013-01-09;MERCREDI;modern-5-plus-chance;30;33;22;29;26;;;9;;;;;;2008-10-to-2017-03;nouveau_loto.csv
2013005;2013005;;2013-01-12;SAMEDI;modern-5-plus-chance;13;48;40;6;37;;;7;;;;;;2008-10-to-2017-03;nouveau_loto.csv
2013006;2013006;;2013-01-14;LUNDI;modern-5-plus-chance;35;30;10;37;7;;;6;;;;;;2008-10-to-2017-03;nouveau_loto.csv
2013007;2013007;;2013-01-16;MERCREDI;modern-5-plus-chance;27;6;16;24;46;;;5;;;;;;2008-10-to-2017-03;nouveau_loto.csv
2013008;2013008;;2013-01-19;SAMEDI;modern-5-plus-chance;22;23;45;42;9;;;8;;;;;;2008-10-to-2017-03;nouveau_loto.csv
2013009;2013009;;2013-01-21;LUNDI;modern-5-plus-chance;35;7;32;38;22;;;6;;;;;;2008-10-to-2017-03;nouveau_loto.csv
2013010;2013010;;2013-01-23;MERCREDI;modern-5-plus-chance;11;49;36;9;19;;;6;;;;;;2008-10-to-2017-03;nouveau_loto.csv
2013011;2013011;;2013-01-26;SAMEDI;modern-5-plus-chance;18;39;2;23;34;;;6;;;;;;2008-10-to-2017-03;nouveau_loto.csv
2013012;2013012;;2013-01-28;LUNDI;modern-5-plus-chance;38;29;20;40;28;;;9;;;;;;2008-10-to-2017-03;nouveau_loto.csv
2013013;2013013;;2013-01-30;MERCREDI;modern-5-plus-chance;41;31;40;11;48;;;5;;;;;;2008-10-to-2017-03;nouveau_loto.csv
2013014;2013014;;2013-02-02;SAMEDI;modern-5-plus-chance;45;33;7;6;34;;;3;;;;;;2008-10-to-2017-03;nouveau_loto.csv
2013015;2013015;;2013-02-04;LUNDI;modern-5-plus-chance;34;33;18;6;30;;;2;;;;;;2008-10-to-2017-03;nouveau_loto.csv
2013016;2013016;;2013-02-06;MERCREDI;modern-5-plus-chance;40;3;7;33;25;;;1;;;;;;2008-10-to-2017-03;nouveau_loto.csv
2013017;2013017;;2013-02-09;SAMEDI;modern-5-plus-chance;23;5;2;47;4;;;7;;;;;;2008-10-to-2017-03;nouveau_loto.csv
2013018;2013018;;2013-02-11;LUNDI;modern-5-plus-chance;25;42;1;36;45;;;7;;;;;;2008-10-to-2017-03;nouveau_loto.csv
2013019;2013019;;2013-02-13;MERCREDI;modern-5-plus-chance;39;48;19;46;14;;;2;;;;;;2008-10-to-2017-03;nouveau_loto.csv
2013020;2013020;;2013-02-16;SAMEDI;modern-5-plus-chance;19;34;26;27;4;;;6;;;;;;2008-10-to-2017-03;nouveau_loto.csv
2013021;2013021;;2013-02-18;LUNDI;modern-5-plus-chance;2;13;19;41;5;;;5;;;;;;2008-10-to-2017-03;nouveau_loto.csv
2013022;2013022;;2013-02-20;MERCREDI;modern-5-plus-chance;6;8;42;27;7;;;1;;;;;;2008-10-to-2017-03;nouveau_loto.csv
2013023;2013023;;2013-02-23;SAMEDI;modern-5-plus-chance;47;36;42;30;45;;;5;;;;;;2008-10-to-2017-03;nouveau_loto.csv
2013024;2013024;;2013-02-25;LUNDI;modern-5-plus-chance;43;18;17;14;46;;;2;;;;;;2008-10-to-2017-03;nouveau_loto.csv
2013025;2013025;;2013-02-27;MERCREDI;modern-5-plus-chance;25;40;21;34;6;;;7;;;;;;2008-10-to-2017-03;nouveau_loto.csv
2013026;2013026;;2013-03-02;SAMEDI;modern-5-plus-chance;18;38;5;22;30;;;2;;;;;;2008-10-to-2017-03;nouveau_loto.csv
2013027;2013027;;2013-03-04;LUNDI;modern-5-plus-chance;47;1;45;9;30;;;10;;;;;;2008-10-to-2017-03;nouveau_loto.csv
2013028;2013028;;2013-03-06;MERCREDI;modern-5-plus-chance;28;36;42;26;44;;;4;;;;;;2008-10-to-2017-03;nouveau_loto.csv
2013029;2013029;;2013-03-09;SAMEDI;modern-5-plus-chance;49;4;40;11;22;;;5;;;;;;2008-10-to-2017-03;nouveau_loto.csv
2013030;2013030;;2013-03-11;LUNDI;modern-5-plus-chance;8;16;44;7;49;;;6;;;;;;2008-10-to-2017-03;nouveau_loto.csv
2013031;2013031;;2013-03-13;MERCREDI;modern-5-plus-chance;13;12;34;41;40;;;7;;;;;;2008-10-to-2017-03;nouveau_loto.csv
2013032;2013032;;2013-03-16;SAMEDI;modern-5-plus-chance;16;5;46;33;38;;;5;;;;;;2008-10-to-2017-03;nouveau_loto.csv
2013033;2013033;;2013-03-18;LUNDI;modern-5-plus-chance;10;20;18;24;32;;;9;;;;;;2008-10-to-2017-03;nouveau_loto.csv
2013034;2013034;;2013-03-20;MERCREDI;modern-5-plus-chance;37;5;1;49;12;;;7;;;;;;2008-10-to-2017-03;nouveau_loto.csv
2013035;2013035;;2013-03-23;SAMEDI;modern-5-plus-chance;17;11;41;9;24;;;6;;;;;;2008-10-to-2017-03;nouveau_loto.csv
2013036;2013036;;2013-03-25;LUNDI;modern-5-plus-chance;29;25;14;41;10;;;4;;;;;;2008-10-to-2017-03;nouveau_loto.csv
2013037;2013037;;2013-03-27;MERCREDI;modern-5-plus-chance;21;47;24;49;33;;;3;;;;;;2008-10-to-2017-03;nouveau_loto.csv
2013038;2013038;;2013-03-30;SAMEDI;modern-5-plus-chance;26;10;9;30;34;;;2;;;;;;2008-10-to-2017-03;nouveau_loto.csv
2013039;2013039;;2013-04-01;LUNDI;modern-5-plus-chance;47;16;10;43;27;;;2;;;;;;2008-10-to-2017-03;nouveau_loto.csv
2013040;2013040;;2013-04-03;MERCREDI;modern-5-plus-chance;36;18;37;42;45;;;8;;;;;;2008-10-to-2017-03;nouveau_loto.csv
2013041;2013041;;2013-04-06;SAMEDI;modern-5-plus-chance;15;29;42;1;33;;;7;;;;;;2008-10-to-2017-03;nouveau_loto.csv
2013042;2013042;;2013-04-08;LUNDI;modern-5-plus-chance;19;6;38;8;37;;;2;;;;;;2008-10-to-2017-03;nouveau_loto.csv
2013043;2013043;;2013-04-10;MERCREDI;modern-5-plus-chance;9;18;3;45;28;;;5;;;;;;2008-10-to-2017-03;nouveau_loto.csv
2013044;2013044;;2013-04-13;SAMEDI;modern-5-plus-chance;23;43;22;41;33;;;4;;;;;;2008-10-to-2017-03;nouveau_loto.csv
2013045;2013045;;2013-04-15;LUNDI;modern-5-plus-chance;45;20;21;26;46;;;3;;;;;;2008-10-to-2017-03;nouveau_loto.csv
2013046;2013046;;2013-04-17;MERCREDI;modern-5-plus-chance;38;16;32;12;29;;;8;;;;;;2008-10-to-2017-03;nouveau_loto.csv
2013047;2013047;;2013-04-20;SAMEDI;modern-5-plus-chance;28;24;3;42;9;;;9;;;;;;2008-10-to-2017-03;nouveau_loto.csv
2013048;2013048;;2013-04-22;LUNDI;modern-5-plus-chance;22;16;11;37;14;;;1;;;;;;2008-10-to-2017-03;nouveau_loto.csv
2013049;2013049;;2013-04-24;MERCREDI;modern-5-plus-chance;1;48;13;6;5;;;9;;;;;;2008-10-to-2017-03;nouveau_loto.csv
2013050;2013050;;2013-04-27;SAMEDI;modern-5-plus-chance;17;26;39;19;9;;;10;;;;;;2008-10-to-2017-03;nouveau_loto.csv
2013051;2013051;;2013-04-29;LUNDI;modern-5-plus-chance;12;21;39;11;27;;;9;;;;;;2008-10-to-2017-03;nouveau_loto.csv
2013052;2013052;;2013-05-01;MERCREDI;modern-5-plus-chance;7;41;31;32;4;;;9;;;;;;2008-10-to-2017-03;nouveau_loto.csv
2013053;2013053;;2013-05-04;SAMEDI;modern-5-plus-chance;6;13;40;45;15;;;4;;;;;;2008-10-to-2017-03;nouveau_loto.csv
2013054;2013054;;2013-05-06;LUNDI;modern-5-plus-chance;48;13;15;24;23;;;7;;;;;;2008-10-to-2017-03;nouveau_loto.csv
2013055;2013055;;2013-05-08;MERCREDI;modern-5-plus-chance;13;5;43;25;15;;;10;;;;;;2008-10-to-2017-03;nouveau_loto.csv
2013056;2013056;;2013-05-11;SAMEDI;modern-5-plus-chance;26;49;45;3;16;;;9;;;;;;2008-10-to-2017-03;nouveau_loto.csv
2013057;2013057;;2013-05-13;LUNDI;modern-5-plus-chance;23;29;40;49;15;;;5;;;;;;2008-10-to-2017-03;nouveau_loto.csv
2013058;2013058;;2013-05-15;MERCREDI;modern-5-plus-chance;32;27;8;13;11;;;4;;;;;;2008-10-to-2017-03;nouveau_loto.csv
2013059;2013059;;2013-05-18;SAMEDI;modern-5-plus-chance;4;5;20;7;17;;;3;;;;;;2008-10-to-2017-03;nouveau_loto.csv
2013060;2013060;;2013-05-20;LUNDI;modern-5-plus-chance;47;27;25;23;9;;;3;;;;;;2008-10-to-2017-03;nouveau_loto.csv
2013061;2013061;;2013-05-22;MERCREDI;modern-5-plus-chance;3;34;2;17;13;;;9;;;;;;2008-10-to-2017-03;nouveau_loto.csv
2013062;2013062;;2013-05-25;SAMEDI;modern-5-plus-chance;42;7;36;13;40;;;2;;;;;;2008-10-to-2017-03;nouveau_loto.csv
2013063;2013063;;2013-05-27;LUNDI;modern-5-plus-chance;37;15;9;28;13;;;2;;;;;;2008-10-to-2017-03;nouveau_loto.csv
2013064;2013064;;2013-05-29;MERCREDI;modern-5-plus-chance;34;41;48;23;45;;;7;;;;;;2008-10-to-2017-03;nouveau_loto.csv
2013065;2013065;;2013-06-01;SAMEDI;modern-5-plus-chance;21;30;8;7;6;;;3;;;;;;2008-10-to-2017-03;nouveau_loto.csv
2013066;2013066;;2013-06-03;LUNDI;modern-5-plus-chance;14;4;38;34;25;;;9;;;;;;2008-10-to-2017-03;nouveau_loto.csv
2013067;2013067;;2013-06-05;MERCREDI;modern-5-plus-chance;27;41;23;25;4;;;1;;;;;;2008-10-to-2017-03;nouveau_loto.csv
2013068;2013068;;2013-06-08;SAMEDI;modern-5-plus-chance;19;33;29;32;17;;;2;;;;;;2008-10-to-2017-03;nouveau_loto.csv
2013069;2013069;;2013-06-10;LUNDI;modern-5-plus-chance;13;15;3;35;32;;;1;;;;;;2008-10-to-2017-03;nouveau_loto.csv
2013070;2013070;;2013-06-12;MERCREDI;modern-5-plus-chance;20;40;46;3;44;;;4;;;;;;2008-10-to-2017-03;nouveau_loto.csv
2013071;2013071;;2013-06-15;SAMEDI;modern-5-plus-chance;32;38;26;4;23;;;2;;;;;;2008-10-to-2017-03;nouveau_loto.csv
2013072;2013072;;2013-06-17;LUNDI;modern-5-plus-chance;38;39;3;17;1;;;1;;;;;;2008-10-to-2017-03;nouveau_loto.csv
2013073;2013073;;2013-06-19;MERCREDI;modern-5-plus-chance;32;22;17;43;19;;;1;;;;;;2008-10-to-2017-03;nouveau_loto.csv
2013074;2013074;;2013-06-22;SAMEDI;modern-5-plus-chance;21;26;37;16;35;;;8;;;;;;2008-10-to-2017-03;nouveau_loto.csv
2013075;2013075;;2013-06-24;LUNDI;modern-5-plus-chance;29;5;24;19;10;;;1;;;;;;2008-10-to-2017-03;nouveau_loto.csv
2013076;2013076;;2013-06-26;MERCREDI;modern-5-plus-chance;39;16;19;29;12;;;8;;;;;;2008-10-to-2017-03;nouveau_loto.csv
2013077;2013077;;2013-06-29;SAMEDI;modern-5-plus-chance;23;37;8;14;9;;;7;;;;;;2008-10-to-2017-03;nouveau_loto.csv
2013078;2013078;;2013-07-01;LUNDI;modern-5-plus-chance;5;31;21;37;38;;;6;;;;;;2008-10-to-2017-03;nouveau_loto.csv
2013079;2013079;;2013-07-03;MERCREDI;modern-5-plus-chance;36;2;7;25;39;;;4;;;;;;2008-10-to-2017-03;nouveau_loto.csv
2013080;2013080;;2013-07-06;SAMEDI;modern-5-plus-chance;13;35;30;44;12;;;2;;;;;;2008-10-to-2017-03;nouveau_loto.csv
2013081;2013081;;2013-07-08;LUNDI;modern-5-plus-chance;44;8;24;25;26;;;5;;;;;;2008-10-to-2017-03;nouveau_loto.csv
2013082;2013082;;2013-07-10;MERCREDI;modern-5-plus-chance;31;37;24;39;14;;;7;;;;;;2008-10-to-2017-03;nouveau_loto.csv
2013083;2013083;;2013-07-13;SAMEDI;modern-5-plus-chance;31;21;37;10;28;;;8;;;;;;2008-10-to-2017-03;nouveau_loto.csv
2013084;2013084;;2013-07-15;LUNDI;modern-5-plus-chance;34;7;43;33;44;;;9;;;;;;2008-10-to-2017-03;nouveau_loto.csv
2013085;2013085;;2013-07-17;MERCREDI;modern-5-plus-chance;16;8;17;48;31;;;4;;;;;;2008-10-to-2017-03;nouveau_loto.csv
2013086;2013086;;2013-07-20;SAMEDI;modern-5-plus-chance;48;28;9;17;30;;;7;;;;;;2008-10-to-2017-03;nouveau_loto.csv
2013087;2013087;;2013-07-22;LUNDI;modern-5-plus-chance;12;32;29;7;38;;;1;;;;;;2008-10-to-2017-03;nouveau_loto.csv
2013088;2013088;;2013-07-24;MERCREDI;modern-5-plus-chance;27;37;19;36;44;;;3;;;;;;2008-10-to-2017-03;nouveau_loto.csv
2013089;2013089;;2013-07-27;SAMEDI;modern-5-plus-chance;35;44;29;37;10;;;4;;;;;;2008-10-to-2017-03;nouveau_loto.csv
2013090;2013090;;2013-07-29;LUNDI;modern-5-plus-chance;4;34;40;35;36;;;5;;;;;;2008-10-to-2017-03;nouveau_loto.csv
2013091;2013091;;2013-07-31;MERCREDI;modern-5-plus-chance;28;31;23;41;8;;;7;;;;;;2008-10-to-2017-03;nouveau_loto.csv
2013092;2013092;;2013-08-03;SAMEDI;modern-5-plus-chance;44;22;33;27;17;;;9;;;;;;2008-10-to-2017-03;nouveau_loto.csv
2013093;2013093;;2013-08-05;LUNDI;modern-5-plus-chance;24;39;11;6;43;;;4;;;;;;2008-10-to-2017-03;nouveau_loto.csv
2013094;2013094;;2013-08-07;MERCREDI;modern-5-plus-chance;45;33;16;40;3;;;4;;;;;;2008-10-to-2017-03;nouveau_loto.csv
2013095;2013095;;2013-08-10;SAMEDI;modern-5-plus-chance;19;5;41;15;24;;;5;;;;;;2008-10-to-2017-03;nouveau_loto.csv
2013096;2013096;;2013-08-12;LUNDI;modern-5-plus-chance;4;11;38;28;21;;;7;;;;;;2008-10-to-2017-03;nouveau_loto.csv
2013097;2013097;;2013-08-14;MERCREDI;modern-5-plus-chance;30;22;5;35;17;;;2;;;;;;2008-10-to-2017-03;nouveau_loto.csv
2013098;2013098;;2013-08-17;SAMEDI;modern-5-plus-chance;43;33;32;26;41;;;10;;;;;;2008-10-to-2017-03;nouveau_loto.csv
2013099;2013099;;2013-08-19;LUNDI;modern-5-plus-chance;40;25;2;3;46;;;9;;;;;;2008-10-to-2017-03;nouveau_loto.csv
2013100;2013100;;2013-08-21;MERCREDI;modern-5-plus-chance;39;12;38;11;26;;;10;;;;;;2008-10-to-2017-03;nouveau_loto.csv
2013101;2013101;;2013-08-24;SAMEDI;modern-5-plus-chance;39;11;5;29;41;;;7;;;;;;2008-10-to-2017-03;nouveau_loto.csv
2013102;2013102;;2013-08-26;LUNDI;modern-5-plus-chance;49;1;9;14;25;;;10;;;;;;2008-10-to-2017-03;nouveau_loto.csv
2013103;2013103;;2013-08-28;MERCREDI;modern-5-plus-chance;40;23;30;2;33;;;1;;;;;;2008-10-to-2017-03;nouveau_loto.csv
2013104;2013104;;2013-08-31;SAMEDI;modern-5-plus-chance;26;3;2;33;14;;;7;;;;;;2008-10-to-2017-03;nouveau_loto.csv
2013105;2013105;;2013-09-02;LUNDI;modern-5-plus-chance;46;16;20;41;8;;;8;;;;;;2008-10-to-2017-03;nouveau_loto.csv
2013106;2013106;;2013-09-04;MERCREDI;modern-5-plus-chance;49;6;25;17;42;;;6;;;;;;2008-10-to-2017-03;nouveau_loto.csv
2013107;2013107;;2013-09-07;SAMEDI;modern-5-plus-chance;25;24;44;11;1;;;3;;;;;;2008-10-to-2017-03;nouveau_loto.csv
2013108;2013108;;2013-09-09;LUNDI;modern-5-plus-chance;22;23;35;3;5;;;7;;;;;;2008-10-to-2017-03;nouveau_loto.csv
2013109;2013109;;2013-09-11;MERCREDI;modern-5-plus-chance;35;13;7;6;23;;;2;;;;;;2008-10-to-2017-03;nouveau_loto.csv
2013110;2013110;;2013-09-14;SAMEDI;modern-5-plus-chance;49;18;28;24;43;;;7;;;;;;2008-10-to-2017-03;nouveau_loto.csv
2013111;2013111;;2013-09-16;LUNDI;modern-5-plus-chance;6;15;24;38;26;;;5;;;;;;2008-10-to-2017-03;nouveau_loto.csv
2013112;2013112;;2013-09-18;MERCREDI;modern-5-plus-chance;35;26;45;4;40;;;3;;;;;;2008-10-to-2017-03;nouveau_loto.csv
2013113;2013113;;2013-09-21;SAMEDI;modern-5-plus-chance;41;30;17;26;16;;;9;;;;;;2008-10-to-2017-03;nouveau_loto.csv
2013114;2013114;;2013-09-23;LUNDI;modern-5-plus-chance;2;11;21;1;36;;;1;;;;;;2008-10-to-2017-03;nouveau_loto.csv
2013115;2013115;;2013-09-25;MERCREDI;modern-5-plus-chance;6;2;44;43;12;;;5;;;;;;2008-10-to-2017-03;nouveau_loto.csv
2013116;2013116;;2013-09-28;SAMEDI;modern-5-plus-chance;34;29;45;1;9;;;5;;;;;;2008-10-to-2017-03;nouveau_loto.csv
2013117;2013117;;2013-09-30;LUNDI;modern-5-plus-chance;10;26;45;15;28;;;9;;;;;;2008-10-to-2017-03;nouveau_loto.csv
2013118;2013118;;2013-10-02;MERCREDI;modern-5-plus-chance;11;21;39;17;6;;;7;;;;;;2008-10-to-2017-03;nouveau_loto.csv
2013119;2013119;;2013-10-05;SAMEDI;modern-5-plus-chance;9;7;14;27;38;;;9;;;;;;2008-10-to-2017-03;nouveau_loto.csv
2013120;2013120;;2013-10-07;LUNDI;modern-5-plus-chance;16;31;6;46;15;;;5;;;;;;2008-10-to-2017-03;nouveau_loto.csv
2013121;2013121;;2013-10-09;MERCREDI;modern-5-plus-chance;1;26;18;20;12;;;2;;;;;;2008-10-to-2017-03;nouveau_loto.csv
2013122;2013122;;2013-10-12;SAMEDI;modern-5-plus-chance;24;32;22;4;17;;;8;;;;;;2008-10-to-2017-03;nouveau_loto.csv
2013123;2013123;;2013-10-14;LUNDI;modern-5-plus-chance;21;35;19;15;33;;;4;;;;;;2008-10-to-2017-03;nouveau_loto.csv
2013124;2013124;;2013-10-16;MERCREDI;modern-5-plus-chance;9;12;40;23;14;;;8;;;;;;2008-10-to-2017-03;nouveau_loto.csv
2013125;2013125;;2013-10-19;SAMEDI;modern-5-plus-chance;33;49;44;8;25;;;1;;;;;;2008-10-to-2017-03;nouveau_loto.csv
2013126;2013126;;2013-10-21;LUNDI;modern-5-plus-chance;25;32;35;17;36;;;7;;;;;;2008-10-to-2017-03;nouveau_loto.csv
2013127;2013127;;2013-10-23;MERCREDI;modern-5-plus-chance;5;11;20;22;10;;;3;;;;;;2008-10-to-2017-03;nouveau_loto.csv
2013128;2013128;;2013-10-26;SAMEDI;modern-5-plus-chance;40;3;35;42;47;;;7;;;;;;2008-10-to-2017-03;nouveau_loto.csv
2013129;2013129;;2013-10-28;LUNDI;modern-5-plus-chance;44;32;8;14;23;;;8;;;;;;2008-10-to-2017-03;nouveau_loto.csv
2013130;2013130;;2013-10-30;MERCREDI;modern-5-plus-chance;46;48;14;21;35;;;1;;;;;;2008-10-to-2017-03;nouveau_loto.csv
2013131;2013131;;2013-11-02;SAMEDI;modern-5-plus-chance;7;12;4;13;18;;;9;;;;;;2008-10-to-2017-03;nouveau_loto.csv
2013132;2013132;;2013-11-04;LUNDI;modern-5-plus-chance;13;18;8;24;15;;;6;;;;;;2008-10-to-2017-03;nouveau_loto.csv
2013133;2013133;;2013-11-06;MERCREDI;modern-5-plus-chance;20;40;30;16;6;;;3;;;;;;2008-10-to-2017-03;nouveau_loto.csv
2013134;2013134;;2013-11-09;SAMEDI;modern-5-plus-chance;39;33;12;30;9;;;4;;;;;;2008-10-to-2017-03;nouveau_loto.csv
2013135;2013135;;2013-11-11;LUNDI;modern-5-plus-chance;42;48;32;12;16;;;9;;;;;;2008-10-to-2017-03;nouveau_loto.csv
2013136;2013136;;2013-11-13;MERCREDI;modern-5-plus-chance;7;38;16;36;47;;;6;;;;;;2008-10-to-2017-03;nouveau_loto.csv
2013137;2013137;;2013-11-16;SAMEDI;modern-5-plus-chance;38;44;20;29;33;;;8;;;;;;2008-10-to-2017-03;nouveau_loto.csv
2013138;2013138;;2013-11-18;LUNDI;modern-5-plus-chance;36;46;29;3;28;;;10;;;;;;2008-10-to-2017-03;nouveau_loto.csv
2013139;2013139;;2013-11-20;MERCREDI;modern-5-plus-chance;35;28;46;14;18;;;1;;;;;;2008-10-to-2017-03;nouveau_loto.csv
2013140;2013140;;2013-11-23;SAMEDI;modern-5-plus-chance;4;2;48;12;33;;;9;;;;;;2008-10-to-2017-03;nouveau_loto.csv
2013141;2013141;;2013-11-25;LUNDI;modern-5-plus-chance;27;15;16;4;42;;;4;;;;;;2008-10-to-2017-03;nouveau_loto.csv
2013142;2013142;;2013-11-27;MERCREDI;modern-5-plus-chance;16;12;45;34;11;;;9;;;;;;2008-10-to-2017-03;nouveau_loto.csv
2013143;2013143;;2013-11-30;SAMEDI;modern-5-plus-chance;19;36;20;40;2;;;2;;;;;;2008-10-to-2017-03;nouveau_loto.csv
2013144;2013144;;2013-12-02;LUNDI;modern-5-plus-chance;33;34;19;40;36;;;5;;;;;;2008-10-to-2017-03;nouveau_loto.csv
2013145;2013145;;2013-12-04;MERCREDI;modern-5-plus-chance;21;34;27;25;29;;;3;;;;;;2008-10-to-2017-03;nouveau_loto.csv
2013146;2013146;;2013-12-07;SAMEDI;modern-5-plus-chance;17;14;2;8;34;;;7;;;;;;2008-10-to-2017-03;nouveau_loto.csv
2013147;2013147;;2013-12-09;LUNDI;modern-5-plus-chance;45;33;20;24;6;;;6;;;;;;2008-10-to-2017-03;nouveau_loto.csv
2013148;2013148;;2013-12-11;MERCREDI;modern-5-plus-chance;43;4;39;40;27;;;8;;;;;;2008-10-to-2017-03;nouveau_loto.csv
2013149;2013149;;2013-12-14;SAMEDI;modern-5-plus-chance;46;45;8;30;18;;;1;;;;;;2008-10-to-2017-03;nouveau_loto.csv
2013150;2013150;;2013-12-16;LUNDI;modern-5-plus-chance;36;31;1;37;33;;;6;;;;;;2008-10-to-2017-03;nouveau_loto.csv
2013151;2013151;;2013-12-18;MERCREDI;modern-5-plus-chance;36;46;38;8;30;;;1;;;;;;2008-10-to-2017-03;nouveau_loto.csv
2013152;2013152;;2013-12-21;SAMEDI;modern-5-plus-chance;24;18;19;33;10;;;4;;;;;;2008-10-to-2017-03;nouveau_loto.csv
2013153;2013153;;2013-12-23;LUNDI;modern-5-plus-chance;34;29;41;37;18;;;5;;;;;;2008-10-to-2017-03;nouveau_loto.csv
2013154;2013154;;2013-12-25;MERCREDI;modern-5-plus-chance;36;23;45;28;24;;;3;;;;;;2008-10-to-2017-03;nouveau_loto.csv
2013155;2013155;;2013-12-28;SAMEDI;modern-5-plus-chance;1;16;20;32;26;;;7;;;;;;2008-10-to-2017-03;nouveau_loto.csv
2013156;2013156;;2013-12-30;LUNDI;modern-5-plus-chance;20;22;44;41;11;;;8;;;;;;2008-10-to-2017-03;nouveau_loto.csv
2014001;2014001;;2014-01-01;MERCREDI;modern-5-plus-chance;39;37;34;26;6;;;7;;;;;;2008-10-to-2017-03;nouveau_loto.csv
2014002;2014002;;2014-01-04;SAMEDI;modern-5-plus-chance;1;29;45;6;16;;;5;;;;;;2008-10-to-2017-03;nouveau_loto.csv
2014003;2014003;;2014-01-06;LUNDI;modern-5-plus-chance;30;29;17;13;19;;;9;;;;;;2008-10-to-2017-03;nouveau_loto.csv
2014004;2014004;;2014-01-08;MERCREDI;modern-5-plus-chance;4;42;29;45;14;;;8;;;;;;2008-10-to-2017-03;nouveau_loto.csv
2014005;2014005;;2014-01-11;SAMEDI;modern-5-plus-chance;35;25;18;8;39;;;9;;;;;;2008-10-to-2017-03;nouveau_loto.csv
2014006;2014006;;2014-01-13;LUNDI;modern-5-plus-chance;33;3;47;29;20;;;4;;;;;;2008-10-to-2017-03;nouveau_loto.csv
2014007;2014007;;2014-01-15;MERCREDI;modern-5-plus-chance;7;20;35;37;30;;;6;;;;;;2008-10-to-2017-03;nouveau_loto.csv
2014008;2014008;;2014-01-18;SAMEDI;modern-5-plus-chance;43;1;37;47;2;;;8;;;;;;2008-10-to-2017-03;nouveau_loto.csv
2014009;2014009;;2014-01-20;LUNDI;modern-5-plus-chance;10;1;42;40;35;;;5;;;;;;2008-10-to-2017-03;nouveau_loto.csv
2014010;2014010;;2014-01-22;MERCREDI;modern-5-plus-chance;38;42;1;22;40;;;7;;;;;;2008-10-to-2017-03;nouveau_loto.csv
2014011;2014011;;2014-01-25;SAMEDI;modern-5-plus-chance;18;37;17;14;30;;;5;;;;;;2008-10-to-2017-03;nouveau_loto.csv
2014012;2014012;;2014-01-27;LUNDI;modern-5-plus-chance;46;19;33;1;48;;;4;;;;;;2008-10-to-2017-03;nouveau_loto.csv
2014013;2014013;;2014-01-29;MERCREDI;modern-5-plus-chance;35;8;6;25;2;;;8;;;;;;2008-10-to-2017-03;nouveau_loto.csv
2014014;2014014;;2014-02-01;SAMEDI;modern-5-plus-chance;21;2;48;41;10;;;6;;;;;;2008-10-to-2017-03;nouveau_loto.csv
2014015;2014015;;2014-02-03;LUNDI;modern-5-plus-chance;44;33;5;1;13;;;2;;;;;;2008-10-to-2017-03;nouveau_loto.csv
2014016;2014016;;2014-02-05;MERCREDI;modern-5-plus-chance;2;48;16;7;41;;;8;;;;;;2008-10-to-2017-03;nouveau_loto.csv
2014017;2014017;;2014-02-08;SAMEDI;modern-5-plus-chance;6;7;39;38;14;;;7;;;;;;2008-10-to-2017-03;nouveau_loto.csv
2014018;2014018;;2014-02-10;LUNDI;modern-5-plus-chance;18;11;41;45;17;;;2;;;;;;2008-10-to-2017-03;nouveau_loto.csv
2014019;2014019;;2014-02-12;MERCREDI;modern-5-plus-chance;7;16;48;15;10;;;7;;;;;;2008-10-to-2017-03;nouveau_loto.csv
2014020;2014020;;2014-02-15;SAMEDI;modern-5-plus-chance;33;4;12;49;18;;;9;;;;;;2008-10-to-2017-03;nouveau_loto.csv
2014021;2014021;;2014-02-17;LUNDI;modern-5-plus-chance;20;32;9;23;1;;;1;;;;;;2008-10-to-2017-03;nouveau_loto.csv
2014022;2014022;;2014-02-19;MERCREDI;modern-5-plus-chance;44;32;25;47;27;;;7;;;;;;2008-10-to-2017-03;nouveau_loto.csv
2014023;2014023;;2014-02-22;SAMEDI;modern-5-plus-chance;30;26;48;32;1;;;10;;;;;;2008-10-to-2017-03;nouveau_loto.csv
2014024;2014024;;2014-02-24;LUNDI;modern-5-plus-chance;18;8;5;21;38;;;7;;;;;;2008-10-to-2017-03;nouveau_loto.csv
2014025;2014025;;2014-02-26;MERCREDI;modern-5-plus-chance;19;41;5;22;33;;;1;;;;;;2008-10-to-2017-03;nouveau_loto.csv
2014026;2014026;;2014-03-01;SAMEDI;modern-5-plus-chance;17;20;15;5;4;;;5;;;;;;2008-10-to-2017-03;nouveau_loto.csv
2014027;2014027;;2014-03-03;LUNDI;modern-5-plus-chance;41;40;28;21;36;;;10;;;;;;2008-10-to-2017-03;nouveau_loto.csv
2014028;2014028;;2014-03-05;MERCREDI;modern-5-plus-chance;12;1;32;42;31;;;1;;;;;;2008-10-to-2017-03;nouveau_loto.csv
2014029;2014029;;2014-03-08;SAMEDI;modern-5-plus-chance;35;40;6;46;15;;;7;;;;;;2008-10-to-2017-03;nouveau_loto.csv
2014030;2014030;;2014-03-10;LUNDI;modern-5-plus-chance;43;16;4;6;30;;;9;;;;;;2008-10-to-2017-03;nouveau_loto.csv
2014031;2014031;;2014-03-12;MERCREDI;modern-5-plus-chance;42;36;1;20;25;;;10;;;;;;2008-10-to-2017-03;nouveau_loto.csv
2014032;2014032;;2014-03-15;SAMEDI;modern-5-plus-chance;5;26;30;15;37;;;4;;;;;;2008-10-to-2017-03;nouveau_loto.csv
2014033;2014033;;2014-03-17;LUNDI;modern-5-plus-chance;8;33;22;45;19;;;6;;;;;;2008-10-to-2017-03;nouveau_loto.csv
2014034;2014034;;2014-03-19;MERCREDI;modern-5-plus-chance;27;19;5;26;28;;;9;;;;;;2008-10-to-2017-03;nouveau_loto.csv
2014035;2014035;;2014-03-22;SAMEDI;modern-5-plus-chance;20;49;14;26;4;;;2;;;;;;2008-10-to-2017-03;nouveau_loto.csv
2014036;2014036;;2014-03-24;LUNDI;modern-5-plus-chance;18;41;39;21;37;;;9;;;;;;2008-10-to-2017-03;nouveau_loto.csv
2014037;2014037;;2014-03-26;MERCREDI;modern-5-plus-chance;40;47;38;11;21;;;6;;;;;;2008-10-to-2017-03;nouveau_loto.csv
2014038;2014038;;2014-03-29;SAMEDI;modern-5-plus-chance;19;12;28;29;45;;;4;;;;;;2008-10-to-2017-03;nouveau_loto.csv
2014039;2014039;;2014-03-31;LUNDI;modern-5-plus-chance;28;6;7;32;2;;;4;;;;;;2008-10-to-2017-03;nouveau_loto.csv
2014040;2014040;;2014-04-02;MERCREDI;modern-5-plus-chance;6;41;28;16;34;;;4;;;;;;2008-10-to-2017-03;nouveau_loto.csv
2014041;2014041;;2014-04-05;SAMEDI;modern-5-plus-chance;40;9;22;13;45;;;5;;;;;;2008-10-to-2017-03;nouveau_loto.csv
2014042;2014042;;2014-04-07;LUNDI;modern-5-plus-chance;23;42;11;31;13;;;4;;;;;;2008-10-to-2017-03;nouveau_loto.csv
2014043;2014043;;2014-04-09;MERCREDI;modern-5-plus-chance;28;14;39;12;38;;;10;;;;;;2008-10-to-2017-03;nouveau_loto.csv
2014044;2014044;;2014-04-12;SAMEDI;modern-5-plus-chance;5;34;42;16;10;;;10;;;;;;2008-10-to-2017-03;nouveau_loto.csv
2014045;2014045;;2014-04-14;LUNDI;modern-5-plus-chance;11;7;43;45;14;;;3;;;;;;2008-10-to-2017-03;nouveau_loto.csv
2014046;2014046;;2014-04-16;MERCREDI;modern-5-plus-chance;26;25;12;49;8;;;1;;;;;;2008-10-to-2017-03;nouveau_loto.csv
2014047;2014047;;2014-04-19;SAMEDI;modern-5-plus-chance;22;40;21;12;45;;;8;;;;;;2008-10-to-2017-03;nouveau_loto.csv
2014048;2014048;;2014-04-21;LUNDI;modern-5-plus-chance;27;9;38;18;20;;;1;;;;;;2008-10-to-2017-03;nouveau_loto.csv
2014049;2014049;;2014-04-23;MERCREDI;modern-5-plus-chance;3;30;10;29;39;;;10;;;;;;2008-10-to-2017-03;nouveau_loto.csv
2014050;2014050;;2014-04-26;SAMEDI;modern-5-plus-chance;2;38;43;14;3;;;4;;;;;;2008-10-to-2017-03;nouveau_loto.csv
2014051;2014051;;2014-04-28;LUNDI;modern-5-plus-chance;45;32;19;49;36;;;7;;;;;;2008-10-to-2017-03;nouveau_loto.csv
2014052;2014052;;2014-04-30;MERCREDI;modern-5-plus-chance;32;35;19;23;43;;;10;;;;;;2008-10-to-2017-03;nouveau_loto.csv
2014053;2014053;;2014-05-03;SAMEDI;modern-5-plus-chance;16;5;41;11;36;;;5;;;;;;2008-10-to-2017-03;nouveau_loto.csv
2014054;2014054;;2014-05-05;LUNDI;modern-5-plus-chance;28;16;37;19;2;;;10;;;;;;2008-10-to-2017-03;nouveau_loto.csv
2014055;2014055;;2014-05-07;MERCREDI;modern-5-plus-chance;6;46;47;11;1;;;5;;;;;;2008-10-to-2017-03;nouveau_loto.csv
2014056;2014056;;2014-05-10;SAMEDI;modern-5-plus-chance;37;6;15;21;17;;;4;;;;;;2008-10-to-2017-03;nouveau_loto.csv
2014057;2014057;;2014-05-12;LUNDI;modern-5-plus-chance;43;33;36;12;2;;;5;;;;;;2008-10-to-2017-03;nouveau_loto.csv
2014058;2014058;;2014-05-14;MERCREDI;modern-5-plus-chance;6;25;21;5;33;;;1;;;;;;2008-10-to-2017-03;nouveau_loto.csv
2014059;2014059;;2014-05-17;SAMEDI;modern-5-plus-chance;48;41;37;32;43;;;7;;;;;;2008-10-to-2017-03;nouveau_loto.csv
2014060;2014060;;2014-05-19;LUNDI;modern-5-plus-chance;49;41;8;9;40;;;3;;;;;;2008-10-to-2017-03;nouveau_loto.csv
2014061;2014061;;2014-05-21;MERCREDI;modern-5-plus-chance;49;9;35;23;1;;;1;;;;;;2008-10-to-2017-03;nouveau_loto.csv
2014062;2014062;;2014-05-24;SAMEDI;modern-5-plus-chance;40;18;39;24;17;;;1;;;;;;2008-10-to-2017-03;nouveau_loto.csv
2014063;2014063;;2014-05-26;LUNDI;modern-5-plus-chance;3;8;40;39;32;;;1;;;;;;2008-10-to-2017-03;nouveau_loto.csv
2014064;2014064;;2014-05-28;MERCREDI;modern-5-plus-chance;9;26;8;48;46;;;7;;;;;;2008-10-to-2017-03;nouveau_loto.csv
2014065;2014065;;2014-05-31;SAMEDI;modern-5-plus-chance;16;2;28;40;14;;;1;;;;;;2008-10-to-2017-03;nouveau_loto.csv
2014066;2014066;;2014-06-02;LUNDI;modern-5-plus-chance;41;35;47;26;22;;;5;;;;;;2008-10-to-2017-03;nouveau_loto.csv
2014067;2014067;;2014-06-04;MERCREDI;modern-5-plus-chance;43;36;8;22;3;;;3;;;;;;2008-10-to-2017-03;nouveau_loto.csv
2014068;2014068;;2014-06-07;SAMEDI;modern-5-plus-chance;5;37;45;38;21;;;2;;;;;;2008-10-to-2017-03;nouveau_loto.csv
2014069;2014069;;2014-06-09;LUNDI;modern-5-plus-chance;47;34;45;35;10;;;9;;;;;;2008-10-to-2017-03;nouveau_loto.csv
2014070;2014070;;2014-06-11;MERCREDI;modern-5-plus-chance;22;9;42;15;32;;;6;;;;;;2008-10-to-2017-03;nouveau_loto.csv
2014071;2014071;;2014-06-14;SAMEDI;modern-5-plus-chance;7;24;18;34;5;;;5;;;;;;2008-10-to-2017-03;nouveau_loto.csv
2014072;2014072;;2014-06-16;LUNDI;modern-5-plus-chance;5;37;16;42;3;;;1;;;;;;2008-10-to-2017-03;nouveau_loto.csv
2014073;2014073;;2014-06-18;MERCREDI;modern-5-plus-chance;47;13;30;9;18;;;3;;;;;;2008-10-to-2017-03;nouveau_loto.csv
2014074;2014074;;2014-06-21;SAMEDI;modern-5-plus-chance;11;3;30;29;32;;;1;;;;;;2008-10-to-2017-03;nouveau_loto.csv
2014075;2014075;;2014-06-23;LUNDI;modern-5-plus-chance;40;38;32;4;31;;;4;;;;;;2008-10-to-2017-03;nouveau_loto.csv
2014076;2014076;;2014-06-25;MERCREDI;modern-5-plus-chance;5;4;23;30;41;;;4;;;;;;2008-10-to-2017-03;nouveau_loto.csv
2014077;2014077;;2014-06-28;SAMEDI;modern-5-plus-chance;40;24;22;13;43;;;3;;;;;;2008-10-to-2017-03;nouveau_loto.csv
2014078;2014078;;2014-06-30;LUNDI;modern-5-plus-chance;47;27;5;24;46;;;2;;;;;;2008-10-to-2017-03;nouveau_loto.csv
2014079;2014079;;2014-07-02;MERCREDI;modern-5-plus-chance;36;27;8;39;47;;;3;;;;;;2008-10-to-2017-03;nouveau_loto.csv
2014080;2014080;;2014-07-05;SAMEDI;modern-5-plus-chance;25;11;7;33;3;;;6;;;;;;2008-10-to-2017-03;nouveau_loto.csv
2014081;2014081;;2014-07-07;LUNDI;modern-5-plus-chance;31;41;32;14;13;;;10;;;;;;2008-10-to-2017-03;nouveau_loto.csv
2014082;2014082;;2014-07-09;MERCREDI;modern-5-plus-chance;8;6;36;4;34;;;5;;;;;;2008-10-to-2017-03;nouveau_loto.csv
2014083;2014083;;2014-07-12;SAMEDI;modern-5-plus-chance;29;23;22;13;1;;;1;;;;;;2008-10-to-2017-03;nouveau_loto.csv
2014084;2014084;;2014-07-14;LUNDI;modern-5-plus-chance;21;41;32;38;37;;;9;;;;;;2008-10-to-2017-03;nouveau_loto.csv
2014085;2014085;;2014-07-16;MERCREDI;modern-5-plus-chance;42;3;36;28;49;;;7;;;;;;2008-10-to-2017-03;nouveau_loto.csv
2014086;2014086;;2014-07-19;SAMEDI;modern-5-plus-chance;8;44;29;43;45;;;6;;;;;;2008-10-to-2017-03;nouveau_loto.csv
2014087;2014087;;2014-07-21;LUNDI;modern-5-plus-chance;21;3;9;27;10;;;4;;;;;;2008-10-to-2017-03;nouveau_loto.csv
2014088;2014088;;2014-07-23;MERCREDI;modern-5-plus-chance;1;32;8;15;24;;;6;;;;;;2008-10-to-2017-03;nouveau_loto.csv
2014089;2014089;;2014-07-26;SAMEDI;modern-5-plus-chance;1;5;43;41;22;;;4;;;;;;2008-10-to-2017-03;nouveau_loto.csv
2014090;2014090;;2014-07-28;LUNDI;modern-5-plus-chance;45;14;1;42;43;;;9;;;;;;2008-10-to-2017-03;nouveau_loto.csv
2014091;2014091;;2014-07-30;MERCREDI;modern-5-plus-chance;25;7;13;9;8;;;9;;;;;;2008-10-to-2017-03;nouveau_loto.csv
2014092;2014092;;2014-08-02;SAMEDI;modern-5-plus-chance;25;32;4;8;41;;;10;;;;;;2008-10-to-2017-03;nouveau_loto.csv
2014093;2014093;;2014-08-04;LUNDI;modern-5-plus-chance;16;28;36;24;43;;;6;;;;;;2008-10-to-2017-03;nouveau_loto.csv
2014094;2014094;;2014-08-06;MERCREDI;modern-5-plus-chance;13;41;34;21;15;;;8;;;;;;2008-10-to-2017-03;nouveau_loto.csv
2014095;2014095;;2014-08-09;SAMEDI;modern-5-plus-chance;34;4;5;9;21;;;7;;;;;;2008-10-to-2017-03;nouveau_loto.csv
2014096;2014096;;2014-08-11;LUNDI;modern-5-plus-chance;36;32;11;46;25;;;7;;;;;;2008-10-to-2017-03;nouveau_loto.csv
2014097;2014097;;2014-08-13;MERCREDI;modern-5-plus-chance;3;18;13;43;28;;;5;;;;;;2008-10-to-2017-03;nouveau_loto.csv
2014098;2014098;;2014-08-16;SAMEDI;modern-5-plus-chance;22;40;23;37;9;;;4;;;;;;2008-10-to-2017-03;nouveau_loto.csv
2014099;2014099;;2014-08-18;LUNDI;modern-5-plus-chance;24;45;19;1;46;;;3;;;;;;2008-10-to-2017-03;nouveau_loto.csv
2014100;2014100;;2014-08-20;MERCREDI;modern-5-plus-chance;22;33;31;41;15;;;4;;;;;;2008-10-to-2017-03;nouveau_loto.csv
2014101;2014101;;2014-08-23;SAMEDI;modern-5-plus-chance;7;17;29;26;21;;;7;;;;;;2008-10-to-2017-03;nouveau_loto.csv
2014102;2014102;;2014-08-25;LUNDI;modern-5-plus-chance;26;9;45;31;43;;;1;;;;;;2008-10-to-2017-03;nouveau_loto.csv
2014103;2014103;;2014-08-27;MERCREDI;modern-5-plus-chance;4;44;32;22;14;;;2;;;;;;2008-10-to-2017-03;nouveau_loto.csv
2014104;2014104;;2014-08-30;SAMEDI;modern-5-plus-chance;25;40;30;36;6;;;8;;;;;;2008-10-to-2017-03;nouveau_loto.csv
2014105;2014105;;2014-09-01;LUNDI;modern-5-plus-chance;42;22;47;16;38;;;1;;;;;;2008-10-to-2017-03;nouveau_loto.csv
2014106;2014106;;2014-09-03;MERCREDI;modern-5-plus-chance;10;38;20;4;13;;;4;;;;;;2008-10-to-2017-03;nouveau_loto.csv
2014107;2014107;;2014-09-06;SAMEDI;modern-5-plus-chance;42;14;15;13;3;;;7;;;;;;2008-10-to-2017-03;nouveau_loto.csv
2014108;2014108;;2014-09-08;LUNDI;modern-5-plus-chance;1;40;17;43;42;;;10;;;;;;2008-10-to-2017-03;nouveau_loto.csv
2014109;2014109;;2014-09-10;MERCREDI;modern-5-plus-chance;6;16;31;26;40;;;7;;;;;;2008-10-to-2017-03;nouveau_loto.csv
2014110;2014110;;2014-09-13;SAMEDI;modern-5-plus-chance;7;28;27;23;33;;;1;;;;;;2008-10-to-2017-03;nouveau_loto.csv
2014111;2014111;;2014-09-15;LUNDI;modern-5-plus-chance;16;44;2;10;35;;;6;;;;;;2008-10-to-2017-03;nouveau_loto.csv
2014112;2014112;;2014-09-17;MERCREDI;modern-5-plus-chance;23;18;10;6;3;;;4;;;;;;2008-10-to-2017-03;nouveau_loto.csv
2014113;2014113;;2014-09-20;SAMEDI;modern-5-plus-chance;34;31;25;46;22;;;6;;;;;;2008-10-to-2017-03;nouveau_loto.csv
2014114;2014114;;2014-09-22;LUNDI;modern-5-plus-chance;44;31;26;1;13;;;6;;;;;;2008-10-to-2017-03;nouveau_loto.csv
2014115;2014115;;2014-09-24;MERCREDI;modern-5-plus-chance;16;49;10;38;25;;;9;;;;;;2008-10-to-2017-03;nouveau_loto.csv
2014116;2014116;;2014-09-27;SAMEDI;modern-5-plus-chance;26;29;9;35;38;;;5;;;;;;2008-10-to-2017-03;nouveau_loto.csv
2014117;2014117;;2014-09-29;LUNDI;modern-5-plus-chance;41;28;17;4;33;;;5;;;;;;2008-10-to-2017-03;nouveau_loto.csv
2014118;2014118;;2014-10-01;MERCREDI;modern-5-plus-chance;17;42;44;27;16;;;8;;;;;;2008-10-to-2017-03;nouveau_loto.csv
2014119;2014119;;2014-10-04;SAMEDI;modern-5-plus-chance;14;45;29;12;41;;;7;;;;;;2008-10-to-2017-03;nouveau_loto.csv
2014120;2014120;;2014-10-06;LUNDI;modern-5-plus-chance;20;22;46;40;9;;;7;;;;;;2008-10-to-2017-03;nouveau_loto.csv
2014121;2014121;;2014-10-08;MERCREDI;modern-5-plus-chance;13;4;21;43;23;;;10;;;;;;2008-10-to-2017-03;nouveau_loto.csv
2014122;2014122;;2014-10-11;SAMEDI;modern-5-plus-chance;24;19;10;28;15;;;9;;;;;;2008-10-to-2017-03;nouveau_loto.csv
2014123;2014123;;2014-10-13;LUNDI;modern-5-plus-chance;29;15;1;12;30;;;1;;;;;;2008-10-to-2017-03;nouveau_loto.csv
2014124;2014124;;2014-10-15;MERCREDI;modern-5-plus-chance;28;9;37;41;46;;;10;;;;;;2008-10-to-2017-03;nouveau_loto.csv
2014125;2014125;;2014-10-18;SAMEDI;modern-5-plus-chance;1;43;24;15;27;;;7;;;;;;2008-10-to-2017-03;nouveau_loto.csv
2014126;2014126;;2014-10-20;LUNDI;modern-5-plus-chance;30;40;13;21;26;;;5;;;;;;2008-10-to-2017-03;nouveau_loto.csv
2014127;2014127;;2014-10-22;MERCREDI;modern-5-plus-chance;10;19;47;35;33;;;2;;;;;;2008-10-to-2017-03;nouveau_loto.csv
2014128;2014128;;2014-10-25;SAMEDI;modern-5-plus-chance;14;39;24;49;47;;;4;;;;;;2008-10-to-2017-03;nouveau_loto.csv
2014129;2014129;;2014-10-27;LUNDI;modern-5-plus-chance;13;32;12;28;33;;;6;;;;;;2008-10-to-2017-03;nouveau_loto.csv
2014130;2014130;;2014-10-29;MERCREDI;modern-5-plus-chance;32;18;17;6;29;;;9;;;;;;2008-10-to-2017-03;nouveau_loto.csv
2014131;2014131;;2014-11-01;SAMEDI;modern-5-plus-chance;48;29;2;36;9;;;10;;;;;;2008-10-to-2017-03;nouveau_loto.csv
2014132;2014132;;2014-11-03;LUNDI;modern-5-plus-chance;34;45;18;44;24;;;8;;;;;;2008-10-to-2017-03;nouveau_loto.csv
2014133;2014133;;2014-11-05;MERCREDI;modern-5-plus-chance;27;24;37;46;1;;;1;;;;;;2008-10-to-2017-03;nouveau_loto.csv
2014134;2014134;;2014-11-08;SAMEDI;modern-5-plus-chance;40;14;46;27;7;;;5;;;;;;2008-10-to-2017-03;nouveau_loto.csv
2014135;2014135;;2014-11-10;LUNDI;modern-5-plus-chance;24;23;30;6;18;;;7;;;;;;2008-10-to-2017-03;nouveau_loto.csv
2014136;2014136;;2014-11-12;MERCREDI;modern-5-plus-chance;27;13;19;40;23;;;5;;;;;;2008-10-to-2017-03;nouveau_loto.csv
2014137;2014137;;2014-11-15;SAMEDI;modern-5-plus-chance;28;16;39;23;3;;;10;;;;;;2008-10-to-2017-03;nouveau_loto.csv
2014138;2014138;;2014-11-17;LUNDI;modern-5-plus-chance;23;47;16;48;35;;;10;;;;;;2008-10-to-2017-03;nouveau_loto.csv
2014139;2014139;;2014-11-19;MERCREDI;modern-5-plus-chance;41;18;13;14;29;;;3;;;;;;2008-10-to-2017-03;nouveau_loto.csv
2014140;2014140;;2014-11-22;SAMEDI;modern-5-plus-chance;22;1;44;9;26;;;10;;;;;;2008-10-to-2017-03;nouveau_loto.csv
2014141;2014141;;2014-11-24;LUNDI;modern-5-plus-chance;18;47;49;32;17;;;3;;;;;;2008-10-to-2017-03;nouveau_loto.csv
2014142;2014142;;2014-11-26;MERCREDI;modern-5-plus-chance;5;34;47;12;20;;;3;;;;;;2008-10-to-2017-03;nouveau_loto.csv
2014143;2014143;;2014-11-29;SAMEDI;modern-5-plus-chance;18;44;2;47;49;;;2;;;;;;2008-10-to-2017-03;nouveau_loto.csv
2014144;2014144;;2014-12-01;LUNDI;modern-5-plus-chance;43;49;40;48;44;;;8;;;;;;2008-10-to-2017-03;nouveau_loto.csv
2014145;2014145;;2014-12-03;MERCREDI;modern-5-plus-chance;49;26;28;31;11;;;7;;;;;;2008-10-to-2017-03;nouveau_loto.csv
2014146;2014146;;2014-12-06;SAMEDI;modern-5-plus-chance;43;37;20;10;18;;;8;;;;;;2008-10-to-2017-03;nouveau_loto.csv
2014147;2014147;;2014-12-08;LUNDI;modern-5-plus-chance;10;14;43;32;47;;;10;;;;;;2008-10-to-2017-03;nouveau_loto.csv
2014148;2014148;;2014-12-10;MERCREDI;modern-5-plus-chance;27;11;16;3;8;;;6;;;;;;2008-10-to-2017-03;nouveau_loto.csv
2014149;2014149;;2014-12-13;SAMEDI;modern-5-plus-chance;43;13;10;20;38;;;1;;;;;;2008-10-to-2017-03;nouveau_loto.csv
2014150;2014150;;2014-12-15;LUNDI;modern-5-plus-chance;23;47;41;42;15;;;4;;;;;;2008-10-to-2017-03;nouveau_loto.csv
2014151;2014151;;2014-12-17;MERCREDI;modern-5-plus-chance;32;46;6;8;13;;;10;;;;;;2008-10-to-2017-03;nouveau_loto.csv
2014152;2014152;;2014-12-20;SAMEDI;modern-5-plus-chance;19;10;26;21;22;;;9;;;;;;2008-10-to-2017-03;nouveau_loto.csv
2014153;2014153;;2014-12-22;LUNDI;modern-5-plus-chance;34;35;23;16;6;;;8;;;;;;2008-10-to-2017-03;nouveau_loto.csv
2014154;2014154;;2014-12-24;MERCREDI;modern-5-plus-chance;31;36;4;22;18;;;7;;;;;;2008-10-to-2017-03;nouveau_loto.csv
2014155;2014155;;2014-12-27;SAMEDI;modern-5-plus-chance;20;48;34;39;4;;;10;;;;;;2008-10-to-2017-03;nouveau_loto.csv
2014156;2014156;;2014-12-29;LUNDI;modern-5-plus-chance;30;26;44;27;49;;;1;;;;;;2008-10-to-2017-03;nouveau_loto.csv
2014157;2014157;;2014-12-31;MERCREDI;modern-5-plus-chance;46;43;41;37;34;;;10;;;;;;2008-10-to-2017-03;nouveau_loto.csv
2015001;2015001;;2015-01-03;SAMEDI;modern-5-plus-chance;31;32;12;28;48;;;3;;;;;;2008-10-to-2017-03;nouveau_loto.csv
2015002;2015002;;2015-01-05;LUNDI;modern-5-plus-chance;37;8;49;31;45;;;7;;;;;;2008-10-to-2017-03;nouveau_loto.csv
2015003;2015003;;2015-01-07;MERCREDI;modern-5-plus-chance;20;29;21;33;7;;;1;;;;;;2008-10-to-2017-03;nouveau_loto.csv
2015004;2015004;;2015-01-10;SAMEDI;modern-5-plus-chance;18;5;33;2;23;;;4;;;;;;2008-10-to-2017-03;nouveau_loto.csv
2015005;2015005;;2015-01-12;LUNDI;modern-5-plus-chance;20;15;27;13;34;;;1;;;;;;2008-10-to-2017-03;nouveau_loto.csv
2015006;2015006;;2015-01-14;MERCREDI;modern-5-plus-chance;23;18;7;2;21;;;6;;;;;;2008-10-to-2017-03;nouveau_loto.csv
2015007;2015007;;2015-01-17;SAMEDI;modern-5-plus-chance;43;19;30;39;40;;;4;;;;;;2008-10-to-2017-03;nouveau_loto.csv
2015008;2015008;;2015-01-19;LUNDI;modern-5-plus-chance;25;4;18;7;35;;;4;;;;;;2008-10-to-2017-03;nouveau_loto.csv
2015009;2015009;;2015-01-21;MERCREDI;modern-5-plus-chance;19;6;34;49;42;;;10;;;;;;2008-10-to-2017-03;nouveau_loto.csv
2015010;2015010;;2015-01-24;SAMEDI;modern-5-plus-chance;36;44;21;13;5;;;1;;;;;;2008-10-to-2017-03;nouveau_loto.csv
2015011;2015011;;2015-01-26;LUNDI;modern-5-plus-chance;18;17;27;35;40;;;6;;;;;;2008-10-to-2017-03;nouveau_loto.csv
2015012;2015012;;2015-01-28;MERCREDI;modern-5-plus-chance;41;12;33;9;16;;;1;;;;;;2008-10-to-2017-03;nouveau_loto.csv
2015013;2015013;;2015-01-31;SAMEDI;modern-5-plus-chance;14;31;46;25;4;;;5;;;;;;2008-10-to-2017-03;nouveau_loto.csv
2015014;2015014;;2015-02-02;LUNDI;modern-5-plus-chance;17;16;14;1;11;;;10;;;;;;2008-10-to-2017-03;nouveau_loto.csv
2015015;2015015;;2015-02-04;MERCREDI;modern-5-plus-chance;49;9;28;24;35;;;4;;;;;;2008-10-to-2017-03;nouveau_loto.csv
2015016;2015016;;2015-02-07;SAMEDI;modern-5-plus-chance;21;29;7;37;19;;;2;;;;;;2008-10-to-2017-03;nouveau_loto.csv
2015017;2015017;;2015-02-09;LUNDI;modern-5-plus-chance;40;49;34;27;4;;;2;;;;;;2008-10-to-2017-03;nouveau_loto.csv
2015018;2015018;;2015-02-11;MERCREDI;modern-5-plus-chance;13;40;24;17;45;;;3;;;;;;2008-10-to-2017-03;nouveau_loto.csv
2015019;2015019;;2015-02-14;SAMEDI;modern-5-plus-chance;27;41;38;26;2;;;7;;;;;;2008-10-to-2017-03;nouveau_loto.csv
2015020;2015020;;2015-02-16;LUNDI;modern-5-plus-chance;36;14;9;1;20;;;2;;;;;;2008-10-to-2017-03;nouveau_loto.csv
2015021;2015021;;2015-02-18;MERCREDI;modern-5-plus-chance;44;21;29;9;25;;;7;;;;;;2008-10-to-2017-03;nouveau_loto.csv
2015022;2015022;;2015-02-21;SAMEDI;modern-5-plus-chance;3;45;47;13;27;;;4;;;;;;2008-10-to-2017-03;nouveau_loto.csv
2015023;2015023;;2015-02-23;LUNDI;modern-5-plus-chance;40;3;22;4;28;;;2;;;;;;2008-10-to-2017-03;nouveau_loto.csv
2015024;2015024;;2015-02-25;MERCREDI;modern-5-plus-chance;44;47;20;30;29;;;1;;;;;;2008-10-to-2017-03;nouveau_loto.csv
2015025;2015025;;2015-02-28;SAMEDI;modern-5-plus-chance;14;46;5;30;36;;;6;;;;;;2008-10-to-2017-03;nouveau_loto.csv
2015026;2015026;;2015-03-02;LUNDI;modern-5-plus-chance;17;11;27;48;23;;;1;;;;;;2008-10-to-2017-03;nouveau_loto.csv
2015027;2015027;;2015-03-04;MERCREDI;modern-5-plus-chance;32;16;8;23;34;;;4;;;;;;2008-10-to-2017-03;nouveau_loto.csv
2015028;2015028;;2015-03-07;SAMEDI;modern-5-plus-chance;48;9;18;43;3;;;2;;;;;;2008-10-to-2017-03;nouveau_loto.csv
2015029;2015029;;2015-03-09;LUNDI;modern-5-plus-chance;35;31;26;34;28;;;5;;;;;;2008-10-to-2017-03;nouveau_loto.csv
2015030;2015030;;2015-03-11;MERCREDI;modern-5-plus-chance;49;2;35;1;36;;;4;;;;;;2008-10-to-2017-03;nouveau_loto.csv
2015031;2015031;;2015-03-14;SAMEDI;modern-5-plus-chance;30;39;3;14;8;;;10;;;;;;2008-10-to-2017-03;nouveau_loto.csv
2015032;2015032;;2015-03-16;LUNDI;modern-5-plus-chance;35;11;49;7;48;;;7;;;;;;2008-10-to-2017-03;nouveau_loto.csv
2015033;2015033;;2015-03-18;MERCREDI;modern-5-plus-chance;26;15;10;4;30;;;5;;;;;;2008-10-to-2017-03;nouveau_loto.csv
2015034;2015034;;2015-03-21;SAMEDI;modern-5-plus-chance;28;47;41;22;21;;;5;;;;;;2008-10-to-2017-03;nouveau_loto.csv
2015035;2015035;;2015-03-23;LUNDI;modern-5-plus-chance;48;49;3;1;20;;;7;;;;;;2008-10-to-2017-03;nouveau_loto.csv
2015036;2015036;;2015-03-25;MERCREDI;modern-5-plus-chance;43;10;20;9;17;;;7;;;;;;2008-10-to-2017-03;nouveau_loto.csv
2015037;2015037;;2015-03-28;SAMEDI;modern-5-plus-chance;20;19;40;39;27;;;8;;;;;;2008-10-to-2017-03;nouveau_loto.csv
2015038;2015038;;2015-03-30;LUNDI;modern-5-plus-chance;4;20;13;10;32;;;1;;;;;;2008-10-to-2017-03;nouveau_loto.csv
2015039;2015039;;2015-04-01;MERCREDI;modern-5-plus-chance;13;21;25;20;41;;;4;;;;;;2008-10-to-2017-03;nouveau_loto.csv
2015040;2015040;;2015-04-04;SAMEDI;modern-5-plus-chance;33;15;23;28;39;;;1;;;;;;2008-10-to-2017-03;nouveau_loto.csv
2015041;2015041;;2015-04-06;LUNDI;modern-5-plus-chance;31;16;33;17;1;;;3;;;;;;2008-10-to-2017-03;nouveau_loto.csv
2015042;2015042;;2015-04-08;MERCREDI;modern-5-plus-chance;15;36;38;30;2;;;2;;;;;;2008-10-to-2017-03;nouveau_loto.csv
2015043;2015043;;2015-04-11;SAMEDI;modern-5-plus-chance;45;41;5;17;33;;;9;;;;;;2008-10-to-2017-03;nouveau_loto.csv
2015044;2015044;;2015-04-13;LUNDI;modern-5-plus-chance;41;9;43;48;36;;;2;;;;;;2008-10-to-2017-03;nouveau_loto.csv
2015045;2015045;;2015-04-15;MERCREDI;modern-5-plus-chance;43;6;10;30;39;;;5;;;;;;2008-10-to-2017-03;nouveau_loto.csv
2015046;2015046;;2015-04-18;SAMEDI;modern-5-plus-chance;44;1;49;38;20;;;3;;;;;;2008-10-to-2017-03;nouveau_loto.csv
2015047;2015047;;2015-04-20;LUNDI;modern-5-plus-chance;10;37;28;15;2;;;2;;;;;;2008-10-to-2017-03;nouveau_loto.csv
2015048;2015048;;2015-04-22;MERCREDI;modern-5-plus-chance;10;43;21;25;45;;;5;;;;;;2008-10-to-2017-03;nouveau_loto.csv
2015049;2015049;;2015-04-25;SAMEDI;modern-5-plus-chance;30;20;29;10;27;;;6;;;;;;2008-10-to-2017-03;nouveau_loto.csv
2015050;2015050;;2015-04-27;LUNDI;modern-5-plus-chance;15;28;43;41;5;;;4;;;;;;2008-10-to-2017-03;nouveau_loto.csv
2015051;2015051;;2015-04-29;MERCREDI;modern-5-plus-chance;42;20;2;35;49;;;3;;;;;;2008-10-to-2017-03;nouveau_loto.csv
2015052;2015052;;2015-05-02;SAMEDI;modern-5-plus-chance;46;33;30;19;3;;;5;;;;;;2008-10-to-2017-03;nouveau_loto.csv
2015053;2015053;;2015-05-04;LUNDI;modern-5-plus-chance;14;30;48;8;49;;;1;;;;;;2008-10-to-2017-03;nouveau_loto.csv
2015054;2015054;;2015-05-06;MERCREDI;modern-5-plus-chance;35;32;29;7;34;;;10;;;;;;2008-10-to-2017-03;nouveau_loto.csv
2015055;2015055;;2015-05-09;SAMEDI;modern-5-plus-chance;4;46;8;29;40;;;3;;;;;;2008-10-to-2017-03;nouveau_loto.csv
2015056;2015056;;2015-05-11;LUNDI;modern-5-plus-chance;49;1;34;28;31;;;4;;;;;;2008-10-to-2017-03;nouveau_loto.csv
2015057;2015057;;2015-05-13;MERCREDI;modern-5-plus-chance;45;22;37;15;6;;;5;;;;;;2008-10-to-2017-03;nouveau_loto.csv
2015058;2015058;;2015-05-16;SAMEDI;modern-5-plus-chance;39;8;22;46;23;;;3;;;;;;2008-10-to-2017-03;nouveau_loto.csv
2015059;2015059;;2015-05-18;LUNDI;modern-5-plus-chance;38;41;39;2;10;;;5;;;;;;2008-10-to-2017-03;nouveau_loto.csv
2015060;2015060;;2015-05-20;MERCREDI;modern-5-plus-chance;12;10;22;37;41;;;10;;;;;;2008-10-to-2017-03;nouveau_loto.csv
2015061;2015061;;2015-05-23;SAMEDI;modern-5-plus-chance;45;41;12;26;19;;;7;;;;;;2008-10-to-2017-03;nouveau_loto.csv
2015062;2015062;;2015-05-25;LUNDI;modern-5-plus-chance;44;35;49;15;29;;;3;;;;;;2008-10-to-2017-03;nouveau_loto.csv
2015063;2015063;;2015-05-27;MERCREDI;modern-5-plus-chance;22;32;42;8;29;;;3;;;;;;2008-10-to-2017-03;nouveau_loto.csv
2015064;2015064;;2015-05-30;SAMEDI;modern-5-plus-chance;43;6;30;47;45;;;5;;;;;;2008-10-to-2017-03;nouveau_loto.csv
2015065;2015065;;2015-06-01;LUNDI;modern-5-plus-chance;3;38;4;49;12;;;2;;;;;;2008-10-to-2017-03;nouveau_loto.csv
2015066;2015066;;2015-06-03;MERCREDI;modern-5-plus-chance;12;18;30;25;47;;;2;;;;;;2008-10-to-2017-03;nouveau_loto.csv
2015067;2015067;;2015-06-06;SAMEDI;modern-5-plus-chance;4;24;29;47;30;;;3;;;;;;2008-10-to-2017-03;nouveau_loto.csv
2015068;2015068;;2015-06-08;LUNDI;modern-5-plus-chance;41;3;8;9;44;;;10;;;;;;2008-10-to-2017-03;nouveau_loto.csv
2015069;2015069;;2015-06-10;MERCREDI;modern-5-plus-chance;12;46;40;8;19;;;8;;;;;;2008-10-to-2017-03;nouveau_loto.csv
2015070;2015070;;2015-06-13;SAMEDI;modern-5-plus-chance;16;11;29;15;46;;;4;;;;;;2008-10-to-2017-03;nouveau_loto.csv
2015071;2015071;;2015-06-15;LUNDI;modern-5-plus-chance;35;19;37;22;16;;;2;;;;;;2008-10-to-2017-03;nouveau_loto.csv
2015072;2015072;;2015-06-17;MERCREDI;modern-5-plus-chance;44;30;26;48;41;;;1;;;;;;2008-10-to-2017-03;nouveau_loto.csv
2015073;2015073;;2015-06-20;SAMEDI;modern-5-plus-chance;32;8;3;13;37;;;4;;;;;;2008-10-to-2017-03;nouveau_loto.csv
2015074;2015074;;2015-06-22;LUNDI;modern-5-plus-chance;35;43;37;24;38;;;2;;;;;;2008-10-to-2017-03;nouveau_loto.csv
2015075;2015075;;2015-06-24;MERCREDI;modern-5-plus-chance;29;49;38;25;41;;;2;;;;;;2008-10-to-2017-03;nouveau_loto.csv
2015076;2015076;;2015-06-27;SAMEDI;modern-5-plus-chance;47;14;42;40;29;;;4;;;;;;2008-10-to-2017-03;nouveau_loto.csv
2015077;2015077;;2015-06-29;LUNDI;modern-5-plus-chance;14;16;2;12;42;;;7;;;;;;2008-10-to-2017-03;nouveau_loto.csv
2015078;2015078;;2015-07-01;MERCREDI;modern-5-plus-chance;49;5;19;18;38;;;10;;;;;;2008-10-to-2017-03;nouveau_loto.csv
2015079;2015079;;2015-07-04;SAMEDI;modern-5-plus-chance;4;49;38;29;40;;;3;;;;;;2008-10-to-2017-03;nouveau_loto.csv
2015080;2015080;;2015-07-06;LUNDI;modern-5-plus-chance;17;12;36;35;43;;;3;;;;;;2008-10-to-2017-03;nouveau_loto.csv
2015081;2015081;;2015-07-08;MERCREDI;modern-5-plus-chance;5;39;32;42;20;;;7;;;;;;2008-10-to-2017-03;nouveau_loto.csv
2015082;2015082;;2015-07-11;SAMEDI;modern-5-plus-chance;14;26;4;23;36;;;1;;;;;;2008-10-to-2017-03;nouveau_loto.csv
2015083;2015083;;2015-07-13;LUNDI;modern-5-plus-chance;22;39;31;37;29;;;8;;;;;;2008-10-to-2017-03;nouveau_loto.csv
2015084;2015084;;2015-07-15;MERCREDI;modern-5-plus-chance;46;2;30;43;14;;;8;;;;;;2008-10-to-2017-03;nouveau_loto.csv
2015085;2015085;;2015-07-18;SAMEDI;modern-5-plus-chance;45;41;37;35;18;;;3;;;;;;2008-10-to-2017-03;nouveau_loto.csv
2015086;2015086;;2015-07-20;LUNDI;modern-5-plus-chance;31;17;2;24;29;;;1;;;;;;2008-10-to-2017-03;nouveau_loto.csv
2015087;2015087;;2015-07-22;MERCREDI;modern-5-plus-chance;36;30;33;31;24;;;1;;;;;;2008-10-to-2017-03;nouveau_loto.csv
2015088;2015088;;2015-07-25;SAMEDI;modern-5-plus-chance;43;7;5;10;13;;;4;;;;;;2008-10-to-2017-03;nouveau_loto.csv
2015089;2015089;;2015-07-27;LUNDI;modern-5-plus-chance;14;28;37;41;6;;;5;;;;;;2008-10-to-2017-03;nouveau_loto.csv
2015090;2015090;;2015-07-29;MERCREDI;modern-5-plus-chance;22;2;3;42;36;;;9;;;;;;2008-10-to-2017-03;nouveau_loto.csv
2015091;2015091;;2015-08-01;SAMEDI;modern-5-plus-chance;9;31;24;34;23;;;9;;;;;;2008-10-to-2017-03;nouveau_loto.csv
2015092;2015092;;2015-08-03;LUNDI;modern-5-plus-chance;48;10;49;1;39;;;1;;;;;;2008-10-to-2017-03;nouveau_loto.csv
2015093;2015093;;2015-08-05;MERCREDI;modern-5-plus-chance;34;10;22;36;9;;;4;;;;;;2008-10-to-2017-03;nouveau_loto.csv
2015094;2015094;;2015-08-08;SAMEDI;modern-5-plus-chance;12;8;11;35;33;;;9;;;;;;2008-10-to-2017-03;nouveau_loto.csv
2015095;2015095;;2015-08-10;LUNDI;modern-5-plus-chance;37;44;14;12;28;;;5;;;;;;2008-10-to-2017-03;nouveau_loto.csv
2015096;2015096;;2015-08-12;MERCREDI;modern-5-plus-chance;15;43;1;24;8;;;2;;;;;;2008-10-to-2017-03;nouveau_loto.csv
2015097;2015097;;2015-08-15;SAMEDI;modern-5-plus-chance;49;13;6;25;47;;;4;;;;;;2008-10-to-2017-03;nouveau_loto.csv
2015098;2015098;;2015-08-17;LUNDI;modern-5-plus-chance;29;9;26;36;42;;;1;;;;;;2008-10-to-2017-03;nouveau_loto.csv
2015099;2015099;;2015-08-19;MERCREDI;modern-5-plus-chance;21;6;45;34;38;;;4;;;;;;2008-10-to-2017-03;nouveau_loto.csv
2015100;2015100;;2015-08-22;SAMEDI;modern-5-plus-chance;19;4;20;29;49;;;9;;;;;;2008-10-to-2017-03;nouveau_loto.csv
2015101;2015101;;2015-08-24;LUNDI;modern-5-plus-chance;6;5;17;42;30;;;1;;;;;;2008-10-to-2017-03;nouveau_loto.csv
2015102;2015102;;2015-08-26;MERCREDI;modern-5-plus-chance;44;26;41;15;37;;;8;;;;;;2008-10-to-2017-03;nouveau_loto.csv
2015103;2015103;;2015-08-29;SAMEDI;modern-5-plus-chance;43;40;2;38;23;;;8;;;;;;2008-10-to-2017-03;nouveau_loto.csv
2015104;2015104;;2015-08-31;LUNDI;modern-5-plus-chance;12;41;38;1;31;;;4;;;;;;2008-10-to-2017-03;nouveau_loto.csv
2015105;2015105;;2015-09-02;MERCREDI;modern-5-plus-chance;29;6;9;17;28;;;2;;;;;;2008-10-to-2017-03;nouveau_loto.csv
2015106;2015106;;2015-09-05;SAMEDI;modern-5-plus-chance;24;45;14;25;42;;;9;;;;;;2008-10-to-2017-03;nouveau_loto.csv
2015107;2015107;;2015-09-07;LUNDI;modern-5-plus-chance;5;19;21;32;29;;;3;;;;;;2008-10-to-2017-03;nouveau_loto.csv
2015108;2015108;;2015-09-09;MERCREDI;modern-5-plus-chance;3;19;10;44;41;;;7;;;;;;2008-10-to-2017-03;nouveau_loto.csv
2015109;2015109;;2015-09-12;SAMEDI;modern-5-plus-chance;41;1;30;38;31;;;10;;;;;;2008-10-to-2017-03;nouveau_loto.csv
2015110;2015110;;2015-09-14;LUNDI;modern-5-plus-chance;3;43;48;37;49;;;2;;;;;;2008-10-to-2017-03;nouveau_loto.csv
2015111;2015111;;2015-09-16;MERCREDI;modern-5-plus-chance;7;34;42;11;17;;;6;;;;;;2008-10-to-2017-03;nouveau_loto.csv
2015112;2015112;;2015-09-19;SAMEDI;modern-5-plus-chance;2;25;43;16;33;;;9;;;;;;2008-10-to-2017-03;nouveau_loto.csv
2015113;2015113;;2015-09-21;LUNDI;modern-5-plus-chance;42;47;28;27;12;;;5;;;;;;2008-10-to-2017-03;nouveau_loto.csv
2015114;2015114;;2015-09-23;MERCREDI;modern-5-plus-chance;35;49;18;20;31;;;3;;;;;;2008-10-to-2017-03;nouveau_loto.csv
2015115;2015115;;2015-09-26;SAMEDI;modern-5-plus-chance;14;13;4;24;21;;;1;;;;;;2008-10-to-2017-03;nouveau_loto.csv
2015116;2015116;;2015-09-28;LUNDI;modern-5-plus-chance;23;39;37;36;49;;;8;;;;;;2008-10-to-2017-03;nouveau_loto.csv
2015117;2015117;;2015-09-30;MERCREDI;modern-5-plus-chance;16;18;15;35;26;;;7;;;;;;2008-10-to-2017-03;nouveau_loto.csv
2015118;2015118;;2015-10-03;SAMEDI;modern-5-plus-chance;27;18;8;37;20;;;4;;;;;;2008-10-to-2017-03;nouveau_loto.csv
2015119;2015119;;2015-10-05;LUNDI;modern-5-plus-chance;27;28;13;31;42;;;6;;;;;;2008-10-to-2017-03;nouveau_loto.csv
2015120;2015120;;2015-10-07;MERCREDI;modern-5-plus-chance;29;27;2;14;28;;;9;;;;;;2008-10-to-2017-03;nouveau_loto.csv
2015121;2015121;;2015-10-10;SAMEDI;modern-5-plus-chance;41;23;15;30;45;;;7;;;;;;2008-10-to-2017-03;nouveau_loto.csv
2015122;2015122;;2015-10-12;LUNDI;modern-5-plus-chance;1;16;49;3;4;;;4;;;;;;2008-10-to-2017-03;nouveau_loto.csv
2015123;2015123;;2015-10-14;MERCREDI;modern-5-plus-chance;38;20;33;6;35;;;2;;;;;;2008-10-to-2017-03;nouveau_loto.csv
2015124;2015124;;2015-10-17;SAMEDI;modern-5-plus-chance;22;33;14;46;9;;;8;;;;;;2008-10-to-2017-03;nouveau_loto.csv
2015125;2015125;;2015-10-19;LUNDI;modern-5-plus-chance;36;33;31;48;47;;;7;;;;;;2008-10-to-2017-03;nouveau_loto.csv
2015126;2015126;;2015-10-21;MERCREDI;modern-5-plus-chance;25;35;22;26;31;;;6;;;;;;2008-10-to-2017-03;nouveau_loto.csv
2015127;2015127;;2015-10-24;SAMEDI;modern-5-plus-chance;7;12;39;29;11;;;2;;;;;;2008-10-to-2017-03;nouveau_loto.csv
2015128;2015128;;2015-10-26;LUNDI;modern-5-plus-chance;17;19;23;4;49;;;3;;;;;;2008-10-to-2017-03;nouveau_loto.csv
2015129;2015129;;2015-10-28;MERCREDI;modern-5-plus-chance;49;2;17;30;5;;;2;;;;;;2008-10-to-2017-03;nouveau_loto.csv
2015130;2015130;;2015-10-31;SAMEDI;modern-5-plus-chance;33;36;48;43;34;;;10;;;;;;2008-10-to-2017-03;nouveau_loto.csv
2015131;2015131;;2015-11-02;LUNDI;modern-5-plus-chance;21;32;8;48;7;;;4;;;;;;2008-10-to-2017-03;nouveau_loto.csv
2015132;2015132;;2015-11-04;MERCREDI;modern-5-plus-chance;32;11;8;21;15;;;6;;;;;;2008-10-to-2017-03;nouveau_loto.csv
2015133;2015133;;2015-11-07;SAMEDI;modern-5-plus-chance;7;32;4;23;28;;;1;;;;;;2008-10-to-2017-03;nouveau_loto.csv
2015134;2015134;;2015-11-09;LUNDI;modern-5-plus-chance;25;32;8;37;39;;;10;;;;;;2008-10-to-2017-03;nouveau_loto.csv
2015135;2015135;;2015-11-11;MERCREDI;modern-5-plus-chance;17;1;6;13;15;;;2;;;;;;2008-10-to-2017-03;nouveau_loto.csv
2015136;2015136;;2015-11-14;SAMEDI;modern-5-plus-chance;34;29;47;10;37;;;10;;;;;;2008-10-to-2017-03;nouveau_loto.csv
2015137;2015137;;2015-11-16;LUNDI;modern-5-plus-chance;28;47;40;12;42;;;1;;;;;;2008-10-to-2017-03;nouveau_loto.csv
2015138;2015138;;2015-11-18;MERCREDI;modern-5-plus-chance;25;23;5;1;47;;;1;;;;;;2008-10-to-2017-03;nouveau_loto.csv
2015139;2015139;;2015-11-21;SAMEDI;modern-5-plus-chance;43;24;12;18;16;;;10;;;;;;2008-10-to-2017-03;nouveau_loto.csv
2015140;2015140;;2015-11-23;LUNDI;modern-5-plus-chance;47;12;14;37;20;;;6;;;;;;2008-10-to-2017-03;nouveau_loto.csv
2015141;2015141;;2015-11-25;MERCREDI;modern-5-plus-chance;24;18;22;41;7;;;3;;;;;;2008-10-to-2017-03;nouveau_loto.csv
2015142;2015142;;2015-11-28;SAMEDI;modern-5-plus-chance;30;19;37;12;46;;;9;;;;;;2008-10-to-2017-03;nouveau_loto.csv
2015143;2015143;;2015-11-30;LUNDI;modern-5-plus-chance;27;19;5;35;40;;;9;;;;;;2008-10-to-2017-03;nouveau_loto.csv
2015144;2015144;;2015-12-02;MERCREDI;modern-5-plus-chance;39;9;3;45;10;;;7;;;;;;2008-10-to-2017-03;nouveau_loto.csv
2015145;2015145;;2015-12-05;SAMEDI;modern-5-plus-chance;9;26;47;20;27;;;7;;;;;;2008-10-to-2017-03;nouveau_loto.csv
2015146;2015146;;2015-12-07;LUNDI;modern-5-plus-chance;22;28;42;37;14;;;10;;;;;;2008-10-to-2017-03;nouveau_loto.csv
2015147;2015147;;2015-12-09;MERCREDI;modern-5-plus-chance;6;34;12;49;10;;;7;;;;;;2008-10-to-2017-03;nouveau_loto.csv
2015148;2015148;;2015-12-12;SAMEDI;modern-5-plus-chance;13;40;2;34;15;;;8;;;;;;2008-10-to-2017-03;nouveau_loto.csv
2015149;2015149;;2015-12-14;LUNDI;modern-5-plus-chance;31;49;7;20;11;;;7;;;;;;2008-10-to-2017-03;nouveau_loto.csv
2015150;2015150;;2015-12-16;MERCREDI;modern-5-plus-chance;46;41;24;35;22;;;10;;;;;;2008-10-to-2017-03;nouveau_loto.csv
2015151;2015151;;2015-12-19;SAMEDI;modern-5-plus-chance;4;25;42;39;38;;;7;;;;;;2008-10-to-2017-03;nouveau_loto.csv
2015152;2015152;;2015-12-21;LUNDI;modern-5-plus-chance;11;19;33;41;7;;;3;;;;;;2008-10-to-2017-03;nouveau_loto.csv
2015153;2015153;;2015-12-23;MERCREDI;modern-5-plus-chance;13;17;28;46;42;;;2;;;;;;2008-10-to-2017-03;nouveau_loto.csv
2015154;2015154;;2015-12-26;SAMEDI;modern-5-plus-chance;15;21;20;38;43;;;1;;;;;;2008-10-to-2017-03;nouveau_loto.csv
2015155;2015155;;2015-12-28;LUNDI;modern-5-plus-chance;10;12;7;20;45;;;7;;;;;;2008-10-to-2017-03;nouveau_loto.csv
2015156;2015156;;2015-12-30;MERCREDI;modern-5-plus-chance;16;2;34;25;1;;;5;;;;;;2008-10-to-2017-03;nouveau_loto.csv
2016001;2016001;;2016-01-02;SAMEDI;modern-5-plus-chance;19;44;37;46;10;;;10;;;;;;2008-10-to-2017-03;nouveau_loto.csv
2016002;2016002;;2016-01-04;LUNDI;modern-5-plus-chance;34;43;23;15;40;;;3;;;;;;2008-10-to-2017-03;nouveau_loto.csv
2016003;2016003;;2016-01-06;MERCREDI;modern-5-plus-chance;49;22;14;5;2;;;4;;;;;;2008-10-to-2017-03;nouveau_loto.csv
2016004;2016004;;2016-01-09;SAMEDI;modern-5-plus-chance;22;39;4;49;45;;;6;;;;;;2008-10-to-2017-03;nouveau_loto.csv
2016005;2016005;;2016-01-11;LUNDI;modern-5-plus-chance;41;29;19;43;14;;;9;;;;;;2008-10-to-2017-03;nouveau_loto.csv
2016006;2016006;;2016-01-13;MERCREDI;modern-5-plus-chance;30;11;35;33;3;;;2;;;;;;2008-10-to-2017-03;nouveau_loto.csv
2016007;2016007;;2016-01-16;SAMEDI;modern-5-plus-chance;17;45;26;27;13;;;6;;;;;;2008-10-to-2017-03;nouveau_loto.csv
2016008;2016008;;2016-01-18;LUNDI;modern-5-plus-chance;2;5;3;10;1;;;4;;;;;;2008-10-to-2017-03;nouveau_loto.csv
2016009;2016009;;2016-01-20;MERCREDI;modern-5-plus-chance;34;21;9;42;31;;;8;;;;;;2008-10-to-2017-03;nouveau_loto.csv
2016010;2016010;;2016-01-23;SAMEDI;modern-5-plus-chance;42;3;15;41;33;;;3;;;;;;2008-10-to-2017-03;nouveau_loto.csv
2016011;2016011;;2016-01-25;LUNDI;modern-5-plus-chance;12;4;38;10;41;;;3;;;;;;2008-10-to-2017-03;nouveau_loto.csv
2016012;2016012;;2016-01-27;MERCREDI;modern-5-plus-chance;31;44;48;37;32;;;9;;;;;;2008-10-to-2017-03;nouveau_loto.csv
2016013;2016013;;2016-01-30;SAMEDI;modern-5-plus-chance;1;3;31;11;49;;;1;;;;;;2008-10-to-2017-03;nouveau_loto.csv
2016014;2016014;;2016-02-01;LUNDI;modern-5-plus-chance;18;36;13;40;48;;;4;;;;;;2008-10-to-2017-03;nouveau_loto.csv
2016015;2016015;;2016-02-03;MERCREDI;modern-5-plus-chance;5;44;24;28;25;;;3;;;;;;2008-10-to-2017-03;nouveau_loto.csv
2016016;2016016;;2016-02-06;SAMEDI;modern-5-plus-chance;44;25;2;41;28;;;9;;;;;;2008-10-to-2017-03;nouveau_loto.csv
2016017;2016017;;2016-02-08;LUNDI;modern-5-plus-chance;30;1;28;39;11;;;6;;;;;;2008-10-to-2017-03;nouveau_loto.csv
2016018;2016018;;2016-02-10;MERCREDI;modern-5-plus-chance;44;46;1;27;48;;;10;;;;;;2008-10-to-2017-03;nouveau_loto.csv
2016019;2016019;;2016-02-13;SAMEDI;modern-5-plus-chance;38;30;27;41;10;;;4;;;;;;2008-10-to-2017-03;nouveau_loto.csv
2016020;2016020;;2016-02-15;LUNDI;modern-5-plus-chance;37;21;38;4;10;;;5;;;;;;2008-10-to-2017-03;nouveau_loto.csv
2016021;2016021;;2016-02-17;MERCREDI;modern-5-plus-chance;29;17;40;34;2;;;10;;;;;;2008-10-to-2017-03;nouveau_loto.csv
2016022;2016022;;2016-02-20;SAMEDI;modern-5-plus-chance;9;33;34;41;20;;;8;;;;;;2008-10-to-2017-03;nouveau_loto.csv
2016023;2016023;;2016-02-22;LUNDI;modern-5-plus-chance;23;2;5;48;26;;;5;;;;;;2008-10-to-2017-03;nouveau_loto.csv
2016024;2016024;;2016-02-24;MERCREDI;modern-5-plus-chance;20;18;44;1;49;;;7;;;;;;2008-10-to-2017-03;nouveau_loto.csv
2016025;2016025;;2016-02-27;SAMEDI;modern-5-plus-chance;11;47;13;10;28;;;6;;;;;;2008-10-to-2017-03;nouveau_loto.csv
2016026;2016026;;2016-02-29;LUNDI;modern-5-plus-chance;13;3;1;24;45;;;1;;;;;;2008-10-to-2017-03;nouveau_loto.csv
2016027;2016027;;2016-03-02;MERCREDI;modern-5-plus-chance;40;48;44;20;34;;;2;;;;;;2008-10-to-2017-03;nouveau_loto.csv
2016028;2016028;;2016-03-05;SAMEDI;modern-5-plus-chance;34;5;14;49;23;;;6;;;;;;2008-10-to-2017-03;nouveau_loto.csv
2016029;2016029;;2016-03-07;LUNDI;modern-5-plus-chance;11;6;49;41;12;;;1;;;;;;2008-10-to-2017-03;nouveau_loto.csv
2016030;2016030;;2016-03-09;MERCREDI;modern-5-plus-chance;40;22;20;19;41;;;2;;;;;;2008-10-to-2017-03;nouveau_loto.csv
2016031;2016031;;2016-03-12;SAMEDI;modern-5-plus-chance;27;17;9;25;46;;;6;;;;;;2008-10-to-2017-03;nouveau_loto.csv
2016032;2016032;;2016-03-14;LUNDI;modern-5-plus-chance;19;39;27;14;36;;;8;;;;;;2008-10-to-2017-03;nouveau_loto.csv
2016033;2016033;;2016-03-16;MERCREDI;modern-5-plus-chance;43;18;11;7;9;;;10;;;;;;2008-10-to-2017-03;nouveau_loto.csv
2016034;2016034;;2016-03-19;SAMEDI;modern-5-plus-chance;49;13;4;36;18;;;5;;;;;;2008-10-to-2017-03;nouveau_loto.csv
2016035;2016035;;2016-03-21;LUNDI;modern-5-plus-chance;3;34;42;37;10;;;2;;;;;;2008-10-to-2017-03;nouveau_loto.csv
2016036;2016036;;2016-03-23;MERCREDI;modern-5-plus-chance;14;19;17;8;5;;;9;;;;;;2008-10-to-2017-03;nouveau_loto.csv
2016037;2016037;;2016-03-26;SAMEDI;modern-5-plus-chance;14;3;20;17;1;;;1;;;;;;2008-10-to-2017-03;nouveau_loto.csv
2016038;2016038;;2016-03-28;LUNDI;modern-5-plus-chance;26;2;28;4;15;;;2;;;;;;2008-10-to-2017-03;nouveau_loto.csv
2016039;2016039;;2016-03-30;MERCREDI;modern-5-plus-chance;43;20;46;35;23;;;6;;;;;;2008-10-to-2017-03;nouveau_loto.csv
2016040;2016040;;2016-04-02;SAMEDI;modern-5-plus-chance;29;34;18;22;19;;;1;;;;;;2008-10-to-2017-03;nouveau_loto.csv
2016041;2016041;;2016-04-04;LUNDI;modern-5-plus-chance;36;7;48;11;8;;;3;;;;;;2008-10-to-2017-03;nouveau_loto.csv
2016042;2016042;;2016-04-06;MERCREDI;modern-5-plus-chance;21;19;28;24;44;;;5;;;;;;2008-10-to-2017-03;nouveau_loto.csv
2016043;2016043;;2016-04-09;SAMEDI;modern-5-plus-chance;42;49;39;14;16;;;6;;;;;;2008-10-to-2017-03;nouveau_loto.csv
2016044;2016044;;2016-04-11;LUNDI;modern-5-plus-chance;34;29;4;26;25;;;2;;;;;;2008-10-to-2017-03;nouveau_loto.csv
2016045;2016045;;2016-04-13;MERCREDI;modern-5-plus-chance;31;49;34;2;4;;;4;;;;;;2008-10-to-2017-03;nouveau_loto.csv
2016046;2016046;;2016-04-16;SAMEDI;modern-5-plus-chance;33;25;36;39;40;;;9;;;;;;2008-10-to-2017-03;nouveau_loto.csv
2016047;2016047;;2016-04-18;LUNDI;modern-5-plus-chance;47;29;24;38;26;;;7;;;;;;2008-10-to-2017-03;nouveau_loto.csv
2016048;2016048;;2016-04-20;MERCREDI;modern-5-plus-chance;12;15;36;41;13;;;9;;;;;;2008-10-to-2017-03;nouveau_loto.csv
2016049;2016049;;2016-04-23;SAMEDI;modern-5-plus-chance;26;15;22;2;17;;;7;;;;;;2008-10-to-2017-03;nouveau_loto.csv
2016050;2016050;;2016-04-25;LUNDI;modern-5-plus-chance;39;19;13;18;22;;;6;;;;;;2008-10-to-2017-03;nouveau_loto.csv
2016051;2016051;;2016-04-27;MERCREDI;modern-5-plus-chance;9;36;25;45;44;;;10;;;;;;2008-10-to-2017-03;nouveau_loto.csv
2016052;2016052;;2016-04-30;SAMEDI;modern-5-plus-chance;49;29;2;30;36;;;7;;;;;;2008-10-to-2017-03;nouveau_loto.csv
2016053;2016053;;2016-05-02;LUNDI;modern-5-plus-chance;47;36;43;48;26;;;6;;;;;;2008-10-to-2017-03;nouveau_loto.csv
2016054;2016054;;2016-05-04;MERCREDI;modern-5-plus-chance;15;7;42;8;24;;;9;;;;;;2008-10-to-2017-03;nouveau_loto.csv
2016055;2016055;;2016-05-07;SAMEDI;modern-5-plus-chance;35;33;42;20;14;;;4;;;;;;2008-10-to-2017-03;nouveau_loto.csv
2016056;2016056;;2016-05-09;LUNDI;modern-5-plus-chance;24;29;4;11;14;;;1;;;;;;2008-10-to-2017-03;nouveau_loto.csv
2016057;2016057;;2016-05-11;MERCREDI;modern-5-plus-chance;31;44;29;19;15;;;10;;;;;;2008-10-to-2017-03;nouveau_loto.csv
2016058;2016058;;2016-05-14;SAMEDI;modern-5-plus-chance;42;28;30;1;27;;;5;;;;;;2008-10-to-2017-03;nouveau_loto.csv
2016059;2016059;;2016-05-16;LUNDI;modern-5-plus-chance;36;38;31;6;16;;;1;;;;;;2008-10-to-2017-03;nouveau_loto.csv
2016060;2016060;;2016-05-18;MERCREDI;modern-5-plus-chance;22;1;40;38;49;;;9;;;;;;2008-10-to-2017-03;nouveau_loto.csv
2016061;2016061;;2016-05-21;SAMEDI;modern-5-plus-chance;41;26;23;12;48;;;4;;;;;;2008-10-to-2017-03;nouveau_loto.csv
2016062;2016062;;2016-05-23;LUNDI;modern-5-plus-chance;41;48;22;26;7;;;2;;;;;;2008-10-to-2017-03;nouveau_loto.csv
2016063;2016063;;2016-05-25;MERCREDI;modern-5-plus-chance;20;12;36;21;4;;;3;;;;;;2008-10-to-2017-03;nouveau_loto.csv
2016064;2016064;;2016-05-28;SAMEDI;modern-5-plus-chance;19;3;1;14;13;;;6;;;;;;2008-10-to-2017-03;nouveau_loto.csv
2016065;2016065;;2016-05-30;LUNDI;modern-5-plus-chance;6;38;7;13;40;;;3;;;;;;2008-10-to-2017-03;nouveau_loto.csv
2016066;2016066;;2016-06-01;MERCREDI;modern-5-plus-chance;27;35;26;44;22;;;10;;;;;;2008-10-to-2017-03;nouveau_loto.csv
2016067;2016067;;2016-06-04;SAMEDI;modern-5-plus-chance;39;2;16;19;25;;;1;;;;;;2008-10-to-2017-03;nouveau_loto.csv
2016068;2016068;;2016-06-06;LUNDI;modern-5-plus-chance;23;32;48;47;25;;;5;;;;;;2008-10-to-2017-03;nouveau_loto.csv
2016069;2016069;;2016-06-08;MERCREDI;modern-5-plus-chance;45;6;8;49;33;;;9;;;;;;2008-10-to-2017-03;nouveau_loto.csv
2016070;2016070;;2016-06-11;SAMEDI;modern-5-plus-chance;7;17;22;46;44;;;6;;;;;;2008-10-to-2017-03;nouveau_loto.csv
2016071;2016071;;2016-06-13;LUNDI;modern-5-plus-chance;28;36;5;21;8;;;8;;;;;;2008-10-to-2017-03;nouveau_loto.csv
2016072;2016072;;2016-06-15;MERCREDI;modern-5-plus-chance;34;2;8;5;33;;;10;;;;;;2008-10-to-2017-03;nouveau_loto.csv
2016073;2016073;;2016-06-18;SAMEDI;modern-5-plus-chance;18;33;10;20;39;;;3;;;;;;2008-10-to-2017-03;nouveau_loto.csv
2016074;2016074;;2016-06-20;LUNDI;modern-5-plus-chance;38;4;45;13;43;;;10;;;;;;2008-10-to-2017-03;nouveau_loto.csv
2016075;2016075;;2016-06-22;MERCREDI;modern-5-plus-chance;4;27;10;36;5;;;9;;;;;;2008-10-to-2017-03;nouveau_loto.csv
2016076;2016076;;2016-06-25;SAMEDI;modern-5-plus-chance;16;20;19;35;49;;;3;;;;;;2008-10-to-2017-03;nouveau_loto.csv
2016077;2016077;;2016-06-27;LUNDI;modern-5-plus-chance;22;23;8;41;24;;;7;;;;;;2008-10-to-2017-03;nouveau_loto.csv
2016078;2016078;;2016-06-29;MERCREDI;modern-5-plus-chance;17;22;9;14;48;;;10;;;;;;2008-10-to-2017-03;nouveau_loto.csv
2016079;2016079;;2016-07-02;SAMEDI;modern-5-plus-chance;8;24;31;17;16;;;5;;;;;;2008-10-to-2017-03;nouveau_loto.csv
2016080;2016080;;2016-07-04;LUNDI;modern-5-plus-chance;12;10;25;22;47;;;1;;;;;;2008-10-to-2017-03;nouveau_loto.csv
2016081;2016081;;2016-07-06;MERCREDI;modern-5-plus-chance;26;38;47;13;16;;;8;;;;;;2008-10-to-2017-03;nouveau_loto.csv
2016082;2016082;;2016-07-09;SAMEDI;modern-5-plus-chance;46;15;6;39;3;;;10;;;;;;2008-10-to-2017-03;nouveau_loto.csv
2016083;2016083;;2016-07-11;LUNDI;modern-5-plus-chance;36;35;2;25;27;;;4;;;;;;2008-10-to-2017-03;nouveau_loto.csv
2016084;2016084;;2016-07-13;MERCREDI;modern-5-plus-chance;30;28;47;34;7;;;10;;;;;;2008-10-to-2017-03;nouveau_loto.csv
2016085;2016085;;2016-07-16;SAMEDI;modern-5-plus-chance;45;21;46;48;11;;;4;;;;;;2008-10-to-2017-03;nouveau_loto.csv
2016086;2016086;;2016-07-18;LUNDI;modern-5-plus-chance;29;25;2;39;20;;;7;;;;;;2008-10-to-2017-03;nouveau_loto.csv
2016087;2016087;;2016-07-20;MERCREDI;modern-5-plus-chance;32;1;13;29;46;;;1;;;;;;2008-10-to-2017-03;nouveau_loto.csv
2016088;2016088;;2016-07-23;SAMEDI;modern-5-plus-chance;2;27;33;21;15;;;10;;;;;;2008-10-to-2017-03;nouveau_loto.csv
2016089;2016089;;2016-07-25;LUNDI;modern-5-plus-chance;3;29;46;5;1;;;4;;;;;;2008-10-to-2017-03;nouveau_loto.csv
2016090;2016090;;2016-07-27;MERCREDI;modern-5-plus-chance;34;7;44;19;8;;;6;;;;;;2008-10-to-2017-03;nouveau_loto.csv
2016091;2016091;;2016-07-30;SAMEDI;modern-5-plus-chance;30;9;22;46;23;;;9;;;;;;2008-10-to-2017-03;nouveau_loto.csv
2016092;2016092;;2016-08-01;LUNDI;modern-5-plus-chance;45;29;36;42;24;;;7;;;;;;2008-10-to-2017-03;nouveau_loto.csv
2016093;2016093;;2016-08-03;MERCREDI;modern-5-plus-chance;18;27;39;44;24;;;3;;;;;;2008-10-to-2017-03;nouveau_loto.csv
2016094;2016094;;2016-08-06;SAMEDI;modern-5-plus-chance;44;12;7;25;31;;;10;;;;;;2008-10-to-2017-03;nouveau_loto.csv
2016095;2016095;;2016-08-08;LUNDI;modern-5-plus-chance;1;26;2;36;3;;;7;;;;;;2008-10-to-2017-03;nouveau_loto.csv
2016096;2016096;;2016-08-10;MERCREDI;modern-5-plus-chance;49;30;19;17;7;;;3;;;;;;2008-10-to-2017-03;nouveau_loto.csv
2016097;2016097;;2016-08-13;SAMEDI;modern-5-plus-chance;33;1;9;6;46;;;6;;;;;;2008-10-to-2017-03;nouveau_loto.csv
2016098;2016098;;2016-08-15;LUNDI;modern-5-plus-chance;16;31;25;27;26;;;7;;;;;;2008-10-to-2017-03;nouveau_loto.csv
2016099;2016099;;2016-08-17;MERCREDI;modern-5-plus-chance;12;21;35;24;40;;;4;;;;;;2008-10-to-2017-03;nouveau_loto.csv
2016100;2016100;;2016-08-20;SAMEDI;modern-5-plus-chance;35;10;28;43;15;;;9;;;;;;2008-10-to-2017-03;nouveau_loto.csv
2016101;2016101;;2016-08-22;LUNDI;modern-5-plus-chance;21;44;42;12;34;;;7;;;;;;2008-10-to-2017-03;nouveau_loto.csv
2016102;2016102;;2016-08-24;MERCREDI;modern-5-plus-chance;3;4;34;41;42;;;2;;;;;;2008-10-to-2017-03;nouveau_loto.csv
2016103;2016103;;2016-08-27;SAMEDI;modern-5-plus-chance;45;21;2;31;23;;;8;;;;;;2008-10-to-2017-03;nouveau_loto.csv
2016104;2016104;;2016-08-29;LUNDI;modern-5-plus-chance;44;36;49;25;48;;;2;;;;;;2008-10-to-2017-03;nouveau_loto.csv
2016105;2016105;;2016-08-31;MERCREDI;modern-5-plus-chance;12;26;19;47;10;;;1;;;;;;2008-10-to-2017-03;nouveau_loto.csv
2016106;2016106;;2016-09-03;SAMEDI;modern-5-plus-chance;36;24;45;49;47;;;5;;;;;;2008-10-to-2017-03;nouveau_loto.csv
2016107;2016107;;2016-09-05;LUNDI;modern-5-plus-chance;43;48;7;42;30;;;4;;;;;;2008-10-to-2017-03;nouveau_loto.csv
2016108;2016108;;2016-09-07;MERCREDI;modern-5-plus-chance;26;34;38;13;42;;;9;;;;;;2008-10-to-2017-03;nouveau_loto.csv
2016109;2016109;;2016-09-10;SAMEDI;modern-5-plus-chance;46;38;29;31;19;;;6;;;;;;2008-10-to-2017-03;nouveau_loto.csv
2016110;2016110;;2016-09-12;LUNDI;modern-5-plus-chance;6;5;11;13;22;;;10;;;;;;2008-10-to-2017-03;nouveau_loto.csv
2016111;2016111;;2016-09-14;MERCREDI;modern-5-plus-chance;29;18;37;7;47;;;7;;;;;;2008-10-to-2017-03;nouveau_loto.csv
2016112;2016112;;2016-09-17;SAMEDI;modern-5-plus-chance;12;3;4;34;25;;;2;;;;;;2008-10-to-2017-03;nouveau_loto.csv
2016113;2016113;;2016-09-19;LUNDI;modern-5-plus-chance;41;37;20;18;45;;;10;;;;;;2008-10-to-2017-03;nouveau_loto.csv
2016114;2016114;;2016-09-21;MERCREDI;modern-5-plus-chance;30;15;40;13;20;;;10;;;;;;2008-10-to-2017-03;nouveau_loto.csv
2016115;2016115;;2016-09-24;SAMEDI;modern-5-plus-chance;33;32;31;41;43;;;10;;;;;;2008-10-to-2017-03;nouveau_loto.csv
2016116;2016116;;2016-09-26;LUNDI;modern-5-plus-chance;4;23;26;19;27;;;7;;;;;;2008-10-to-2017-03;nouveau_loto.csv
2016117;2016117;;2016-09-28;MERCREDI;modern-5-plus-chance;44;46;29;42;45;;;3;;;;;;2008-10-to-2017-03;nouveau_loto.csv
2016118;2016118;;2016-10-01;SAMEDI;modern-5-plus-chance;13;42;8;16;23;;;1;;;;;;2008-10-to-2017-03;nouveau_loto.csv
2016119;2016119;;2016-10-03;LUNDI;modern-5-plus-chance;46;43;7;22;8;;;10;;;;;;2008-10-to-2017-03;nouveau_loto.csv
2016120;2016120;;2016-10-05;MERCREDI;modern-5-plus-chance;18;28;15;2;43;;;3;;;;;;2008-10-to-2017-03;nouveau_loto.csv
2016121;2016121;;2016-10-08;SAMEDI;modern-5-plus-chance;5;26;28;46;35;;;9;;;;;;2008-10-to-2017-03;nouveau_loto.csv
2016122;2016122;;2016-10-10;LUNDI;modern-5-plus-chance;18;19;3;48;9;;;2;;;;;;2008-10-to-2017-03;nouveau_loto.csv
2016123;2016123;;2016-10-12;MERCREDI;modern-5-plus-chance;2;19;34;47;23;;;2;;;;;;2008-10-to-2017-03;nouveau_loto.csv
2016124;2016124;;2016-10-15;SAMEDI;modern-5-plus-chance;47;30;41;32;39;;;7;;;;;;2008-10-to-2017-03;nouveau_loto.csv
2016125;2016125;;2016-10-17;LUNDI;modern-5-plus-chance;8;31;48;39;22;;;4;;;;;;2008-10-to-2017-03;nouveau_loto.csv
2016126;2016126;;2016-10-19;MERCREDI;modern-5-plus-chance;32;28;29;26;38;;;1;;;;;;2008-10-to-2017-03;nouveau_loto.csv
2016127;2016127;;2016-10-22;SAMEDI;modern-5-plus-chance;29;41;3;43;35;;;8;;;;;;2008-10-to-2017-03;nouveau_loto.csv
2016128;2016128;;2016-10-24;LUNDI;modern-5-plus-chance;18;29;36;17;23;;;7;;;;;;2008-10-to-2017-03;nouveau_loto.csv
2016129;2016129;;2016-10-26;MERCREDI;modern-5-plus-chance;1;46;20;40;35;;;10;;;;;;2008-10-to-2017-03;nouveau_loto.csv
2016130;2016130;;2016-10-29;SAMEDI;modern-5-plus-chance;21;36;44;26;14;;;4;;;;;;2008-10-to-2017-03;nouveau_loto.csv
2016131;2016131;;2016-10-31;LUNDI;modern-5-plus-chance;11;35;16;29;41;;;4;;;;;;2008-10-to-2017-03;nouveau_loto.csv
2016132;2016132;;2016-11-02;MERCREDI;modern-5-plus-chance;26;1;49;7;14;;;10;;;;;;2008-10-to-2017-03;nouveau_loto.csv
2016133;2016133;;2016-11-05;SAMEDI;modern-5-plus-chance;16;42;21;6;34;;;5;;;;;;2008-10-to-2017-03;nouveau_loto.csv
2016134;2016134;;2016-11-07;LUNDI;modern-5-plus-chance;1;46;21;6;31;;;6;;;;;;2008-10-to-2017-03;nouveau_loto.csv
2016135;2016135;;2016-11-09;MERCREDI;modern-5-plus-chance;3;22;47;14;8;;;5;;;;;;2008-10-to-2017-03;nouveau_loto.csv
2016136;2016136;;2016-11-12;SAMEDI;modern-5-plus-chance;29;11;19;16;2;;;8;;;;;;2008-10-to-2017-03;nouveau_loto.csv
2016137;2016137;;2016-11-14;LUNDI;modern-5-plus-chance;41;6;14;16;26;;;2;;;;;;2008-10-to-2017-03;nouveau_loto.csv
2016138;2016138;;2016-11-16;MERCREDI;modern-5-plus-chance;37;48;1;26;24;;;7;;;;;;2008-10-to-2017-03;nouveau_loto.csv
2016139;2016139;;2016-11-19;SAMEDI;modern-5-plus-chance;34;48;41;46;36;;;7;;;;;;2008-10-to-2017-03;nouveau_loto.csv
2016140;2016140;;2016-11-21;LUNDI;modern-5-plus-chance;7;18;12;45;3;;;8;;;;;;2008-10-to-2017-03;nouveau_loto.csv
2016141;2016141;;2016-11-23;MERCREDI;modern-5-plus-chance;47;7;25;2;12;;;7;;;;;;2008-10-to-2017-03;nouveau_loto.csv
2016142;2016142;;2016-11-26;SAMEDI;modern-5-plus-chance;9;21;44;6;11;;;7;;;;;;2008-10-to-2017-03;nouveau_loto.csv
2016143;2016143;;2016-11-28;LUNDI;modern-5-plus-chance;41;45;20;10;38;;;6;;;;;;2008-10-to-2017-03;nouveau_loto.csv
2016144;2016144;;2016-11-30;MERCREDI;modern-5-plus-chance;9;33;31;3;40;;;5;;;;;;2008-10-to-2017-03;nouveau_loto.csv
2016145;2016145;;2016-12-03;SAMEDI;modern-5-plus-chance;11;13;38;4;44;;;7;;;;;;2008-10-to-2017-03;nouveau_loto.csv
2016146;2016146;;2016-12-05;LUNDI;modern-5-plus-chance;29;30;23;6;26;;;4;;;;;;2008-10-to-2017-03;nouveau_loto.csv
2016147;2016147;;2016-12-07;MERCREDI;modern-5-plus-chance;5;44;7;2;45;;;3;;;;;;2008-10-to-2017-03;nouveau_loto.csv
2016148;2016148;;2016-12-10;SAMEDI;modern-5-plus-chance;41;43;27;24;28;;;9;;;;;;2008-10-to-2017-03;nouveau_loto.csv
2016149;2016149;;2016-12-12;LUNDI;modern-5-plus-chance;12;14;11;6;36;;;6;;;;;;2008-10-to-2017-03;nouveau_loto.csv
2016150;2016150;;2016-12-14;MERCREDI;modern-5-plus-chance;10;9;44;14;46;;;7;;;;;;2008-10-to-2017-03;nouveau_loto.csv
2016151;2016151;;2016-12-17;SAMEDI;modern-5-plus-chance;13;5;16;32;2;;;5;;;;;;2008-10-to-2017-03;nouveau_loto.csv
2016152;2016152;;2016-12-19;LUNDI;modern-5-plus-chance;17;40;41;26;3;;;7;;;;;;2008-10-to-2017-03;nouveau_loto.csv
2016153;2016153;;2016-12-21;MERCREDI;modern-5-plus-chance;25;42;17;39;22;;;6;;;;;;2008-10-to-2017-03;nouveau_loto.csv
2016154;2016154;;2016-12-24;SAMEDI;modern-5-plus-chance;22;48;7;20;35;;;1;;;;;;2008-10-to-2017-03;nouveau_loto.csv
2016155;2016155;;2016-12-26;LUNDI;modern-5-plus-chance;3;16;27;29;37;;;6;;;;;;2008-10-to-2017-03;nouveau_loto.csv
2016156;2016156;;2016-12-28;MERCREDI;modern-5-plus-chance;34;35;16;39;15;;;4;;;;;;2008-10-to-2017-03;nouveau_loto.csv
2016157;2016157;;2016-12-31;SAMEDI;modern-5-plus-chance;45;49;43;33;4;;;8;;;;;;2008-10-to-2017-03;nouveau_loto.csv
2017001;2017001;;2017-01-02;LUNDI;modern-5-plus-chance;31;38;11;19;40;;;5;;;;;;2008-10-to-2017-03;nouveau_loto.csv
2017002;2017002;;2017-01-04;MERCREDI;modern-5-plus-chance;17;36;16;26;38;;;7;;;;;;2008-10-to-2017-03;nouveau_loto.csv
2017003;2017003;;2017-01-07;SAMEDI;modern-5-plus-chance;33;46;24;21;22;;;8;;;;;;2008-10-to-2017-03;nouveau_loto.csv
2017004;2017004;;2017-01-09;LUNDI;modern-5-plus-chance;21;16;6;42;2;;;7;;;;;;2008-10-to-2017-03;nouveau_loto.csv
2017005;2017005;;2017-01-11;MERCREDI;modern-5-plus-chance;30;13;28;22;19;;;3;;;;;;2008-10-to-2017-03;nouveau_loto.csv
2017006;2017006;;2017-01-14;SAMEDI;modern-5-plus-chance;19;18;44;37;16;;;1;;;;;;2008-10-to-2017-03;nouveau_loto.csv
2017007;2017007;;2017-01-16;LUNDI;modern-5-plus-chance;35;32;14;37;26;;;5;;;;;;2008-10-to-2017-03;nouveau_loto.csv
2017008;2017008;;2017-01-18;MERCREDI;modern-5-plus-chance;48;29;34;5;47;;;4;;;;;;2008-10-to-2017-03;nouveau_loto.csv
2017009;2017009;;2017-01-21;SAMEDI;modern-5-plus-chance;40;36;32;8;31;;;6;;;;;;2008-10-to-2017-03;nouveau_loto.csv
2017010;2017010;;2017-01-23;LUNDI;modern-5-plus-chance;15;5;17;49;31;;;9;;;;;;2008-10-to-2017-03;nouveau_loto.csv
2017011;2017011;;2017-01-25;MERCREDI;modern-5-plus-chance;10;19;20;28;4;;;2;;;;;;2008-10-to-2017-03;nouveau_loto.csv
2017012;2017012;;2017-01-28;SAMEDI;modern-5-plus-chance;6;5;10;2;26;;;5;;;;;;2008-10-to-2017-03;nouveau_loto.csv
2017013;2017013;;2017-01-30;LUNDI;modern-5-plus-chance;4;22;40;23;32;;;4;;;;;;2008-10-to-2017-03;nouveau_loto.csv
2017014;2017014;;2017-02-01;MERCREDI;modern-5-plus-chance;45;24;17;46;9;;;7;;;;;;2008-10-to-2017-03;nouveau_loto.csv
2017015;2017015;;2017-02-04;SAMEDI;modern-5-plus-chance;32;22;1;35;37;;;7;;;;;;2008-10-to-2017-03;nouveau_loto.csv
2017016;2017016;;2017-02-06;LUNDI;modern-5-plus-chance;19;31;33;40;30;;;2;;;;;;2008-10-to-2017-03;nouveau_loto.csv
2017017;2017017;;2017-02-08;MERCREDI;modern-5-plus-chance;17;33;37;40;19;;;6;;;;;;2008-10-to-2017-03;nouveau_loto.csv
2017018;2017018;;2017-02-11;SAMEDI;modern-5-plus-chance;37;17;29;15;1;;;3;;;;;;2008-10-to-2017-03;nouveau_loto.csv
2017019;2017019;;2017-02-13;LUNDI;modern-5-plus-chance;5;16;39;44;18;;;3;;;;;;2008-10-to-2017-03;nouveau_loto.csv
2017020;2017020;;2017-02-15;MERCREDI;modern-5-plus-chance;8;16;21;14;24;;;10;;;;;;2008-10-to-2017-03;nouveau_loto.csv
2017021;2017021;;2017-02-18;SAMEDI;modern-5-plus-chance;32;23;49;1;3;;;4;;;;;;2008-10-to-2017-03;nouveau_loto.csv
2017022;2017022;;2017-02-20;LUNDI;modern-5-plus-chance;20;29;43;41;15;;;10;;;;;;2008-10-to-2017-03;nouveau_loto.csv
2017023;2017023;;2017-02-22;MERCREDI;modern-5-plus-chance;17;25;22;35;43;;;10;;;;;;2008-10-to-2017-03;nouveau_loto.csv
2017024;2017024;;2017-02-25;SAMEDI;modern-5-plus-chance;40;32;43;11;48;;;2;;;;;;2008-10-to-2017-03;nouveau_loto.csv
2017025;2017025;;2017-02-27;LUNDI;modern-5-plus-chance;3;37;16;17;47;;;5;;;;;;2008-10-to-2017-03;nouveau_loto.csv
2017026;2017026;;2017-03-01;MERCREDI;modern-5-plus-chance;33;31;16;46;20;;;5;;;;;;2008-10-to-2017-03;nouveau_loto.csv
2017027;2017027;;2017-03-04;SAMEDI;modern-5-plus-chance;28;14;37;32;4;;;4;;;;;;2008-10-to-2017-03;nouveau_loto.csv
2017028;2017028;;2017-03-06;LUNDI;modern-5-plus-chance;26;10;6;41;3;;;9;;;;;;2017-03-to-2019-02;loto2017.csv
2017029;2017029;;2017-03-08;MERCREDI;modern-5-plus-chance;40;16;46;42;47;;;2;;;;;;2017-03-to-2019-02;loto2017.csv
2017030;2017030;;2017-03-11;SAMEDI;modern-5-plus-chance;1;39;31;13;42;;;7;;;;;;2017-03-to-2019-02;loto2017.csv
2017031;2017031;;2017-03-13;LUNDI;modern-5-plus-chance;16;21;34;48;24;;;3;;;;;;2017-03-to-2019-02;loto2017.csv
2017032;2017032;;2017-03-15;MERCREDI;modern-5-plus-chance;25;5;46;36;31;;;8;;;;;;2017-03-to-2019-02;loto2017.csv
2017033;2017033;;2017-03-18;SAMEDI;modern-5-plus-chance;33;18;1;30;6;;;2;;;;;;2017-03-to-2019-02;loto2017.csv
2017034;2017034;;2017-03-20;LUNDI;modern-5-plus-chance;42;39;28;13;40;;;1;;;;;;2017-03-to-2019-02;loto2017.csv
2017035;2017035;;2017-03-22;MERCREDI;modern-5-plus-chance;43;25;28;2;11;;;5;;;;;;2017-03-to-2019-02;loto2017.csv
2017036;2017036;;2017-03-25;SAMEDI;modern-5-plus-chance;2;5;8;43;49;;;1;;;;;;2017-03-to-2019-02;loto2017.csv
2017037;2017037;;2017-03-27;LUNDI;modern-5-plus-chance;2;49;9;38;18;;;8;;;;;;2017-03-to-2019-02;loto2017.csv
2017038;2017038;;2017-03-29;MERCREDI;modern-5-plus-chance;35;14;10;26;25;;;5;;;;;;2017-03-to-2019-02;loto2017.csv
2017039;2017039;;2017-04-01;SAMEDI;modern-5-plus-chance;46;2;44;9;25;;;9;;;;;;2017-03-to-2019-02;loto2017.csv
2017040;2017040;;2017-04-03;LUNDI;modern-5-plus-chance;34;16;44;3;9;;;3;;;;;;2017-03-to-2019-02;loto2017.csv
2017041;2017041;;2017-04-05;MERCREDI;modern-5-plus-chance;10;40;42;20;6;;;10;;;;;;2017-03-to-2019-02;loto2017.csv
2017042;2017042;;2017-04-08;SAMEDI;modern-5-plus-chance;17;44;18;45;29;;;5;;;;;;2017-03-to-2019-02;loto2017.csv
2017043;2017043;;2017-04-10;LUNDI;modern-5-plus-chance;11;3;20;14;1;;;2;;;;;;2017-03-to-2019-02;loto2017.csv
2017044;2017044;;2017-04-12;MERCREDI;modern-5-plus-chance;48;18;3;28;40;;;7;;;;;;2017-03-to-2019-02;loto2017.csv
2017045;2017045;;2017-04-15;SAMEDI;modern-5-plus-chance;28;29;41;40;49;;;5;;;;;;2017-03-to-2019-02;loto2017.csv
2017046;2017046;;2017-04-17;LUNDI;modern-5-plus-chance;8;36;46;4;33;;;7;;;;;;2017-03-to-2019-02;loto2017.csv
2017047;2017047;;2017-04-19;MERCREDI;modern-5-plus-chance;47;39;38;41;48;;;9;;;;;;2017-03-to-2019-02;loto2017.csv
2017048;2017048;;2017-04-22;SAMEDI;modern-5-plus-chance;17;21;31;1;46;;;5;;;;;;2017-03-to-2019-02;loto2017.csv
2017049;2017049;;2017-04-24;LUNDI;modern-5-plus-chance;7;42;28;45;41;;;9;;;;;;2017-03-to-2019-02;loto2017.csv
2017050;2017050;;2017-04-26;MERCREDI;modern-5-plus-chance;27;6;8;14;16;;;5;;;;;;2017-03-to-2019-02;loto2017.csv
2017051;2017051;;2017-04-29;SAMEDI;modern-5-plus-chance;48;37;46;44;34;;;9;;;;;;2017-03-to-2019-02;loto2017.csv
2017052;2017052;;2017-05-01;LUNDI;modern-5-plus-chance;18;46;37;16;35;;;6;;;;;;2017-03-to-2019-02;loto2017.csv
2017053;2017053;;2017-05-03;MERCREDI;modern-5-plus-chance;20;15;27;46;6;;;3;;;;;;2017-03-to-2019-02;loto2017.csv
2017054;2017054;;2017-05-06;SAMEDI;modern-5-plus-chance;27;41;34;6;45;;;5;;;;;;2017-03-to-2019-02;loto2017.csv
2017055;2017055;;2017-05-08;LUNDI;modern-5-plus-chance;33;7;47;22;43;;;6;;;;;;2017-03-to-2019-02;loto2017.csv
2017056;2017056;;2017-05-10;MERCREDI;modern-5-plus-chance;30;22;20;43;12;;;9;;;;;;2017-03-to-2019-02;loto2017.csv
2017057;2017057;;2017-05-13;SAMEDI;modern-5-plus-chance;16;13;9;28;47;;;10;;;;;;2017-03-to-2019-02;loto2017.csv
2017058;2017058;;2017-05-15;LUNDI;modern-5-plus-chance;22;13;1;27;5;;;1;;;;;;2017-03-to-2019-02;loto2017.csv
2017059;2017059;;2017-05-17;MERCREDI;modern-5-plus-chance;25;44;6;30;22;;;7;;;;;;2017-03-to-2019-02;loto2017.csv
2017060;2017060;;2017-05-20;SAMEDI;modern-5-plus-chance;33;31;28;34;42;;;3;;;;;;2017-03-to-2019-02;loto2017.csv
2017061;2017061;;2017-05-22;LUNDI;modern-5-plus-chance;27;21;22;7;31;;;10;;;;;;2017-03-to-2019-02;loto2017.csv
2017062;2017062;;2017-05-24;MERCREDI;modern-5-plus-chance;17;22;18;8;30;;;5;;;;;;2017-03-to-2019-02;loto2017.csv
2017063;2017063;;2017-05-27;SAMEDI;modern-5-plus-chance;9;8;28;40;17;;;8;;;;;;2017-03-to-2019-02;loto2017.csv
2017064;2017064;;2017-05-29;LUNDI;modern-5-plus-chance;40;43;39;41;1;;;9;;;;;;2017-03-to-2019-02;loto2017.csv
2017065;2017065;;2017-05-31;MERCREDI;modern-5-plus-chance;1;36;9;41;27;;;1;;;;;;2017-03-to-2019-02;loto2017.csv
2017066;2017066;;2017-06-03;SAMEDI;modern-5-plus-chance;23;45;36;34;44;;;3;;;;;;2017-03-to-2019-02;loto2017.csv
2017067;2017067;;2017-06-05;LUNDI;modern-5-plus-chance;49;12;17;41;21;;;7;;;;;;2017-03-to-2019-02;loto2017.csv
2017068;2017068;;2017-06-07;MERCREDI;modern-5-plus-chance;22;43;36;40;21;;;5;;;;;;2017-03-to-2019-02;loto2017.csv
2017069;2017069;;2017-06-10;SAMEDI;modern-5-plus-chance;49;34;37;36;8;;;10;;;;;;2017-03-to-2019-02;loto2017.csv
2017070;2017070;;2017-06-12;LUNDI;modern-5-plus-chance;5;29;4;7;27;;;5;;;;;;2017-03-to-2019-02;loto2017.csv
2017071;2017071;;2017-06-14;MERCREDI;modern-5-plus-chance;44;43;49;41;31;;;5;;;;;;2017-03-to-2019-02;loto2017.csv
2017072;2017072;;2017-06-17;SAMEDI;modern-5-plus-chance;26;25;40;14;39;;;3;;;;;;2017-03-to-2019-02;loto2017.csv
2017073;2017073;;2017-06-19;LUNDI;modern-5-plus-chance;25;43;18;47;40;;;9;;;;;;2017-03-to-2019-02;loto2017.csv
2017074;2017074;;2017-06-21;MERCREDI;modern-5-plus-chance;12;22;34;18;39;;;6;;;;;;2017-03-to-2019-02;loto2017.csv
2017075;2017075;;2017-06-24;SAMEDI;modern-5-plus-chance;48;27;23;35;24;;;5;;;;;;2017-03-to-2019-02;loto2017.csv
2017076;2017076;;2017-06-26;LUNDI;modern-5-plus-chance;1;49;5;29;38;;;9;;;;;;2017-03-to-2019-02;loto2017.csv
2017077;2017077;;2017-06-28;MERCREDI;modern-5-plus-chance;48;30;37;29;9;;;1;;;;;;2017-03-to-2019-02;loto2017.csv
2017078;2017078;;2017-07-01;SAMEDI;modern-5-plus-chance;26;47;16;33;21;;;8;;;;;;2017-03-to-2019-02;loto2017.csv
2017079;2017079;;2017-07-03;LUNDI;modern-5-plus-chance;48;8;10;28;2;;;2;;;;;;2017-03-to-2019-02;loto2017.csv
2017080;2017080;;2017-07-05;MERCREDI;modern-5-plus-chance;18;29;17;34;8;;;6;;;;;;2017-03-to-2019-02;loto2017.csv
2017081;2017081;;2017-07-08;SAMEDI;modern-5-plus-chance;9;30;46;43;31;;;10;;;;;;2017-03-to-2019-02;loto2017.csv
2017082;2017082;;2017-07-10;LUNDI;modern-5-plus-chance;23;43;17;21;18;;;4;;;;;;2017-03-to-2019-02;loto2017.csv
2017083;2017083;;2017-07-12;MERCREDI;modern-5-plus-chance;3;16;31;43;18;;;5;;;;;;2017-03-to-2019-02;loto2017.csv
2017084;2017084;;2017-07-15;SAMEDI;modern-5-plus-chance;34;37;24;48;29;;;2;;;;;;2017-03-to-2019-02;loto2017.csv
2017085;2017085;;2017-07-17;LUNDI;modern-5-plus-chance;40;41;5;33;16;;;2;;;;;;2017-03-to-2019-02;loto2017.csv
2017086;2017086;;2017-07-19;MERCREDI;modern-5-plus-chance;16;26;6;8;9;;;7;;;;;;2017-03-to-2019-02;loto2017.csv
2017087;2017087;;2017-07-22;SAMEDI;modern-5-plus-chance;40;30;16;5;28;;;9;;;;;;2017-03-to-2019-02;loto2017.csv
2017088;2017088;;2017-07-24;LUNDI;modern-5-plus-chance;14;11;38;21;35;;;3;;;;;;2017-03-to-2019-02;loto2017.csv
2017089;2017089;;2017-07-26;MERCREDI;modern-5-plus-chance;13;44;35;3;25;;;2;;;;;;2017-03-to-2019-02;loto2017.csv
2017090;2017090;;2017-07-29;SAMEDI;modern-5-plus-chance;24;41;45;23;10;;;1;;;;;;2017-03-to-2019-02;loto2017.csv
2017091;2017091;;2017-07-31;LUNDI;modern-5-plus-chance;45;37;47;25;31;;;7;;;;;;2017-03-to-2019-02;loto2017.csv
2017092;2017092;;2017-08-02;MERCREDI;modern-5-plus-chance;34;30;9;12;32;;;7;;;;;;2017-03-to-2019-02;loto2017.csv
2017093;2017093;;2017-08-05;SAMEDI;modern-5-plus-chance;3;25;30;13;37;;;2;;;;;;2017-03-to-2019-02;loto2017.csv
2017094;2017094;;2017-08-07;LUNDI;modern-5-plus-chance;38;24;42;21;14;;;4;;;;;;2017-03-to-2019-02;loto2017.csv
2017095;2017095;;2017-08-09;MERCREDI;modern-5-plus-chance;32;38;36;31;49;;;1;;;;;;2017-03-to-2019-02;loto2017.csv
2017096;2017096;;2017-08-12;SAMEDI;modern-5-plus-chance;13;36;41;15;5;;;10;;;;;;2017-03-to-2019-02;loto2017.csv
2017097;2017097;;2017-08-14;LUNDI;modern-5-plus-chance;13;15;39;2;9;;;4;;;;;;2017-03-to-2019-02;loto2017.csv
2017098;2017098;;2017-08-16;MERCREDI;modern-5-plus-chance;31;29;25;19;41;;;4;;;;;;2017-03-to-2019-02;loto2017.csv
2017099;2017099;;2017-08-19;SAMEDI;modern-5-plus-chance;39;8;40;21;7;;;7;;;;;;2017-03-to-2019-02;loto2017.csv
2017100;2017100;;2017-08-21;LUNDI;modern-5-plus-chance;8;36;43;27;14;;;5;;;;;;2017-03-to-2019-02;loto2017.csv
2017101;2017101;;2017-08-23;MERCREDI;modern-5-plus-chance;32;23;16;1;4;;;7;;;;;;2017-03-to-2019-02;loto2017.csv
2017102;2017102;;2017-08-26;SAMEDI;modern-5-plus-chance;10;40;35;32;38;;;3;;;;;;2017-03-to-2019-02;loto2017.csv
2017103;2017103;;2017-08-28;LUNDI;modern-5-plus-chance;6;8;20;24;42;;;6;;;;;;2017-03-to-2019-02;loto2017.csv
2017104;2017104;;2017-08-30;MERCREDI;modern-5-plus-chance;29;26;7;12;47;;;9;;;;;;2017-03-to-2019-02;loto2017.csv
2017105;2017105;;2017-09-02;SAMEDI;modern-5-plus-chance;10;14;1;40;18;;;7;;;;;;2017-03-to-2019-02;loto2017.csv
2017106;2017106;;2017-09-04;LUNDI;modern-5-plus-chance;33;6;27;1;35;;;9;;;;;;2017-03-to-2019-02;loto2017.csv
2017107;2017107;;2017-09-06;MERCREDI;modern-5-plus-chance;49;46;28;19;39;;;4;;;;;;2017-03-to-2019-02;loto2017.csv
2017108;2017108;;2017-09-09;SAMEDI;modern-5-plus-chance;44;13;19;15;39;;;1;;;;;;2017-03-to-2019-02;loto2017.csv
2017109;2017109;;2017-09-11;LUNDI;modern-5-plus-chance;23;42;48;45;12;;;9;;;;;;2017-03-to-2019-02;loto2017.csv
2017110;2017110;;2017-09-13;MERCREDI;modern-5-plus-chance;18;45;4;25;33;;;1;;;;;;2017-03-to-2019-02;loto2017.csv
2017111;2017111;;2017-09-16;SAMEDI;modern-5-plus-chance;37;46;4;18;16;;;5;;;;;;2017-03-to-2019-02;loto2017.csv
2017112;2017112;;2017-09-18;LUNDI;modern-5-plus-chance;12;25;37;29;34;;;9;;;;;;2017-03-to-2019-02;loto2017.csv
2017113;2017113;;2017-09-20;MERCREDI;modern-5-plus-chance;37;6;4;17;22;;;6;;;;;;2017-03-to-2019-02;loto2017.csv
2017114;2017114;;2017-09-23;SAMEDI;modern-5-plus-chance;15;33;22;19;37;;;4;;;;;;2017-03-to-2019-02;loto2017.csv
2017115;2017115;;2017-09-25;LUNDI;modern-5-plus-chance;37;16;17;33;34;;;6;;;;;;2017-03-to-2019-02;loto2017.csv
2017116;2017116;;2017-09-27;MERCREDI;modern-5-plus-chance;13;10;16;42;35;;;4;;;;;;2017-03-to-2019-02;loto2017.csv
2017117;2017117;;2017-09-30;SAMEDI;modern-5-plus-chance;16;44;3;38;27;;;7;;;;;;2017-03-to-2019-02;loto2017.csv
2017118;2017118;;2017-10-02;LUNDI;modern-5-plus-chance;1;11;28;12;20;;;7;;;;;;2017-03-to-2019-02;loto2017.csv
2017119;2017119;;2017-10-04;MERCREDI;modern-5-plus-chance;45;34;20;30;1;;;9;;;;;;2017-03-to-2019-02;loto2017.csv
2017120;2017120;;2017-10-07;SAMEDI;modern-5-plus-chance;41;44;8;37;46;;;3;;;;;;2017-03-to-2019-02;loto2017.csv
2017121;2017121;;2017-10-09;LUNDI;modern-5-plus-chance;47;30;6;15;3;;;9;;;;;;2017-03-to-2019-02;loto2017.csv
2017122;2017122;;2017-10-11;MERCREDI;modern-5-plus-chance;44;48;6;29;15;;;4;;;;;;2017-03-to-2019-02;loto2017.csv
2017123;2017123;;2017-10-14;SAMEDI;modern-5-plus-chance;18;20;38;43;47;;;3;;;;;;2017-03-to-2019-02;loto2017.csv
2017124;2017124;;2017-10-16;LUNDI;modern-5-plus-chance;39;48;30;5;32;;;8;;;;;;2017-03-to-2019-02;loto2017.csv
2017125;2017125;;2017-10-18;MERCREDI;modern-5-plus-chance;5;13;25;12;24;;;7;;;;;;2017-03-to-2019-02;loto2017.csv
2017126;2017126;;2017-10-21;SAMEDI;modern-5-plus-chance;2;42;6;20;21;;;8;;;;;;2017-03-to-2019-02;loto2017.csv
2017127;2017127;;2017-10-23;LUNDI;modern-5-plus-chance;12;21;47;44;25;;;3;;;;;;2017-03-to-2019-02;loto2017.csv
2017128;2017128;;2017-10-25;MERCREDI;modern-5-plus-chance;9;3;19;41;43;;;8;;;;;;2017-03-to-2019-02;loto2017.csv
2017129;2017129;;2017-10-28;SAMEDI;modern-5-plus-chance;22;12;47;5;29;;;8;;;;;;2017-03-to-2019-02;loto2017.csv
2017130;2017130;;2017-10-30;LUNDI;modern-5-plus-chance;32;42;12;44;34;;;5;;;;;;2017-03-to-2019-02;loto2017.csv
2017131;2017131;;2017-11-01;MERCREDI;modern-5-plus-chance;18;8;26;9;32;;;1;;;;;;2017-03-to-2019-02;loto2017.csv
2017132;2017132;;2017-11-04;SAMEDI;modern-5-plus-chance;23;7;38;35;6;;;7;;;;;;2017-03-to-2019-02;loto2017.csv
2017133;2017133;;2017-11-06;LUNDI;modern-5-plus-chance;30;45;49;27;48;;;1;;;;;;2017-03-to-2019-02;loto2017.csv
2017134;2017134;;2017-11-08;MERCREDI;modern-5-plus-chance;37;41;13;26;2;;;5;;;;;;2017-03-to-2019-02;loto2017.csv
2017135;2017135;;2017-11-11;SAMEDI;modern-5-plus-chance;40;47;48;1;36;;;3;;;;;;2017-03-to-2019-02;loto2017.csv
2017136;2017136;;2017-11-13;LUNDI;modern-5-plus-chance;30;29;24;3;43;;;5;;;;;;2017-03-to-2019-02;loto2017.csv
2017137;2017137;;2017-11-15;MERCREDI;modern-5-plus-chance;12;10;16;35;14;;;6;;;;;;2017-03-to-2019-02;loto2017.csv
2017138;2017138;;2017-11-18;SAMEDI;modern-5-plus-chance;13;9;17;37;48;;;1;;;;;;2017-03-to-2019-02;loto2017.csv
2017139;2017139;;2017-11-20;LUNDI;modern-5-plus-chance;6;30;40;43;35;;;3;;;;;;2017-03-to-2019-02;loto2017.csv
2017140;2017140;;2017-11-22;MERCREDI;modern-5-plus-chance;30;1;10;2;39;;;8;;;;;;2017-03-to-2019-02;loto2017.csv
2017141;2017141;;2017-11-25;SAMEDI;modern-5-plus-chance;43;1;48;2;47;;;10;;;;;;2017-03-to-2019-02;loto2017.csv
2017142;2017142;;2017-11-27;LUNDI;modern-5-plus-chance;36;5;6;39;46;;;6;;;;;;2017-03-to-2019-02;loto2017.csv
2017143;2017143;;2017-11-29;MERCREDI;modern-5-plus-chance;8;20;3;12;13;;;4;;;;;;2017-03-to-2019-02;loto2017.csv
2017144;2017144;;2017-12-02;SAMEDI;modern-5-plus-chance;24;45;39;33;35;;;1;;;;;;2017-03-to-2019-02;loto2017.csv
2017145;2017145;;2017-12-04;LUNDI;modern-5-plus-chance;43;32;15;23;41;;;8;;;;;;2017-03-to-2019-02;loto2017.csv
2017146;2017146;;2017-12-06;MERCREDI;modern-5-plus-chance;27;12;38;7;30;;;1;;;;;;2017-03-to-2019-02;loto2017.csv
2017147;2017147;;2017-12-09;SAMEDI;modern-5-plus-chance;48;49;10;46;23;;;8;;;;;;2017-03-to-2019-02;loto2017.csv
2017148;2017148;;2017-12-11;LUNDI;modern-5-plus-chance;47;34;26;43;29;;;4;;;;;;2017-03-to-2019-02;loto2017.csv
2017149;2017149;;2017-12-13;MERCREDI;modern-5-plus-chance;17;49;24;43;28;;;8;;;;;;2017-03-to-2019-02;loto2017.csv
2017150;2017150;;2017-12-16;SAMEDI;modern-5-plus-chance;48;20;15;9;49;;;6;;;;;;2017-03-to-2019-02;loto2017.csv
2017151;2017151;;2017-12-18;LUNDI;modern-5-plus-chance;11;39;48;10;29;;;9;;;;;;2017-03-to-2019-02;loto2017.csv
2017152;2017152;;2017-12-20;MERCREDI;modern-5-plus-chance;6;11;13;24;10;;;9;;;;;;2017-03-to-2019-02;loto2017.csv
2017153;2017153;;2017-12-23;SAMEDI;modern-5-plus-chance;4;6;44;8;48;;;10;;;;;;2017-03-to-2019-02;loto2017.csv
2017154;2017154;;2017-12-25;LUNDI;modern-5-plus-chance;3;31;6;10;29;;;8;;;;;;2017-03-to-2019-02;loto2017.csv
2017155;2017155;;2017-12-27;MERCREDI;modern-5-plus-chance;22;6;48;7;14;;;8;;;;;;2017-03-to-2019-02;loto2017.csv
2017156;2017156;;2017-12-30;SAMEDI;modern-5-plus-chance;40;28;35;13;12;;;8;;;;;;2017-03-to-2019-02;loto2017.csv
2018001;2018001;;2018-01-01;LUNDI;modern-5-plus-chance;7;43;10;9;14;;;1;;;;;;2017-03-to-2019-02;loto2017.csv
2018002;2018002;;2018-01-03;MERCREDI;modern-5-plus-chance;34;44;27;23;4;;;4;;;;;;2017-03-to-2019-02;loto2017.csv
2018003;2018003;;2018-01-06;SAMEDI;modern-5-plus-chance;45;40;17;6;31;;;9;;;;;;2017-03-to-2019-02;loto2017.csv
2018004;2018004;;2018-01-08;LUNDI;modern-5-plus-chance;8;44;37;43;45;;;2;;;;;;2017-03-to-2019-02;loto2017.csv
2018005;2018005;;2018-01-10;MERCREDI;modern-5-plus-chance;7;49;18;9;16;;;3;;;;;;2017-03-to-2019-02;loto2017.csv
2018006;2018006;;2018-01-13;SAMEDI;modern-5-plus-chance;48;35;20;31;36;;;10;;;;;;2017-03-to-2019-02;loto2017.csv
2018007;2018007;;2018-01-15;LUNDI;modern-5-plus-chance;15;28;22;2;5;;;2;;;;;;2017-03-to-2019-02;loto2017.csv
2018008;2018008;;2018-01-17;MERCREDI;modern-5-plus-chance;16;25;40;49;4;;;3;;;;;;2017-03-to-2019-02;loto2017.csv
2018009;2018009;;2018-01-20;SAMEDI;modern-5-plus-chance;44;32;27;38;46;;;7;;;;;;2017-03-to-2019-02;loto2017.csv
2018010;2018010;;2018-01-22;LUNDI;modern-5-plus-chance;31;11;16;1;14;;;2;;;;;;2017-03-to-2019-02;loto2017.csv
2018011;2018011;;2018-01-24;MERCREDI;modern-5-plus-chance;9;37;35;23;28;;;5;;;;;;2017-03-to-2019-02;loto2017.csv
2018012;2018012;;2018-01-27;SAMEDI;modern-5-plus-chance;45;10;9;34;39;;;10;;;;;;2017-03-to-2019-02;loto2017.csv
2018013;2018013;;2018-01-29;LUNDI;modern-5-plus-chance;11;32;27;36;21;;;6;;;;;;2017-03-to-2019-02;loto2017.csv
2018014;2018014;;2018-01-31;MERCREDI;modern-5-plus-chance;29;26;16;4;49;;;1;;;;;;2017-03-to-2019-02;loto2017.csv
2018015;2018015;;2018-02-03;SAMEDI;modern-5-plus-chance;22;9;23;38;13;;;4;;;;;;2017-03-to-2019-02;loto2017.csv
2018016;2018016;;2018-02-05;LUNDI;modern-5-plus-chance;7;29;1;30;45;;;7;;;;;;2017-03-to-2019-02;loto2017.csv
2018017;2018017;;2018-02-07;MERCREDI;modern-5-plus-chance;44;13;17;48;33;;;3;;;;;;2017-03-to-2019-02;loto2017.csv
2018018;2018018;;2018-02-10;SAMEDI;modern-5-plus-chance;19;31;2;40;42;;;5;;;;;;2017-03-to-2019-02;loto2017.csv
2018019;2018019;;2018-02-12;LUNDI;modern-5-plus-chance;27;35;48;3;32;;;9;;;;;;2017-03-to-2019-02;loto2017.csv
2018020;2018020;;2018-02-14;MERCREDI;modern-5-plus-chance;13;3;44;19;5;;;4;;;;;;2017-03-to-2019-02;loto2017.csv
2018021;2018021;;2018-02-17;SAMEDI;modern-5-plus-chance;49;48;14;22;38;;;9;;;;;;2017-03-to-2019-02;loto2017.csv
2018022;2018022;;2018-02-19;LUNDI;modern-5-plus-chance;32;9;8;29;28;;;2;;;;;;2017-03-to-2019-02;loto2017.csv
2018023;2018023;;2018-02-21;MERCREDI;modern-5-plus-chance;12;41;2;28;16;;;1;;;;;;2017-03-to-2019-02;loto2017.csv
2018024;2018024;;2018-02-24;SAMEDI;modern-5-plus-chance;12;6;9;31;43;;;3;;;;;;2017-03-to-2019-02;loto2017.csv
2018025;2018025;;2018-02-26;LUNDI;modern-5-plus-chance;13;34;39;42;37;;;3;;;;;;2017-03-to-2019-02;loto2017.csv
2018026;2018026;;2018-02-28;MERCREDI;modern-5-plus-chance;42;5;49;31;28;;;7;;;;;;2017-03-to-2019-02;loto2017.csv
2018027;2018027;;2018-03-03;SAMEDI;modern-5-plus-chance;3;4;8;2;31;;;9;;;;;;2017-03-to-2019-02;loto2017.csv
2018028;2018028;;2018-03-05;LUNDI;modern-5-plus-chance;44;38;25;17;41;;;9;;;;;;2017-03-to-2019-02;loto2017.csv
2018029;2018029;;2018-03-07;MERCREDI;modern-5-plus-chance;13;6;18;36;37;;;5;;;;;;2017-03-to-2019-02;loto2017.csv
2018030;2018030;;2018-03-10;SAMEDI;modern-5-plus-chance;5;47;23;21;18;;;6;;;;;;2017-03-to-2019-02;loto2017.csv
2018031;2018031;;2018-03-12;LUNDI;modern-5-plus-chance;27;7;10;38;13;;;8;;;;;;2017-03-to-2019-02;loto2017.csv
2018032;2018032;;2018-03-14;MERCREDI;modern-5-plus-chance;36;46;13;4;3;;;10;;;;;;2017-03-to-2019-02;loto2017.csv
2018033;2018033;;2018-03-17;SAMEDI;modern-5-plus-chance;48;43;36;30;13;;;9;;;;;;2017-03-to-2019-02;loto2017.csv
2018034;2018034;;2018-03-19;LUNDI;modern-5-plus-chance;20;15;27;46;24;;;10;;;;;;2017-03-to-2019-02;loto2017.csv
2018035;2018035;;2018-03-21;MERCREDI;modern-5-plus-chance;31;45;21;30;29;;;2;;;;;;2017-03-to-2019-02;loto2017.csv
2018036;2018036;;2018-03-24;SAMEDI;modern-5-plus-chance;31;11;44;35;26;;;9;;;;;;2017-03-to-2019-02;loto2017.csv
2018037;2018037;;2018-03-26;LUNDI;modern-5-plus-chance;27;17;37;10;4;;;10;;;;;;2017-03-to-2019-02;loto2017.csv
2018038;2018038;;2018-03-28;MERCREDI;modern-5-plus-chance;43;39;15;5;45;;;10;;;;;;2017-03-to-2019-02;loto2017.csv
2018039;2018039;;2018-03-31;SAMEDI;modern-5-plus-chance;42;2;41;18;31;;;8;;;;;;2017-03-to-2019-02;loto2017.csv
2018040;2018040;;2018-04-02;LUNDI;modern-5-plus-chance;28;34;18;13;14;;;2;;;;;;2017-03-to-2019-02;loto2017.csv
2018041;2018041;;2018-04-04;MERCREDI;modern-5-plus-chance;19;40;22;45;36;;;6;;;;;;2017-03-to-2019-02;loto2017.csv
2018042;2018042;;2018-04-07;SAMEDI;modern-5-plus-chance;26;34;10;45;7;;;7;;;;;;2017-03-to-2019-02;loto2017.csv
2018043;2018043;;2018-04-09;LUNDI;modern-5-plus-chance;1;32;20;28;42;;;6;;;;;;2017-03-to-2019-02;loto2017.csv
2018044;2018044;;2018-04-11;MERCREDI;modern-5-plus-chance;40;46;32;17;1;;;8;;;;;;2017-03-to-2019-02;loto2017.csv
2018045;2018045;;2018-04-14;SAMEDI;modern-5-plus-chance;24;5;49;36;1;;;7;;;;;;2017-03-to-2019-02;loto2017.csv
2018046;2018046;;2018-04-16;LUNDI;modern-5-plus-chance;16;25;6;21;26;;;5;;;;;;2017-03-to-2019-02;loto2017.csv
2018047;2018047;;2018-04-18;MERCREDI;modern-5-plus-chance;18;11;38;17;46;;;8;;;;;;2017-03-to-2019-02;loto2017.csv
2018048;2018048;;2018-04-21;SAMEDI;modern-5-plus-chance;26;20;2;11;39;;;5;;;;;;2017-03-to-2019-02;loto2017.csv
2018049;2018049;;2018-04-23;LUNDI;modern-5-plus-chance;2;33;20;29;32;;;8;;;;;;2017-03-to-2019-02;loto2017.csv
2018050;2018050;;2018-04-25;MERCREDI;modern-5-plus-chance;21;23;5;10;36;;;1;;;;;;2017-03-to-2019-02;loto2017.csv
2018051;2018051;;2018-04-28;SAMEDI;modern-5-plus-chance;36;14;40;31;47;;;2;;;;;;2017-03-to-2019-02;loto2017.csv
2018052;2018052;;2018-04-30;LUNDI;modern-5-plus-chance;43;48;49;36;7;;;7;;;;;;2017-03-to-2019-02;loto2017.csv
2018053;2018053;;2018-05-02;MERCREDI;modern-5-plus-chance;8;1;14;10;21;;;10;;;;;;2017-03-to-2019-02;loto2017.csv
2018054;2018054;;2018-05-05;SAMEDI;modern-5-plus-chance;9;30;47;41;15;;;5;;;;;;2017-03-to-2019-02;loto2017.csv
2018055;2018055;;2018-05-07;LUNDI;modern-5-plus-chance;43;13;10;23;46;;;6;;;;;;2017-03-to-2019-02;loto2017.csv
2018056;2018056;;2018-05-09;MERCREDI;modern-5-plus-chance;10;23;35;34;5;;;6;;;;;;2017-03-to-2019-02;loto2017.csv
2018057;2018057;;2018-05-12;SAMEDI;modern-5-plus-chance;6;23;9;47;5;;;10;;;;;;2017-03-to-2019-02;loto2017.csv
2018058;2018058;;2018-05-14;LUNDI;modern-5-plus-chance;40;33;23;1;5;;;8;;;;;;2017-03-to-2019-02;loto2017.csv
2018059;2018059;;2018-05-16;MERCREDI;modern-5-plus-chance;44;37;7;23;41;;;8;;;;;;2017-03-to-2019-02;loto2017.csv
2018060;2018060;;2018-05-19;SAMEDI;modern-5-plus-chance;5;47;30;45;12;;;9;;;;;;2017-03-to-2019-02;loto2017.csv
2018061;2018061;;2018-05-21;LUNDI;modern-5-plus-chance;20;4;46;16;5;;;5;;;;;;2017-03-to-2019-02;loto2017.csv
2018062;2018062;;2018-05-23;MERCREDI;modern-5-plus-chance;14;29;3;36;25;;;9;;;;;;2017-03-to-2019-02;loto2017.csv
2018063;2018063;;2018-05-26;SAMEDI;modern-5-plus-chance;26;24;2;43;3;;;8;;;;;;2017-03-to-2019-02;loto2017.csv
2018064;2018064;;2018-05-28;LUNDI;modern-5-plus-chance;35;10;25;21;23;;;10;;;;;;2017-03-to-2019-02;loto2017.csv
2018065;2018065;;2018-05-30;MERCREDI;modern-5-plus-chance;4;44;41;36;33;;;6;;;;;;2017-03-to-2019-02;loto2017.csv
2018066;2018066;;2018-06-02;SAMEDI;modern-5-plus-chance;18;13;31;7;35;;;4;;;;;;2017-03-to-2019-02;loto2017.csv
2018067;2018067;;2018-06-04;LUNDI;modern-5-plus-chance;8;38;48;16;35;;;2;;;;;;2017-03-to-2019-02;loto2017.csv
2018068;2018068;;2018-06-06;MERCREDI;modern-5-plus-chance;43;5;33;6;47;;;2;;;;;;2017-03-to-2019-02;loto2017.csv
2018069;2018069;;2018-06-09;SAMEDI;modern-5-plus-chance;7;16;5;9;12;;;10;;;;;;2017-03-to-2019-02;loto2017.csv
2018070;2018070;;2018-06-11;LUNDI;modern-5-plus-chance;44;41;49;25;14;;;4;;;;;;2017-03-to-2019-02;loto2017.csv
2018071;2018071;;2018-06-13;MERCREDI;modern-5-plus-chance;20;48;15;29;49;;;1;;;;;;2017-03-to-2019-02;loto2017.csv
2018072;2018072;;2018-06-16;SAMEDI;modern-5-plus-chance;35;17;8;43;19;;;9;;;;;;2017-03-to-2019-02;loto2017.csv
2018073;2018073;;2018-06-18;LUNDI;modern-5-plus-chance;34;2;7;13;44;;;8;;;;;;2017-03-to-2019-02;loto2017.csv
2018074;2018074;;2018-06-20;MERCREDI;modern-5-plus-chance;43;33;8;30;6;;;3;;;;;;2017-03-to-2019-02;loto2017.csv
2018075;2018075;;2018-06-23;SAMEDI;modern-5-plus-chance;41;32;49;10;36;;;10;;;;;;2017-03-to-2019-02;loto2017.csv
2018076;2018076;;2018-06-25;LUNDI;modern-5-plus-chance;14;9;21;13;32;;;5;;;;;;2017-03-to-2019-02;loto2017.csv
2018077;2018077;;2018-06-27;MERCREDI;modern-5-plus-chance;26;11;9;41;8;;;10;;;;;;2017-03-to-2019-02;loto2017.csv
2018078;2018078;;2018-06-30;SAMEDI;modern-5-plus-chance;5;36;23;29;45;;;7;;;;;;2017-03-to-2019-02;loto2017.csv
2018079;2018079;;2018-07-02;LUNDI;modern-5-plus-chance;48;38;36;45;16;;;8;;;;;;2017-03-to-2019-02;loto2017.csv
2018080;2018080;;2018-07-04;MERCREDI;modern-5-plus-chance;41;23;16;20;45;;;5;;;;;;2017-03-to-2019-02;loto2017.csv
2018081;2018081;;2018-07-07;SAMEDI;modern-5-plus-chance;41;3;34;11;10;;;10;;;;;;2017-03-to-2019-02;loto2017.csv
2018082;2018082;;2018-07-09;LUNDI;modern-5-plus-chance;9;21;19;36;40;;;1;;;;;;2017-03-to-2019-02;loto2017.csv
2018083;2018083;;2018-07-11;MERCREDI;modern-5-plus-chance;11;46;1;22;42;;;4;;;;;;2017-03-to-2019-02;loto2017.csv
2018084;2018084;;2018-07-14;SAMEDI;modern-5-plus-chance;47;37;45;3;20;;;3;;;;;;2017-03-to-2019-02;loto2017.csv
2018085;2018085;;2018-07-16;LUNDI;modern-5-plus-chance;36;31;9;16;3;;;1;;;;;;2017-03-to-2019-02;loto2017.csv
2018086;2018086;;2018-07-18;MERCREDI;modern-5-plus-chance;18;26;27;43;35;;;7;;;;;;2017-03-to-2019-02;loto2017.csv
2018087;2018087;;2018-07-21;SAMEDI;modern-5-plus-chance;44;18;9;28;1;;;10;;;;;;2017-03-to-2019-02;loto2017.csv
2018088;2018088;;2018-07-23;LUNDI;modern-5-plus-chance;7;20;41;40;11;;;6;;;;;;2017-03-to-2019-02;loto2017.csv
2018089;2018089;;2018-07-25;MERCREDI;modern-5-plus-chance;35;27;22;20;30;;;3;;;;;;2017-03-to-2019-02;loto2017.csv
2018090;2018090;;2018-07-28;SAMEDI;modern-5-plus-chance;7;23;13;18;21;;;10;;;;;;2017-03-to-2019-02;loto2017.csv
2018091;2018091;;2018-07-30;LUNDI;modern-5-plus-chance;33;7;13;41;43;;;2;;;;;;2017-03-to-2019-02;loto2017.csv
2018092;2018092;;2018-08-01;MERCREDI;modern-5-plus-chance;47;15;45;35;17;;;4;;;;;;2017-03-to-2019-02;loto2017.csv
2018093;2018093;;2018-08-04;SAMEDI;modern-5-plus-chance;41;23;9;32;38;;;3;;;;;;2017-03-to-2019-02;loto2017.csv
2018094;2018094;;2018-08-06;LUNDI;modern-5-plus-chance;30;4;37;32;23;;;6;;;;;;2017-03-to-2019-02;loto2017.csv
2018095;2018095;;2018-08-08;MERCREDI;modern-5-plus-chance;5;19;29;15;24;;;8;;;;;;2017-03-to-2019-02;loto2017.csv
2018096;2018096;;2018-08-11;SAMEDI;modern-5-plus-chance;41;27;44;46;14;;;5;;;;;;2017-03-to-2019-02;loto2017.csv
2018097;2018097;;2018-08-13;LUNDI;modern-5-plus-chance;10;19;21;2;40;;;6;;;;;;2017-03-to-2019-02;loto2017.csv
2018098;2018098;;2018-08-15;MERCREDI;modern-5-plus-chance;40;21;47;27;6;;;8;;;;;;2017-03-to-2019-02;loto2017.csv
2018099;2018099;;2018-08-18;SAMEDI;modern-5-plus-chance;33;37;31;16;49;;;8;;;;;;2017-03-to-2019-02;loto2017.csv
2018100;2018100;;2018-08-20;LUNDI;modern-5-plus-chance;15;48;42;18;40;;;10;;;;;;2017-03-to-2019-02;loto2017.csv
2018101;2018101;;2018-08-22;MERCREDI;modern-5-plus-chance;16;42;12;6;40;;;3;;;;;;2017-03-to-2019-02;loto2017.csv
2018102;2018102;;2018-08-25;SAMEDI;modern-5-plus-chance;29;6;15;44;16;;;3;;;;;;2017-03-to-2019-02;loto2017.csv
2018103;2018103;;2018-08-27;LUNDI;modern-5-plus-chance;40;17;24;18;10;;;2;;;;;;2017-03-to-2019-02;loto2017.csv
2018104;2018104;;2018-08-29;MERCREDI;modern-5-plus-chance;17;45;19;40;31;;;1;;;;;;2017-03-to-2019-02;loto2017.csv
2018105;2018105;;2018-09-01;SAMEDI;modern-5-plus-chance;32;35;11;41;42;;;6;;;;;;2017-03-to-2019-02;loto2017.csv
2018106;2018106;;2018-09-03;LUNDI;modern-5-plus-chance;18;2;15;1;41;;;10;;;;;;2017-03-to-2019-02;loto2017.csv
2018107;2018107;;2018-09-05;MERCREDI;modern-5-plus-chance;7;39;34;6;15;;;1;;;;;;2017-03-to-2019-02;loto2017.csv
2018108;2018108;;2018-09-08;SAMEDI;modern-5-plus-chance;6;19;22;34;20;;;10;;;;;;2017-03-to-2019-02;loto2017.csv
2018109;2018109;;2018-09-10;LUNDI;modern-5-plus-chance;27;20;19;46;38;;;10;;;;;;2017-03-to-2019-02;loto2017.csv
2018110;2018110;;2018-09-12;MERCREDI;modern-5-plus-chance;11;33;24;35;4;;;9;;;;;;2017-03-to-2019-02;loto2017.csv
2018111;2018111;;2018-09-15;SAMEDI;modern-5-plus-chance;11;26;1;46;13;;;5;;;;;;2017-03-to-2019-02;loto2017.csv
2018112;2018112;;2018-09-17;LUNDI;modern-5-plus-chance;43;42;8;15;26;;;5;;;;;;2017-03-to-2019-02;loto2017.csv
2018113;2018113;;2018-09-19;MERCREDI;modern-5-plus-chance;15;42;4;27;25;;;5;;;;;;2017-03-to-2019-02;loto2017.csv
2018114;2018114;;2018-09-22;SAMEDI;modern-5-plus-chance;14;37;39;18;38;;;9;;;;;;2017-03-to-2019-02;loto2017.csv
2018115;2018115;;2018-09-24;LUNDI;modern-5-plus-chance;12;30;17;8;6;;;3;;;;;;2017-03-to-2019-02;loto2017.csv
2018116;2018116;;2018-09-26;MERCREDI;modern-5-plus-chance;40;18;15;36;10;;;3;;;;;;2017-03-to-2019-02;loto2017.csv
2018117;2018117;;2018-09-29;SAMEDI;modern-5-plus-chance;31;7;15;10;17;;;4;;;;;;2017-03-to-2019-02;loto2017.csv
2018118;2018118;;2018-10-01;LUNDI;modern-5-plus-chance;6;1;40;7;2;;;4;;;;;;2017-03-to-2019-02;loto2017.csv
2018119;2018119;;2018-10-03;MERCREDI;modern-5-plus-chance;31;24;11;20;32;;;8;;;;;;2017-03-to-2019-02;loto2017.csv
2018120;2018120;;2018-10-06;SAMEDI;modern-5-plus-chance;49;39;8;48;1;;;9;;;;;;2017-03-to-2019-02;loto2017.csv
2018121;2018121;;2018-10-08;LUNDI;modern-5-plus-chance;46;1;4;23;24;;;2;;;;;;2017-03-to-2019-02;loto2017.csv
2018122;2018122;;2018-10-10;MERCREDI;modern-5-plus-chance;5;24;38;29;4;;;3;;;;;;2017-03-to-2019-02;loto2017.csv
2018123;2018123;;2018-10-13;SAMEDI;modern-5-plus-chance;1;36;45;4;22;;;8;;;;;;2017-03-to-2019-02;loto2017.csv
2018124;2018124;;2018-10-15;LUNDI;modern-5-plus-chance;8;14;25;19;49;;;5;;;;;;2017-03-to-2019-02;loto2017.csv
2018125;2018125;;2018-10-17;MERCREDI;modern-5-plus-chance;33;13;7;2;41;;;1;;;;;;2017-03-to-2019-02;loto2017.csv
2018126;2018126;;2018-10-20;SAMEDI;modern-5-plus-chance;7;17;31;12;48;;;8;;;;;;2017-03-to-2019-02;loto2017.csv
2018127;2018127;;2018-10-22;LUNDI;modern-5-plus-chance;10;4;29;19;47;;;6;;;;;;2017-03-to-2019-02;loto2017.csv
2018128;2018128;;2018-10-24;MERCREDI;modern-5-plus-chance;28;45;34;36;9;;;6;;;;;;2017-03-to-2019-02;loto2017.csv
2018129;2018129;;2018-10-27;SAMEDI;modern-5-plus-chance;26;21;36;29;35;;;9;;;;;;2017-03-to-2019-02;loto2017.csv
2018130;2018130;;2018-10-29;LUNDI;modern-5-plus-chance;9;42;24;43;22;;;7;;;;;;2017-03-to-2019-02;loto2017.csv
2018131;2018131;;2018-10-31;MERCREDI;modern-5-plus-chance;34;14;2;28;38;;;4;;;;;;2017-03-to-2019-02;loto2017.csv
2018132;2018132;;2018-11-03;SAMEDI;modern-5-plus-chance;6;29;8;9;39;;;2;;;;;;2017-03-to-2019-02;loto2017.csv
2018133;2018133;;2018-11-05;LUNDI;modern-5-plus-chance;9;11;39;29;32;;;8;;;;;;2017-03-to-2019-02;loto2017.csv
2018134;2018134;;2018-11-07;MERCREDI;modern-5-plus-chance;33;27;3;20;6;;;8;;;;;;2017-03-to-2019-02;loto2017.csv
2018135;2018135;;2018-11-10;SAMEDI;modern-5-plus-chance;20;43;18;44;30;;;7;;;;;;2017-03-to-2019-02;loto2017.csv
2018136;2018136;;2018-11-12;LUNDI;modern-5-plus-chance;13;14;37;21;15;;;7;;;;;;2017-03-to-2019-02;loto2017.csv
2018137;2018137;;2018-11-14;MERCREDI;modern-5-plus-chance;36;41;15;49;48;;;5;;;;;;2017-03-to-2019-02;loto2017.csv
2018138;2018138;;2018-11-17;SAMEDI;modern-5-plus-chance;42;20;27;22;12;;;7;;;;;;2017-03-to-2019-02;loto2017.csv
2018139;2018139;;2018-11-19;LUNDI;modern-5-plus-chance;33;46;21;20;28;;;7;;;;;;2017-03-to-2019-02;loto2017.csv
2018140;2018140;;2018-11-21;MERCREDI;modern-5-plus-chance;22;45;20;21;23;;;10;;;;;;2017-03-to-2019-02;loto2017.csv
2018141;2018141;;2018-11-24;SAMEDI;modern-5-plus-chance;15;11;5;22;10;;;5;;;;;;2017-03-to-2019-02;loto2017.csv
2018142;2018142;;2018-11-26;LUNDI;modern-5-plus-chance;36;30;34;14;21;;;2;;;;;;2017-03-to-2019-02;loto2017.csv
2018143;2018143;;2018-11-28;MERCREDI;modern-5-plus-chance;3;38;30;10;15;;;6;;;;;;2017-03-to-2019-02;loto2017.csv
2018144;2018144;;2018-12-01;SAMEDI;modern-5-plus-chance;15;6;3;23;39;;;2;;;;;;2017-03-to-2019-02;loto2017.csv
2018145;2018145;;2018-12-03;LUNDI;modern-5-plus-chance;1;15;9;19;39;;;5;;;;;;2017-03-to-2019-02;loto2017.csv
2018146;2018146;;2018-12-05;MERCREDI;modern-5-plus-chance;6;19;41;17;18;;;9;;;;;;2017-03-to-2019-02;loto2017.csv
2018147;2018147;;2018-12-08;SAMEDI;modern-5-plus-chance;25;38;11;29;14;;;8;;;;;;2017-03-to-2019-02;loto2017.csv
2018148;2018148;;2018-12-10;LUNDI;modern-5-plus-chance;8;34;16;13;37;;;10;;;;;;2017-03-to-2019-02;loto2017.csv
2018149;2018149;;2018-12-12;MERCREDI;modern-5-plus-chance;39;21;45;12;44;;;5;;;;;;2017-03-to-2019-02;loto2017.csv
2018150;2018150;;2018-12-15;SAMEDI;modern-5-plus-chance;38;1;3;32;30;;;6;;;;;;2017-03-to-2019-02;loto2017.csv
2018151;2018151;;2018-12-17;LUNDI;modern-5-plus-chance;2;9;25;35;30;;;9;;;;;;2017-03-to-2019-02;loto2017.csv
2018152;2018152;;2018-12-19;MERCREDI;modern-5-plus-chance;21;3;25;10;11;;;3;;;;;;2017-03-to-2019-02;loto2017.csv
2018153;2018153;;2018-12-22;SAMEDI;modern-5-plus-chance;44;46;31;11;22;;;5;;;;;;2017-03-to-2019-02;loto2017.csv
2018154;2018154;;2018-12-24;LUNDI;modern-5-plus-chance;10;22;34;43;46;;;2;;;;;;2017-03-to-2019-02;loto2017.csv
2018155;2018155;;2018-12-26;MERCREDI;modern-5-plus-chance;45;9;5;24;11;;;10;;;;;;2017-03-to-2019-02;loto2017.csv
2018156;2018156;;2018-12-29;SAMEDI;modern-5-plus-chance;26;30;42;38;12;;;5;;;;;;2017-03-to-2019-02;loto2017.csv
2018157;2018157;;2018-12-31;LUNDI;modern-5-plus-chance;43;24;34;27;14;;;10;;;;;;2017-03-to-2019-02;loto2017.csv
2019001;2019001;;2019-01-02;MERCREDI;modern-5-plus-chance;36;12;29;2;26;;;7;;;;;;2017-03-to-2019-02;loto2017.csv
2019002;2019002;;2019-01-05;SAMEDI;modern-5-plus-chance;48;18;40;7;6;;;7;;;;;;2017-03-to-2019-02;loto2017.csv
2019003;2019003;;2019-01-07;LUNDI;modern-5-plus-chance;1;19;12;31;7;;;10;;;;;;2017-03-to-2019-02;loto2017.csv
2019004;2019004;;2019-01-09;MERCREDI;modern-5-plus-chance;6;19;46;21;15;;;10;;;;;;2017-03-to-2019-02;loto2017.csv
2019005;2019005;;2019-01-12;SAMEDI;modern-5-plus-chance;19;24;11;34;25;;;8;;;;;;2017-03-to-2019-02;loto2017.csv
2019006;2019006;;2019-01-14;LUNDI;modern-5-plus-chance;35;33;44;1;11;;;10;;;;;;2017-03-to-2019-02;loto2017.csv
2019007;2019007;;2019-01-16;MERCREDI;modern-5-plus-chance;15;11;10;1;31;;;3;;;;;;2017-03-to-2019-02;loto2017.csv
2019008;2019008;;2019-01-19;SAMEDI;modern-5-plus-chance;37;10;39;16;34;;;7;;;;;;2017-03-to-2019-02;loto2017.csv
2019009;2019009;;2019-01-21;LUNDI;modern-5-plus-chance;17;26;30;47;20;;;6;;;;;;2017-03-to-2019-02;loto2017.csv
2019010;2019010;;2019-01-23;MERCREDI;modern-5-plus-chance;25;17;41;24;38;;;10;;;;;;2017-03-to-2019-02;loto2017.csv
2019011;2019011;;2019-01-26;SAMEDI;modern-5-plus-chance;30;14;12;16;42;;;2;;;;;;2017-03-to-2019-02;loto2017.csv
2019012;2019012;;2019-01-28;LUNDI;modern-5-plus-chance;37;15;30;6;47;;;6;;;;;;2017-03-to-2019-02;loto2017.csv
2019013;2019013;;2019-01-30;MERCREDI;modern-5-plus-chance;20;47;15;11;30;;;9;;;;;;2017-03-to-2019-02;loto2017.csv
2019014;2019014;;2019-02-02;SAMEDI;modern-5-plus-chance;32;27;5;7;35;;;3;;;;;;2017-03-to-2019-02;loto2017.csv
2019015;2019015;;2019-02-04;LUNDI;modern-5-plus-chance;40;12;37;24;42;;;1;;;;;;2017-03-to-2019-02;loto2017.csv
2019016;2019016;;2019-02-06;MERCREDI;modern-5-plus-chance;4;15;21;26;22;;;10;;;;;;2017-03-to-2019-02;loto2017.csv
2019017;2019017;;2019-02-09;SAMEDI;modern-5-plus-chance;47;40;45;42;3;;;9;;;;;;2017-03-to-2019-02;loto2017.csv
2019018;2019018;;2019-02-11;LUNDI;modern-5-plus-chance;43;15;13;48;25;;;5;;;;;;2017-03-to-2019-02;loto2017.csv
2019019;2019019;;2019-02-13;MERCREDI;modern-5-plus-chance;43;41;29;14;7;;;3;;;;;;2017-03-to-2019-02;loto2017.csv
2019020;2019020;;2019-02-16;SAMEDI;modern-5-plus-chance;8;7;25;11;46;;;7;;;;;;2017-03-to-2019-02;loto2017.csv
2019021;2019021;;2019-02-18;LUNDI;modern-5-plus-chance;18;9;11;33;7;;;9;;;;;;2017-03-to-2019-02;loto2017.csv
2019022;2019022;;2019-02-20;MERCREDI;modern-5-plus-chance;25;29;8;34;15;;;1;;;;;;2017-03-to-2019-02;loto2017.csv
2019023;2019023;;2019-02-23;SAMEDI;modern-5-plus-chance;3;45;13;4;44;;;5;;;;;;2017-03-to-2019-02;loto2017.csv
2019024;2019024;;2019-02-25;LUNDI;modern-5-plus-chance;7;44;37;48;38;;;7;;;;;;2017-03-to-2019-02;loto2017.csv
2019025;2019025;;2019-02-27;MERCREDI;modern-5-plus-chance;14;1;34;19;4;;;2;;;;;;2019-02-to-2019-11;loto_201902.csv
2019026;2019026;;2019-03-02;SAMEDI;modern-5-plus-chance;46;42;38;25;16;;;9;;;;;;2019-02-to-2019-11;loto_201902.csv
2019027;2019027;;2019-03-04;LUNDI;modern-5-plus-chance;4;15;11;36;33;;;2;;;;;;2019-02-to-2019-11;loto_201902.csv
2019028;2019028;;2019-03-06;MERCREDI;modern-5-plus-chance;14;23;15;44;46;;;5;;;;;;2019-02-to-2019-11;loto_201902.csv
2019029;2019029;;2019-03-09;SAMEDI;modern-5-plus-chance;32;47;43;35;15;;;10;;;;;;2019-02-to-2019-11;loto_201902.csv
2019030;2019030;;2019-03-11;LUNDI;modern-5-plus-chance;25;24;16;6;5;;;1;;;;;;2019-02-to-2019-11;loto_201902.csv
2019031;2019031;;2019-03-13;MERCREDI;modern-5-plus-chance;29;5;20;8;32;;;3;;;;;;2019-02-to-2019-11;loto_201902.csv
2019032;2019032;;2019-03-16;SAMEDI;modern-5-plus-chance;33;19;1;31;22;;;1;;;;;;2019-02-to-2019-11;loto_201902.csv
2019033;2019033;;2019-03-18;LUNDI;modern-5-plus-chance;38;23;45;24;44;;;6;;;;;;2019-02-to-2019-11;loto_201902.csv
2019034;2019034;;2019-03-20;MERCREDI;modern-5-plus-chance;13;3;21;2;40;;;8;;;;;;2019-02-to-2019-11;loto_201902.csv
2019035;2019035;;2019-03-23;SAMEDI;modern-5-plus-chance;12;1;40;28;26;;;6;;;;;;2019-02-to-2019-11;loto_201902.csv
2019036;2019036;;2019-03-25;LUNDI;modern-5-plus-chance;46;47;23;22;24;;;2;;;;;;2019-02-to-2019-11;loto_201902.csv
2019037;2019037;;2019-03-27;MERCREDI;modern-5-plus-chance;49;45;25;10;19;;;1;;;;;;2019-02-to-2019-11;loto_201902.csv
2019038;2019038;;2019-03-30;SAMEDI;modern-5-plus-chance;15;44;41;3;2;;;3;;;;;;2019-02-to-2019-11;loto_201902.csv
2019039;2019039;;2019-04-01;LUNDI;modern-5-plus-chance;32;14;35;46;11;;;10;;;;;;2019-02-to-2019-11;loto_201902.csv
2019040;2019040;;2019-04-03;MERCREDI;modern-5-plus-chance;16;38;18;45;10;;;3;;;;;;2019-02-to-2019-11;loto_201902.csv
2019041;2019041;;2019-04-06;SAMEDI;modern-5-plus-chance;19;26;13;27;24;;;7;;;;;;2019-02-to-2019-11;loto_201902.csv
2019042;2019042;;2019-04-08;LUNDI;modern-5-plus-chance;24;9;26;15;13;;;9;;;;;;2019-02-to-2019-11;loto_201902.csv
2019043;2019043;;2019-04-10;MERCREDI;modern-5-plus-chance;22;23;14;42;16;;;5;;;;;;2019-02-to-2019-11;loto_201902.csv
2019044;2019044;;2019-04-13;SAMEDI;modern-5-plus-chance;17;9;1;24;46;;;8;;;;;;2019-02-to-2019-11;loto_201902.csv
2019045;2019045;;2019-04-15;LUNDI;modern-5-plus-chance;32;44;40;17;38;;;6;;;;;;2019-02-to-2019-11;loto_201902.csv
2019046;2019046;;2019-04-17;MERCREDI;modern-5-plus-chance;29;17;34;48;8;;;3;;;;;;2019-02-to-2019-11;loto_201902.csv
2019047;2019047;;2019-04-20;SAMEDI;modern-5-plus-chance;4;30;15;49;45;;;3;;;;;;2019-02-to-2019-11;loto_201902.csv
2019048;2019048;;2019-04-22;LUNDI;modern-5-plus-chance;39;7;21;29;5;;;7;;;;;;2019-02-to-2019-11;loto_201902.csv
2019049;2019049;;2019-04-24;MERCREDI;modern-5-plus-chance;3;11;35;13;15;;;3;;;;;;2019-02-to-2019-11;loto_201902.csv
2019050;2019050;;2019-04-27;SAMEDI;modern-5-plus-chance;27;17;26;25;33;;;2;;;;;;2019-02-to-2019-11;loto_201902.csv
2019051;2019051;;2019-04-29;LUNDI;modern-5-plus-chance;33;43;39;6;29;;;2;;;;;;2019-02-to-2019-11;loto_201902.csv
2019052;2019052;;2019-05-01;MERCREDI;modern-5-plus-chance;26;48;25;16;34;;;8;;;;;;2019-02-to-2019-11;loto_201902.csv
2019053;2019053;;2019-05-04;SAMEDI;modern-5-plus-chance;38;18;3;24;29;;;9;;;;;;2019-02-to-2019-11;loto_201902.csv
2019054;2019054;;2019-05-06;LUNDI;modern-5-plus-chance;23;38;5;24;35;;;3;;;;;;2019-02-to-2019-11;loto_201902.csv
2019055;2019055;;2019-05-08;MERCREDI;modern-5-plus-chance;2;16;4;20;35;;;5;;;;;;2019-02-to-2019-11;loto_201902.csv
2019056;2019056;;2019-05-11;SAMEDI;modern-5-plus-chance;24;44;34;19;45;;;2;;;;;;2019-02-to-2019-11;loto_201902.csv
2019057;2019057;;2019-05-13;LUNDI;modern-5-plus-chance;15;24;37;40;41;;;4;;;;;;2019-02-to-2019-11;loto_201902.csv
2019058;2019058;;2019-05-15;MERCREDI;modern-5-plus-chance;38;44;46;27;42;;;1;;;;;;2019-02-to-2019-11;loto_201902.csv
2019059;2019059;;2019-05-18;SAMEDI;modern-5-plus-chance;19;4;10;42;46;;;5;;;;;;2019-02-to-2019-11;loto_201902.csv
2019060;2019060;;2019-05-20;LUNDI;modern-5-plus-chance;32;14;43;29;41;;;1;;;;;;2019-02-to-2019-11;loto_201902.csv
2019061;2019061;;2019-05-22;MERCREDI;modern-5-plus-chance;1;48;27;49;37;;;1;;;;;;2019-02-to-2019-11;loto_201902.csv
2019062;2019062;;2019-05-25;SAMEDI;modern-5-plus-chance;42;47;2;13;43;;;10;;;;;;2019-02-to-2019-11;loto_201902.csv
2019063;2019063;;2019-05-27;LUNDI;modern-5-plus-chance;33;13;28;18;42;;;9;;;;;;2019-02-to-2019-11;loto_201902.csv
2019064;2019064;;2019-05-29;MERCREDI;modern-5-plus-chance;36;48;14;13;6;;;2;;;;;;2019-02-to-2019-11;loto_201902.csv
2019065;2019065;;2019-06-01;SAMEDI;modern-5-plus-chance;35;26;13;45;20;;;3;;;;;;2019-02-to-2019-11;loto_201902.csv
2019066;2019066;;2019-06-03;LUNDI;modern-5-plus-chance;42;12;9;41;33;;;1;;;;;;2019-02-to-2019-11;loto_201902.csv
2019067;2019067;;2019-06-05;MERCREDI;modern-5-plus-chance;28;47;26;38;17;;;7;;;;;;2019-02-to-2019-11;loto_201902.csv
2019068;2019068;;2019-06-08;SAMEDI;modern-5-plus-chance;14;41;9;10;45;;;1;;;;;;2019-02-to-2019-11;loto_201902.csv
2019069;2019069;;2019-06-10;LUNDI;modern-5-plus-chance;9;24;18;49;39;;;8;;;;;;2019-02-to-2019-11;loto_201902.csv
2019070;2019070;;2019-06-12;MERCREDI;modern-5-plus-chance;25;31;45;38;3;;;9;;;;;;2019-02-to-2019-11;loto_201902.csv
2019071;2019071;;2019-06-15;SAMEDI;modern-5-plus-chance;2;13;20;30;37;;;6;;;;;;2019-02-to-2019-11;loto_201902.csv
2019072;2019072;;2019-06-17;LUNDI;modern-5-plus-chance;20;49;31;12;13;;;2;;;;;;2019-02-to-2019-11;loto_201902.csv
2019073;2019073;;2019-06-19;MERCREDI;modern-5-plus-chance;45;46;4;36;18;;;5;;;;;;2019-02-to-2019-11;loto_201902.csv
2019074;2019074;;2019-06-22;SAMEDI;modern-5-plus-chance;13;20;10;25;27;;;2;;;;;;2019-02-to-2019-11;loto_201902.csv
2019075;2019075;;2019-06-24;LUNDI;modern-5-plus-chance;33;16;1;32;45;;;6;;;;;;2019-02-to-2019-11;loto_201902.csv
2019076;2019076;;2019-06-26;MERCREDI;modern-5-plus-chance;4;47;43;30;7;;;10;;;;;;2019-02-to-2019-11;loto_201902.csv
2019077;2019077;;2019-06-29;SAMEDI;modern-5-plus-chance;46;42;1;4;3;;;3;;;;;;2019-02-to-2019-11;loto_201902.csv
2019078;2019078;;2019-07-01;LUNDI;modern-5-plus-chance;38;23;41;3;17;;;3;;;;;;2019-02-to-2019-11;loto_201902.csv
2019079;2019079;;2019-07-03;MERCREDI;modern-5-plus-chance;39;38;8;31;45;;;8;;;;;;2019-02-to-2019-11;loto_201902.csv
2019080;2019080;;2019-07-06;SAMEDI;modern-5-plus-chance;13;6;2;27;12;;;10;;;;;;2019-02-to-2019-11;loto_201902.csv
2019081;2019081;;2019-07-08;LUNDI;modern-5-plus-chance;26;11;38;20;33;;;10;;;;;;2019-02-to-2019-11;loto_201902.csv
2019082;2019082;;2019-07-10;MERCREDI;modern-5-plus-chance;7;21;29;35;47;;;6;;;;;;2019-02-to-2019-11;loto_201902.csv
2019083;2019083;;2019-07-13;SAMEDI;modern-5-plus-chance;27;18;49;37;48;;;10;;;;;;2019-02-to-2019-11;loto_201902.csv
2019084;2019084;;2019-07-15;LUNDI;modern-5-plus-chance;10;1;19;13;3;;;4;;;;;;2019-02-to-2019-11;loto_201902.csv
2019085;2019085;;2019-07-17;MERCREDI;modern-5-plus-chance;26;4;27;47;28;;;8;;;;;;2019-02-to-2019-11;loto_201902.csv
2019086;2019086;;2019-07-20;SAMEDI;modern-5-plus-chance;21;17;29;35;18;;;6;;;;;;2019-02-to-2019-11;loto_201902.csv
2019087;2019087;;2019-07-22;LUNDI;modern-5-plus-chance;28;37;44;11;7;;;3;;;;;;2019-02-to-2019-11;loto_201902.csv
2019088;2019088;;2019-07-24;MERCREDI;modern-5-plus-chance;39;25;10;32;40;;;10;;;;;;2019-02-to-2019-11;loto_201902.csv
2019089;2019089;;2019-07-27;SAMEDI;modern-5-plus-chance;25;28;39;47;31;;;8;;;;;;2019-02-to-2019-11;loto_201902.csv
2019090;2019090;;2019-07-29;LUNDI;modern-5-plus-chance;6;29;3;47;21;;;3;;;;;;2019-02-to-2019-11;loto_201902.csv
2019091;2019091;;2019-07-31;MERCREDI;modern-5-plus-chance;32;18;8;36;30;;;5;;;;;;2019-02-to-2019-11;loto_201902.csv
2019092;2019092;;2019-08-03;SAMEDI;modern-5-plus-chance;10;4;5;23;7;;;4;;;;;;2019-02-to-2019-11;loto_201902.csv
2019093;2019093;;2019-08-05;LUNDI;modern-5-plus-chance;5;45;22;26;33;;;9;;;;;;2019-02-to-2019-11;loto_201902.csv
2019094;2019094;;2019-08-07;MERCREDI;modern-5-plus-chance;26;28;36;29;5;;;4;;;;;;2019-02-to-2019-11;loto_201902.csv
2019095;2019095;;2019-08-10;SAMEDI;modern-5-plus-chance;37;4;12;9;18;;;3;;;;;;2019-02-to-2019-11;loto_201902.csv
2019096;2019096;;2019-08-12;LUNDI;modern-5-plus-chance;31;30;9;20;34;;;10;;;;;;2019-02-to-2019-11;loto_201902.csv
2019097;2019097;;2019-08-14;MERCREDI;modern-5-plus-chance;45;17;27;48;34;;;2;;;;;;2019-02-to-2019-11;loto_201902.csv
2019098;2019098;;2019-08-17;SAMEDI;modern-5-plus-chance;1;21;28;8;37;;;2;;;;;;2019-02-to-2019-11;loto_201902.csv
2019099;2019099;;2019-08-19;LUNDI;modern-5-plus-chance;14;31;7;28;2;;;3;;;;;;2019-02-to-2019-11;loto_201902.csv
2019100;2019100;;2019-08-21;MERCREDI;modern-5-plus-chance;17;3;38;1;25;;;8;;;;;;2019-02-to-2019-11;loto_201902.csv
2019101;2019101;;2019-08-24;SAMEDI;modern-5-plus-chance;23;31;15;38;17;;;4;;;;;;2019-02-to-2019-11;loto_201902.csv
2019102;2019102;;2019-08-26;LUNDI;modern-5-plus-chance;4;21;46;27;47;;;6;;;;;;2019-02-to-2019-11;loto_201902.csv
2019103;2019103;;2019-08-28;MERCREDI;modern-5-plus-chance;14;25;47;7;42;;;5;;;;;;2019-02-to-2019-11;loto_201902.csv
2019104;2019104;;2019-08-31;SAMEDI;modern-5-plus-chance;47;21;25;19;38;;;4;;;;;;2019-02-to-2019-11;loto_201902.csv
2019105;2019105;;2019-09-02;LUNDI;modern-5-plus-chance;6;2;44;33;21;;;4;;;;;;2019-02-to-2019-11;loto_201902.csv
2019106;2019106;;2019-09-04;MERCREDI;modern-5-plus-chance;25;2;4;7;35;;;3;;;;;;2019-02-to-2019-11;loto_201902.csv
2019107;2019107;;2019-09-07;SAMEDI;modern-5-plus-chance;16;12;27;30;2;;;2;;;;;;2019-02-to-2019-11;loto_201902.csv
2019108;2019108;;2019-09-09;LUNDI;modern-5-plus-chance;42;2;44;28;5;;;8;;;;;;2019-02-to-2019-11;loto_201902.csv
2019109;2019109;;2019-09-11;MERCREDI;modern-5-plus-chance;35;19;6;27;14;;;10;;;;;;2019-02-to-2019-11;loto_201902.csv
2019110;2019110;;2019-09-14;SAMEDI;modern-5-plus-chance;28;23;18;26;19;;;9;;;;;;2019-02-to-2019-11;loto_201902.csv
2019111;2019111;;2019-09-16;LUNDI;modern-5-plus-chance;42;35;31;32;13;;;5;;;;;;2019-02-to-2019-11;loto_201902.csv
2019112;2019112;;2019-09-18;MERCREDI;modern-5-plus-chance;16;6;36;5;3;;;10;;;;;;2019-02-to-2019-11;loto_201902.csv
2019113;2019113;;2019-09-21;SAMEDI;modern-5-plus-chance;15;42;41;44;8;;;10;;;;;;2019-02-to-2019-11;loto_201902.csv
2019114;2019114;;2019-09-23;LUNDI;modern-5-plus-chance;36;20;42;34;29;;;4;;;;;;2019-02-to-2019-11;loto_201902.csv
2019115;2019115;;2019-09-25;MERCREDI;modern-5-plus-chance;7;1;26;22;15;;;3;;;;;;2019-02-to-2019-11;loto_201902.csv
2019116;2019116;;2019-09-28;SAMEDI;modern-5-plus-chance;18;15;12;19;40;;;5;;;;;;2019-02-to-2019-11;loto_201902.csv
2019117;2019117;;2019-09-30;LUNDI;modern-5-plus-chance;43;2;33;23;47;;;2;;;;;;2019-02-to-2019-11;loto_201902.csv
2019118;2019118;;2019-10-02;MERCREDI;modern-5-plus-chance;33;37;32;35;49;;;3;;;;;;2019-02-to-2019-11;loto_201902.csv
2019119;2019119;;2019-10-05;SAMEDI;modern-5-plus-chance;30;2;38;16;31;;;5;;;;;;2019-02-to-2019-11;loto_201902.csv
2019120;2019120;;2019-10-07;LUNDI;modern-5-plus-chance;19;4;2;35;11;;;5;;;;;;2019-02-to-2019-11;loto_201902.csv
2019121;2019121;;2019-10-09;MERCREDI;modern-5-plus-chance;14;39;17;44;36;;;5;;;;;;2019-02-to-2019-11;loto_201902.csv
2019122;2019122;;2019-10-12;SAMEDI;modern-5-plus-chance;27;16;12;37;10;;;9;;;;;;2019-02-to-2019-11;loto_201902.csv
2019123;2019123;;2019-10-14;LUNDI;modern-5-plus-chance;16;48;18;24;6;;;9;;;;;;2019-02-to-2019-11;loto_201902.csv
2019124;2019124;;2019-10-16;MERCREDI;modern-5-plus-chance;19;30;5;18;35;;;2;;;;;;2019-02-to-2019-11;loto_201902.csv
2019125;2019125;;2019-10-19;SAMEDI;modern-5-plus-chance;36;23;24;31;32;;;8;;;;;;2019-02-to-2019-11;loto_201902.csv
2019126;2019126;;2019-10-21;LUNDI;modern-5-plus-chance;13;42;40;48;3;;;4;;;;;;2019-02-to-2019-11;loto_201902.csv
2019127;2019127;;2019-10-23;MERCREDI;modern-5-plus-chance;49;44;31;33;40;;;1;;;;;;2019-02-to-2019-11;loto_201902.csv
2019128;2019128;;2019-10-26;SAMEDI;modern-5-plus-chance;11;30;44;13;20;;;9;;;;;;2019-02-to-2019-11;loto_201902.csv
2019129;2019129;;2019-10-28;LUNDI;modern-5-plus-chance;46;17;36;35;18;;;4;;;;;;2019-02-to-2019-11;loto_201902.csv
2019130;2019130;;2019-10-30;MERCREDI;modern-5-plus-chance;46;13;48;2;22;;;1;;;;;;2019-02-to-2019-11;loto_201902.csv
2019131;2019131;;2019-11-02;SAMEDI;modern-5-plus-chance;41;1;18;16;13;;;3;;;;;;2019-02-to-2019-11;loto_201902.csv
20199133;20199133;;2019-11-06;MERCREDI;modern-5-plus-chance;43;27;23;44;42;;;10;28;35;41;44;48;2019-present;loto_201911.csv
20199134;20199134;;2019-11-09;SAMEDI;modern-5-plus-chance;26;24;6;18;29;;;3;4;9;13;28;49;2019-present;loto_201911.csv
20199135;20199135;;2019-11-11;LUNDI;modern-5-plus-chance;28;14;27;13;25;;;5;16;18;32;44;45;2019-present;loto_201911.csv
20199136;20199136;;2019-11-13;MERCREDI;modern-5-plus-chance;22;13;10;35;19;;;1;2;25;42;44;49;2019-present;loto_201911.csv
20199137;20199137;;2019-11-16;SAMEDI;modern-5-plus-chance;10;49;30;12;29;;;9;13;15;30;39;41;2019-present;loto_201911.csv
20199138;20199138;;2019-11-18;LUNDI;modern-5-plus-chance;31;44;6;15;12;;;7;20;22;36;37;40;2019-present;loto_201911.csv
20199139;20199139;;2019-11-20;MERCREDI;modern-5-plus-chance;22;23;7;30;37;;;3;3;13;31;40;42;2019-present;loto_201911.csv
20199140;20199140;;2019-11-23;SAMEDI;modern-5-plus-chance;4;27;28;9;22;;;4;10;33;35;40;43;2019-present;loto_201911.csv
20199141;20199141;;2019-11-25;LUNDI;modern-5-plus-chance;44;41;35;33;38;;;8;4;14;41;45;47;2019-present;loto_201911.csv
20199142;20199142;;2019-11-27;MERCREDI;modern-5-plus-chance;44;2;15;29;18;;;4;5;11;25;27;32;2019-present;loto_201911.csv
20199143;20199143;;2019-11-30;SAMEDI;modern-5-plus-chance;7;25;17;48;16;;;3;4;24;25;39;40;2019-present;loto_201911.csv
20199144;20199144;;2019-12-02;LUNDI;modern-5-plus-chance;39;28;14;11;42;;;9;5;12;14;40;45;2019-present;loto_201911.csv
20199145;20199145;;2019-12-04;MERCREDI;modern-5-plus-chance;8;30;26;35;40;;;2;24;29;30;36;44;2019-present;loto_201911.csv
20199146;20199146;;2019-12-07;SAMEDI;modern-5-plus-chance;40;29;44;38;10;;;8;2;5;8;24;48;2019-present;loto_201911.csv
20199147;20199147;;2019-12-09;LUNDI;modern-5-plus-chance;1;34;15;24;25;;;8;3;5;16;42;44;2019-present;loto_201911.csv
20199148;20199148;;2019-12-11;MERCREDI;modern-5-plus-chance;25;33;48;1;40;;;8;9;15;40;48;49;2019-present;loto_201911.csv
20199149;20199149;;2019-12-14;SAMEDI;modern-5-plus-chance;3;48;17;4;38;;;9;6;8;12;36;44;2019-present;loto_201911.csv
20199150;20199150;;2019-12-16;LUNDI;modern-5-plus-chance;38;26;39;35;10;;;6;1;6;31;40;49;2019-present;loto_201911.csv
20199151;20199151;;2019-12-18;MERCREDI;modern-5-plus-chance;23;6;17;5;7;;;9;6;23;28;36;44;2019-present;loto_201911.csv
20199152;20199152;;2019-12-21;SAMEDI;modern-5-plus-chance;48;23;27;19;22;;;2;1;12;14;22;49;2019-present;loto_201911.csv
20199153;20199153;;2019-12-23;LUNDI;modern-5-plus-chance;37;36;32;20;7;;;2;4;5;35;40;48;2019-present;loto_201911.csv
20199154;20199154;;2019-12-25;MERCREDI;modern-5-plus-chance;36;40;45;24;15;;;9;12;23;27;32;44;2019-present;loto_201911.csv
20199155;20199155;;2019-12-28;SAMEDI;modern-5-plus-chance;24;48;49;18;8;;;8;10;18;42;44;45;2019-present;loto_201911.csv
20199156;20199156;;2019-12-30;LUNDI;modern-5-plus-chance;12;38;34;32;48;;;6;17;22;27;42;44;2019-present;loto_201911.csv
20200001;20200001;;2020-01-01;MERCREDI;modern-5-plus-chance;11;7;32;24;4;;;10;5;21;29;40;44;2019-present;loto_201911.csv
20200002;20200002;;2020-01-04;SAMEDI;modern-5-plus-chance;22;9;43;31;34;;;5;13;25;26;39;40;2019-present;loto_201911.csv
20200003;20200003;;2020-01-06;LUNDI;modern-5-plus-chance;49;10;19;26;30;;;3;5;15;17;42;44;2019-present;loto_201911.csv
20200004;20200004;;2020-01-08;MERCREDI;modern-5-plus-chance;17;44;29;16;37;;;8;6;15;18;24;29;2019-present;loto_201911.csv
20200005;20200005;;2020-01-11;SAMEDI;modern-5-plus-chance;48;14;2;23;13;;;3;3;13;14;22;33;2019-present;loto_201911.csv
20200006;20200006;;2020-01-13;LUNDI;modern-5-plus-chance;16;11;25;32;14;;;9;3;8;15;35;44;2019-present;loto_201911.csv
20200007;20200007;;2020-01-15;MERCREDI;modern-5-plus-chance;35;19;8;22;46;;;2;3;6;20;36;41;2019-present;loto_201911.csv
20200008;20200008;;2020-01-18;SAMEDI;modern-5-plus-chance;12;1;33;13;2;;;9;2;4;5;28;49;2019-present;loto_201911.csv
20200009;20200009;;2020-01-20;LUNDI;modern-5-plus-chance;13;38;31;30;26;;;1;4;6;29;31;45;2019-present;loto_201911.csv
20200010;20200010;;2020-01-22;MERCREDI;modern-5-plus-chance;25;28;42;26;12;;;10;9;12;35;36;43;2019-present;loto_201911.csv
20200011;20200011;;2020-01-25;SAMEDI;modern-5-plus-chance;36;17;30;7;11;;;5;7;8;15;40;44;2019-present;loto_201911.csv
20200012;20200012;;2020-01-27;LUNDI;modern-5-plus-chance;27;12;10;7;41;;;1;15;22;32;37;45;2019-present;loto_201911.csv
20200013;20200013;;2020-01-29;MERCREDI;modern-5-plus-chance;31;30;6;14;45;;;8;9;12;18;25;37;2019-present;loto_201911.csv
20200014;20200014;;2020-02-01;SAMEDI;modern-5-plus-chance;36;25;22;21;16;;;9;13;36;40;46;48;2019-present;loto_201911.csv
20200015;20200015;;2020-02-03;LUNDI;modern-5-plus-chance;49;20;7;31;33;;;4;6;7;9;33;47;2019-present;loto_201911.csv
20200016;20200016;;2020-02-05;MERCREDI;modern-5-plus-chance;30;21;6;11;29;;;4;18;22;28;43;46;2019-present;loto_201911.csv
20200017;20200017;;2020-02-08;SAMEDI;modern-5-plus-chance;47;31;12;45;7;;;10;7;22;29;37;46;2019-present;loto_201911.csv
20200018;20200018;;2020-02-10;LUNDI;modern-5-plus-chance;15;49;37;25;38;;;8;6;10;11;28;36;2019-present;loto_201911.csv
20200019;20200019;;2020-02-12;MERCREDI;modern-5-plus-chance;47;38;17;30;43;;;5;27;29;31;44;47;2019-present;loto_201911.csv
20200020;20200020;;2020-02-15;SAMEDI;modern-5-plus-chance;48;4;25;5;45;;;7;1;4;32;43;45;2019-present;loto_201911.csv
20200021;20200021;;2020-02-17;LUNDI;modern-5-plus-chance;44;39;7;41;19;;;1;2;4;17;27;44;2019-present;loto_201911.csv
20200022;20200022;;2020-02-19;MERCREDI;modern-5-plus-chance;40;16;21;41;46;;;2;19;25;30;38;40;2019-present;loto_201911.csv
20200023;20200023;;2020-02-22;SAMEDI;modern-5-plus-chance;4;39;26;5;24;;;4;12;24;33;37;42;2019-present;loto_201911.csv
20200024;20200024;;2020-02-24;LUNDI;modern-5-plus-chance;20;15;27;9;47;;;7;3;11;28;31;44;2019-present;loto_201911.csv
20200025;20200025;;2020-02-26;MERCREDI;modern-5-plus-chance;20;6;30;32;45;;;4;15;36;38;42;46;2019-present;loto_201911.csv
20200026;20200026;;2020-02-29;SAMEDI;modern-5-plus-chance;37;24;19;10;5;;;6;10;12;26;36;41;2019-present;loto_201911.csv
20200027;20200027;;2020-03-02;LUNDI;modern-5-plus-chance;42;26;21;39;40;;;5;1;21;33;38;49;2019-present;loto_201911.csv
20200028;20200028;;2020-03-04;MERCREDI;modern-5-plus-chance;10;17;33;30;49;;;4;1;4;6;17;29;2019-present;loto_201911.csv
20200029;20200029;;2020-03-07;SAMEDI;modern-5-plus-chance;5;35;37;4;24;;;2;11;14;29;30;39;2019-present;loto_201911.csv
20200030;20200030;;2020-03-09;LUNDI;modern-5-plus-chance;26;41;5;33;42;;;7;5;19;39;44;48;2019-present;loto_201911.csv
20200031;20200031;;2020-03-11;MERCREDI;modern-5-plus-chance;38;45;5;14;46;;;1;3;10;23;39;47;2019-present;loto_201911.csv
20200032;20200032;;2020-03-14;SAMEDI;modern-5-plus-chance;28;41;38;31;43;;;10;1;28;32;34;36;2019-present;loto_201911.csv
20200033;20200033;;2020-03-16;LUNDI;modern-5-plus-chance;44;16;4;40;23;;;3;6;12;28;45;48;2019-present;loto_201911.csv
20200034;20200034;;2020-03-18;MERCREDI;modern-5-plus-chance;48;10;46;28;29;;;9;4;14;25;34;40;2019-present;loto_201911.csv
20200035;20200035;;2020-03-21;SAMEDI;modern-5-plus-chance;16;37;8;7;42;;;8;3;5;35;36;40;2019-present;loto_201911.csv
20200036;20200036;;2020-03-23;LUNDI;modern-5-plus-chance;28;49;5;48;21;;;2;2;5;12;19;29;2019-present;loto_201911.csv
20200037;20200037;;2020-03-25;MERCREDI;modern-5-plus-chance;40;45;24;32;34;;;1;16;28;35;38;43;2019-present;loto_201911.csv
20200038;20200038;;2020-03-28;SAMEDI;modern-5-plus-chance;35;23;26;32;22;;;5;5;22;35;38;39;2019-present;loto_201911.csv
20200039;20200039;;2020-03-30;LUNDI;modern-5-plus-chance;21;37;12;17;23;;;7;4;10;14;38;39;2019-present;loto_201911.csv
20200040;20200040;;2020-04-01;MERCREDI;modern-5-plus-chance;41;48;42;28;3;;;6;1;16;19;36;44;2019-present;loto_201911.csv
20200041;20200041;;2020-04-04;SAMEDI;modern-5-plus-chance;40;2;35;39;42;;;9;13;23;24;38;48;2019-present;loto_201911.csv
20200042;20200042;;2020-04-06;LUNDI;modern-5-plus-chance;23;29;18;35;7;;;4;3;12;17;18;19;2019-present;loto_201911.csv
20200043;20200043;;2020-04-08;MERCREDI;modern-5-plus-chance;16;9;19;26;6;;;9;24;27;42;43;49;2019-present;loto_201911.csv
20200044;20200044;;2020-04-11;SAMEDI;modern-5-plus-chance;8;43;1;48;41;;;7;12;15;20;24;49;2019-present;loto_201911.csv
20200045;20200045;;2020-04-13;LUNDI;modern-5-plus-chance;42;1;19;23;17;;;9;13;14;18;43;44;2019-present;loto_201911.csv
20200046;20200046;;2020-04-15;MERCREDI;modern-5-plus-chance;16;1;31;48;3;;;6;3;7;18;48;49;2019-present;loto_201911.csv
20200047;20200047;;2020-04-18;SAMEDI;modern-5-plus-chance;45;1;33;47;27;;;8;11;14;33;36;41;2019-present;loto_201911.csv
20200048;20200048;;2020-04-20;LUNDI;modern-5-plus-chance;37;5;9;7;41;;;6;19;26;29;30;45;2019-present;loto_201911.csv
20200049;20200049;;2020-04-22;MERCREDI;modern-5-plus-chance;28;30;43;40;41;;;7;27;29;32;33;49;2019-present;loto_201911.csv
20200050;20200050;;2020-04-25;SAMEDI;modern-5-plus-chance;49;6;24;13;10;;;3;3;9;26;34;43;2019-present;loto_201911.csv
20200051;20200051;;2020-04-27;LUNDI;modern-5-plus-chance;41;11;19;29;14;;;9;1;7;16;20;39;2019-present;loto_201911.csv
20200052;20200052;;2020-04-29;MERCREDI;modern-5-plus-chance;25;29;47;5;7;;;1;5;7;32;34;42;2019-present;loto_201911.csv
20200053;20200053;;2020-05-02;SAMEDI;modern-5-plus-chance;43;22;12;30;9;;;4;7;11;18;21;42;2019-present;loto_201911.csv
20200054;20200054;;2020-05-04;LUNDI;modern-5-plus-chance;39;8;9;33;15;;;10;7;16;24;36;47;2019-present;loto_201911.csv
20200055;20200055;;2020-05-06;MERCREDI;modern-5-plus-chance;48;36;14;15;10;;;3;1;20;40;45;49;2019-present;loto_201911.csv
20200056;20200056;;2020-05-09;SAMEDI;modern-5-plus-chance;48;39;29;47;35;;;7;2;11;30;35;46;2019-present;loto_201911.csv
20200057;20200057;;2020-05-11;LUNDI;modern-5-plus-chance;34;5;33;3;17;;;10;13;17;20;27;33;2019-present;loto_201911.csv
20200058;20200058;;2020-05-13;MERCREDI;modern-5-plus-chance;43;4;17;38;49;;;8;11;19;21;24;48;2019-present;loto_201911.csv
20200059;20200059;;2020-05-16;SAMEDI;modern-5-plus-chance;26;27;41;46;19;;;4;9;26;31;37;47;2019-present;loto_201911.csv
20200060;20200060;;2020-05-18;LUNDI;modern-5-plus-chance;20;30;35;14;10;;;9;27;32;36;37;44;2019-present;loto_201911.csv
20200061;20200061;;2020-05-20;MERCREDI;modern-5-plus-chance;45;14;39;20;47;;;8;24;25;35;39;43;2019-present;loto_201911.csv
20200062;20200062;;2020-05-23;SAMEDI;modern-5-plus-chance;22;28;3;23;29;;;2;5;7;26;32;46;2019-present;loto_201911.csv
20200063;20200063;;2020-05-25;LUNDI;modern-5-plus-chance;9;26;30;42;36;;;4;7;24;36;43;47;2019-present;loto_201911.csv
20200064;20200064;;2020-05-27;MERCREDI;modern-5-plus-chance;29;6;12;44;31;;;6;3;12;22;37;49;2019-present;loto_201911.csv
20200065;20200065;;2020-05-30;SAMEDI;modern-5-plus-chance;5;14;42;44;16;;;9;3;5;33;36;45;2019-present;loto_201911.csv
20200066;20200066;;2020-06-01;LUNDI;modern-5-plus-chance;24;26;2;36;32;;;7;4;8;21;40;41;2019-present;loto_201911.csv
20200067;20200067;;2020-06-03;MERCREDI;modern-5-plus-chance;12;13;26;44;16;;;6;15;19;40;44;47;2019-present;loto_201911.csv
20200068;20200068;;2020-06-06;SAMEDI;modern-5-plus-chance;14;7;43;44;29;;;5;19;22;23;40;41;2019-present;loto_201911.csv
20200069;20200069;;2020-06-08;LUNDI;modern-5-plus-chance;8;22;26;46;2;;;1;1;2;13;33;38;2019-present;loto_201911.csv
20200070;20200070;;2020-06-10;MERCREDI;modern-5-plus-chance;47;36;20;11;9;;;2;15;25;31;35;49;2019-present;loto_201911.csv
20200071;20200071;;2020-06-13;SAMEDI;modern-5-plus-chance;25;32;6;5;28;;;4;5;10;16;43;45;2019-present;loto_201911.csv
20200072;20200072;;2020-06-15;LUNDI;modern-5-plus-chance;22;49;26;2;47;;;2;19;24;25;33;41;2019-present;loto_201911.csv
20200073;20200073;;2020-06-17;MERCREDI;modern-5-plus-chance;26;13;10;20;46;;;1;1;19;23;28;39;2019-present;loto_201911.csv
20200074;20200074;;2020-06-20;SAMEDI;modern-5-plus-chance;8;24;33;38;14;;;5;14;15;20;36;48;2019-present;loto_201911.csv
20200075;20200075;;2020-06-22;LUNDI;modern-5-plus-chance;9;36;5;21;39;;;5;15;34;36;44;46;2019-present;loto_201911.csv
20200076;20200076;;2020-06-24;MERCREDI;modern-5-plus-chance;36;8;31;34;17;;;7;5;9;24;30;31;2019-present;loto_201911.csv
20200077;20200077;;2020-06-27;SAMEDI;modern-5-plus-chance;1;39;2;6;27;;;4;12;16;20;34;49;2019-present;loto_201911.csv
20200078;20200078;;2020-06-29;LUNDI;modern-5-plus-chance;21;29;20;47;46;;;7;14;18;19;29;41;2019-present;loto_201911.csv
20200079;20200079;;2020-07-01;MERCREDI;modern-5-plus-chance;44;47;5;13;14;;;8;18;21;34;37;48;2019-present;loto_201911.csv
20200080;20200080;;2020-07-04;SAMEDI;modern-5-plus-chance;23;13;27;44;36;;;6;6;8;22;27;33;2019-present;loto_201911.csv
20200081;20200081;;2020-07-06;LUNDI;modern-5-plus-chance;2;11;42;30;35;;;6;1;2;5;19;39;2019-present;loto_201911.csv
20200082;20200082;;2020-07-08;MERCREDI;modern-5-plus-chance;30;48;37;9;26;;;8;3;5;14;20;44;2019-present;loto_201911.csv
20200083;20200083;;2020-07-11;SAMEDI;modern-5-plus-chance;32;6;35;28;40;;;7;4;17;24;34;43;2019-present;loto_201911.csv
20200084;20200084;;2020-07-13;LUNDI;modern-5-plus-chance;24;3;35;46;2;;;8;1;9;12;15;22;2019-present;loto_201911.csv
20200085;20200085;;2020-07-15;MERCREDI;modern-5-plus-chance;6;12;4;35;44;;;3;12;16;17;29;31;2019-present;loto_201911.csv
20200086;20200086;;2020-07-18;SAMEDI;modern-5-plus-chance;11;42;22;34;43;;;4;12;23;26;28;39;2019-present;loto_201911.csv
20200087;20200087;;2020-07-20;LUNDI;modern-5-plus-chance;8;42;22;28;26;;;2;1;11;37;39;48;2019-present;loto_201911.csv
20200088;20200088;;2020-07-22;MERCREDI;modern-5-plus-chance;4;28;38;20;18;;;1;28;29;30;35;47;2019-present;loto_201911.csv
20200089;20200089;;2020-07-25;SAMEDI;modern-5-plus-chance;18;10;6;15;48;;;4;11;29;32;40;43;2019-present;loto_201911.csv
20200090;20200090;;2020-07-27;LUNDI;modern-5-plus-chance;19;24;45;15;25;;;3;17;22;23;32;45;2019-present;loto_201911.csv
20200091;20200091;;2020-07-29;MERCREDI;modern-5-plus-chance;47;46;7;19;39;;;5;9;36;42;43;49;2019-present;loto_201911.csv
20200092;20200092;;2020-08-01;SAMEDI;modern-5-plus-chance;17;18;25;38;9;;;9;10;26;31;41;44;2019-present;loto_201911.csv
20200093;20200093;;2020-08-03;LUNDI;modern-5-plus-chance;43;48;42;23;30;;;7;11;26;29;30;44;2019-present;loto_201911.csv
20200094;20200094;;2020-08-05;MERCREDI;modern-5-plus-chance;46;32;22;15;17;;;8;9;16;28;39;43;2019-present;loto_201911.csv
20200095;20200095;;2020-08-08;SAMEDI;modern-5-plus-chance;35;42;49;4;6;;;9;5;9;18;26;32;2019-present;loto_201911.csv
20200096;20200096;;2020-08-10;LUNDI;modern-5-plus-chance;28;38;2;1;11;;;6;8;20;34;44;46;2019-present;loto_201911.csv
20200097;20200097;;2020-08-12;MERCREDI;modern-5-plus-chance;17;47;30;3;44;;;3;15;25;28;42;44;2019-present;loto_201911.csv
20200098;20200098;;2020-08-15;SAMEDI;modern-5-plus-chance;5;41;3;42;15;;;7;7;16;38;41;42;2019-present;loto_201911.csv
20200099;20200099;;2020-08-17;LUNDI;modern-5-plus-chance;6;1;39;48;40;;;6;8;11;15;38;45;2019-present;loto_201911.csv
20200100;20200100;;2020-08-19;MERCREDI;modern-5-plus-chance;35;11;13;4;34;;;1;3;32;33;39;49;2019-present;loto_201911.csv
20200101;20200101;;2020-08-22;SAMEDI;modern-5-plus-chance;7;11;5;32;33;;;5;4;5;29;35;42;2019-present;loto_201911.csv
20200102;20200102;;2020-08-24;LUNDI;modern-5-plus-chance;28;18;22;37;19;;;2;17;21;30;32;36;2019-present;loto_201911.csv
20200103;20200103;;2020-08-26;MERCREDI;modern-5-plus-chance;13;45;4;40;31;;;3;17;33;36;43;49;2019-present;loto_201911.csv
20200104;20200104;;2020-08-29;SAMEDI;modern-5-plus-chance;23;15;38;21;39;;;4;4;19;27;31;43;2019-present;loto_201911.csv
20200105;20200105;;2020-08-31;LUNDI;modern-5-plus-chance;7;16;17;4;11;;;10;5;13;14;45;48;2019-present;loto_201911.csv
20200106;20200106;;2020-09-02;MERCREDI;modern-5-plus-chance;14;23;21;47;3;;;3;24;26;31;32;47;2019-present;loto_201911.csv
20200107;20200107;;2020-09-05;SAMEDI;modern-5-plus-chance;22;15;19;24;46;;;3;4;9;10;18;26;2019-present;loto_201911.csv
20200108;20200108;;2020-09-07;LUNDI;modern-5-plus-chance;37;35;31;44;14;;;7;6;8;41;46;47;2019-present;loto_201911.csv
20200109;20200109;;2020-09-09;MERCREDI;modern-5-plus-chance;24;48;20;29;45;;;3;2;15;28;39;40;2019-present;loto_201911.csv
20200110;20200110;;2020-09-12;SAMEDI;modern-5-plus-chance;16;46;12;21;24;;;2;12;19;21;35;43;2019-present;loto_201911.csv
20200111;20200111;;2020-09-14;LUNDI;modern-5-plus-chance;23;49;5;13;32;;;2;10;31;42;45;48;2019-present;loto_201911.csv
20200112;20200112;;2020-09-16;MERCREDI;modern-5-plus-chance;28;19;49;23;17;;;7;8;10;19;29;46;2019-present;loto_201911.csv
20200113;20200113;;2020-09-19;SAMEDI;modern-5-plus-chance;33;42;27;46;32;;;7;6;8;9;22;27;2019-present;loto_201911.csv
20200114;20200114;;2020-09-21;LUNDI;modern-5-plus-chance;46;41;38;19;16;;;9;17;19;24;26;35;2019-present;loto_201911.csv
20200115;20200115;;2020-09-23;MERCREDI;modern-5-plus-chance;11;5;25;23;33;;;5;22;23;28;33;37;2019-present;loto_201911.csv
20200116;20200116;;2020-09-26;SAMEDI;modern-5-plus-chance;4;31;49;8;39;;;9;11;14;15;32;38;2019-present;loto_201911.csv
20200117;20200117;;2020-09-28;LUNDI;modern-5-plus-chance;33;22;44;6;35;;;2;20;27;40;42;48;2019-present;loto_201911.csv
20200118;20200118;;2020-09-30;MERCREDI;modern-5-plus-chance;26;24;49;32;2;;;5;16;19;24;43;44;2019-present;loto_201911.csv
20200119;20200119;;2020-10-03;SAMEDI;modern-5-plus-chance;31;36;9;33;18;;;2;16;18;27;32;39;2019-present;loto_201911.csv
20200120;20200120;;2020-10-05;LUNDI;modern-5-plus-chance;6;22;19;5;9;;;5;1;9;14;16;37;2019-present;loto_201911.csv
20200121;20200121;;2020-10-07;MERCREDI;modern-5-plus-chance;17;30;6;49;19;;;2;5;28;35;41;47;2019-present;loto_201911.csv
20200122;20200122;;2020-10-10;SAMEDI;modern-5-plus-chance;48;26;31;47;42;;;8;23;34;39;47;48;2019-present;loto_201911.csv
20200123;20200123;;2020-10-12;LUNDI;modern-5-plus-chance;18;7;21;42;11;;;3;2;4;7;23;36;2019-present;loto_201911.csv
20200124;20200124;;2020-10-14;MERCREDI;modern-5-plus-chance;19;42;32;26;39;;;6;6;16;19;20;34;2019-present;loto_201911.csv
20200125;20200125;;2020-10-17;SAMEDI;modern-5-plus-chance;28;23;24;9;20;;;4;10;18;24;29;30;2019-present;loto_201911.csv
20200126;20200126;;2020-10-19;LUNDI;modern-5-plus-chance;7;35;48;28;25;;;1;35;36;37;40;49;2019-present;loto_201911.csv
20200127;20200127;;2020-10-21;MERCREDI;modern-5-plus-chance;35;48;33;21;15;;;1;6;10;19;32;35;2019-present;loto_201911.csv
20200128;20200128;;2020-10-24;SAMEDI;modern-5-plus-chance;8;25;4;12;45;;;2;4;6;10;19;47;2019-present;loto_201911.csv
20200129;20200129;;2020-10-26;LUNDI;modern-5-plus-chance;33;7;8;12;22;;;5;5;7;8;11;33;2019-present;loto_201911.csv
20200130;20200130;;2020-10-28;MERCREDI;modern-5-plus-chance;25;43;30;2;19;;;9;3;21;29;36;49;2019-present;loto_201911.csv
20200131;20200131;;2020-10-31;SAMEDI;modern-5-plus-chance;22;35;9;28;13;;;5;20;31;35;40;49;2019-present;loto_201911.csv
20200132;20200132;;2020-11-02;LUNDI;modern-5-plus-chance;42;43;38;33;31;;;3;4;18;34;35;48;2019-present;loto_201911.csv
20200133;20200133;;2020-11-04;MERCREDI;modern-5-plus-chance;29;10;16;14;9;;;1;5;6;9;21;24;2019-present;loto_201911.csv
20200134;20200134;;2020-11-07;SAMEDI;modern-5-plus-chance;45;5;48;42;30;;;9;11;16;20;24;33;2019-present;loto_201911.csv
20200135;20200135;;2020-11-09;LUNDI;modern-5-plus-chance;26;18;41;38;5;;;10;3;27;36;43;46;2019-present;loto_201911.csv
20200136;20200136;;2020-11-11;MERCREDI;modern-5-plus-chance;15;17;10;37;16;;;9;14;16;18;39;41;2019-present;loto_201911.csv
20200137;20200137;;2020-11-14;SAMEDI;modern-5-plus-chance;40;26;17;24;43;;;9;9;11;38;43;47;2019-present;loto_201911.csv
20200138;20200138;;2020-11-16;LUNDI;modern-5-plus-chance;7;47;16;33;42;;;7;2;8;18;46;49;2019-present;loto_201911.csv
20200139;20200139;;2020-11-18;MERCREDI;modern-5-plus-chance;28;11;14;43;41;;;8;4;5;12;16;37;2019-present;loto_201911.csv
20200140;20200140;;2020-11-21;SAMEDI;modern-5-plus-chance;49;17;44;5;46;;;4;3;9;18;25;48;2019-present;loto_201911.csv
20200141;20200141;;2020-11-23;LUNDI;modern-5-plus-chance;15;20;12;6;1;;;1;4;17;19;29;38;2019-present;loto_201911.csv
20200142;20200142;;2020-11-25;MERCREDI;modern-5-plus-chance;1;26;14;31;10;;;4;1;3;13;22;33;2019-present;loto_201911.csv
20200143;20200143;;2020-11-28;SAMEDI;modern-5-plus-chance;9;25;2;47;35;;;10;9;14;33;41;48;2019-present;loto_201911.csv
20200144;20200144;;2020-11-30;LUNDI;modern-5-plus-chance;28;9;26;29;18;;;3;10;15;17;41;47;2019-present;loto_201911.csv
20200145;20200145;;2020-12-02;MERCREDI;modern-5-plus-chance;23;14;40;46;27;;;1;1;3;14;30;47;2019-present;loto_201911.csv
20200146;20200146;;2020-12-05;SAMEDI;modern-5-plus-chance;34;20;14;35;9;;;1;4;6;13;20;22;2019-present;loto_201911.csv
20200147;20200147;;2020-12-07;LUNDI;modern-5-plus-chance;45;27;48;4;38;;;4;6;13;20;38;47;2019-present;loto_201911.csv
20200148;20200148;;2020-12-09;MERCREDI;modern-5-plus-chance;47;17;48;39;24;;;7;2;26;28;31;43;2019-present;loto_201911.csv
20200149;20200149;;2020-12-12;SAMEDI;modern-5-plus-chance;14;31;9;45;23;;;6;1;17;20;41;46;2019-present;loto_201911.csv
20200150;20200150;;2020-12-14;LUNDI;modern-5-plus-chance;47;48;13;34;2;;;6;6;7;9;23;41;2019-present;loto_201911.csv
20200151;20200151;;2020-12-16;MERCREDI;modern-5-plus-chance;21;6;41;17;16;;;9;8;13;15;40;46;2019-present;loto_201911.csv
20200152;20200152;;2020-12-19;SAMEDI;modern-5-plus-chance;30;29;49;23;10;;;5;4;25;27;41;45;2019-present;loto_201911.csv
20200153;20200153;;2020-12-21;LUNDI;modern-5-plus-chance;10;31;36;37;44;;;5;13;14;19;28;43;2019-present;loto_201911.csv
20200154;20200154;;2020-12-23;MERCREDI;modern-5-plus-chance;5;3;39;31;38;;;9;8;11;22;31;38;2019-present;loto_201911.csv
20200155;20200155;;2020-12-26;SAMEDI;modern-5-plus-chance;31;3;40;35;2;;;7;8;18;35;40;46;2019-present;loto_201911.csv
20200156;20200156;;2020-12-28;LUNDI;modern-5-plus-chance;41;34;42;22;1;;;5;1;7;44;45;49;2019-present;loto_201911.csv
20200157;20200157;;2020-12-30;MERCREDI;modern-5-plus-chance;36;20;13;31;38;;;1;5;16;27;32;41;2019-present;loto_201911.csv
20211001;20211001;;2021-01-02;SAMEDI;modern-5-plus-chance;5;27;7;24;41;;;10;10;11;31;32;39;2019-present;loto_201911.csv
20211002;20211002;;2021-01-04;LUNDI;modern-5-plus-chance;31;39;30;49;19;;;8;6;16;25;37;46;2019-present;loto_201911.csv
20211003;20211003;;2021-01-06;MERCREDI;modern-5-plus-chance;41;21;32;47;11;;;9;10;23;25;34;44;2019-present;loto_201911.csv
20211004;20211004;;2021-01-09;SAMEDI;modern-5-plus-chance;49;12;27;11;7;;;1;7;22;32;38;40;2019-present;loto_201911.csv
20211005;20211005;;2021-01-11;LUNDI;modern-5-plus-chance;33;46;8;17;1;;;5;1;9;14;26;37;2019-present;loto_201911.csv
20211006;20211006;;2021-01-13;MERCREDI;modern-5-plus-chance;32;42;30;17;41;;;5;5;6;11;28;49;2019-present;loto_201911.csv
20211007;20211007;;2021-01-16;SAMEDI;modern-5-plus-chance;44;20;14;22;36;;;2;8;12;29;36;39;2019-present;loto_201911.csv
20211008;20211008;;2021-01-18;LUNDI;modern-5-plus-chance;5;43;10;48;25;;;10;5;14;30;46;47;2019-present;loto_201911.csv
20211009;20211009;;2021-01-20;MERCREDI;modern-5-plus-chance;21;11;22;40;32;;;9;5;16;35;42;49;2019-present;loto_201911.csv
20211010;20211010;;2021-01-23;SAMEDI;modern-5-plus-chance;1;19;13;24;48;;;5;21;27;38;39;43;2019-present;loto_201911.csv
20211011;20211011;;2021-01-25;LUNDI;modern-5-plus-chance;13;31;49;7;3;;;5;3;13;17;21;23;2019-present;loto_201911.csv
20211012;20211012;;2021-01-27;MERCREDI;modern-5-plus-chance;27;44;25;23;6;;;6;2;9;12;25;46;2019-present;loto_201911.csv
20211013;20211013;;2021-01-30;SAMEDI;modern-5-plus-chance;17;5;33;9;37;;;4;6;21;28;31;47;2019-present;loto_201911.csv
20211014;20211014;;2021-02-01;LUNDI;modern-5-plus-chance;1;18;45;17;21;;;9;7;17;19;24;27;2019-present;loto_201911.csv
20211015;20211015;;2021-02-03;MERCREDI;modern-5-plus-chance;17;31;26;37;21;;;10;10;26;32;36;41;2019-present;loto_201911.csv
20211016;20211016;;2021-02-06;SAMEDI;modern-5-plus-chance;44;42;15;9;47;;;10;8;9;15;29;38;2019-present;loto_201911.csv
20211017;20211017;;2021-02-08;LUNDI;modern-5-plus-chance;19;10;9;29;5;;;8;7;8;18;37;49;2019-present;loto_201911.csv
20211018;20211018;;2021-02-10;MERCREDI;modern-5-plus-chance;44;13;29;15;33;;;4;4;5;20;25;40;2019-present;loto_201911.csv
20211019;20211019;;2021-02-13;SAMEDI;modern-5-plus-chance;13;17;31;28;9;;;10;18;34;37;44;49;2019-present;loto_201911.csv
20211020;20211020;;2021-02-15;LUNDI;modern-5-plus-chance;13;22;17;6;12;;;7;10;24;36;39;41;2019-present;loto_201911.csv
20211021;20211021;;2021-02-17;MERCREDI;modern-5-plus-chance;34;31;35;41;29;;;8;11;27;28;29;48;2019-present;loto_201911.csv
20211022;20211022;;2021-02-20;SAMEDI;modern-5-plus-chance;21;36;19;39;49;;;5;4;6;31;35;49;2019-present;loto_201911.csv
20211023;20211023;;2021-02-22;LUNDI;modern-5-plus-chance;3;37;26;15;24;;;7;6;11;18;19;30;2019-present;loto_201911.csv
20211024;20211024;;2021-02-24;MERCREDI;modern-5-plus-chance;47;18;41;10;19;;;2;7;18;39;43;45;2019-present;loto_201911.csv
20211025;20211025;;2021-02-27;SAMEDI;modern-5-plus-chance;4;29;42;43;11;;;10;12;23;32;36;48;2019-present;loto_201911.csv
20211026;20211026;;2021-03-01;LUNDI;modern-5-plus-chance;4;14;21;47;8;;;9;13;16;27;28;36;2019-present;loto_201911.csv
20211027;20211027;;2021-03-03;MERCREDI;modern-5-plus-chance;38;8;41;49;19;;;7;4;5;6;15;35;2019-present;loto_201911.csv
20211028;20211028;;2021-03-06;SAMEDI;modern-5-plus-chance;11;22;3;13;30;;;8;6;13;18;24;29;2019-present;loto_201911.csv
20211029;20211029;;2021-03-08;LUNDI;modern-5-plus-chance;24;8;38;19;40;;;10;4;6;8;13;16;2019-present;loto_201911.csv
20211030;20211030;;2021-03-10;MERCREDI;modern-5-plus-chance;26;42;33;20;34;;;9;5;8;14;16;49;2019-present;loto_201911.csv
20211031;20211031;;2021-03-13;SAMEDI;modern-5-plus-chance;47;22;19;4;10;;;8;3;5;9;43;44;2019-present;loto_201911.csv
20211032;20211032;;2021-03-15;LUNDI;modern-5-plus-chance;29;38;33;15;41;;;2;3;9;12;30;33;2019-present;loto_201911.csv
20211033;20211033;;2021-03-17;MERCREDI;modern-5-plus-chance;45;18;46;3;30;;;3;1;18;28;29;41;2019-present;loto_201911.csv
20211034;20211034;;2021-03-20;SAMEDI;modern-5-plus-chance;42;18;14;4;27;;;3;19;28;32;40;42;2019-present;loto_201911.csv
20211035;20211035;;2021-03-22;LUNDI;modern-5-plus-chance;15;6;34;39;24;;;4;7;21;29;30;36;2019-present;loto_201911.csv
20211036;20211036;;2021-03-24;MERCREDI;modern-5-plus-chance;22;38;28;37;9;;;10;1;4;43;45;47;2019-present;loto_201911.csv
20211037;20211037;;2021-03-27;SAMEDI;modern-5-plus-chance;16;11;18;8;10;;;5;7;29;36;38;43;2019-present;loto_201911.csv
20211038;20211038;;2021-03-29;LUNDI;modern-5-plus-chance;41;28;18;13;38;;;1;2;23;24;35;38;2019-present;loto_201911.csv
20211039;20211039;;2021-03-31;MERCREDI;modern-5-plus-chance;2;27;24;35;22;;;5;3;18;20;29;39;2019-present;loto_201911.csv
20211040;20211040;;2021-04-03;SAMEDI;modern-5-plus-chance;17;1;38;2;45;;;2;13;16;19;35;48;2019-present;loto_201911.csv
20211041;20211041;;2021-04-05;LUNDI;modern-5-plus-chance;32;22;2;12;15;;;8;1;3;7;33;40;2019-present;loto_201911.csv
20211042;20211042;;2021-04-07;MERCREDI;modern-5-plus-chance;35;19;9;16;43;;;4;25;37;38;41;46;2019-present;loto_201911.csv
20211043;20211043;;2021-04-10;SAMEDI;modern-5-plus-chance;9;35;15;8;4;;;8;31;34;38;41;44;2019-present;loto_201911.csv
20211044;20211044;;2021-04-12;LUNDI;modern-5-plus-chance;43;14;26;7;11;;;7;8;14;16;17;32;2019-present;loto_201911.csv
20211045;20211045;;2021-04-14;MERCREDI;modern-5-plus-chance;27;25;20;23;47;;;6;11;16;18;23;40;2019-present;loto_201911.csv
20211046;20211046;;2021-04-17;SAMEDI;modern-5-plus-chance;38;37;17;34;30;;;1;20;28;29;36;46;2019-present;loto_201911.csv
20211047;20211047;;2021-04-19;LUNDI;modern-5-plus-chance;49;17;36;44;27;;;1;4;11;25;33;35;2019-present;loto_201911.csv
20211048;20211048;;2021-04-21;MERCREDI;modern-5-plus-chance;45;31;6;49;39;;;4;3;11;17;27;49;2019-present;loto_201911.csv
20211049;20211049;;2021-04-24;SAMEDI;modern-5-plus-chance;41;12;26;42;36;;;7;4;21;33;34;48;2019-present;loto_201911.csv
20211050;20211050;;2021-04-26;LUNDI;modern-5-plus-chance;2;34;41;32;8;;;6;1;13;33;35;37;2019-present;loto_201911.csv
20211051;20211051;;2021-04-28;MERCREDI;modern-5-plus-chance;4;15;10;49;12;;;6;1;4;5;9;35;2019-present;loto_201911.csv
20211052;20211052;;2021-05-01;SAMEDI;modern-5-plus-chance;27;25;5;34;38;;;7;3;9;12;19;45;2019-present;loto_201911.csv
20211053;20211053;;2021-05-03;LUNDI;modern-5-plus-chance;44;8;11;48;37;;;6;10;13;14;23;47;2019-present;loto_201911.csv
20211054;20211054;;2021-05-05;MERCREDI;modern-5-plus-chance;36;48;46;41;8;;;6;2;4;39;45;47;2019-present;loto_201911.csv
20211055;20211055;;2021-05-08;SAMEDI;modern-5-plus-chance;41;35;40;6;24;;;6;2;8;31;33;46;2019-present;loto_201911.csv
20211056;20211056;;2021-05-10;LUNDI;modern-5-plus-chance;44;12;13;17;27;;;10;11;34;36;39;47;2019-present;loto_201911.csv
20211057;20211057;;2021-05-12;MERCREDI;modern-5-plus-chance;19;11;22;36;9;;;1;1;12;22;31;36;2019-present;loto_201911.csv
20211058;20211058;;2021-05-15;SAMEDI;modern-5-plus-chance;7;31;29;24;47;;;3;3;8;12;20;28;2019-present;loto_201911.csv
20211059;20211059;;2021-05-17;LUNDI;modern-5-plus-chance;23;42;3;17;47;;;4;9;11;17;21;29;2019-present;loto_201911.csv
20211060;20211060;;2021-05-19;MERCREDI;modern-5-plus-chance;28;17;41;3;23;;;3;4;38;45;46;48;2019-present;loto_201911.csv
20211061;20211061;;2021-05-22;SAMEDI;modern-5-plus-chance;9;2;45;19;7;;;10;10;32;34;37;44;2019-present;loto_201911.csv
20211062;20211062;;2021-05-24;LUNDI;modern-5-plus-chance;11;44;47;29;7;;;9;12;23;35;37;42;2019-present;loto_201911.csv
20211063;20211063;;2021-05-26;MERCREDI;modern-5-plus-chance;20;1;22;5;42;;;6;12;35;36;45;47;2019-present;loto_201911.csv
20211064;20211064;;2021-05-29;SAMEDI;modern-5-plus-chance;32;4;36;44;9;;;3;7;22;30;32;42;2019-present;loto_201911.csv
20211065;20211065;;2021-05-31;LUNDI;modern-5-plus-chance;25;3;13;32;47;;;9;12;27;31;35;37;2019-present;loto_201911.csv
20211066;20211066;;2021-06-02;MERCREDI;modern-5-plus-chance;33;34;25;3;26;;;6;6;9;22;39;48;2019-present;loto_201911.csv
20211067;20211067;;2021-06-05;SAMEDI;modern-5-plus-chance;45;16;6;37;25;;;9;4;25;31;36;44;2019-present;loto_201911.csv
20211068;20211068;;2021-06-07;LUNDI;modern-5-plus-chance;6;28;34;7;11;;;8;7;15;18;23;30;2019-present;loto_201911.csv
20211069;20211069;;2021-06-09;MERCREDI;modern-5-plus-chance;16;33;41;2;24;;;8;10;16;24;30;46;2019-present;loto_201911.csv
20211070;20211070;;2021-06-12;SAMEDI;modern-5-plus-chance;9;2;5;29;10;;;1;5;12;23;34;44;2019-present;loto_201911.csv
20211071;20211071;;2021-06-14;LUNDI;modern-5-plus-chance;40;12;47;21;19;;;7;14;27;30;31;43;2019-present;loto_201911.csv
20211072;20211072;;2021-06-16;MERCREDI;modern-5-plus-chance;22;23;35;46;3;;;9;1;11;27;32;49;2019-present;loto_201911.csv
20211073;20211073;;2021-06-19;SAMEDI;modern-5-plus-chance;3;44;46;27;14;;;6;3;11;19;28;48;2019-present;loto_201911.csv
20211074;20211074;;2021-06-21;LUNDI;modern-5-plus-chance;44;21;25;18;47;;;10;1;7;8;31;47;2019-present;loto_201911.csv
20211075;20211075;;2021-06-23;MERCREDI;modern-5-plus-chance;1;16;6;3;40;;;1;4;26;28;44;45;2019-present;loto_201911.csv
20211076;20211076;;2021-06-26;SAMEDI;modern-5-plus-chance;37;24;38;13;45;;;6;9;25;36;37;49;2019-present;loto_201911.csv
20211077;20211077;;2021-06-28;LUNDI;modern-5-plus-chance;4;28;48;8;15;;;1;8;9;29;39;44;2019-present;loto_201911.csv
20211078;20211078;;2021-06-30;MERCREDI;modern-5-plus-chance;8;44;6;48;31;;;9;5;9;17;38;49;2019-present;loto_201911.csv
20211079;20211079;;2021-07-03;SAMEDI;modern-5-plus-chance;33;48;13;2;19;;;2;8;10;21;25;43;2019-present;loto_201911.csv
20211080;20211080;;2021-07-05;LUNDI;modern-5-plus-chance;43;36;3;32;45;;;2;1;6;28;34;46;2019-present;loto_201911.csv
20211081;20211081;;2021-07-07;MERCREDI;modern-5-plus-chance;37;18;8;44;46;;;2;5;18;39;40;44;2019-present;loto_201911.csv
20211082;20211082;;2021-07-10;SAMEDI;modern-5-plus-chance;43;3;38;42;46;;;1;1;23;30;34;49;2019-present;loto_201911.csv
20211083;20211083;;2021-07-12;LUNDI;modern-5-plus-chance;38;31;8;37;30;;;1;1;2;7;8;17;2019-present;loto_201911.csv
20211084;20211084;;2021-07-14;MERCREDI;modern-5-plus-chance;36;18;38;31;29;;;10;3;10;20;36;37;2019-present;loto_201911.csv
20211085;20211085;;2021-07-17;SAMEDI;modern-5-plus-chance;31;8;47;11;17;;;6;6;12;22;32;48;2019-present;loto_201911.csv
20211086;20211086;;2021-07-19;LUNDI;modern-5-plus-chance;3;28;15;4;2;;;5;9;15;21;23;25;2019-present;loto_201911.csv
20211087;20211087;;2021-07-21;MERCREDI;modern-5-plus-chance;27;25;6;37;32;;;9;3;30;44;48;49;2019-present;loto_201911.csv
20211088;20211088;;2021-07-24;SAMEDI;modern-5-plus-chance;24;40;5;31;22;;;9;10;13;25;37;49;2019-present;loto_201911.csv
20211089;20211089;;2021-07-26;LUNDI;modern-5-plus-chance;42;5;34;21;37;;;10;5;24;39;44;45;2019-present;loto_201911.csv
20211090;20211090;;2021-07-28;MERCREDI;modern-5-plus-chance;1;28;3;29;8;;;6;16;17;18;45;48;2019-present;loto_201911.csv
20211091;20211091;;2021-07-31;SAMEDI;modern-5-plus-chance;22;6;46;7;17;;;3;2;30;31;41;42;2019-present;loto_201911.csv
20211092;20211092;;2021-08-02;LUNDI;modern-5-plus-chance;24;44;46;42;7;;;2;14;16;26;27;32;2019-present;loto_201911.csv
20211093;20211093;;2021-08-04;MERCREDI;modern-5-plus-chance;21;36;22;20;44;;;10;7;13;21;42;47;2019-present;loto_201911.csv
20211094;20211094;;2021-08-07;SAMEDI;modern-5-plus-chance;7;24;36;6;47;;;10;13;15;20;26;30;2019-present;loto_201911.csv
20211095;20211095;;2021-08-09;LUNDI;modern-5-plus-chance;37;43;45;28;38;;;3;3;4;14;21;36;2019-present;loto_201911.csv
20211096;20211096;;2021-08-11;MERCREDI;modern-5-plus-chance;43;13;21;5;6;;;4;2;4;23;34;39;2019-present;loto_201911.csv
20211097;20211097;;2021-08-14;SAMEDI;modern-5-plus-chance;4;28;42;49;35;;;7;7;11;22;30;39;2019-present;loto_201911.csv
20211098;20211098;;2021-08-16;LUNDI;modern-5-plus-chance;22;27;13;10;49;;;4;7;9;11;32;44;2019-present;loto_201911.csv
20211099;20211099;;2021-08-18;MERCREDI;modern-5-plus-chance;4;7;12;24;25;;;2;10;34;37;42;49;2019-present;loto_201911.csv
20211100;20211100;;2021-08-21;SAMEDI;modern-5-plus-chance;46;8;2;19;29;;;2;4;9;20;23;38;2019-present;loto_201911.csv
20211101;20211101;;2021-08-23;LUNDI;modern-5-plus-chance;13;22;31;11;21;;;6;1;11;13;20;21;2019-present;loto_201911.csv
20211102;20211102;;2021-08-25;MERCREDI;modern-5-plus-chance;19;9;29;26;3;;;8;24;29;33;45;49;2019-present;loto_201911.csv
20211103;20211103;;2021-08-28;SAMEDI;modern-5-plus-chance;48;43;46;11;8;;;9;3;28;32;38;43;2019-present;loto_201911.csv
20211104;20211104;;2021-08-30;LUNDI;modern-5-plus-chance;32;34;18;44;3;;;9;10;12;15;33;39;2019-present;loto_201911.csv
20211105;20211105;;2021-09-01;MERCREDI;modern-5-plus-chance;49;27;32;24;17;;;7;17;18;23;25;34;2019-present;loto_201911.csv
20211106;20211106;;2021-09-04;SAMEDI;modern-5-plus-chance;41;49;30;45;35;;;3;9;22;25;46;48;2019-present;loto_201911.csv
20211107;20211107;;2021-09-06;LUNDI;modern-5-plus-chance;3;31;36;13;40;;;9;12;19;20;39;44;2019-present;loto_201911.csv
20211108;20211108;;2021-09-08;MERCREDI;modern-5-plus-chance;7;34;27;12;15;;;4;1;4;9;12;42;2019-present;loto_201911.csv
20211109;20211109;;2021-09-11;SAMEDI;modern-5-plus-chance;5;3;49;33;15;;;8;15;25;27;40;49;2019-present;loto_201911.csv
20211110;20211110;;2021-09-13;LUNDI;modern-5-plus-chance;4;30;24;21;40;;;4;7;21;28;36;44;2019-present;loto_201911.csv
20211111;20211111;;2021-09-15;MERCREDI;modern-5-plus-chance;48;22;4;30;27;;;7;5;11;22;28;33;2019-present;loto_201911.csv
20211112;20211112;;2021-09-18;SAMEDI;modern-5-plus-chance;39;38;21;2;9;;;2;15;17;40;45;48;2019-present;loto_201911.csv
20211113;20211113;;2021-09-20;LUNDI;modern-5-plus-chance;12;10;45;15;31;;;5;18;25;28;40;43;2019-present;loto_201911.csv
20211114;20211114;;2021-09-22;MERCREDI;modern-5-plus-chance;5;40;13;14;9;;;1;15;16;32;44;48;2019-present;loto_201911.csv
20211115;20211115;;2021-09-25;SAMEDI;modern-5-plus-chance;20;35;49;18;16;;;1;3;11;13;21;41;2019-present;loto_201911.csv
20211116;20211116;;2021-09-27;LUNDI;modern-5-plus-chance;12;26;31;40;37;;;3;17;23;27;46;49;2019-present;loto_201911.csv
20211117;20211117;;2021-09-29;MERCREDI;modern-5-plus-chance;6;39;28;13;33;;;10;11;22;24;25;38;2019-present;loto_201911.csv
20211118;20211118;;2021-10-02;SAMEDI;modern-5-plus-chance;6;46;35;20;8;;;9;22;34;35;36;43;2019-present;loto_201911.csv
20211119;20211119;;2021-10-04;LUNDI;modern-5-plus-chance;44;15;5;19;7;;;1;7;23;26;34;42;2019-present;loto_201911.csv
20211120;20211120;;2021-10-06;MERCREDI;modern-5-plus-chance;44;34;20;8;41;;;2;1;12;13;44;48;2019-present;loto_201911.csv
20211121;20211121;;2021-10-09;SAMEDI;modern-5-plus-chance;22;29;19;15;34;;;3;9;12;14;28;41;2019-present;loto_201911.csv
20211122;20211122;;2021-10-11;LUNDI;modern-5-plus-chance;26;7;1;9;28;;;3;3;13;39;42;44;2019-present;loto_201911.csv
20211123;20211123;;2021-10-13;MERCREDI;modern-5-plus-chance;21;20;19;43;49;;;10;14;29;35;40;41;2019-present;loto_201911.csv
20211124;20211124;;2021-10-16;SAMEDI;modern-5-plus-chance;23;15;46;5;37;;;10;9;12;24;27;43;2019-present;loto_201911.csv
20211125;20211125;;2021-10-18;LUNDI;modern-5-plus-chance;41;27;36;35;9;;;6;5;6;11;20;29;2019-present;loto_201911.csv
20211126;20211126;;2021-10-20;MERCREDI;modern-5-plus-chance;26;35;16;22;42;;;4;3;13;23;24;47;2019-present;loto_201911.csv
20211127;20211127;;2021-10-23;SAMEDI;modern-5-plus-chance;6;36;35;10;48;;;9;16;27;33;41;47;2019-present;loto_201911.csv
20211128;20211128;;2021-10-25;LUNDI;modern-5-plus-chance;31;48;43;37;3;;;10;8;10;13;33;45;2019-present;loto_201911.csv
20211129;20211129;;2021-10-27;MERCREDI;modern-5-plus-chance;41;16;44;27;15;;;9;19;25;39;44;47;2019-present;loto_201911.csv
20211130;20211130;;2021-10-30;SAMEDI;modern-5-plus-chance;46;11;43;12;30;;;9;1;16;23;41;46;2019-present;loto_201911.csv
20211131;20211131;;2021-11-01;LUNDI;modern-5-plus-chance;47;27;26;43;1;;;6;17;33;34;45;48;2019-present;loto_201911.csv
20211132;20211132;;2021-11-03;MERCREDI;modern-5-plus-chance;7;39;31;38;42;;;10;9;24;27;28;49;2019-present;loto_201911.csv
20211133;20211133;;2021-11-06;SAMEDI;modern-5-plus-chance;19;2;18;22;4;;;3;3;23;24;39;40;2019-present;loto_201911.csv
20211134;20211134;;2021-11-08;LUNDI;modern-5-plus-chance;44;32;11;48;7;;;3;11;13;26;30;43;2019-present;loto_201911.csv
20211135;20211135;;2021-11-10;MERCREDI;modern-5-plus-chance;31;12;9;40;41;;;2;12;19;25;40;42;2019-present;loto_201911.csv
20211136;20211136;;2021-11-13;SAMEDI;modern-5-plus-chance;39;13;12;31;26;;;6;4;5;13;33;38;2019-present;loto_201911.csv
20211137;20211137;;2021-11-15;LUNDI;modern-5-plus-chance;34;7;8;41;42;;;8;1;10;19;21;23;2019-present;loto_201911.csv
20211138;20211138;;2021-11-17;MERCREDI;modern-5-plus-chance;37;40;36;4;43;;;6;9;19;32;36;38;2019-present;loto_201911.csv
20211139;20211139;;2021-11-20;SAMEDI;modern-5-plus-chance;44;9;18;17;42;;;8;10;35;38;39;41;2019-present;loto_201911.csv
20211140;20211140;;2021-11-22;LUNDI;modern-5-plus-chance;19;12;8;41;16;;;5;15;20;30;31;42;2019-present;loto_201911.csv
20211141;20211141;;2021-11-24;MERCREDI;modern-5-plus-chance;14;34;39;24;47;;;8;11;14;42;43;46;2019-present;loto_201911.csv
20211142;20211142;;2021-11-27;SAMEDI;modern-5-plus-chance;25;28;46;12;27;;;4;3;22;30;34;37;2019-present;loto_201911.csv
20211143;20211143;;2021-11-29;LUNDI;modern-5-plus-chance;30;26;35;44;31;;;4;21;32;33;39;48;2019-present;loto_201911.csv
20211144;20211144;;2021-12-01;MERCREDI;modern-5-plus-chance;26;18;3;49;46;;;6;3;15;17;41;49;2019-present;loto_201911.csv
20211145;20211145;;2021-12-04;SAMEDI;modern-5-plus-chance;23;18;34;5;44;;;5;1;7;14;33;39;2019-present;loto_201911.csv
20211146;20211146;;2021-12-06;LUNDI;modern-5-plus-chance;29;16;36;7;15;;;6;3;20;24;29;49;2019-present;loto_201911.csv
20211147;20211147;;2021-12-08;MERCREDI;modern-5-plus-chance;28;26;1;30;16;;;4;8;15;17;27;36;2019-present;loto_201911.csv
20211148;20211148;;2021-12-11;SAMEDI;modern-5-plus-chance;16;45;34;42;26;;;9;2;14;25;26;41;2019-present;loto_201911.csv
20211149;20211149;;2021-12-13;LUNDI;modern-5-plus-chance;23;38;36;18;19;;;1;6;12;15;23;35;2019-present;loto_201911.csv
20211150;20211150;;2021-12-15;MERCREDI;modern-5-plus-chance;34;47;11;37;38;;;8;15;27;30;31;46;2019-present;loto_201911.csv
20211151;20211151;;2021-12-18;SAMEDI;modern-5-plus-chance;10;46;2;31;38;;;8;4;6;30;32;45;2019-present;loto_201911.csv
20211152;20211152;;2021-12-20;LUNDI;modern-5-plus-chance;22;23;12;47;25;;;1;13;20;30;41;45;2019-present;loto_201911.csv
20211153;20211153;;2021-12-22;MERCREDI;modern-5-plus-chance;41;20;46;11;24;;;1;22;33;35;36;43;2019-present;loto_201911.csv
20211154;20211154;;2021-12-25;SAMEDI;modern-5-plus-chance;6;25;48;21;37;;;10;1;8;24;31;32;2019-present;loto_201911.csv
20211155;20211155;;2021-12-27;LUNDI;modern-5-plus-chance;32;20;6;12;14;;;8;4;20;25;27;37;2019-present;loto_201911.csv
20211156;20211156;;2021-12-29;MERCREDI;modern-5-plus-chance;21;18;33;49;48;;;7;7;9;13;31;42;2019-present;loto_201911.csv
20222001;20222001;;2022-01-01;SAMEDI;modern-5-plus-chance;30;36;14;6;39;;;5;15;19;30;38;43;2019-present;loto_201911.csv
20222002;20222002;;2022-01-03;LUNDI;modern-5-plus-chance;33;36;34;38;22;;;5;7;11;34;39;42;2019-present;loto_201911.csv
20222003;20222003;;2022-01-05;MERCREDI;modern-5-plus-chance;17;45;30;32;6;;;4;7;11;29;41;43;2019-present;loto_201911.csv
20222004;20222004;;2022-01-08;SAMEDI;modern-5-plus-chance;22;42;43;17;25;;;10;3;18;37;43;45;2019-present;loto_201911.csv
20222005;20222005;;2022-01-10;LUNDI;modern-5-plus-chance;14;43;34;41;35;;;9;20;21;28;31;33;2019-present;loto_201911.csv
20222006;20222006;;2022-01-12;MERCREDI;modern-5-plus-chance;23;20;1;26;44;;;4;5;16;21;26;43;2019-present;loto_201911.csv
20222007;20222007;;2022-01-15;SAMEDI;modern-5-plus-chance;19;10;30;13;47;;;8;2;8;16;22;44;2019-present;loto_201911.csv
20222008;20222008;;2022-01-17;LUNDI;modern-5-plus-chance;4;27;5;15;22;;;9;8;16;29;33;40;2019-present;loto_201911.csv
20222009;20222009;;2022-01-19;MERCREDI;modern-5-plus-chance;44;27;41;8;43;;;6;11;14;23;32;44;2019-present;loto_201911.csv
20222010;20222010;;2022-01-22;SAMEDI;modern-5-plus-chance;26;3;39;17;30;;;8;6;7;11;23;37;2019-present;loto_201911.csv
20222011;20222011;;2022-01-24;LUNDI;modern-5-plus-chance;15;38;7;4;40;;;2;13;14;24;31;42;2019-present;loto_201911.csv
20222012;20222012;;2022-01-26;MERCREDI;modern-5-plus-chance;14;16;33;38;45;;;10;1;6;25;28;45;2019-present;loto_201911.csv
20222013;20222013;;2022-01-29;SAMEDI;modern-5-plus-chance;42;29;25;46;8;;;9;2;13;14;20;41;2019-present;loto_201911.csv
20222014;20222014;;2022-01-31;LUNDI;modern-5-plus-chance;25;32;31;36;10;;;8;5;32;35;40;44;2019-present;loto_201911.csv
20222015;20222015;;2022-02-02;MERCREDI;modern-5-plus-chance;11;37;49;28;40;;;4;5;15;26;29;44;2019-present;loto_201911.csv
20222016;20222016;;2022-02-05;SAMEDI;modern-5-plus-chance;48;31;24;11;38;;;9;12;19;39;42;48;2019-present;loto_201911.csv
20222017;20222017;;2022-02-07;LUNDI;modern-5-plus-chance;37;15;18;31;46;;;3;4;28;35;36;37;2019-present;loto_201911.csv
20222018;20222018;;2022-02-09;MERCREDI;modern-5-plus-chance;44;48;31;46;21;;;1;8;16;19;22;32;2019-present;loto_201911.csv
20222019;20222019;;2022-02-12;SAMEDI;modern-5-plus-chance;45;22;28;40;37;;;10;17;22;41;46;49;2019-present;loto_201911.csv
20222020;20222020;;2022-02-14;LUNDI;modern-5-plus-chance;26;13;29;15;20;;;5;3;15;45;47;48;2019-present;loto_201911.csv
20222021;20222021;;2022-02-16;MERCREDI;modern-5-plus-chance;22;24;41;21;32;;;2;10;17;19;46;48;2019-present;loto_201911.csv
20222022;20222022;;2022-02-19;SAMEDI;modern-5-plus-chance;32;24;49;39;40;;;1;7;17;20;36;44;2019-present;loto_201911.csv
20222023;20222023;;2022-02-21;LUNDI;modern-5-plus-chance;2;6;10;32;17;;;5;4;7;15;18;42;2019-present;loto_201911.csv
20222024;20222024;;2022-02-23;MERCREDI;modern-5-plus-chance;33;15;6;12;14;;;8;5;26;29;30;34;2019-present;loto_201911.csv
20222025;20222025;;2022-02-26;SAMEDI;modern-5-plus-chance;29;39;28;22;30;;;3;27;29;32;42;46;2019-present;loto_201911.csv
20222026;20222026;;2022-02-28;LUNDI;modern-5-plus-chance;43;9;21;36;27;;;2;3;4;12;32;36;2019-present;loto_201911.csv
20222027;20222027;;2022-03-02;MERCREDI;modern-5-plus-chance;46;4;3;43;22;;;6;3;25;30;35;47;2019-present;loto_201911.csv
20222028;20222028;;2022-03-05;SAMEDI;modern-5-plus-chance;37;26;36;14;1;;;3;13;25;30;33;49;2019-present;loto_201911.csv
20222029;20222029;;2022-03-07;LUNDI;modern-5-plus-chance;8;27;29;15;41;;;4;7;16;27;30;43;2019-present;loto_201911.csv
20222030;20222030;;2022-03-09;MERCREDI;modern-5-plus-chance;32;8;21;41;25;;;4;7;12;20;22;37;2019-present;loto_201911.csv
20222031;20222031;;2022-03-12;SAMEDI;modern-5-plus-chance;16;47;33;21;5;;;5;5;14;16;22;23;2019-present;loto_201911.csv
20222032;20222032;;2022-03-14;LUNDI;modern-5-plus-chance;11;5;32;49;9;;;6;21;22;27;28;29;2019-present;loto_201911.csv
20222033;20222033;;2022-03-16;MERCREDI;modern-5-plus-chance;1;49;12;39;24;;;3;7;24;33;34;36;2019-present;loto_201911.csv
20222034;20222034;;2022-03-19;SAMEDI;modern-5-plus-chance;44;38;33;49;41;;;7;2;8;19;21;30;2019-present;loto_201911.csv
20222035;20222035;;2022-03-21;LUNDI;modern-5-plus-chance;10;26;46;35;5;;;9;14;30;36;39;40;2019-present;loto_201911.csv
20222036;20222036;;2022-03-23;MERCREDI;modern-5-plus-chance;20;2;29;39;18;;;10;21;22;27;29;32;2019-present;loto_201911.csv
20222037;20222037;;2022-03-26;SAMEDI;modern-5-plus-chance;40;10;37;34;12;;;5;20;25;33;42;45;2019-present;loto_201911.csv
20222038;20222038;;2022-03-28;LUNDI;modern-5-plus-chance;16;48;21;5;26;;;10;3;8;24;33;38;2019-present;loto_201911.csv
20222039;20222039;;2022-03-30;MERCREDI;modern-5-plus-chance;12;34;16;26;10;;;7;4;5;17;30;37;2019-present;loto_201911.csv
20222040;20222040;;2022-04-02;SAMEDI;modern-5-plus-chance;15;6;11;28;24;;;10;1;2;19;25;26;2019-present;loto_201911.csv
20222041;20222041;;2022-04-04;LUNDI;modern-5-plus-chance;23;22;33;36;10;;;6;3;18;27;39;44;2019-present;loto_201911.csv
20222042;20222042;;2022-04-06;MERCREDI;modern-5-plus-chance;6;20;48;12;38;;;7;15;24;36;41;49;2019-present;loto_201911.csv
20222043;20222043;;2022-04-09;SAMEDI;modern-5-plus-chance;3;15;13;29;40;;;10;10;18;24;28;38;2019-present;loto_201911.csv
20222044;20222044;;2022-04-11;LUNDI;modern-5-plus-chance;32;3;22;18;17;;;10;8;13;15;29;41;2019-present;loto_201911.csv
20222045;20222045;;2022-04-13;MERCREDI;modern-5-plus-chance;36;29;44;46;35;;;8;2;9;11;12;24;2019-present;loto_201911.csv
20222046;20222046;;2022-04-16;SAMEDI;modern-5-plus-chance;4;41;30;27;21;;;6;1;19;20;44;45;2019-present;loto_201911.csv
20222047;20222047;;2022-04-18;LUNDI;modern-5-plus-chance;10;39;33;9;47;;;5;5;24;27;30;45;2019-present;loto_201911.csv
20222048;20222048;;2022-04-20;MERCREDI;modern-5-plus-chance;45;46;4;13;33;;;7;14;19;39;43;44;2019-present;loto_201911.csv
20222049;20222049;;2022-04-23;SAMEDI;modern-5-plus-chance;44;20;11;9;42;;;4;3;35;39;43;44;2019-present;loto_201911.csv
20222050;20222050;;2022-04-25;LUNDI;modern-5-plus-chance;31;36;42;23;8;;;7;2;22;43;45;47;2019-present;loto_201911.csv
20222051;20222051;;2022-04-27;MERCREDI;modern-5-plus-chance;8;13;1;43;31;;;10;13;18;27;30;40;2019-present;loto_201911.csv
20222052;20222052;;2022-04-30;SAMEDI;modern-5-plus-chance;6;27;5;21;47;;;9;8;13;20;31;35;2019-present;loto_201911.csv
20222053;20222053;;2022-05-02;LUNDI;modern-5-plus-chance;46;20;13;47;8;;;7;2;3;13;23;49;2019-present;loto_201911.csv
20222054;20222054;;2022-05-04;MERCREDI;modern-5-plus-chance;37;30;17;12;41;;;2;10;13;30;31;40;2019-present;loto_201911.csv
20222055;20222055;;2022-05-07;SAMEDI;modern-5-plus-chance;23;37;38;7;15;;;3;12;18;19;24;42;2019-present;loto_201911.csv
20222056;20222056;;2022-05-09;LUNDI;modern-5-plus-chance;6;33;7;9;15;;;2;20;25;29;42;48;2019-present;loto_201911.csv
20222057;20222057;;2022-05-11;MERCREDI;modern-5-plus-chance;23;45;7;2;46;;;10;7;23;27;32;39;2019-present;loto_201911.csv
20222058;20222058;;2022-05-14;SAMEDI;modern-5-plus-chance;4;44;29;32;24;;;4;30;33;46;48;49;2019-present;loto_201911.csv
20222059;20222059;;2022-05-16;LUNDI;modern-5-plus-chance;21;33;4;14;32;;;1;4;13;24;27;29;2019-present;loto_201911.csv
20222060;20222060;;2022-05-18;MERCREDI;modern-5-plus-chance;14;23;22;45;36;;;7;3;6;19;27;45;2019-present;loto_201911.csv
20222061;20222061;;2022-05-21;SAMEDI;modern-5-plus-chance;1;12;41;7;21;;;4;13;29;32;44;45;2019-present;loto_201911.csv
20222062;20222062;;2022-05-23;LUNDI;modern-5-plus-chance;30;26;48;41;47;;;6;5;13;18;43;49;2019-present;loto_201911.csv
20222063;20222063;;2022-05-25;MERCREDI;modern-5-plus-chance;37;30;24;27;45;;;10;8;9;24;31;39;2019-present;loto_201911.csv
20222064;20222064;;2022-05-28;SAMEDI;modern-5-plus-chance;20;27;21;26;7;;;7;1;8;11;36;44;2019-present;loto_201911.csv
20222065;20222065;;2022-05-30;LUNDI;modern-5-plus-chance;22;12;38;13;14;;;2;9;19;29;31;38;2019-present;loto_201911.csv
20222066;20222066;;2022-06-01;MERCREDI;modern-5-plus-chance;33;4;35;22;2;;;7;3;5;6;14;24;2019-present;loto_201911.csv
20222067;20222067;;2022-06-04;SAMEDI;modern-5-plus-chance;9;23;17;42;6;;;5;13;37;42;43;44;2019-present;loto_201911.csv
20222068;20222068;;2022-06-06;LUNDI;modern-5-plus-chance;20;5;22;23;18;;;5;1;4;16;18;49;2019-present;loto_201911.csv
20222069;20222069;;2022-06-08;MERCREDI;modern-5-plus-chance;38;33;39;27;26;;;5;17;30;46;47;49;2019-present;loto_201911.csv
20222070;20222070;;2022-06-11;SAMEDI;modern-5-plus-chance;7;28;4;11;10;;;8;6;12;24;26;36;2019-present;loto_201911.csv
20222071;20222071;;2022-06-13;LUNDI;modern-5-plus-chance;44;45;46;43;31;;;10;7;22;31;37;44;2019-present;loto_201911.csv
20222072;20222072;;2022-06-15;MERCREDI;modern-5-plus-chance;11;37;44;13;21;;;6;1;23;30;32;47;2019-present;loto_201911.csv
20222073;20222073;;2022-06-18;SAMEDI;modern-5-plus-chance;31;1;12;32;28;;;9;9;26;30;31;38;2019-present;loto_201911.csv
20222074;20222074;;2022-06-20;LUNDI;modern-5-plus-chance;27;47;23;48;14;;;3;16;23;37;41;45;2019-present;loto_201911.csv
20222075;20222075;;2022-06-22;MERCREDI;modern-5-plus-chance;17;40;10;27;23;;;2;11;18;22;35;43;2019-present;loto_201911.csv
20222076;20222076;;2022-06-25;SAMEDI;modern-5-plus-chance;2;47;40;31;49;;;9;2;4;19;31;45;2019-present;loto_201911.csv
20222077;20222077;;2022-06-27;LUNDI;modern-5-plus-chance;34;31;36;24;37;;;1;8;13;14;30;46;2019-present;loto_201911.csv
20222078;20222078;;2022-06-29;MERCREDI;modern-5-plus-chance;16;47;43;24;26;;;9;3;10;25;37;44;2019-present;loto_201911.csv
20222079;20222079;;2022-07-02;SAMEDI;modern-5-plus-chance;32;20;22;46;34;;;9;6;14;38;41;42;2019-present;loto_201911.csv
22080;22080;;2022-07-04;LUNDI;modern-5-plus-chance;18;20;4;12;26;;;8;3;13;32;37;44;2019-present;loto_201911.csv
22081;22081;;2022-07-06;MERCREDI;modern-5-plus-chance;43;16;10;25;44;;;4;7;12;15;23;38;2019-present;loto_201911.csv
22082;22082;;2022-07-09;SAMEDI;modern-5-plus-chance;37;24;34;9;8;;;2;4;5;8;33;38;2019-present;loto_201911.csv
22083;22083;;2022-07-11;LUNDI;modern-5-plus-chance;10;5;49;47;1;;;1;10;12;22;25;36;2019-present;loto_201911.csv
22084;22084;;2022-07-13;MERCREDI;modern-5-plus-chance;30;48;7;31;46;;;3;4;9;21;31;33;2019-present;loto_201911.csv
22085;22085;;2022-07-16;SAMEDI;modern-5-plus-chance;3;33;4;49;14;;;3;9;13;19;45;48;2019-present;loto_201911.csv
22086;22086;;2022-07-18;LUNDI;modern-5-plus-chance;18;29;49;37;5;;;8;22;29;30;42;45;2019-present;loto_201911.csv
22087;22087;;2022-07-20;MERCREDI;modern-5-plus-chance;29;21;31;47;17;;;4;24;34;35;46;47;2019-present;loto_201911.csv
22088;22088;;2022-07-23;SAMEDI;modern-5-plus-chance;15;47;39;25;41;;;9;3;23;37;43;44;2019-present;loto_201911.csv
22089;22089;;2022-07-25;LUNDI;modern-5-plus-chance;26;42;13;7;24;;;2;4;5;19;43;48;2019-present;loto_201911.csv
22090;22090;;2022-07-27;MERCREDI;modern-5-plus-chance;13;43;31;47;46;;;10;21;25;28;33;41;2019-present;loto_201911.csv
22091;22091;;2022-07-30;SAMEDI;modern-5-plus-chance;14;21;24;2;38;;;6;5;12;17;22;23;2019-present;loto_201911.csv
22092;22092;;2022-08-01;LUNDI;modern-5-plus-chance;38;1;4;23;30;;;6;15;24;36;45;47;2019-present;loto_201911.csv
22093;22093;;2022-08-03;MERCREDI;modern-5-plus-chance;45;10;5;40;32;;;5;10;14;23;28;31;2019-present;loto_201911.csv
22094;22094;;2022-08-06;SAMEDI;modern-5-plus-chance;37;28;23;38;6;;;1;2;21;29;38;44;2019-present;loto_201911.csv
22095;22095;;2022-08-08;LUNDI;modern-5-plus-chance;41;22;3;37;40;;;2;8;10;16;26;35;2019-present;loto_201911.csv
22096;22096;;2022-08-10;MERCREDI;modern-5-plus-chance;15;35;11;28;9;;;2;11;16;32;40;41;2019-present;loto_201911.csv
22097;22097;;2022-08-13;SAMEDI;modern-5-plus-chance;17;38;37;11;39;;;2;28;34;36;38;41;2019-present;loto_201911.csv
22098;22098;;2022-08-15;LUNDI;modern-5-plus-chance;34;4;48;42;22;;;3;18;19;25;43;47;2019-present;loto_201911.csv
22099;22099;;2022-08-17;MERCREDI;modern-5-plus-chance;16;5;14;29;17;;;3;13;31;34;42;43;2019-present;loto_201911.csv
22100;22100;;2022-08-20;SAMEDI;modern-5-plus-chance;21;38;17;1;46;;;2;3;20;28;44;46;2019-present;loto_201911.csv
22101;22101;;2022-08-22;LUNDI;modern-5-plus-chance;39;46;2;9;44;;;9;1;4;10;21;25;2019-present;loto_201911.csv
22102;22102;;2022-08-24;MERCREDI;modern-5-plus-chance;39;42;36;27;22;;;10;1;4;10;26;33;2019-present;loto_201911.csv
22103;22103;;2022-08-27;SAMEDI;modern-5-plus-chance;32;39;22;11;34;;;3;11;15;32;37;49;2019-present;loto_201911.csv
22104;22104;;2022-08-29;LUNDI;modern-5-plus-chance;5;10;28;34;22;;;4;6;7;12;35;36;2019-present;loto_201911.csv
22105;22105;;2022-08-31;MERCREDI;modern-5-plus-chance;9;39;10;15;45;;;7;8;12;16;24;33;2019-present;loto_201911.csv
22106;22106;;2022-09-03;SAMEDI;modern-5-plus-chance;35;24;44;38;32;;;6;5;6;24;33;44;2019-present;loto_201911.csv
22107;22107;;2022-09-05;LUNDI;modern-5-plus-chance;5;1;35;27;40;;;4;2;8;18;31;44;2019-present;loto_201911.csv
22108;22108;;2022-09-07;MERCREDI;modern-5-plus-chance;20;35;30;3;29;;;9;1;21;24;25;34;2019-present;loto_201911.csv
22109;22109;;2022-09-10;SAMEDI;modern-5-plus-chance;25;3;8;49;24;;;5;3;4;23;32;41;2019-present;loto_201911.csv
22110;22110;;2022-09-12;LUNDI;modern-5-plus-chance;4;49;20;7;21;;;10;1;2;14;23;25;2019-present;loto_201911.csv
22111;22111;;2022-09-14;MERCREDI;modern-5-plus-chance;40;10;38;26;45;;;1;2;12;18;25;36;2019-present;loto_201911.csv
22112;22112;;2022-09-17;SAMEDI;modern-5-plus-chance;12;17;1;20;3;;;3;14;18;19;39;48;2019-present;loto_201911.csv
22113;22113;;2022-09-19;LUNDI;modern-5-plus-chance;5;7;44;15;33;;;1;8;17;22;36;38;2019-present;loto_201911.csv
22114;22114;;2022-09-21;MERCREDI;modern-5-plus-chance;3;12;22;9;37;;;10;5;16;37;39;48;2019-present;loto_201911.csv
22115;22115;;2022-09-24;SAMEDI;modern-5-plus-chance;25;6;32;7;4;;;10;5;14;15;38;43;2019-present;loto_201911.csv
22116;22116;;2022-09-26;LUNDI;modern-5-plus-chance;29;49;35;18;39;;;1;1;7;43;47;48;2019-present;loto_201911.csv
22117;22117;;2022-09-28;MERCREDI;modern-5-plus-chance;12;39;26;14;29;;;10;10;11;26;42;46;2019-present;loto_201911.csv
22118;22118;;2022-10-01;SAMEDI;modern-5-plus-chance;8;7;35;36;26;;;2;20;27;39;45;46;2019-present;loto_201911.csv
22119;22119;;2022-10-03;LUNDI;modern-5-plus-chance;20;40;31;7;23;;;1;6;25;33;41;48;2019-present;loto_201911.csv
22120;22120;;2022-10-05;MERCREDI;modern-5-plus-chance;32;23;39;35;14;;;7;9;20;24;41;42;2019-present;loto_201911.csv
22121;22121;;2022-10-08;SAMEDI;modern-5-plus-chance;17;20;48;16;34;;;7;11;17;24;30;37;2019-present;loto_201911.csv
22122;22122;;2022-10-10;LUNDI;modern-5-plus-chance;19;40;32;13;46;;;7;23;24;26;44;49;2019-present;loto_201911.csv
22123;22123;;2022-10-12;MERCREDI;modern-5-plus-chance;17;44;7;40;39;;;3;6;7;24;35;46;2019-present;loto_201911.csv
22124;22124;;2022-10-15;SAMEDI;modern-5-plus-chance;31;16;27;24;46;;;1;23;33;34;40;49;2019-present;loto_201911.csv
22125;22125;;2022-10-17;LUNDI;modern-5-plus-chance;38;49;20;16;40;;;2;29;35;40;45;49;2019-present;loto_201911.csv
22126;22126;;2022-10-19;MERCREDI;modern-5-plus-chance;35;16;38;46;25;;;8;5;9;21;33;36;2019-present;loto_201911.csv
22127;22127;;2022-10-22;SAMEDI;modern-5-plus-chance;12;2;25;35;7;;;10;19;20;26;34;43;2019-present;loto_201911.csv
22128;22128;;2022-10-24;LUNDI;modern-5-plus-chance;43;28;33;37;29;;;1;1;8;17;24;42;2019-present;loto_201911.csv
22129;22129;;2022-10-26;MERCREDI;modern-5-plus-chance;45;30;4;2;23;;;5;2;10;29;30;31;2019-present;loto_201911.csv
22130;22130;;2022-10-29;SAMEDI;modern-5-plus-chance;33;28;48;44;26;;;4;5;8;13;15;43;2019-present;loto_201911.csv
22131;22131;;2022-10-31;LUNDI;modern-5-plus-chance;34;25;45;44;4;;;7;1;3;17;18;19;2019-present;loto_201911.csv
22132;22132;;2022-11-02;MERCREDI;modern-5-plus-chance;45;7;38;4;26;;;2;11;12;23;24;47;2019-present;loto_201911.csv
22133;22133;;2022-11-05;SAMEDI;modern-5-plus-chance;40;6;38;23;32;;;10;9;13;14;29;35;2019-present;loto_201911.csv
22134;22134;;2022-11-07;LUNDI;modern-5-plus-chance;24;8;9;40;31;;;7;25;26;41;43;49;2019-present;loto_201911.csv
22135;22135;;2022-11-09;MERCREDI;modern-5-plus-chance;15;2;1;41;30;;;9;2;3;7;19;45;2019-present;loto_201911.csv
22136;22136;;2022-11-12;SAMEDI;modern-5-plus-chance;14;44;34;25;4;;;7;1;20;24;33;46;2019-present;loto_201911.csv
22137;22137;;2022-11-14;LUNDI;modern-5-plus-chance;28;23;34;44;14;;;5;20;28;38;41;47;2019-present;loto_201911.csv
22138;22138;;2022-11-16;MERCREDI;modern-5-plus-chance;1;8;48;38;3;;;1;19;30;32;41;45;2019-present;loto_201911.csv
22139;22139;;2022-11-19;SAMEDI;modern-5-plus-chance;40;24;19;1;28;;;8;17;23;28;38;44;2019-present;loto_201911.csv
22140;22140;;2022-11-21;LUNDI;modern-5-plus-chance;45;33;47;15;23;;;7;9;18;35;39;41;2019-present;loto_201911.csv
22141;22141;;2022-11-23;MERCREDI;modern-5-plus-chance;46;36;45;15;19;;;4;1;3;26;31;35;2019-present;loto_201911.csv
22142;22142;;2022-11-26;SAMEDI;modern-5-plus-chance;5;7;28;23;2;;;5;1;26;39;43;49;2019-present;loto_201911.csv
22143;22143;;2022-11-28;LUNDI;modern-5-plus-chance;24;46;9;2;13;;;6;6;21;30;35;47;2019-present;loto_201911.csv
22144;22144;;2022-11-30;MERCREDI;modern-5-plus-chance;44;18;28;49;30;;;5;24;37;44;46;48;2019-present;loto_201911.csv
22145;22145;;2022-12-03;SAMEDI;modern-5-plus-chance;32;19;34;26;27;;;9;16;22;24;26;47;2019-present;loto_201911.csv
22146;22146;;2022-12-05;LUNDI;modern-5-plus-chance;36;45;9;24;17;;;7;1;4;6;12;42;2019-present;loto_201911.csv
22147;22147;;2022-12-07;MERCREDI;modern-5-plus-chance;2;12;38;15;10;;;5;4;7;11;38;44;2019-present;loto_201911.csv
22148;22148;;2022-12-10;SAMEDI;modern-5-plus-chance;6;43;29;13;27;;;2;4;16;26;33;48;2019-present;loto_201911.csv
22149;22149;;2022-12-12;LUNDI;modern-5-plus-chance;46;25;47;2;35;;;10;3;12;13;23;34;2019-present;loto_201911.csv
22150;22150;;2022-12-14;MERCREDI;modern-5-plus-chance;15;37;4;20;6;;;10;17;30;31;37;41;2019-present;loto_201911.csv
22151;22151;;2022-12-17;SAMEDI;modern-5-plus-chance;46;27;42;23;8;;;3;1;11;30;31;49;2019-present;loto_201911.csv
22152;22152;;2022-12-19;LUNDI;modern-5-plus-chance;43;35;6;31;36;;;4;5;10;14;26;30;2019-present;loto_201911.csv
22153;22153;;2022-12-21;MERCREDI;modern-5-plus-chance;11;22;15;12;21;;;7;12;18;41;42;45;2019-present;loto_201911.csv
22154;22154;;2022-12-24;SAMEDI;modern-5-plus-chance;12;41;47;46;6;;;6;24;27;30;36;37;2019-present;loto_201911.csv
22155;22155;;2022-12-26;LUNDI;modern-5-plus-chance;6;23;32;49;48;;;4;14;17;23;41;42;2019-present;loto_201911.csv
22156;22156;;2022-12-28;MERCREDI;modern-5-plus-chance;29;1;3;35;8;;;8;9;13;35;39;41;2019-present;loto_201911.csv
22157;22157;;2022-12-31;SAMEDI;modern-5-plus-chance;35;39;16;11;23;;;8;4;12;20;24;47;2019-present;loto_201911.csv
23001;23001;;2023-01-02;LUNDI;modern-5-plus-chance;49;39;45;41;1;;;5;7;17;22;23;38;2019-present;loto_201911.csv
23002;23002;;2023-01-04;MERCREDI;modern-5-plus-chance;3;5;49;38;25;;;10;7;13;15;24;38;2019-present;loto_201911.csv
23003;23003;;2023-01-07;SAMEDI;modern-5-plus-chance;8;43;7;21;34;;;6;14;17;21;37;41;2019-present;loto_201911.csv
23004;23004;;2023-01-09;LUNDI;modern-5-plus-chance;38;1;48;30;20;;;3;6;14;26;41;44;2019-present;loto_201911.csv
23005;23005;;2023-01-11;MERCREDI;modern-5-plus-chance;8;16;17;3;47;;;9;6;9;11;47;48;2019-present;loto_201911.csv
23006;23006;;2023-01-14;SAMEDI;modern-5-plus-chance;22;36;40;13;14;;;9;13;19;20;26;42;2019-present;loto_201911.csv
23007;23007;;2023-01-16;LUNDI;modern-5-plus-chance;5;31;10;19;28;;;4;18;19;25;42;48;2019-present;loto_201911.csv
23008;23008;;2023-01-18;MERCREDI;modern-5-plus-chance;7;35;48;39;11;;;8;12;18;44;45;48;2019-present;loto_201911.csv
23009;23009;;2023-01-21;SAMEDI;modern-5-plus-chance;41;4;45;18;24;;;6;13;17;22;28;49;2019-present;loto_201911.csv
23010;23010;;2023-01-23;LUNDI;modern-5-plus-chance;28;6;10;35;32;;;9;6;8;19;27;39;2019-present;loto_201911.csv
23011;23011;;2023-01-25;MERCREDI;modern-5-plus-chance;32;26;44;18;21;;;10;9;13;19;33;39;2019-present;loto_201911.csv
23012;23012;;2023-01-28;SAMEDI;modern-5-plus-chance;15;44;5;30;45;;;5;14;16;27;37;40;2019-present;loto_201911.csv
23013;23013;;2023-01-30;LUNDI;modern-5-plus-chance;35;27;8;30;34;;;5;14;23;28;35;42;2019-present;loto_201911.csv
23014;23014;;2023-02-01;MERCREDI;modern-5-plus-chance;12;48;38;35;9;;;5;1;5;13;16;34;2019-present;loto_201911.csv
23015;23015;;2023-02-04;SAMEDI;modern-5-plus-chance;42;26;31;13;16;;;2;11;13;28;36;38;2019-present;loto_201911.csv
23016;23016;;2023-02-06;LUNDI;modern-5-plus-chance;32;13;5;21;6;;;3;4;19;24;40;47;2019-present;loto_201911.csv
23017;23017;;2023-02-08;MERCREDI;modern-5-plus-chance;44;24;16;21;34;;;7;29;30;36;41;45;2019-present;loto_201911.csv
23018;23018;;2023-02-11;SAMEDI;modern-5-plus-chance;43;9;15;47;45;;;9;3;25;28;40;45;2019-present;loto_201911.csv
23019;23019;;2023-02-13;LUNDI;modern-5-plus-chance;20;8;33;27;35;;;2;3;4;5;13;22;2019-present;loto_201911.csv
23020;23020;;2023-02-15;MERCREDI;modern-5-plus-chance;20;24;5;44;28;;;6;1;10;20;24;49;2019-present;loto_201911.csv
23021;23021;;2023-02-18;SAMEDI;modern-5-plus-chance;12;24;1;13;5;;;9;24;27;28;40;42;2019-present;loto_201911.csv
23022;23022;;2023-02-20;LUNDI;modern-5-plus-chance;35;43;41;22;16;;;7;6;13;18;29;34;2019-present;loto_201911.csv
23023;23023;;2023-02-22;MERCREDI;modern-5-plus-chance;37;35;3;24;31;;;4;10;19;20;23;43;2019-present;loto_201911.csv
23024;23024;;2023-02-25;SAMEDI;modern-5-plus-chance;34;19;3;1;43;;;3;19;21;27;32;41;2019-present;loto_201911.csv
23025;23025;;2023-02-27;LUNDI;modern-5-plus-chance;5;37;14;6;2;;;1;4;31;33;36;37;2019-present;loto_201911.csv
23026;23026;;2023-03-01;MERCREDI;modern-5-plus-chance;18;39;45;14;21;;;8;14;22;25;29;33;2019-present;loto_201911.csv
23027;23027;;2023-03-04;SAMEDI;modern-5-plus-chance;42;40;35;25;12;;;6;1;12;15;19;23;2019-present;loto_201911.csv
23028;23028;;2023-03-06;LUNDI;modern-5-plus-chance;24;38;41;18;5;;;7;16;24;29;33;45;2019-present;loto_201911.csv
23029;23029;;2023-03-08;MERCREDI;modern-5-plus-chance;10;7;46;16;35;;;5;4;10;16;19;37;2019-present;loto_201911.csv
23030;23030;;2023-03-11;SAMEDI;modern-5-plus-chance;6;34;14;33;18;;;6;2;9;16;47;49;2019-present;loto_201911.csv
23031;23031;;2023-03-13;LUNDI;modern-5-plus-chance;47;45;35;42;19;;;2;7;30;32;34;35;2019-present;loto_201911.csv
23032;23032;;2023-03-15;MERCREDI;modern-5-plus-chance;37;20;15;5;17;;;2;12;16;21;25;34;2019-present;loto_201911.csv
23033;23033;;2023-03-18;SAMEDI;modern-5-plus-chance;7;31;8;48;32;;;5;6;22;28;32;46;2019-present;loto_201911.csv
23034;23034;;2023-03-20;LUNDI;modern-5-plus-chance;38;19;10;26;7;;;8;7;22;26;35;44;2019-present;loto_201911.csv
23035;23035;;2023-03-22;MERCREDI;modern-5-plus-chance;24;38;33;12;20;;;2;8;10;14;19;44;2019-present;loto_201911.csv
23036;23036;;2023-03-25;SAMEDI;modern-5-plus-chance;3;34;29;7;11;;;4;6;15;25;27;48;2019-present;loto_201911.csv
23037;23037;;2023-03-27;LUNDI;modern-5-plus-chance;1;11;23;41;34;;;9;3;8;13;35;36;2019-present;loto_201911.csv
23038;23038;;2023-03-29;MERCREDI;modern-5-plus-chance;34;1;32;14;11;;;9;5;8;16;26;29;2019-present;loto_201911.csv
23039;23039;;2023-04-01;SAMEDI;modern-5-plus-chance;44;48;17;12;35;;;8;2;13;21;30;44;2019-present;loto_201911.csv
23040;23040;;2023-04-03;LUNDI;modern-5-plus-chance;49;15;39;31;46;;;4;2;4;15;23;29;2019-present;loto_201911.csv
23041;23041;;2023-04-05;MERCREDI;modern-5-plus-chance;31;33;16;29;39;;;2;6;13;23;31;34;2019-present;loto_201911.csv
23042;23042;;2023-04-08;SAMEDI;modern-5-plus-chance;19;35;48;3;42;;;10;5;16;20;32;46;2019-present;loto_201911.csv
23043;23043;;2023-04-10;LUNDI;modern-5-plus-chance;45;24;15;10;49;;;2;26;33;36;39;48;2019-present;loto_201911.csv
23044;23044;;2023-04-12;MERCREDI;modern-5-plus-chance;18;26;10;30;15;;;7;3;4;16;23;31;2019-present;loto_201911.csv
23045;23045;;2023-04-15;SAMEDI;modern-5-plus-chance;32;17;15;19;29;;;10;9;14;16;30;42;2019-present;loto_201911.csv
23046;23046;;2023-04-17;LUNDI;modern-5-plus-chance;3;18;42;13;43;;;9;16;19;24;32;35;2019-present;loto_201911.csv
23047;23047;;2023-04-19;MERCREDI;modern-5-plus-chance;43;41;5;46;34;;;5;2;12;33;34;44;2019-present;loto_201911.csv
23048;23048;;2023-04-22;SAMEDI;modern-5-plus-chance;12;26;48;13;35;;;1;12;17;29;34;49;2019-present;loto_201911.csv
23049;23049;;2023-04-24;LUNDI;modern-5-plus-chance;41;23;25;1;49;;;2;9;11;22;24;29;2019-present;loto_201911.csv
23050;23050;;2023-04-26;MERCREDI;modern-5-plus-chance;3;18;24;11;14;;;10;14;17;24;46;49;2019-present;loto_201911.csv
23051;23051;;2023-04-29;SAMEDI;modern-5-plus-chance;40;48;36;22;3;;;5;2;4;11;19;47;2019-present;loto_201911.csv
23052;23052;;2023-05-01;LUNDI;modern-5-plus-chance;15;41;33;44;5;;;10;7;17;18;30;42;2019-present;loto_201911.csv
23053;23053;;2023-05-03;MERCREDI;modern-5-plus-chance;17;23;13;20;45;;;8;16;29;32;37;44;2019-present;loto_201911.csv
23054;23054;;2023-05-06;SAMEDI;modern-5-plus-chance;47;25;42;2;30;;;10;4;11;13;23;28;2019-present;loto_201911.csv
23055;23055;;2023-05-08;LUNDI;modern-5-plus-chance;43;47;16;39;4;;;5;12;22;25;28;49;2019-present;loto_201911.csv
23056;23056;;2023-05-10;MERCREDI;modern-5-plus-chance;45;12;44;15;9;;;1;11;13;18;25;47;2019-present;loto_201911.csv
23057;23057;;2023-05-13;SAMEDI;modern-5-plus-chance;43;6;25;34;9;;;5;6;7;26;32;44;2019-present;loto_201911.csv
3058;3058;;2023-05-15;LUNDI;modern-5-plus-chance;12;9;48;7;29;;;4;13;24;27;29;38;2019-present;loto_201911.csv
3059;3059;;2023-05-17;MERCREDI;modern-5-plus-chance;8;2;11;47;40;;;7;7;14;16;38;47;2019-present;loto_201911.csv
3060;3060;;2023-05-20;SAMEDI;modern-5-plus-chance;25;18;3;8;37;;;6;19;20;33;35;48;2019-present;loto_201911.csv
3061;3061;;2023-05-22;LUNDI;modern-5-plus-chance;43;33;42;22;37;;;4;3;16;22;44;46;2019-present;loto_201911.csv
3062;3062;;2023-05-24;MERCREDI;modern-5-plus-chance;20;11;36;17;28;;;10;22;31;32;35;36;2019-present;loto_201911.csv
3063;3063;;2023-05-27;SAMEDI;modern-5-plus-chance;25;24;31;34;9;;;9;7;34;37;43;49;2019-present;loto_201911.csv
3064;3064;;2023-05-29;LUNDI;modern-5-plus-chance;12;38;28;24;36;;;3;4;5;24;34;43;2019-present;loto_201911.csv
3065;3065;;2023-05-31;MERCREDI;modern-5-plus-chance;43;9;40;28;13;;;3;5;8;20;27;28;2019-present;loto_201911.csv
3066;3066;;2023-06-03;SAMEDI;modern-5-plus-chance;46;44;37;2;39;;;4;9;18;24;28;48;2019-present;loto_201911.csv
3067;3067;;2023-06-05;LUNDI;modern-5-plus-chance;3;46;25;10;13;;;5;7;11;18;31;44;2019-present;loto_201911.csv
3068;3068;;2023-06-07;MERCREDI;modern-5-plus-chance;41;28;3;4;23;;;8;1;3;6;10;44;2019-present;loto_201911.csv
3069;3069;;2023-06-10;SAMEDI;modern-5-plus-chance;28;16;11;32;49;;;10;14;20;27;35;43;2019-present;loto_201911.csv
3070;3070;;2023-06-12;LUNDI;modern-5-plus-chance;12;26;28;19;21;;;2;6;10;20;42;47;2019-present;loto_201911.csv
3071;3071;;2023-06-14;MERCREDI;modern-5-plus-chance;14;9;16;12;33;;;2;6;10;14;23;31;2019-present;loto_201911.csv
3072;3072;;2023-06-17;SAMEDI;modern-5-plus-chance;28;43;29;38;44;;;3;20;27;37;38;48;2019-present;loto_201911.csv
3073;3073;;2023-06-19;LUNDI;modern-5-plus-chance;39;42;38;29;49;;;3;3;8;18;28;34;2019-present;loto_201911.csv
3074;3074;;2023-06-21;MERCREDI;modern-5-plus-chance;20;35;27;19;12;;;4;8;16;19;20;45;2019-present;loto_201911.csv
3075;3075;;2023-06-24;SAMEDI;modern-5-plus-chance;30;40;3;21;2;;;4;10;34;36;47;48;2019-present;loto_201911.csv
3076;3076;;2023-06-26;LUNDI;modern-5-plus-chance;14;21;48;16;26;;;3;3;12;22;36;48;2019-present;loto_201911.csv
3077;3077;;2023-06-28;MERCREDI;modern-5-plus-chance;49;34;36;12;42;;;10;6;22;28;41;48;2019-present;loto_201911.csv
3078;3078;;2023-07-01;SAMEDI;modern-5-plus-chance;24;7;18;15;9;;;10;8;13;27;36;48;2019-present;loto_201911.csv
23079;23079;;2023-07-03;LUNDI;modern-5-plus-chance;42;23;2;8;35;;;7;4;11;22;27;43;2019-present;loto_201911.csv
23080;23080;;2023-07-05;MERCREDI;modern-5-plus-chance;22;8;19;7;15;;;5;18;21;32;41;47;2019-present;loto_201911.csv
23081;23081;;2023-07-08;SAMEDI;modern-5-plus-chance;6;19;48;32;10;;;5;17;19;33;39;41;2019-present;loto_201911.csv
23082;23082;;2023-07-10;LUNDI;modern-5-plus-chance;14;3;10;44;8;;;2;2;19;28;39;45;2019-present;loto_201911.csv
23083;23083;;2023-07-12;MERCREDI;modern-5-plus-chance;31;18;34;27;26;;;8;19;20;28;30;47;2019-present;loto_201911.csv
23084;23084;;2023-07-15;SAMEDI;modern-5-plus-chance;7;32;42;45;12;;;6;9;10;16;29;41;2019-present;loto_201911.csv
23085;23085;;2023-07-17;LUNDI;modern-5-plus-chance;47;6;20;9;41;;;9;25;26;28;31;45;2019-present;loto_201911.csv
23086;23086;;2023-07-19;MERCREDI;modern-5-plus-chance;35;5;39;19;11;;;9;10;21;36;40;46;2019-present;loto_201911.csv
23087;23087;;2023-07-22;SAMEDI;modern-5-plus-chance;37;33;42;36;31;;;3;1;5;7;25;26;2019-present;loto_201911.csv
23088;23088;;2023-07-24;LUNDI;modern-5-plus-chance;12;1;31;45;17;;;7;22;25;28;44;49;2019-present;loto_201911.csv
23089;23089;;2023-07-26;MERCREDI;modern-5-plus-chance;17;49;18;28;11;;;7;1;14;26;28;49;2019-present;loto_201911.csv
23090;23090;;2023-07-29;SAMEDI;modern-5-plus-chance;1;49;29;18;37;;;4;2;3;9;24;49;2019-present;loto_201911.csv
23091;23091;;2023-07-31;LUNDI;modern-5-plus-chance;1;47;22;33;4;;;1;21;27;33;40;44;2019-present;loto_201911.csv
23092;23092;;2023-08-02;MERCREDI;modern-5-plus-chance;18;12;32;9;23;;;9;4;10;18;20;45;2019-present;loto_201911.csv
23093;23093;;2023-08-05;SAMEDI;modern-5-plus-chance;40;42;2;7;10;;;2;9;11;16;37;42;2019-present;loto_201911.csv
23094;23094;;2023-08-07;LUNDI;modern-5-plus-chance;11;1;15;48;47;;;7;13;16;17;37;45;2019-present;loto_201911.csv
23095;23095;;2023-08-09;MERCREDI;modern-5-plus-chance;6;31;45;14;3;;;9;10;14;27;33;35;2019-present;loto_201911.csv
23096;23096;;2023-08-12;SAMEDI;modern-5-plus-chance;9;20;44;1;39;;;9;7;10;21;29;47;2019-present;loto_201911.csv
23097;23097;;2023-08-14;LUNDI;modern-5-plus-chance;44;13;3;27;49;;;9;16;19;21;32;37;2019-present;loto_201911.csv
23098;23098;;2023-08-16;MERCREDI;modern-5-plus-chance;24;41;19;35;27;;;9;11;20;31;41;42;2019-present;loto_201911.csv
23099;23099;;2023-08-19;SAMEDI;modern-5-plus-chance;27;8;32;11;4;;;10;7;33;34;44;49;2019-present;loto_201911.csv
23100;23100;;2023-08-21;LUNDI;modern-5-plus-chance;3;17;4;36;22;;;6;3;6;12;40;43;2019-present;loto_201911.csv
23101;23101;;2023-08-23;MERCREDI;modern-5-plus-chance;46;29;25;8;34;;;7;3;5;7;22;40;2019-present;loto_201911.csv
23102;23102;;2023-08-26;SAMEDI;modern-5-plus-chance;15;14;21;34;45;;;5;10;13;19;39;43;2019-present;loto_201911.csv
23103;23103;;2023-08-28;LUNDI;modern-5-plus-chance;9;35;23;37;28;;;7;2;8;20;36;38;2019-present;loto_201911.csv
23104;23104;;2023-08-30;MERCREDI;modern-5-plus-chance;46;31;20;45;39;;;10;22;23;24;31;40;2019-present;loto_201911.csv
23105;23105;;2023-09-02;SAMEDI;modern-5-plus-chance;10;33;47;1;7;;;10;2;10;11;33;47;2019-present;loto_201911.csv
23106;23106;;2023-09-04;LUNDI;modern-5-plus-chance;27;13;2;11;36;;;10;1;11;29;30;48;2019-present;loto_201911.csv
23107;23107;;2023-09-06;MERCREDI;modern-5-plus-chance;47;30;15;33;4;;;10;11;24;25;26;30;2019-present;loto_201911.csv
23108;23108;;2023-09-09;SAMEDI;modern-5-plus-chance;15;7;3;42;4;;;4;6;15;24;28;33;2019-present;loto_201911.csv
23109;23109;;2023-09-11;LUNDI;modern-5-plus-chance;31;44;40;13;28;;;6;3;10;16;35;42;2019-present;loto_201911.csv
23110;23110;;2023-09-13;MERCREDI;modern-5-plus-chance;11;27;30;48;49;;;8;14;23;39;44;45;2019-present;loto_201911.csv
23111;23111;;2023-09-16;SAMEDI;modern-5-plus-chance;42;43;32;40;15;;;4;3;8;27;48;49;2019-present;loto_201911.csv
23112;23112;;2023-09-18;LUNDI;modern-5-plus-chance;5;30;40;35;17;;;6;2;19;20;28;38;2019-present;loto_201911.csv
23113;23113;;2023-09-20;MERCREDI;modern-5-plus-chance;48;19;37;16;29;;;1;18;21;28;41;45;2019-present;loto_201911.csv
23114;23114;;2023-09-23;SAMEDI;modern-5-plus-chance;26;28;40;37;6;;;8;2;12;27;41;46;2019-present;loto_201911.csv
23115;23115;;2023-09-25;LUNDI;modern-5-plus-chance;4;13;27;46;21;;;4;2;9;30;34;47;2019-present;loto_201911.csv
23116;23116;;2023-09-27;MERCREDI;modern-5-plus-chance;44;14;30;25;17;;;3;16;17;30;38;45;2019-present;loto_201911.csv
23117;23117;;2023-09-30;SAMEDI;modern-5-plus-chance;33;48;25;23;41;;;1;1;13;16;19;25;2019-present;loto_201911.csv
23118;23118;;2023-10-02;LUNDI;modern-5-plus-chance;6;40;17;15;3;;;1;10;16;20;29;48;2019-present;loto_201911.csv
23119;23119;;2023-10-04;MERCREDI;modern-5-plus-chance;26;21;40;27;31;;;1;3;16;19;22;34;2019-present;loto_201911.csv
23120;23120;;2023-10-07;SAMEDI;modern-5-plus-chance;5;12;42;9;26;;;2;9;11;17;39;40;2019-present;loto_201911.csv
23121;23121;;2023-10-09;LUNDI;modern-5-plus-chance;9;16;32;30;23;;;6;5;7;19;20;25;2019-present;loto_201911.csv
23122;23122;;2023-10-11;MERCREDI;modern-5-plus-chance;10;16;15;6;24;;;8;8;25;36;37;47;2019-present;loto_201911.csv
23123;23123;;2023-10-14;SAMEDI;modern-5-plus-chance;13;14;27;4;20;;;1;15;20;24;35;40;2019-present;loto_201911.csv
23124;23124;;2023-10-16;LUNDI;modern-5-plus-chance;6;7;37;25;47;;;9;8;32;34;36;43;2019-present;loto_201911.csv
23125;23125;;2023-10-18;MERCREDI;modern-5-plus-chance;22;13;46;49;3;;;1;6;16;28;29;33;2019-present;loto_201911.csv
23126;23126;;2023-10-21;SAMEDI;modern-5-plus-chance;47;14;28;3;25;;;10;3;17;19;44;46;2019-present;loto_201911.csv
23127;23127;;2023-10-23;LUNDI;modern-5-plus-chance;10;3;40;26;22;;;4;1;6;7;40;43;2019-present;loto_201911.csv
23128;23128;;2023-10-25;MERCREDI;modern-5-plus-chance;22;12;30;35;33;;;10;13;33;35;40;48;2019-present;loto_201911.csv
23129;23129;;2023-10-28;SAMEDI;modern-5-plus-chance;31;38;22;32;34;;;2;20;25;29;34;46;2019-present;loto_201911.csv
23130;23130;;2023-10-30;LUNDI;modern-5-plus-chance;30;34;8;1;13;;;4;8;15;19;25;44;2019-present;loto_201911.csv
23131;23131;;2023-11-01;MERCREDI;modern-5-plus-chance;32;46;27;1;16;;;1;8;14;24;32;39;2019-present;loto_201911.csv
23132;23132;;2023-11-04;SAMEDI;modern-5-plus-chance;20;13;46;40;25;;;7;13;16;22;29;47;2019-present;loto_201911.csv
23133;23133;;2023-11-06;LUNDI;modern-5-plus-chance;18;10;40;34;31;;;10;2;4;40;45;46;2019-present;loto_201911.csv
23134;23134;;2023-11-08;MERCREDI;modern-5-plus-chance;2;49;1;36;14;;;9;2;18;26;30;33;2019-present;loto_201911.csv
23135;23135;;2023-11-11;SAMEDI;modern-5-plus-chance;17;22;35;25;19;;;6;17;27;32;36;41;2019-present;loto_201911.csv
23136;23136;;2023-11-13;LUNDI;modern-5-plus-chance;46;39;23;45;13;;;7;12;15;32;36;48;2019-present;loto_201911.csv
23137;23137;;2023-11-15;MERCREDI;modern-5-plus-chance;22;7;16;30;2;;;1;16;27;36;38;47;2019-present;loto_201911.csv
23138;23138;;2023-11-18;SAMEDI;modern-5-plus-chance;12;21;48;29;20;;;3;14;33;35;36;48;2019-present;loto_201911.csv
23139;23139;;2023-11-20;LUNDI;modern-5-plus-chance;30;15;34;46;41;;;2;8;28;40;41;47;2019-present;loto_201911.csv
23140;23140;;2023-11-22;MERCREDI;modern-5-plus-chance;18;45;41;4;17;;;2;1;15;19;23;24;2019-present;loto_201911.csv
23141;23141;;2023-11-25;SAMEDI;modern-5-plus-chance;1;9;19;13;11;;;8;7;10;41;42;43;2019-present;loto_201911.csv
23142;23142;;2023-11-27;LUNDI;modern-5-plus-chance;19;8;46;26;9;;;9;6;7;8;26;40;2019-present;loto_201911.csv
23143;23143;;2023-11-29;MERCREDI;modern-5-plus-chance;21;30;6;31;10;;;1;2;6;7;28;34;2019-present;loto_201911.csv
23144;23144;;2023-12-02;SAMEDI;modern-5-plus-chance;25;19;12;11;28;;;4;2;11;15;20;29;2019-present;loto_201911.csv
23145;23145;;2023-12-04;LUNDI;modern-5-plus-chance;41;44;38;8;10;;;2;8;29;37;46;48;2019-present;loto_201911.csv
23146;23146;;2023-12-06;MERCREDI;modern-5-plus-chance;29;1;43;37;27;;;7;22;28;33;40;43;2019-present;loto_201911.csv
23147;23147;;2023-12-09;SAMEDI;modern-5-plus-chance;40;34;36;28;15;;;10;11;13;15;20;36;2019-present;loto_201911.csv
23148;23148;;2023-12-11;LUNDI;modern-5-plus-chance;25;48;16;12;49;;;10;13;15;21;23;47;2019-present;loto_201911.csv
23149;23149;;2023-12-13;MERCREDI;modern-5-plus-chance;4;19;22;18;7;;;10;5;8;26;40;48;2019-present;loto_201911.csv
23150;23150;;2023-12-16;SAMEDI;modern-5-plus-chance;1;15;12;30;44;;;1;5;16;17;37;42;2019-present;loto_201911.csv
23151;23151;;2023-12-18;LUNDI;modern-5-plus-chance;30;3;15;41;16;;;9;2;17;31;35;39;2019-present;loto_201911.csv
23152;23152;;2023-12-20;MERCREDI;modern-5-plus-chance;2;3;29;30;31;;;10;2;9;26;45;47;2019-present;loto_201911.csv
23153;23153;;2023-12-23;SAMEDI;modern-5-plus-chance;39;28;26;5;29;;;10;9;23;30;33;37;2019-present;loto_201911.csv
23154;23154;;2023-12-25;LUNDI;modern-5-plus-chance;9;32;7;47;1;;;1;1;17;25;31;32;2019-present;loto_201911.csv
23155;23155;;2023-12-27;MERCREDI;modern-5-plus-chance;16;41;26;28;13;;;8;1;26;35;39;43;2019-present;loto_201911.csv
23156;23156;;2023-12-30;SAMEDI;modern-5-plus-chance;36;12;7;11;38;;;6;6;17;24;28;31;2019-present;loto_201911.csv
24001;24001;;2024-01-01;LUNDI;modern-5-plus-chance;4;41;16;13;6;;;10;1;33;34;35;47;2019-present;loto_201911.csv
24002;24002;;2024-01-03;MERCREDI;modern-5-plus-chance;36;1;45;9;14;;;3;18;22;34;36;42;2019-present;loto_201911.csv
24003;24003;;2024-01-06;SAMEDI;modern-5-plus-chance;49;19;22;40;45;;;2;5;20;30;33;41;2019-present;loto_201911.csv
24004;24004;;2024-01-08;LUNDI;modern-5-plus-chance;6;48;11;49;46;;;2;11;15;19;24;32;2019-present;loto_201911.csv
24005;24005;;2024-01-10;MERCREDI;modern-5-plus-chance;12;28;32;45;38;;;9;9;32;43;44;46;2019-present;loto_201911.csv
24006;24006;;2024-01-13;SAMEDI;modern-5-plus-chance;12;15;21;29;48;;;6;7;27;29;42;43;2019-present;loto_201911.csv
24007;24007;;2024-01-15;LUNDI;modern-5-plus-chance;11;7;15;23;19;;;4;2;3;16;24;44;2019-present;loto_201911.csv
24008;24008;;2024-01-17;MERCREDI;modern-5-plus-chance;29;8;37;22;39;;;10;13;23;33;37;42;2019-present;loto_201911.csv
24009;24009;;2024-01-20;SAMEDI;modern-5-plus-chance;19;41;42;43;45;;;2;11;23;24;25;32;2019-present;loto_201911.csv
24010;24010;;2024-01-22;LUNDI;modern-5-plus-chance;32;29;37;20;5;;;9;2;9;10;21;31;2019-present;loto_201911.csv
24011;24011;;2024-01-24;MERCREDI;modern-5-plus-chance;25;9;34;31;32;;;5;19;23;25;46;47;2019-present;loto_201911.csv
24012;24012;;2024-01-27;SAMEDI;modern-5-plus-chance;47;2;14;33;30;;;5;11;24;29;30;33;2019-present;loto_201911.csv
24013;24013;;2024-01-29;LUNDI;modern-5-plus-chance;27;26;8;9;15;;;4;5;7;24;28;49;2019-present;loto_201911.csv
24014;24014;;2024-01-31;MERCREDI;modern-5-plus-chance;34;2;13;15;31;;;8;8;10;29;30;32;2019-present;loto_201911.csv
24015;24015;;2024-02-03;SAMEDI;modern-5-plus-chance;42;4;23;15;12;;;1;9;11;24;30;33;2019-present;loto_201911.csv
24016;24016;;2024-02-05;LUNDI;modern-5-plus-chance;36;3;33;34;42;;;2;6;15;19;37;47;2019-present;loto_201911.csv
24017;24017;;2024-02-07;MERCREDI;modern-5-plus-chance;24;13;23;6;34;;;4;12;20;23;29;46;2019-present;loto_201911.csv
24018;24018;;2024-02-10;SAMEDI;modern-5-plus-chance;44;15;37;34;40;;;8;12;19;37;38;46;2019-present;loto_201911.csv
24019;24019;;2024-02-12;LUNDI;modern-5-plus-chance;36;40;5;30;43;;;1;9;11;35;45;46;2019-present;loto_201911.csv
24020;24020;;2024-02-14;MERCREDI;modern-5-plus-chance;28;15;3;46;36;;;2;18;32;36;47;48;2019-present;loto_201911.csv
24021;24021;;2024-02-17;SAMEDI;modern-5-plus-chance;2;19;13;23;36;;;3;1;5;19;27;46;2019-present;loto_201911.csv
24022;24022;;2024-02-19;LUNDI;modern-5-plus-chance;35;23;16;42;8;;;2;7;15;16;34;39;2019-present;loto_201911.csv
24023;24023;;2024-02-21;MERCREDI;modern-5-plus-chance;42;22;9;33;45;;;3;8;18;27;30;34;2019-present;loto_201911.csv
24024;24024;;2024-02-24;SAMEDI;modern-5-plus-chance;14;45;37;22;25;;;3;1;7;12;42;45;2019-present;loto_201911.csv
24025;24025;;2024-02-26;LUNDI;modern-5-plus-chance;7;45;30;8;20;;;10;7;13;16;25;31;2019-present;loto_201911.csv
24026;24026;;2024-02-28;MERCREDI;modern-5-plus-chance;2;38;46;27;43;;;3;8;24;29;33;39;2019-present;loto_201911.csv
24027;24027;;2024-03-02;SAMEDI;modern-5-plus-chance;20;13;27;26;17;;;4;7;11;13;32;38;2019-present;loto_201911.csv
24028;24028;;2024-03-04;LUNDI;modern-5-plus-chance;25;8;18;27;37;;;8;9;11;22;26;46;2019-present;loto_201911.csv
24029;24029;;2024-03-06;MERCREDI;modern-5-plus-chance;12;8;43;46;49;;;8;3;35;37;43;47;2019-present;loto_201911.csv
24030;24030;;2024-03-09;SAMEDI;modern-5-plus-chance;29;28;25;7;35;;;2;17;27;38;48;49;2019-present;loto_201911.csv
24031;24031;;2024-03-11;LUNDI;modern-5-plus-chance;18;48;36;16;45;;;10;5;7;8;16;37;2019-present;loto_201911.csv
24032;24032;;2024-03-13;MERCREDI;modern-5-plus-chance;5;29;4;10;13;;;1;5;15;20;35;44;2019-present;loto_201911.csv
24033;24033;;2024-03-16;SAMEDI;modern-5-plus-chance;12;10;37;25;49;;;2;5;15;18;34;45;2019-present;loto_201911.csv
24034;24034;;2024-03-18;LUNDI;modern-5-plus-chance;36;48;30;20;40;;;8;13;15;31;35;46;2019-present;loto_201911.csv
24035;24035;;2024-03-20;MERCREDI;modern-5-plus-chance;24;46;3;22;32;;;5;4;12;21;37;41;2019-present;loto_201911.csv
24036;24036;;2024-03-23;SAMEDI;modern-5-plus-chance;47;49;20;34;32;;;1;2;16;17;26;28;2019-present;loto_201911.csv
24037;24037;;2024-03-25;LUNDI;modern-5-plus-chance;37;1;22;26;31;;;5;5;24;31;37;39;2019-present;loto_201911.csv
24038;24038;;2024-03-27;MERCREDI;modern-5-plus-chance;28;45;2;15;23;;;7;5;6;11;20;48;2019-present;loto_201911.csv
24039;24039;;2024-03-30;SAMEDI;modern-5-plus-chance;40;41;28;8;42;;;2;12;21;29;31;44;2019-present;loto_201911.csv
24040;24040;;2024-04-01;LUNDI;modern-5-plus-chance;9;17;15;12;26;;;8;2;16;30;36;46;2019-present;loto_201911.csv
24041;24041;;2024-04-03;MERCREDI;modern-5-plus-chance;26;46;5;12;36;;;4;2;11;28;33;45;2019-present;loto_201911.csv
24042;24042;;2024-04-06;SAMEDI;modern-5-plus-chance;27;2;36;43;6;;;5;1;10;12;17;23;2019-present;loto_201911.csv
24043;24043;;2024-04-08;LUNDI;modern-5-plus-chance;2;22;46;21;49;;;9;2;9;12;44;46;2019-present;loto_201911.csv
24044;24044;;2024-04-10;MERCREDI;modern-5-plus-chance;18;1;33;9;39;;;2;4;30;31;32;46;2019-present;loto_201911.csv
24045;24045;;2024-04-13;SAMEDI;modern-5-plus-chance;45;7;29;19;38;;;8;5;9;25;32;47;2019-present;loto_201911.csv
24046;24046;;2024-04-15;LUNDI;modern-5-plus-chance;24;2;21;36;31;;;6;6;7;36;37;40;2019-present;loto_201911.csv
24047;24047;;2024-04-17;MERCREDI;modern-5-plus-chance;48;6;8;17;24;;;10;4;13;19;24;34;2019-present;loto_201911.csv
24048;24048;;2024-04-20;SAMEDI;modern-5-plus-chance;13;10;22;24;16;;;7;5;15;17;33;44;2019-present;loto_201911.csv
24049;24049;;2024-04-22;LUNDI;modern-5-plus-chance;48;20;39;8;47;;;1;2;13;16;21;49;2019-present;loto_201911.csv
24050;24050;;2024-04-24;MERCREDI;modern-5-plus-chance;38;25;40;41;39;;;7;1;16;17;25;45;2019-present;loto_201911.csv
24051;24051;;2024-04-27;SAMEDI;modern-5-plus-chance;18;34;27;14;44;;;6;1;6;7;26;46;2019-present;loto_201911.csv
24052;24052;;2024-04-29;LUNDI;modern-5-plus-chance;49;47;20;3;30;;;7;2;25;31;32;41;2019-present;loto_201911.csv
24053;24053;;2024-05-01;MERCREDI;modern-5-plus-chance;17;42;25;5;15;;;7;22;29;34;38;47;2019-present;loto_201911.csv
24054;24054;;2024-05-04;SAMEDI;modern-5-plus-chance;2;16;19;12;6;;;3;1;26;31;32;39;2019-present;loto_201911.csv
24055;24055;;2024-05-06;LUNDI;modern-5-plus-chance;1;4;35;39;21;;;5;3;6;18;41;45;2019-present;loto_201911.csv
24056;24056;;2024-05-08;MERCREDI;modern-5-plus-chance;7;34;6;3;36;;;7;6;25;36;38;48;2019-present;loto_201911.csv
24057;24057;;2024-05-11;SAMEDI;modern-5-plus-chance;6;39;24;13;43;;;8;4;8;9;16;36;2019-present;loto_201911.csv
24058;24058;;2024-05-13;LUNDI;modern-5-plus-chance;26;13;25;12;18;;;4;15;21;31;32;47;2019-present;loto_201911.csv
24059;24059;;2024-05-15;MERCREDI;modern-5-plus-chance;21;16;9;20;15;;;1;1;18;40;41;46;2019-present;loto_201911.csv
24060;24060;;2024-05-18;SAMEDI;modern-5-plus-chance;14;34;37;15;45;;;2;15;19;22;29;47;2019-present;loto_201911.csv
24061;24061;;2024-05-20;LUNDI;modern-5-plus-chance;12;32;36;6;29;;;8;3;4;21;32;35;2019-present;loto_201911.csv
24062;24062;;2024-05-22;MERCREDI;modern-5-plus-chance;46;23;21;32;20;;;10;3;18;21;36;46;2019-present;loto_201911.csv
24063;24063;;2024-05-25;SAMEDI;modern-5-plus-chance;19;26;42;18;20;;;1;16;19;27;37;39;2019-present;loto_201911.csv
24064;24064;;2024-05-27;LUNDI;modern-5-plus-chance;41;19;32;42;47;;;1;2;15;16;17;39;2019-present;loto_201911.csv
24065;24065;;2024-05-29;MERCREDI;modern-5-plus-chance;10;19;28;38;37;;;7;9;13;26;31;40;2019-present;loto_201911.csv
24066;24066;;2024-06-01;SAMEDI;modern-5-plus-chance;27;2;48;43;3;;;8;4;6;11;20;38;2019-present;loto_201911.csv
24067;24067;;2024-06-03;LUNDI;modern-5-plus-chance;9;15;39;49;48;;;7;6;11;13;15;17;2019-present;loto_201911.csv
24068;24068;;2024-06-05;MERCREDI;modern-5-plus-chance;4;6;35;47;7;;;1;5;22;25;36;40;2019-present;loto_201911.csv
24069;24069;;2024-06-08;SAMEDI;modern-5-plus-chance;35;39;18;43;31;;;7;1;19;35;44;47;2019-present;loto_201911.csv
24070;24070;;2024-06-10;LUNDI;modern-5-plus-chance;47;5;34;28;39;;;8;1;4;5;9;10;2019-present;loto_201911.csv
24071;24071;;2024-06-12;MERCREDI;modern-5-plus-chance;28;3;6;33;13;;;4;3;29;30;32;40;2019-present;loto_201911.csv
24072;24072;;2024-06-15;SAMEDI;modern-5-plus-chance;8;16;42;30;40;;;2;5;9;20;29;42;2019-present;loto_201911.csv
24073;24073;;2024-06-17;LUNDI;modern-5-plus-chance;28;6;11;46;25;;;2;6;8;31;36;42;2019-present;loto_201911.csv
24074;24074;;2024-06-19;MERCREDI;modern-5-plus-chance;35;11;18;46;30;;;2;17;19;27;28;29;2019-present;loto_201911.csv
24075;24075;;2024-06-22;SAMEDI;modern-5-plus-chance;10;34;25;38;29;;;3;9;11;14;24;43;2019-present;loto_201911.csv
24076;24076;;2024-06-24;LUNDI;modern-5-plus-chance;48;47;6;45;1;;;6;26;30;35;41;46;2019-present;loto_201911.csv
24077;24077;;2024-06-26;MERCREDI;modern-5-plus-chance;21;10;38;41;25;;;8;18;20;23;46;49;2019-present;loto_201911.csv
24078;24078;;2024-06-29;SAMEDI;modern-5-plus-chance;17;24;30;43;1;;;7;6;13;18;37;48;2019-present;loto_201911.csv
24079;24079;;2024-07-01;LUNDI;modern-5-plus-chance;22;7;28;6;3;;;7;15;27;32;40;42;2019-present;loto_201911.csv
24080;24080;;2024-07-03;MERCREDI;modern-5-plus-chance;4;1;24;21;42;;;3;3;17;20;25;46;2019-present;loto_201911.csv
24081;24081;;2024-07-06;SAMEDI;modern-5-plus-chance;46;13;47;18;34;;;5;16;19;25;26;28;2019-present;loto_201911.csv
24082;24082;;2024-07-08;LUNDI;modern-5-plus-chance;7;42;31;8;24;;;6;3;16;20;42;43;2019-present;loto_201911.csv
24083;24083;;2024-07-10;MERCREDI;modern-5-plus-chance;16;3;5;39;11;;;9;9;12;19;40;49;2019-present;loto_201911.csv
24084;24084;;2024-07-13;SAMEDI;modern-5-plus-chance;21;5;6;24;42;;;8;11;14;16;33;39;2019-present;loto_201911.csv
24085;24085;;2024-07-15;LUNDI;modern-5-plus-chance;4;10;30;38;24;;;10;11;12;29;39;46;2019-present;loto_201911.csv
24086;24086;;2024-07-17;MERCREDI;modern-5-plus-chance;35;40;17;6;47;;;4;10;12;28;41;48;2019-present;loto_201911.csv
24087;24087;;2024-07-20;SAMEDI;modern-5-plus-chance;5;30;16;47;15;;;7;1;3;6;31;43;2019-present;loto_201911.csv
24088;24088;;2024-07-22;LUNDI;modern-5-plus-chance;49;35;25;27;42;;;9;2;10;32;33;38;2019-present;loto_201911.csv
24089;24089;;2024-07-24;MERCREDI;modern-5-plus-chance;40;11;18;8;47;;;2;13;15;19;43;45;2019-present;loto_201911.csv
24090;24090;;2024-07-27;SAMEDI;modern-5-plus-chance;21;8;28;42;47;;;4;3;26;38;45;48;2019-present;loto_201911.csv
24091;24091;;2024-07-29;LUNDI;modern-5-plus-chance;20;22;32;34;31;;;7;8;10;25;29;39;2019-present;loto_201911.csv
24092;24092;;2024-07-31;MERCREDI;modern-5-plus-chance;25;3;45;47;49;;;7;12;21;41;43;49;2019-present;loto_201911.csv
24093;24093;;2024-08-03;SAMEDI;modern-5-plus-chance;47;4;2;14;34;;;2;16;18;22;24;39;2019-present;loto_201911.csv
24094;24094;;2024-08-05;LUNDI;modern-5-plus-chance;24;21;7;31;27;;;3;3;35;37;41;45;2019-present;loto_201911.csv
24095;24095;;2024-08-07;MERCREDI;modern-5-plus-chance;27;47;24;39;46;;;9;26;27;40;41;42;2019-present;loto_201911.csv
24096;24096;;2024-08-10;SAMEDI;modern-5-plus-chance;36;31;37;28;17;;;10;13;15;23;36;46;2019-present;loto_201911.csv
24097;24097;;2024-08-12;LUNDI;modern-5-plus-chance;16;18;45;38;31;;;8;17;21;27;40;41;2019-present;loto_201911.csv
24098;24098;;2024-08-14;MERCREDI;modern-5-plus-chance;25;17;46;28;23;;;5;2;25;32;40;42;2019-present;loto_201911.csv
24099;24099;;2024-08-17;SAMEDI;modern-5-plus-chance;3;4;22;48;49;;;1;14;22;27;47;49;2019-present;loto_201911.csv
24100;24100;;2024-08-19;LUNDI;modern-5-plus-chance;10;18;20;19;28;;;5;5;10;21;22;41;2019-present;loto_201911.csv
24101;24101;;2024-08-21;MERCREDI;modern-5-plus-chance;3;20;15;31;19;;;7;1;7;10;15;38;2019-present;loto_201911.csv
24102;24102;;2024-08-24;SAMEDI;modern-5-plus-chance;13;29;30;20;36;;;5;1;7;8;11;40;2019-present;loto_201911.csv
24103;24103;;2024-08-26;LUNDI;modern-5-plus-chance;6;28;3;12;24;;;2;3;25;27;32;40;2019-present;loto_201911.csv
24104;24104;;2024-08-28;MERCREDI;modern-5-plus-chance;42;30;11;33;37;;;3;8;23;28;37;49;2019-present;loto_201911.csv
24105;24105;;2024-08-31;SAMEDI;modern-5-plus-chance;43;18;28;40;14;;;1;3;6;9;25;37;2019-present;loto_201911.csv
24106;24106;;2024-09-02;LUNDI;modern-5-plus-chance;27;12;26;6;5;;;6;8;16;41;42;45;2019-present;loto_201911.csv
24107;24107;;2024-09-04;MERCREDI;modern-5-plus-chance;4;2;26;22;40;;;8;6;11;22;42;49;2019-present;loto_201911.csv
24108;24108;;2024-09-07;SAMEDI;modern-5-plus-chance;48;43;31;9;15;;;9;4;7;19;35;44;2019-present;loto_201911.csv
24109;24109;;2024-09-09;LUNDI;modern-5-plus-chance;18;8;41;17;3;;;3;3;28;33;35;43;2019-present;loto_201911.csv
24110;24110;;2024-09-11;MERCREDI;modern-5-plus-chance;28;30;10;39;24;;;5;4;24;40;43;46;2019-present;loto_201911.csv
24111;24111;;2024-09-14;SAMEDI;modern-5-plus-chance;15;32;11;49;6;;;4;11;21;25;35;41;2019-present;loto_201911.csv
24112;24112;;2024-09-16;LUNDI;modern-5-plus-chance;27;31;48;30;17;;;8;9;21;26;40;41;2019-present;loto_201911.csv
24113;24113;;2024-09-18;MERCREDI;modern-5-plus-chance;2;44;42;47;23;;;5;1;11;21;22;27;2019-present;loto_201911.csv
24114;24114;;2024-09-21;SAMEDI;modern-5-plus-chance;32;30;4;2;19;;;9;10;15;17;26;39;2019-present;loto_201911.csv
24115;24115;;2024-09-23;LUNDI;modern-5-plus-chance;9;40;28;27;7;;;6;3;9;21;25;40;2019-present;loto_201911.csv
24116;24116;;2024-09-25;MERCREDI;modern-5-plus-chance;5;25;10;6;1;;;9;3;6;7;21;46;2019-present;loto_201911.csv
24117;24117;;2024-09-28;SAMEDI;modern-5-plus-chance;47;39;4;42;45;;;1;4;19;39;40;48;2019-present;loto_201911.csv
24118;24118;;2024-09-30;LUNDI;modern-5-plus-chance;1;33;49;24;17;;;9;3;9;18;24;38;2019-present;loto_201911.csv
24119;24119;;2024-10-02;MERCREDI;modern-5-plus-chance;2;10;4;49;12;;;9;1;3;8;36;44;2019-present;loto_201911.csv
24120;24120;;2024-10-05;SAMEDI;modern-5-plus-chance;30;16;7;13;43;;;6;2;11;34;39;48;2019-present;loto_201911.csv
24121;24121;;2024-10-07;LUNDI;modern-5-plus-chance;49;26;5;7;1;;;8;9;18;22;37;49;2019-present;loto_201911.csv
24122;24122;;2024-10-09;MERCREDI;modern-5-plus-chance;5;26;22;31;33;;;7;16;17;22;30;45;2019-present;loto_201911.csv
24123;24123;;2024-10-12;SAMEDI;modern-5-plus-chance;35;33;43;6;37;;;6;1;8;31;32;42;2019-present;loto_201911.csv
24124;24124;;2024-10-14;LUNDI;modern-5-plus-chance;42;18;47;41;20;;;2;3;36;40;44;48;2019-present;loto_201911.csv
24125;24125;;2024-10-16;MERCREDI;modern-5-plus-chance;1;25;48;21;35;;;3;7;18;35;37;42;2019-present;loto_201911.csv
24126;24126;;2024-10-19;SAMEDI;modern-5-plus-chance;10;2;44;46;45;;;5;3;19;24;30;33;2019-present;loto_201911.csv
24127;24127;;2024-10-21;LUNDI;modern-5-plus-chance;7;34;19;15;11;;;7;4;5;21;28;34;2019-present;loto_201911.csv
24128;24128;;2024-10-23;MERCREDI;modern-5-plus-chance;27;1;34;44;40;;;2;17;24;27;35;45;2019-present;loto_201911.csv
24129;24129;;2024-10-26;SAMEDI;modern-5-plus-chance;9;17;30;20;11;;;8;3;6;8;30;35;2019-present;loto_201911.csv
24130;24130;;2024-10-28;LUNDI;modern-5-plus-chance;21;39;43;9;41;;;3;16;20;26;34;40;2019-present;loto_201911.csv
24131;24131;;2024-10-30;MERCREDI;modern-5-plus-chance;4;44;10;29;8;;;1;7;21;23;29;35;2019-present;loto_201911.csv
24132;24132;;2024-11-02;SAMEDI;modern-5-plus-chance;31;49;43;21;1;;;6;14;15;24;32;33;2019-present;loto_201911.csv
24133;24133;;2024-11-04;LUNDI;modern-5-plus-chance;17;15;16;39;35;;;2;14;21;30;32;45;2019-present;loto_201911.csv
24134;24134;;2024-11-06;MERCREDI;modern-5-plus-chance;26;8;23;15;6;;;5;5;21;30;46;47;2019-present;loto_201911.csv
24135;24135;;2024-11-09;SAMEDI;modern-5-plus-chance;36;12;35;23;26;;;8;5;23;31;33;34;2019-present;loto_201911.csv
24136;24136;;2024-11-11;LUNDI;modern-5-plus-chance;8;35;46;6;11;;;6;1;7;18;27;31;2019-present;loto_201911.csv
24137;24137;;2024-11-13;MERCREDI;modern-5-plus-chance;9;12;32;39;13;;;10;7;30;37;38;48;2019-present;loto_201911.csv
24138;24138;;2024-11-16;SAMEDI;modern-5-plus-chance;46;5;29;7;19;;;4;18;20;26;27;43;2019-present;loto_201911.csv
24139;24139;;2024-11-18;LUNDI;modern-5-plus-chance;17;12;3;8;6;;;9;11;18;30;31;32;2019-present;loto_201911.csv
24140;24140;;2024-11-20;MERCREDI;modern-5-plus-chance;35;37;45;48;27;;;5;4;9;15;27;42;2019-present;loto_201911.csv
24141;24141;;2024-11-23;SAMEDI;modern-5-plus-chance;37;33;36;34;20;;;2;20;25;27;39;46;2019-present;loto_201911.csv
24142;24142;;2024-11-25;LUNDI;modern-5-plus-chance;13;7;37;49;3;;;5;1;2;14;30;42;2019-present;loto_201911.csv
24143;24143;;2024-11-27;MERCREDI;modern-5-plus-chance;15;7;31;35;20;;;6;9;23;31;33;38;2019-present;loto_201911.csv
24144;24144;;2024-11-30;SAMEDI;modern-5-plus-chance;21;4;10;38;19;;;1;1;22;35;38;41;2019-present;loto_201911.csv
24145;24145;;2024-12-02;LUNDI;modern-5-plus-chance;48;16;22;41;4;;;10;2;18;21;22;43;2019-present;loto_201911.csv
24146;24146;;2024-12-04;MERCREDI;modern-5-plus-chance;40;21;7;34;3;;;1;3;5;15;38;40;2019-present;loto_201911.csv
24147;24147;;2024-12-07;SAMEDI;modern-5-plus-chance;9;21;24;30;28;;;9;2;14;32;35;41;2019-present;loto_201911.csv
24148;24148;;2024-12-09;LUNDI;modern-5-plus-chance;38;5;9;25;6;;;6;7;16;34;35;40;2019-present;loto_201911.csv
24149;24149;;2024-12-11;MERCREDI;modern-5-plus-chance;28;24;8;43;19;;;6;18;19;29;31;39;2019-present;loto_201911.csv
24150;24150;;2024-12-14;SAMEDI;modern-5-plus-chance;30;22;44;40;24;;;7;9;18;22;39;41;2019-present;loto_201911.csv
24151;24151;;2024-12-16;LUNDI;modern-5-plus-chance;43;5;26;36;6;;;3;2;27;28;41;43;2019-present;loto_201911.csv
24152;24152;;2024-12-18;MERCREDI;modern-5-plus-chance;8;27;26;46;14;;;2;9;26;31;33;40;2019-present;loto_201911.csv
24153;24153;;2024-12-21;SAMEDI;modern-5-plus-chance;41;16;6;28;36;;;8;6;16;17;42;47;2019-present;loto_201911.csv
24154;24154;;2024-12-23;LUNDI;modern-5-plus-chance;22;17;38;2;13;;;7;8;10;15;24;35;2019-present;loto_201911.csv
24155;24155;;2024-12-25;MERCREDI;modern-5-plus-chance;46;6;22;44;13;;;8;10;13;25;32;34;2019-present;loto_201911.csv
24156;24156;;2024-12-28;SAMEDI;modern-5-plus-chance;31;7;37;39;13;;;6;8;15;20;23;27;2019-present;loto_201911.csv
24157;24157;;2024-12-30;LUNDI;modern-5-plus-chance;13;31;29;1;21;;;10;3;7;34;37;39;2019-present;loto_201911.csv
25001;25001;;2025-01-01;MERCREDI;modern-5-plus-chance;8;11;2;25;21;;;4;5;30;39;45;47;2019-present;loto_201911.csv
25002;25002;;2025-01-04;SAMEDI;modern-5-plus-chance;17;20;9;19;29;;;2;7;16;17;33;46;2019-present;loto_201911.csv
25003;25003;;2025-01-06;LUNDI;modern-5-plus-chance;3;31;8;16;42;;;7;12;13;17;23;34;2019-present;loto_201911.csv
25004;25004;;2025-01-08;MERCREDI;modern-5-plus-chance;14;34;38;24;26;;;8;1;4;24;33;48;2019-present;loto_201911.csv
25005;25005;;2025-01-11;SAMEDI;modern-5-plus-chance;42;20;6;29;41;;;9;6;19;39;41;49;2019-present;loto_201911.csv
25006;25006;;2025-01-13;LUNDI;modern-5-plus-chance;31;3;24;41;7;;;2;6;21;37;47;49;2019-present;loto_201911.csv
25007;25007;;2025-01-15;MERCREDI;modern-5-plus-chance;1;22;40;27;28;;;2;4;10;25;28;35;2019-present;loto_201911.csv
25008;25008;;2025-01-18;SAMEDI;modern-5-plus-chance;11;1;4;33;44;;;7;17;26;33;36;46;2019-present;loto_201911.csv
25009;25009;;2025-01-20;LUNDI;modern-5-plus-chance;19;28;36;40;6;;;2;14;19;33;39;44;2019-present;loto_201911.csv
25010;25010;;2025-01-22;MERCREDI;modern-5-plus-chance;29;36;23;44;38;;;9;2;10;27;32;39;2019-present;loto_201911.csv
25011;25011;;2025-01-25;SAMEDI;modern-5-plus-chance;45;35;44;5;19;;;8;21;29;31;33;36;2019-present;loto_201911.csv
25012;25012;;2025-01-27;LUNDI;modern-5-plus-chance;24;39;48;3;10;;;3;1;8;11;38;49;2019-present;loto_201911.csv
25013;25013;;2025-01-29;MERCREDI;modern-5-plus-chance;29;41;17;27;19;;;2;25;31;38;42;43;2019-present;loto_201911.csv
25014;25014;;2025-02-01;SAMEDI;modern-5-plus-chance;34;46;11;30;36;;;5;3;10;11;34;42;2019-present;loto_201911.csv
25015;25015;;2025-02-03;LUNDI;modern-5-plus-chance;29;48;32;27;44;;;8;1;13;18;26;46;2019-present;loto_201911.csv
25016;25016;;2025-02-05;MERCREDI;modern-5-plus-chance;14;8;24;28;5;;;9;4;13;16;28;36;2019-present;loto_201911.csv
25017;25017;;2025-02-08;SAMEDI;modern-5-plus-chance;49;26;11;43;42;;;8;4;24;27;28;40;2019-present;loto_201911.csv
25018;25018;;2025-02-10;LUNDI;modern-5-plus-chance;39;44;12;29;2;;;6;3;17;18;28;39;2019-present;loto_201911.csv
25019;25019;;2025-02-12;MERCREDI;modern-5-plus-chance;1;37;41;30;23;;;5;7;12;13;27;46;2019-present;loto_201911.csv
25020;25020;;2025-02-15;SAMEDI;modern-5-plus-chance;48;42;13;49;6;;;3;2;5;9;44;47;2019-present;loto_201911.csv
25021;25021;;2025-02-17;LUNDI;modern-5-plus-chance;40;3;14;20;34;;;6;11;12;14;18;25;2019-present;loto_201911.csv
25022;25022;;2025-02-19;MERCREDI;modern-5-plus-chance;42;23;16;32;28;;;5;15;28;41;45;47;2019-present;loto_201911.csv
25023;25023;;2025-02-22;SAMEDI;modern-5-plus-chance;28;30;23;39;25;;;7;16;18;40;44;47;2019-present;loto_201911.csv
25024;25024;;2025-02-24;LUNDI;modern-5-plus-chance;32;5;13;38;46;;;5;4;7;8;17;32;2019-present;loto_201911.csv
25025;25025;;2025-02-26;MERCREDI;modern-5-plus-chance;44;11;3;15;17;;;9;5;11;32;34;35;2019-present;loto_201911.csv
25026;25026;;2025-03-01;SAMEDI;modern-5-plus-chance;14;28;33;9;8;;;4;2;17;26;40;41;2019-present;loto_201911.csv
25027;25027;;2025-03-03;LUNDI;modern-5-plus-chance;41;13;28;6;4;;;1;9;17;20;26;28;2019-present;loto_201911.csv
25028;25028;;2025-03-05;MERCREDI;modern-5-plus-chance;47;28;7;26;30;;;4;6;15;33;36;38;2019-present;loto_201911.csv
25029;25029;;2025-03-08;SAMEDI;modern-5-plus-chance;18;2;10;3;11;;;2;27;28;31;32;43;2019-present;loto_201911.csv
25030;25030;;2025-03-10;LUNDI;modern-5-plus-chance;23;24;13;15;39;;;1;6;9;21;34;47;2019-present;loto_201911.csv
25031;25031;;2025-03-12;MERCREDI;modern-5-plus-chance;21;10;24;32;16;;;7;10;13;19;20;26;2019-present;loto_201911.csv
25032;25032;;2025-03-15;SAMEDI;modern-5-plus-chance;27;6;31;21;40;;;7;4;7;16;30;47;2019-present;loto_201911.csv
25033;25033;;2025-03-17;LUNDI;modern-5-plus-chance;16;32;26;9;20;;;7;1;15;24;43;47;2019-present;loto_201911.csv
25034;25034;;2025-03-19;MERCREDI;modern-5-plus-chance;15;14;3;45;12;;;3;1;13;20;23;44;2019-present;loto_201911.csv
25035;25035;;2025-03-22;SAMEDI;modern-5-plus-chance;3;49;36;20;23;;;6;9;12;28;31;47;2019-present;loto_201911.csv
25036;25036;;2025-03-24;LUNDI;modern-5-plus-chance;35;29;47;46;21;;;1;3;13;18;33;34;2019-present;loto_201911.csv
25037;25037;;2025-03-26;MERCREDI;modern-5-plus-chance;4;41;21;19;11;;;7;8;9;12;26;32;2019-present;loto_201911.csv
25038;25038;;2025-03-29;SAMEDI;modern-5-plus-chance;14;31;41;7;12;;;5;2;7;12;20;33;2019-present;loto_201911.csv
25039;25039;;2025-03-31;LUNDI;modern-5-plus-chance;3;4;28;16;38;;;4;7;20;23;36;43;2019-present;loto_201911.csv
25040;25040;;2025-04-02;MERCREDI;modern-5-plus-chance;45;5;34;15;4;;;9;13;18;21;41;42;2019-present;loto_201911.csv
25041;25041;;2025-04-05;SAMEDI;modern-5-plus-chance;14;30;22;8;27;;;7;14;21;29;38;49;2019-present;loto_201911.csv
25042;25042;;2025-04-07;LUNDI;modern-5-plus-chance;21;34;13;38;2;;;1;7;24;33;38;40;2019-present;loto_201911.csv
25043;25043;;2025-04-09;MERCREDI;modern-5-plus-chance;36;16;12;47;46;;;9;1;2;6;13;20;2019-present;loto_201911.csv
25044;25044;;2025-04-12;SAMEDI;modern-5-plus-chance;3;18;10;13;47;;;1;16;19;23;44;48;2019-present;loto_201911.csv
25045;25045;;2025-04-14;LUNDI;modern-5-plus-chance;33;40;25;31;37;;;9;1;3;12;15;46;2019-present;loto_201911.csv
25046;25046;;2025-04-16;MERCREDI;modern-5-plus-chance;13;38;27;40;39;;;10;23;25;30;39;40;2019-present;loto_201911.csv
25047;25047;;2025-04-19;SAMEDI;modern-5-plus-chance;19;11;32;16;20;;;6;4;8;11;21;30;2019-present;loto_201911.csv
25048;25048;;2025-04-21;LUNDI;modern-5-plus-chance;5;13;30;48;8;;;5;8;9;36;45;46;2019-present;loto_201911.csv
25049;25049;;2025-04-23;MERCREDI;modern-5-plus-chance;5;3;35;20;15;;;8;10;14;36;40;43;2019-present;loto_201911.csv
25050;25050;;2025-04-26;SAMEDI;modern-5-plus-chance;39;15;23;45;3;;;9;9;15;19;27;33;2019-present;loto_201911.csv
25051;25051;;2025-04-28;LUNDI;modern-5-plus-chance;6;3;14;35;36;;;2;15;17;18;28;46;2019-present;loto_201911.csv
25052;25052;;2025-04-30;MERCREDI;modern-5-plus-chance;8;31;42;3;5;;;8;22;29;31;43;45;2019-present;loto_201911.csv
25053;25053;;2025-05-03;SAMEDI;modern-5-plus-chance;38;39;37;19;42;;;5;2;4;6;10;17;2019-present;loto_201911.csv
25054;25054;;2025-05-05;LUNDI;modern-5-plus-chance;8;34;38;47;9;;;3;2;43;44;47;49;2019-present;loto_201911.csv
25055;25055;;2025-05-07;MERCREDI;modern-5-plus-chance;32;36;1;41;46;;;9;4;24;25;33;46;2019-present;loto_201911.csv
25056;25056;;2025-05-10;SAMEDI;modern-5-plus-chance;49;12;42;29;13;;;9;23;27;37;40;49;2019-present;loto_201911.csv
25057;25057;;2025-05-12;LUNDI;modern-5-plus-chance;12;24;6;16;2;;;4;4;11;12;15;28;2019-present;loto_201911.csv
25058;25058;;2025-05-14;MERCREDI;modern-5-plus-chance;34;42;31;12;43;;;10;20;30;32;42;46;2019-present;loto_201911.csv
25059;25059;;2025-05-17;SAMEDI;modern-5-plus-chance;18;13;9;12;14;;;3;4;7;9;13;38;2019-present;loto_201911.csv
25060;25060;;2025-05-19;LUNDI;modern-5-plus-chance;8;30;43;42;33;;;4;5;26;28;40;41;2019-present;loto_201911.csv
25061;25061;;2025-05-21;MERCREDI;modern-5-plus-chance;11;49;10;18;7;;;3;3;16;29;31;43;2019-present;loto_201911.csv
25062;25062;;2025-05-24;SAMEDI;modern-5-plus-chance;49;39;45;14;32;;;9;3;12;32;41;45;2019-present;loto_201911.csv
25063;25063;;2025-05-26;LUNDI;modern-5-plus-chance;41;24;36;33;45;;;7;10;11;13;36;37;2019-present;loto_201911.csv
25064;25064;;2025-05-28;MERCREDI;modern-5-plus-chance;26;32;25;38;4;;;4;6;10;11;16;48;2019-present;loto_201911.csv
25065;25065;;2025-05-31;SAMEDI;modern-5-plus-chance;4;11;27;37;39;;;3;6;10;25;26;32;2019-present;loto_201911.csv
25066;25066;;2025-06-02;LUNDI;modern-5-plus-chance;25;36;29;8;13;;;2;21;24;27;34;47;2019-present;loto_201911.csv
25067;25067;;2025-06-04;MERCREDI;modern-5-plus-chance;2;45;41;18;38;;;8;4;12;13;15;39;2019-present;loto_201911.csv
25068;25068;;2025-06-07;SAMEDI;modern-5-plus-chance;7;30;40;37;45;;;1;2;13;15;26;33;2019-present;loto_201911.csv
25069;25069;;2025-06-09;LUNDI;modern-5-plus-chance;25;38;5;34;12;;;10;3;15;21;38;46;2019-present;loto_201911.csv
25070;25070;;2025-06-11;MERCREDI;modern-5-plus-chance;9;19;7;18;15;;;6;8;9;12;28;48;2019-present;loto_201911.csv
25071;25071;;2025-06-14;SAMEDI;modern-5-plus-chance;25;21;31;44;16;;;8;2;9;22;28;30;2019-present;loto_201911.csv
25072;25072;;2025-06-16;LUNDI;modern-5-plus-chance;1;2;13;39;4;;;1;5;22;31;36;43;2019-present;loto_201911.csv
25073;25073;;2025-06-18;MERCREDI;modern-5-plus-chance;9;36;13;24;19;;;3;6;9;18;33;41;2019-present;loto_201911.csv
25074;25074;;2025-06-21;SAMEDI;modern-5-plus-chance;34;25;49;18;20;;;2;13;16;19;23;40;2019-present;loto_201911.csv
25075;25075;;2025-06-23;LUNDI;modern-5-plus-chance;20;42;38;44;25;;;10;4;10;24;34;37;2019-present;loto_201911.csv
25076;25076;;2025-06-25;MERCREDI;modern-5-plus-chance;32;26;2;5;44;;;10;8;9;27;28;42;2019-present;loto_201911.csv
25077;25077;;2025-06-28;SAMEDI;modern-5-plus-chance;4;2;20;3;28;;;6;1;5;22;40;48;2019-present;loto_201911.csv
25078;25078;;2025-06-30;LUNDI;modern-5-plus-chance;17;12;8;10;18;;;4;6;14;15;27;47;2019-present;loto_201911.csv
25079;25079;;2025-07-02;MERCREDI;modern-5-plus-chance;25;19;29;38;30;;;10;21;23;32;37;49;2019-present;loto_201911.csv
25080;25080;;2025-07-05;SAMEDI;modern-5-plus-chance;32;46;37;25;42;;;10;18;21;25;29;48;2019-present;loto_201911.csv
25081;25081;;2025-07-07;LUNDI;modern-5-plus-chance;18;41;27;26;3;;;6;25;26;31;35;42;2019-present;loto_201911.csv
25082;25082;;2025-07-09;MERCREDI;modern-5-plus-chance;36;1;45;22;25;;;4;6;7;20;37;49;2019-present;loto_201911.csv
25083;25083;;2025-07-12;SAMEDI;modern-5-plus-chance;39;49;36;48;13;;;7;8;13;20;38;49;2019-present;loto_201911.csv
25084;25084;;2025-07-14;LUNDI;modern-5-plus-chance;37;28;27;6;20;;;3;12;13;15;19;36;2019-present;loto_201911.csv
25085;25085;;2025-07-16;MERCREDI;modern-5-plus-chance;3;34;45;41;36;;;4;4;27;35;42;43;2019-present;loto_201911.csv
25086;25086;;2025-07-19;SAMEDI;modern-5-plus-chance;25;18;19;45;24;;;1;13;16;41;45;46;2019-present;loto_201911.csv
25087;25087;;2025-07-21;LUNDI;modern-5-plus-chance;5;9;26;16;33;;;8;3;5;24;28;44;2019-present;loto_201911.csv
25088;25088;;2025-07-23;MERCREDI;modern-5-plus-chance;18;30;5;43;29;;;2;2;6;27;41;49;2019-present;loto_201911.csv
25089;25089;;2025-07-26;SAMEDI;modern-5-plus-chance;1;19;44;32;9;;;3;14;15;42;44;48;2019-present;loto_201911.csv
25090;25090;;2025-07-28;LUNDI;modern-5-plus-chance;25;6;22;27;30;;;5;2;14;17;29;34;2019-present;loto_201911.csv
25091;25091;;2025-07-30;MERCREDI;modern-5-plus-chance;13;20;3;41;37;;;3;17;18;24;35;43;2019-present;loto_201911.csv
25092;25092;;2025-08-02;SAMEDI;modern-5-plus-chance;14;22;15;31;48;;;2;5;42;43;44;47;2019-present;loto_201911.csv
25093;25093;;2025-08-04;LUNDI;modern-5-plus-chance;6;43;10;31;34;;;5;2;8;16;27;37;2019-present;loto_201911.csv
25094;25094;;2025-08-06;MERCREDI;modern-5-plus-chance;5;23;18;19;49;;;8;6;26;27;34;42;2019-present;loto_201911.csv
25095;25095;;2025-08-09;SAMEDI;modern-5-plus-chance;19;6;38;21;15;;;8;12;15;24;30;43;2019-present;loto_201911.csv
25096;25096;;2025-08-11;LUNDI;modern-5-plus-chance;40;30;44;1;10;;;2;27;32;33;35;40;2019-present;loto_201911.csv
25097;25097;;2025-08-13;MERCREDI;modern-5-plus-chance;47;9;31;36;42;;;1;27;38;41;42;45;2019-present;loto_201911.csv
25098;25098;;2025-08-16;SAMEDI;modern-5-plus-chance;31;5;18;45;4;;;7;4;10;25;40;47;2019-present;loto_201911.csv
25099;25099;;2025-08-18;LUNDI;modern-5-plus-chance;8;27;21;2;26;;;6;14;22;36;43;46;2019-present;loto_201911.csv
25100;25100;;2025-08-20;MERCREDI;modern-5-plus-chance;2;27;36;40;1;;;7;1;12;14;19;43;2019-present;loto_201911.csv
25101;25101;;2025-08-23;SAMEDI;modern-5-plus-chance;49;23;15;20;30;;;9;4;10;26;33;45;2019-present;loto_201911.csv
25102;25102;;2025-08-25;LUNDI;modern-5-plus-chance;32;22;42;21;14;;;2;8;18;27;47;49;2019-present;loto_201911.csv
25103;25103;;2025-08-27;MERCREDI;modern-5-plus-chance;7;12;31;20;40;;;6;14;20;25;38;49;2019-present;loto_201911.csv
25104;25104;;2025-08-30;SAMEDI;modern-5-plus-chance;23;15;34;39;4;;;10;2;23;24;36;39;2019-present;loto_201911.csv
25105;25105;;2025-09-01;LUNDI;modern-5-plus-chance;44;38;33;25;4;;;4;1;9;39;44;46;2019-present;loto_201911.csv
25106;25106;;2025-09-03;MERCREDI;modern-5-plus-chance;31;30;24;2;36;;;5;4;24;25;28;39;2019-present;loto_201911.csv
25107;25107;;2025-09-06;SAMEDI;modern-5-plus-chance;26;21;18;17;4;;;1;4;7;13;33;46;2019-present;loto_201911.csv
25108;25108;;2025-09-08;LUNDI;modern-5-plus-chance;30;42;21;10;22;;;8;3;7;24;31;49;2019-present;loto_201911.csv
25109;25109;;2025-09-10;MERCREDI;modern-5-plus-chance;18;49;14;24;17;;;7;5;9;18;24;35;2019-present;loto_201911.csv
25110;25110;;2025-09-13;SAMEDI;modern-5-plus-chance;29;31;6;41;28;;;10;10;16;42;44;46;2019-present;loto_201911.csv
25111;25111;;2025-09-15;LUNDI;modern-5-plus-chance;30;2;10;32;17;;;5;7;10;14;39;43;2019-present;loto_201911.csv
25112;25112;;2025-09-17;MERCREDI;modern-5-plus-chance;2;25;47;32;37;;;3;1;26;28;36;40;2019-present;loto_201911.csv
25113;25113;;2025-09-20;SAMEDI;modern-5-plus-chance;36;18;10;39;47;;;7;1;15;19;29;30;2019-present;loto_201911.csv
25114;25114;;2025-09-22;LUNDI;modern-5-plus-chance;10;41;5;29;47;;;4;15;23;29;40;42;2019-present;loto_201911.csv
25115;25115;;2025-09-24;MERCREDI;modern-5-plus-chance;3;32;21;23;31;;;4;9;20;25;29;45;2019-present;loto_201911.csv
25116;25116;;2025-09-27;SAMEDI;modern-5-plus-chance;45;46;3;19;11;;;4;11;25;30;31;38;2019-present;loto_201911.csv
25117;25117;;2025-09-29;LUNDI;modern-5-plus-chance;27;32;44;5;17;;;4;1;12;17;20;36;2019-present;loto_201911.csv
25118;25118;;2025-10-01;MERCREDI;modern-5-plus-chance;10;5;41;35;44;;;7;5;12;27;29;39;2019-present;loto_201911.csv
25119;25119;;2025-10-04;SAMEDI;modern-5-plus-chance;6;45;31;29;4;;;8;5;25;26;35;48;2019-present;loto_201911.csv
25120;25120;;2025-10-06;LUNDI;modern-5-plus-chance;22;10;30;1;26;;;9;11;16;19;27;46;2019-present;loto_201911.csv
25121;25121;;2025-10-08;MERCREDI;modern-5-plus-chance;5;47;39;10;25;;;7;1;7;22;34;38;2019-present;loto_201911.csv
25122;25122;;2025-10-11;SAMEDI;modern-5-plus-chance;5;3;40;32;12;;;4;28;33;35;48;49;2019-present;loto_201911.csv
25123;25123;;2025-10-13;LUNDI;modern-5-plus-chance;2;11;36;45;49;;;7;13;15;19;30;42;2019-present;loto_201911.csv
25124;25124;;2025-10-15;MERCREDI;modern-5-plus-chance;17;1;22;9;48;;;5;6;11;21;38;49;2019-present;loto_201911.csv
25125;25125;;2025-10-18;SAMEDI;modern-5-plus-chance;17;49;47;11;19;;;1;1;6;29;30;32;2019-present;loto_201911.csv
25126;25126;;2025-10-20;LUNDI;modern-5-plus-chance;38;24;12;43;34;;;1;3;5;7;21;48;2019-present;loto_201911.csv
25127;25127;;2025-10-22;MERCREDI;modern-5-plus-chance;49;29;31;4;39;;;1;1;3;15;23;39;2019-present;loto_201911.csv
25128;25128;;2025-10-25;SAMEDI;modern-5-plus-chance;6;16;4;5;35;;;1;1;16;23;26;39;2019-present;loto_201911.csv
25129;25129;;2025-10-27;LUNDI;modern-5-plus-chance;48;47;23;45;10;;;8;7;28;38;44;45;2019-present;loto_201911.csv
25130;25130;;2025-10-29;MERCREDI;modern-5-plus-chance;7;6;45;34;35;;;8;6;13;25;29;36;2019-present;loto_201911.csv
25131;25131;;2025-11-01;SAMEDI;modern-5-plus-chance;3;33;17;24;26;;;6;12;14;27;29;41;2019-present;loto_201911.csv
25132;25132;;2025-11-03;LUNDI;modern-5-plus-chance;32;3;49;29;2;;;2;5;6;16;18;23;2019-present;loto_201911.csv
25133;25133;;2025-11-05;MERCREDI;modern-5-plus-chance;45;29;31;23;19;;;4;4;5;8;36;45;2019-present;loto_201911.csv
25134;25134;;2025-11-08;SAMEDI;modern-5-plus-chance;16;32;48;36;27;;;8;18;23;24;36;41;2019-present;loto_201911.csv
25135;25135;;2025-11-10;LUNDI;modern-5-plus-chance;8;37;9;16;45;;;2;10;24;28;32;34;2019-present;loto_201911.csv
25136;25136;;2025-11-12;MERCREDI;modern-5-plus-chance;8;29;33;37;3;;;2;4;16;21;32;44;2019-present;loto_201911.csv
25137;25137;;2025-11-15;SAMEDI;modern-5-plus-chance;11;5;23;22;24;;;3;3;13;27;41;43;2019-present;loto_201911.csv
25138;25138;;2025-11-17;LUNDI;modern-5-plus-chance;26;45;28;17;7;;;6;5;17;22;24;39;2019-present;loto_201911.csv
25139;25139;;2025-11-19;MERCREDI;modern-5-plus-chance;46;26;33;45;24;;;2;13;33;35;41;47;2019-present;loto_201911.csv
25140;25140;;2025-11-22;SAMEDI;modern-5-plus-chance;7;10;45;34;40;;;6;5;12;14;42;44;2019-present;loto_201911.csv
25141;25141;;2025-11-24;LUNDI;modern-5-plus-chance;47;29;36;28;22;;;1;6;18;33;36;43;2019-present;loto_201911.csv
25142;25142;;2025-11-26;MERCREDI;modern-5-plus-chance;14;16;26;9;33;;;5;4;13;16;25;31;2019-present;loto_201911.csv
25143;25143;;2025-11-29;SAMEDI;modern-5-plus-chance;8;13;20;27;23;;;3;9;11;17;24;33;2019-present;loto_201911.csv
25144;25144;;2025-12-01;LUNDI;modern-5-plus-chance;38;46;11;13;14;;;1;19;26;32;41;49;2019-present;loto_201911.csv
25145;25145;;2025-12-03;MERCREDI;modern-5-plus-chance;28;13;10;36;18;;;8;3;8;9;16;26;2019-present;loto_201911.csv
25146;25146;;2025-12-06;SAMEDI;modern-5-plus-chance;14;2;24;34;33;;;1;4;7;10;25;30;2019-present;loto_201911.csv
25147;25147;;2025-12-08;LUNDI;modern-5-plus-chance;9;41;8;11;17;;;1;5;13;14;37;48;2019-present;loto_201911.csv
25148;25148;;2025-12-10;MERCREDI;modern-5-plus-chance;34;44;33;35;39;;;10;25;29;37;38;40;2019-present;loto_201911.csv
25149;25149;;2025-12-13;SAMEDI;modern-5-plus-chance;25;15;7;10;22;;;7;11;12;22;25;40;2019-present;loto_201911.csv
25150;25150;;2025-12-15;LUNDI;modern-5-plus-chance;38;43;32;26;42;;;6;13;18;23;27;28;2019-present;loto_201911.csv
25151;25151;;2025-12-17;MERCREDI;modern-5-plus-chance;2;14;49;20;30;;;2;2;4;27;34;47;2019-present;loto_201911.csv
25152;25152;;2025-12-20;SAMEDI;modern-5-plus-chance;28;16;42;47;37;;;2;11;14;18;41;42;2019-present;loto_201911.csv
25153;25153;;2025-12-22;LUNDI;modern-5-plus-chance;40;20;49;16;41;;;9;1;12;34;45;48;2019-present;loto_201911.csv
25154;25154;;2025-12-24;MERCREDI;modern-5-plus-chance;5;42;45;9;33;;;1;11;17;22;26;40;2019-present;loto_201911.csv
25155;25155;;2025-12-27;SAMEDI;modern-5-plus-chance;17;16;41;42;49;;;10;6;12;20;37;39;2019-present;loto_201911.csv
25156;25156;;2025-12-29;LUNDI;modern-5-plus-chance;21;10;47;43;33;;;3;3;16;33;39;44;2019-present;loto_201911.csv
25157;25157;;2025-12-31;MERCREDI;modern-5-plus-chance;43;6;19;39;15;;;1;9;23;34;35;40;2019-present;loto_201911.csv
26001;26001;;2026-01-03;SAMEDI;modern-5-plus-chance;29;30;31;9;40;;;2;3;6;16;19;33;2019-present;loto_201911.csv
26002;26002;;2026-01-05;LUNDI;modern-5-plus-chance;30;13;23;31;5;;;6;22;43;46;47;48;2019-present;loto_201911.csv
26003;26003;;2026-01-07;MERCREDI;modern-5-plus-chance;5;36;35;17;30;;;3;24;25;33;38;49;2019-present;loto_201911.csv
26004;26004;;2026-01-10;SAMEDI;modern-5-plus-chance;16;1;36;7;35;;;3;9;16;17;19;42;2019-present;loto_201911.csv
26005;26005;;2026-01-12;LUNDI;modern-5-plus-chance;2;39;32;24;13;;;6;5;12;13;35;49;2019-present;loto_201911.csv
26006;26006;;2026-01-14;MERCREDI;modern-5-plus-chance;23;28;5;4;31;;;5;22;24;28;34;39;2019-present;loto_201911.csv
26007;26007;;2026-01-17;SAMEDI;modern-5-plus-chance;42;34;26;12;49;;;6;30;34;35;47;48;2019-present;loto_201911.csv
26008;26008;;2026-01-19;LUNDI;modern-5-plus-chance;13;34;16;24;12;;;4;7;26;33;36;42;2019-present;loto_201911.csv
26009;26009;;2026-01-21;MERCREDI;modern-5-plus-chance;40;25;29;27;45;;;10;9;15;26;27;39;2019-present;loto_201911.csv
26010;26010;;2026-01-24;SAMEDI;modern-5-plus-chance;30;39;10;33;18;;;8;4;27;41;43;46;2019-present;loto_201911.csv
26011;26011;;2026-01-26;LUNDI;modern-5-plus-chance;25;32;28;9;36;;;4;17;25;30;33;38;2019-present;loto_201911.csv
26012;26012;;2026-01-28;MERCREDI;modern-5-plus-chance;42;7;11;30;10;;;4;14;32;38;42;49;2019-present;loto_201911.csv
26013;26013;;2026-01-31;SAMEDI;modern-5-plus-chance;24;14;4;1;21;;;4;8;20;24;32;46;2019-present;loto_201911.csv
26014;26014;;2026-02-02;LUNDI;modern-5-plus-chance;7;12;11;41;29;;;5;8;18;21;34;38;2019-present;loto_201911.csv
26015;26015;;2026-02-04;MERCREDI;modern-5-plus-chance;1;24;37;12;11;;;9;12;21;27;36;48;2019-present;loto_201911.csv
26016;26016;;2026-02-07;SAMEDI;modern-5-plus-chance;49;9;41;20;2;;;9;5;7;27;46;47;2019-present;loto_201911.csv
26017;26017;;2026-02-09;LUNDI;modern-5-plus-chance;23;25;42;38;22;;;3;18;22;30;38;41;2019-present;loto_201911.csv
26018;26018;;2026-02-11;MERCREDI;modern-5-plus-chance;36;3;44;47;32;;;8;1;2;12;28;47;2019-present;loto_201911.csv
26019;26019;;2026-02-14;SAMEDI;modern-5-plus-chance;9;14;27;33;17;;;6;5;10;26;29;41;2019-present;loto_201911.csv
26020;26020;;2026-02-16;LUNDI;modern-5-plus-chance;35;17;21;29;8;;;3;5;8;11;35;45;2019-present;loto_201911.csv
26021;26021;;2026-02-18;MERCREDI;modern-5-plus-chance;25;4;22;36;16;;;7;12;15;30;33;37;2019-present;loto_201911.csv
26022;26022;;2026-02-21;SAMEDI;modern-5-plus-chance;4;44;32;17;14;;;9;11;22;25;26;39;2019-present;loto_201911.csv
26023;26023;;2026-02-23;LUNDI;modern-5-plus-chance;29;15;20;47;41;;;4;8;12;15;38;41;2019-present;loto_201911.csv
26024;26024;;2026-02-25;MERCREDI;modern-5-plus-chance;8;30;26;22;9;;;8;7;20;36;45;48;2019-present;loto_201911.csv
26025;26025;;2026-02-28;SAMEDI;modern-5-plus-chance;18;40;49;31;24;;;2;22;24;32;36;48;2019-present;loto_201911.csv
26026;26026;;2026-03-02;LUNDI;modern-5-plus-chance;40;19;37;34;20;;;6;3;19;28;36;39;2019-present;loto_201911.csv
26027;26027;;2026-03-04;MERCREDI;modern-5-plus-chance;14;47;46;16;40;;;4;7;26;27;34;37;2019-present;loto_201911.csv
26028;26028;;2026-03-07;SAMEDI;modern-5-plus-chance;22;21;11;9;10;;;9;11;31;32;35;45;2019-present;loto_201911.csv
26029;26029;;2026-03-09;LUNDI;modern-5-plus-chance;16;24;5;35;12;;;4;11;13;20;27;32;2019-present;loto_201911.csv
26030;26030;;2026-03-11;MERCREDI;modern-5-plus-chance;14;18;12;16;10;;;3;3;11;22;27;36;2019-present;loto_201911.csv
26031;26031;;2026-03-14;SAMEDI;modern-5-plus-chance;22;23;10;46;25;;;3;1;2;15;39;48;2019-present;loto_201911.csv
26032;26032;;2026-03-16;LUNDI;modern-5-plus-chance;31;25;42;5;14;;;4;2;8;26;33;34;2019-present;loto_201911.csv
26033;26033;;2026-03-18;MERCREDI;modern-5-plus-chance;13;18;8;48;45;;;7;5;17;29;30;33;2019-present;loto_201911.csv
26034;26034;;2026-03-21;SAMEDI;modern-5-plus-chance;3;45;33;19;24;;;10;19;20;26;45;49;2019-present;loto_201911.csv
26035;26035;;2026-03-23;LUNDI;modern-5-plus-chance;30;9;42;38;3;;;4;2;21;33;39;49;2019-present;loto_201911.csv
26036;26036;;2026-03-25;MERCREDI;modern-5-plus-chance;48;30;19;28;35;;;5;17;20;32;35;41;2019-present;loto_201911.csv
26037;26037;;2026-03-28;SAMEDI;modern-5-plus-chance;38;30;28;17;45;;;6;1;6;19;34;41;2019-present;loto_201911.csv
26038;26038;;2026-03-30;LUNDI;modern-5-plus-chance;10;47;8;28;29;;;5;7;12;20;27;38;2019-present;loto_201911.csv
26039;26039;;2026-04-01;MERCREDI;modern-5-plus-chance;43;34;47;23;3;;;5;7;9;20;28;45;2019-present;loto_201911.csv
26040;26040;;2026-04-04;SAMEDI;modern-5-plus-chance;5;6;36;7;21;;;6;2;8;15;35;36;2019-present;loto_201911.csv
26041;26041;;2026-04-06;LUNDI;modern-5-plus-chance;33;29;19;3;23;;;3;15;20;24;36;43;2019-present;loto_201911.csv
26042;26042;;2026-04-08;MERCREDI;modern-5-plus-chance;23;16;46;13;26;;;1;11;18;29;34;47;2019-present;loto_201911.csv
26043;26043;;2026-04-11;SAMEDI;modern-5-plus-chance;48;7;45;41;39;;;9;30;34;39;41;45;2019-present;loto_201911.csv
26044;26044;;2026-04-13;LUNDI;modern-5-plus-chance;22;4;10;18;16;;;4;1;2;20;26;39;2019-present;loto_201911.csv
26045;26045;;2026-04-15;MERCREDI;modern-5-plus-chance;44;21;2;48;47;;;10;14;31;33;37;45;2019-present;loto_201911.csv
26046;26046;;2026-04-18;SAMEDI;modern-5-plus-chance;22;25;24;5;23;;;10;2;17;33;38;48;2019-present;loto_201911.csv
26047;26047;;2026-04-20;LUNDI;modern-5-plus-chance;21;29;33;2;12;;;6;7;12;19;23;38;2019-present;loto_201911.csv
26048;26048;;2026-04-22;MERCREDI;modern-5-plus-chance;37;30;40;38;43;;;1;4;11;23;38;41;2019-present;loto_201911.csv
26049;26049;;2026-04-25;SAMEDI;modern-5-plus-chance;25;9;22;17;49;;;3;3;5;6;14;23;2019-present;loto_201911.csv
26050;26050;;2026-04-27;LUNDI;modern-5-plus-chance;6;27;43;23;15;;;4;5;6;22;24;26;2019-present;loto_201911.csv
26051;26051;;2026-04-29;MERCREDI;modern-5-plus-chance;30;2;37;3;31;;;8;3;29;30;33;38;2019-present;loto_201911.csv
26052;26052;;2026-05-02;SAMEDI;modern-5-plus-chance;17;29;19;10;41;;;7;3;8;16;20;42;2019-present;loto_201911.csv
26053;26053;;2026-05-04;LUNDI;modern-5-plus-chance;46;15;4;18;8;;;2;9;25;33;37;42;2019-present;loto_201911.csv
26054;26054;;2026-05-06;MERCREDI;modern-5-plus-chance;7;18;27;35;48;;;5;6;9;12;17;35;2019-present;loto_201911.csv
26055;26055;;2026-05-09;SAMEDI;modern-5-plus-chance;25;21;16;31;26;;;1;3;11;20;38;46;2019-present;loto_201911.csv
26056;26056;;2026-05-11;LUNDI;modern-5-plus-chance;18;30;39;17;34;;;9;7;22;35;38;40;2019-present;loto_201911.csv
26057;26057;;2026-05-13;MERCREDI;modern-5-plus-chance;46;17;41;35;38;;;2;8;10;15;20;22;2019-present;loto_201911.csv
26058;26058;;2026-05-16;SAMEDI;modern-5-plus-chance;30;1;34;32;12;;;4;5;9;15;36;39;2019-present;loto_201911.csv
26059;26059;;2026-05-18;LUNDI;modern-5-plus-chance;32;14;36;33;49;;;3;12;14;25;26;27;2019-present;loto_201911.csv
26060;26060;;2026-05-20;MERCREDI;modern-5-plus-chance;28;30;8;48;15;;;7;1;4;35;37;46;2019-present;loto_201911.csv
26061;26061;;2026-05-23;SAMEDI;modern-5-plus-chance;20;36;23;21;38;;;2;12;33;36;38;43;2019-present;loto_201911.csv
26062;26062;;2026-05-25;LUNDI;modern-5-plus-chance;31;27;19;22;49;;;3;11;22;26;41;47;2019-present;loto_201911.csv
26063;26063;;2026-05-27;MERCREDI;modern-5-plus-chance;15;3;17;41;4;;;4;9;25;41;47;48;2019-present;loto_201911.csv
26064;26064;;2026-05-30;SAMEDI;modern-5-plus-chance;31;10;34;3;47;;;5;6;7;25;39;42;2019-present;loto_201911.csv
26065;26065;;2026-06-01;LUNDI;modern-5-plus-chance;5;33;30;26;19;;;2;1;20;22;30;38;2019-present;loto_201911.csv
26066;26066;;2026-06-03;MERCREDI;modern-5-plus-chance;30;16;18;17;4;;;1;2;3;9;14;18;2019-present;loto_201911.csv
26067;26067;;2026-06-06;SAMEDI;modern-5-plus-chance;32;43;13;19;24;;;2;6;17;35;42;44;2019-present;loto_201911.csv
26068;26068;;2026-06-08;LUNDI;modern-5-plus-chance;41;43;39;24;48;;;3;3;13;20;41;42;2019-present;loto_201911.csv
26069;26069;;2026-06-10;MERCREDI;modern-5-plus-chance;12;2;38;47;14;;;5;1;5;7;18;47;2019-present;loto_201911.csv
26070;26070;;2026-06-13;SAMEDI;modern-5-plus-chance;39;28;41;27;11;;;3;14;19;36;41;48;2019-present;loto_201911.csv
26071;26071;;2026-06-15;LUNDI;modern-5-plus-chance;49;23;25;29;46;;;1;9;10;13;27;31;2019-present;loto_201911.csv
26072;26072;;2026-06-17;MERCREDI;modern-5-plus-chance;37;32;1;39;15;;;1;9;29;32;42;49;2019-present;loto_201911.csv
26073;26073;;2026-06-20;SAMEDI;modern-5-plus-chance;5;16;37;41;31;;;5;3;9;13;40;46;2019-present;loto_201911.csv
26074;26074;;2026-06-22;LUNDI;modern-5-plus-chance;13;31;7;47;30;;;7;2;6;11;14;20;2019-present;loto_201911.csv
26075;26075;;2026-06-24;MERCREDI;modern-5-plus-chance;8;29;32;38;26;;;7;25;29;31;39;42;2019-present;loto_201911.csv
26076;26076;;2026-06-27;SAMEDI;modern-5-plus-chance;18;35;21;24;36;;;3;4;13;16;39;42;2019-present;loto_201911.csv
26077;26077;;2026-06-29;LUNDI;modern-5-plus-chance;1;41;27;13;32;;;2;5;10;20;24;47;2019-present;loto_201911.csv
26078;26078;;2026-07-01;MERCREDI;modern-5-plus-chance;8;9;31;10;25;;;5;1;2;24;26;44;2019-present;loto_201911.csv
26079;26079;;2026-07-04;SAMEDI;modern-5-plus-chance;15;48;49;31;41;;;3;11;16;21;32;46;2019-present;loto_201911.csv
26080;26080;;2026-07-06;LUNDI;modern-5-plus-chance;36;16;29;46;31;;;7;2;16;33;46;47;2019-present;loto_201911.csv
26081;26081;;2026-07-08;MERCREDI;modern-5-plus-chance;16;28;18;7;35;;;8;14;15;20;39;47;2019-present;loto_201911.csv
26082;26082;;2026-07-11;SAMEDI;modern-5-plus-chance;3;16;35;38;34;;;2;18;23;24;43;46;2019-present;loto_201911.csv
26083;26083;;2026-07-13;LUNDI;modern-5-plus-chance;45;29;26;18;5;;;7;2;4;9;32;43;2019-present;loto_201911.csv
26084;26084;;2026-07-15;MERCREDI;modern-5-plus-chance;1;21;37;9;13;;;3;16;19;31;39;42;2019-present;loto_201911.csv
26085;26085;;2026-07-18;SAMEDI;modern-5-plus-chance;27;24;36;11;10;;;7;2;8;17;22;31;2019-present;loto_201911.csv
26086;26086;;2026-07-20;LUNDI;modern-5-plus-chance;20;15;13;24;45;;;8;11;23;28;32;42;2019-present;loto_201911.csv
26087;26087;;2026-07-22;MERCREDI;modern-5-plus-chance;10;23;9;4;13;;;7;26;36;37;42;47;2019-present;loto_201911.csv
26088;26088;;2026-07-25;SAMEDI;modern-5-plus-chance;30;36;47;29;22;;;2;4;11;36;41;43;2019-present;loto_201911.csv
26089;26089;;2026-07-27;LUNDI;modern-5-plus-chance;6;7;8;36;16;;;3;15;16;18;43;45;2019-present;loto_201911.csv
26090;26090;;2026-07-29;MERCREDI;modern-5-plus-chance;41;34;15;27;40;;;9;5;6;13;21;43;2019-present;loto_201911.csv
26091;26091;;2026-08-01;SAMEDI;modern-5-plus-chance;6;5;37;30;8;;;4;8;12;22;25;31;2019-present;loto_201911.csv
26092;26092;;2026-08-03;LUNDI;modern-5-plus-chance;37;5;41;42;25;;;10;5;6;9;28;30;2019-present;loto_201911.csv
26093;26093;;2026-08-05;MERCREDI;modern-5-plus-chance;12;22;24;33;38;;;9;1;2;5;28;29;2019-present;loto_201911.csv
26094;26094;;2026-08-08;SAMEDI;modern-5-plus-chance;37;6;4;36;22;;;3;17;27;29;32;44;2019-present;loto_201911.csv
26095;26095;;2026-08-10;LUNDI;modern-5-plus-chance;23;35;19;21;34;;;10;1;3;9;21;28;2019-present;loto_201911.csv
26096;26096;;2026-08-12;MERCREDI;modern-5-plus-chance;18;22;35;5;4;;;2;1;15;16;34;45;2019-present;loto_201911.csv
26097;26097;;2026-08-15;SAMEDI;modern-5-plus-chance;48;34;38;28;31;;;3;2;9;12;15;49;2019-present;loto_201911.csv
26098;26098;;2026-08-17;LUNDI;modern-5-plus-chance;6;38;7;15;10;;;5;1;29;33;40;45;2019-present;loto_201911.csv
26099;26099;;2026-08-19;MERCREDI;modern-5-plus-chance;14;21;26;18;44;;;7;1;4;19;22;48;2019-present;loto_201911.csv
26100;26100;;2026-08-22;SAMEDI;modern-5-plus-chance;14;17;44;38;23;;;5;6;9;26;34;36;2019-present;loto_201911.csv
26101;26101;;2026-08-24;LUNDI;modern-5-plus-chance;46;22;39;4;48;;;10;3;4;7;8;38;2019-present;loto_201911.csv
26102;26102;;2026-08-26;MERCREDI;modern-5-plus-chance;32;13;37;6;30;;;9;4;20;21;45;46;2019-present;loto_201911.csv
26103;26103;;2026-08-29;SAMEDI;modern-5-plus-chance;45;40;7;18;5;;;2;11;13;21;41;42;2019-present;loto_201911.csv
26104;26104;;2026-08-31;LUNDI;modern-5-plus-chance;39;32;26;44;36;;;2;13;17;29;31;48;2019-present;loto_201911.csv
26105;26105;;2026-09-02;MERCREDI;modern-5-plus-chance;49;15;1;32;10;;;5;3;4;18;37;41;2019-present;loto_201911.csv
26106;26106;;2026-09-05;SAMEDI;modern-5-plus-chance;39;48;32;45;1;;;3;8;9;11;35;43;2019-present;loto_201911.csv
26107;26107;;2026-09-07;LUNDI;modern-5-plus-chance;13;36;2;21;18;;;3;13;15;22;23;49;2019-present;loto_201911.csv
26108;26108;;2026-09-09;MERCREDI;modern-5-plus-chance;20;23;38;32;3;;;9;11;12;16;47;48;2019-present;loto_201911.csv
26109;26109;;2026-09-12;SAMEDI;modern-5-plus-chance;48;9;26;38;45;;;1;3;7;20;34;42;2019-present;loto_201911.csv
26110;26110;;2026-09-14;LUNDI;modern-5-plus-chance;21;10;8;13;38;;;5;4;28;32;48;49;2019-present;loto_201911.csv
26111;26111;;2026-09-16;MERCREDI;modern-5-plus-chance;5;49;13;31;1;;;10;4;9;13;20;36;2019-present;loto_201911.csv
26112;26112;;2026-09-19;SAMEDI;modern-5-plus-chance;39;48;46;12;11;;;7;1;23;37;46;47;2019-present;loto_201911.csv
26113;26113;;2026-09-21;LUNDI;modern-5-plus-chance;29;3;6;15;43;;;4;5;15;16;34;37;2019-present;loto_201911.csv
